term_id,concept_id,resource_scope,source_term,preferred_id,variants_id,rejected_id,register,evidence,status,notes
LEBL-TERM-0001,concept.math.analysis,R006,analysis,analisis,,,formal,R006 ch-vol1-intro.tex,admitted,
LEBL-TERM-0002,concept.math.real-analysis,R006,real analysis,analisis real,,,formal,R006 realanal.tex and ch-vol1-intro.tex,admitted,
LEBL-TERM-0003,concept.math.proof,R006,proof,pembuktian,bukti,,formal,R006 ch-vol1-intro.tex,admitted,Use pembuktian for the process and bukti for the resulting argument where context requires.
LEBL-TERM-0004,concept.set-theory.set,R006,set,himpunan,,,formal,R006 ch-vol1-intro.tex,admitted,
LEBL-TERM-0005,concept.set-theory.element,R006,element,elemen,anggota,,formal,R006 ch-vol1-intro.tex; Universitas Terbuka MATA4217 Edisi 2 Modul 1 p. 2,admitted,
LEBL-TERM-0006,concept.set-theory.subset,R006,subset,himpunan bagian,,,formal,R006 ch-vol1-intro.tex,admitted,
LEBL-TERM-0007,concept.set-theory.empty-set,R006,empty set,himpunan kosong,,,formal,R006 ch-vol1-intro.tex; Universitas Terbuka MATA4217 Edisi 2 Modul 1 p. 2,admitted,
LEBL-TERM-0008,concept.set-theory.union,R006,union,gabungan,,,formal,R006 ch-vol1-intro.tex,admitted,
LEBL-TERM-0009,concept.set-theory.intersection,R006,intersection,irisan,,,formal,R006 ch-vol1-intro.tex,admitted,
LEBL-TERM-0010,concept.set-theory.set-difference,R006,set difference,selisih himpunan,,,formal,R006 ch-vol1-intro.tex,admitted,
LEBL-TERM-0011,concept.set-theory.complement,R006,complement,komplemen,,,formal,R006 ch-vol1-intro.tex,admitted,
LEBL-TERM-0012,concept.set-theory.disjoint,R006,disjoint,saling lepas,,,formal,R006 ch-vol1-intro.tex,admitted,
LEBL-TERM-0013,concept.number-system.natural-numbers,R006,natural numbers,bilangan asli,,,formal,R006 ch-vol1-intro.tex,admitted,
LEBL-TERM-0014,concept.number-system.integers,R006,integers,bilangan bulat,,,formal,R006 ch-vol1-intro.tex,admitted,
LEBL-TERM-0015,concept.number-system.rational-numbers,R006,rational numbers,bilangan rasional,,,formal,R006 ch-vol1-intro.tex,admitted,
LEBL-TERM-0016,concept.number-system.real-numbers,R006,real numbers,bilangan real,,,formal,R006 ch-vol1-intro.tex,admitted,
LEBL-TERM-0017,concept.order.least-element,R006,least element,elemen terkecil,minimum,,formal,R006 ch-vol1-intro.tex,admitted,
LEBL-TERM-0018,concept.order.well-ordering-property,R006,well ordering property,sifat urutan baik,,,formal,R006 ch-vol1-intro.tex,admitted,
LEBL-TERM-0019,concept.logic.axiom,R006,axiom,aksioma,,,formal,R006 ch-vol1-intro.tex,admitted,
LEBL-TERM-0020,concept.proof.induction-principle,R006,principle of induction,prinsip induksi,,,formal,R006 ch-vol1-intro.tex,admitted,
LEBL-TERM-0021,concept.proof.induction-basis,R006,basis statement,pernyataan dasar,kasus dasar,,formal,R006 ch-vol1-intro.tex,admitted,Source specifically calls this a statement rather than a case.
LEBL-TERM-0022,concept.proof.induction-step,R006,induction step,langkah induksi,,,formal,R006 ch-vol1-intro.tex,admitted,
LEBL-TERM-0023,concept.proof.induction-hypothesis,R006,induction hypothesis,hipotesis induksi,,,formal,R006 ch-vol1-intro.tex,admitted,
LEBL-TERM-0024,concept.proof.strong-induction,R006,strong induction,induksi kuat,,,formal,R006 ch-vol1-intro.tex,admitted,
LEBL-TERM-0025,concept.result.theorem,R006,theorem,teorema,,,formal,R006 realanal.tex and ch-vol1-intro.tex,admitted,
LEBL-TERM-0026,concept.result.lemma,R006,lemma,lema,,,formal,R006 realanal.tex and ch-vol1-intro.tex,admitted,
LEBL-TERM-0027,concept.result.proposition,R006,proposition,proposisi,,,formal,R006 realanal.tex and ch-vol1-intro.tex,admitted,
LEBL-TERM-0028,concept.result.corollary,R006,corollary,akibat,korolari,,formal,R006 realanal.tex and ch-vol1-intro.tex,admitted,
LEBL-TERM-0029,concept.function.function,R006,function,fungsi,,,formal,R006 ch-vol1-intro.tex,admitted,
LEBL-TERM-0030,concept.function.set-theoretic-function,R006,set-theoretic function,fungsi dalam teori himpunan,,,formal,R006 ch-vol1-intro.tex,admitted,
LEBL-TERM-0031,concept.function.mapping,R006,mapping,pemetaan,peta,,formal,R006 ch-vol1-intro.tex,admitted,Use pemetaan for the object/process and peta where the shorter noun is idiomatic.
LEBL-TERM-0032,concept.set-theory.cartesian-product,R006,Cartesian product,hasil kali Kartesius,produk Kartesius,hasil kali silang,formal,R006 ch-vol1-intro.tex; Universitas Terbuka MATA4217 Edisi 2 Modul 1 p. 6; Soffi Widyanesti Priwantoro Dasar-dasar Matematika Diskrit dan Graf UAD Press 2020 Definisi 3.D.1 printed p. 30 / PDF p. 39,admitted,Field usage favors hasil kali Kartesius; hasil kali silang is attested but rejected here because it collides with vector cross product.
LEBL-TERM-0033,concept.function.graph,R006,graph,grafik,,,formal,R006 ch-vol1-intro.tex,admitted,
LEBL-TERM-0034,concept.function.domain,R006,domain,domain,daerah asal; daerah definisi,,formal,R006 ch-vol1-intro.tex; Universitas Terbuka MATA4217 Edisi 2 Modul 1 p. 10,admitted,Retain the concise established loanword; record both attested explanatory variants.
LEBL-TERM-0035,concept.function.range,R006,range,daerah hasil,jangkauan,,formal,R006 ch-vol1-intro.tex; Universitas Terbuka MATA4217 Edisi 2 Modul 1 p. 10,admitted,Distinguish from codomain.
LEBL-TERM-0036,concept.function.codomain,R006,codomain,kodomain,daerah kawan,,formal,R006 ch-vol1-intro.tex; Universitas Terbuka MATA4217 Edisi 2 Modul 1 p. 10,admitted,Retain the concise established loanword; daerah kawan is an attested explanatory variant.
LEBL-TERM-0037,concept.function.image,R006,image,citra,,,formal,R006 ch-vol1-intro.tex,admitted,
LEBL-TERM-0038,concept.function.direct-image,R006,direct image,citra langsung,,,formal,R006 ch-vol1-intro.tex,admitted,
LEBL-TERM-0039,concept.function.inverse-image,R006,inverse image,prapeta,citra invers,,formal,R006 ch-vol1-intro.tex,admitted,Do not confuse the inverse image set with an inverse-function value.
LEBL-TERM-0040,concept.function.injective,R006,injective,injektif,satu-ke-satu,,formal,R006 ch-vol1-intro.tex; Universitas Terbuka MATA4217 Edisi 2 Modul 1 pp. 10-11,admitted,
LEBL-TERM-0041,concept.function.injection,R006,injection,injeksi,,,formal,R006 ch-vol1-intro.tex,admitted,
LEBL-TERM-0042,concept.function.surjective,R006,surjective,surjektif,memetakan pada,,formal,R006 ch-vol1-intro.tex; Universitas Terbuka MATA4217 Edisi 2 Modul 1 p. 11,admitted,
LEBL-TERM-0043,concept.function.surjection,R006,surjection,surjeksi,,,formal,R006 ch-vol1-intro.tex,admitted,
LEBL-TERM-0044,concept.function.bijective,R006,bijective,bijektif,,,formal,R006 ch-vol1-intro.tex; Universitas Terbuka MATA4217 Edisi 2 Modul 1 p. 11,admitted,
LEBL-TERM-0045,concept.function.bijection,R006,bijection,bijeksi,,,formal,R006 ch-vol1-intro.tex,admitted,
LEBL-TERM-0046,concept.function.inverse-function,R006,inverse function,fungsi invers,,,formal,R006 ch-vol1-intro.tex; Universitas Terbuka MATA4217 Edisi 2 Modul 1 pp. 1 and 11-13,admitted,
LEBL-TERM-0047,concept.function.composition,R006,composition of functions,komposisi fungsi,fungsi komposisi,,formal,R006 ch-vol1-intro.tex; Universitas Terbuka MATA4217 Edisi 2 Modul 1 p. 1,admitted,Retain the established lane preference; fungsi komposisi is an attested variant.
LEBL-TERM-0048,concept.relation.binary-relation,R006,binary relation,relasi biner,,,formal,R006 ch-vol1-intro.tex,admitted,
LEBL-TERM-0049,concept.relation.reflexive,R006,reflexive,refleksif,,,formal,R006 ch-vol1-intro.tex,admitted,
LEBL-TERM-0050,concept.relation.symmetric,R006,symmetric,simetris,,,formal,R006 ch-vol1-intro.tex,admitted,
LEBL-TERM-0051,concept.relation.transitive,R006,transitive,transitif,,,formal,R006 ch-vol1-intro.tex,admitted,
LEBL-TERM-0052,concept.relation.equivalence-relation,R006,equivalence relation,relasi ekuivalensi,,,formal,R006 ch-vol1-intro.tex,admitted,
LEBL-TERM-0053,concept.relation.equivalence-class,R006,equivalence class,kelas ekuivalensi,,,formal,R006 ch-vol1-intro.tex,admitted,
LEBL-TERM-0054,concept.set-theory.cardinality,R006,cardinality,kardinalitas,kardinal,,formal,R006 ch-vol1-intro.tex; Universitas Terbuka MATA4217 Edisi 2 Modul 1 p. 1; Universitas Andalas mathematics notes,admitted,Use kardinalitas for the property and kardinal when context denotes the cardinal number itself.
LEBL-TERM-0055,concept.set-theory.finite,R006,finite,berhingga,,,formal,R006 ch-vol1-intro.tex,admitted,
LEBL-TERM-0056,concept.set-theory.infinite,R006,infinite,tak berhingga,,,formal,R006 ch-vol1-intro.tex,admitted,
LEBL-TERM-0057,concept.set-theory.countably-infinite,R006,countably infinite,terhitung tak hingga,denumerabel; tak berhingga terhitung,tak hingga tercacah,formal,R006 ch-vol1-intro.tex; Universitas Terbuka MATA4217 Edisi 2 Modul 1 Definisi 1.10.1(i) printed p. 1.42 / PDF p. 42,admitted,Direct bilingual definition supersedes the earlier word order; canonicalized by LEBL-ID-DEC-0028.
LEBL-TERM-0058,concept.set-theory.countable,R006,countable,terhitung,,tercacah,formal,R006 ch-vol1-intro.tex; Universitas Terbuka MATA4217 Edisi 2 Modul 1 p. 1 and Definisi 1.10.1(ii) printed p. 1.42 / PDF p. 42; Indonesian university analysis sources,admitted,Canonicalized by LEBL-ID-DEC-0016 and reconfirmed by the 2026-08-22 field-usage QA.
LEBL-TERM-0059,concept.set-theory.uncountable,R006,uncountable,tak terhitung,,tak tercacah,formal,R006 ch-vol1-intro.tex; Universitas Terbuka MATA4217 Edisi 2 Modul 1 p. 1; Indonesian university analysis sources,admitted,Canonicalized by LEBL-ID-DEC-0016 and reconfirmed by the 2026-08-22 field-usage QA.
LEBL-TERM-0060,concept.set-theory.power-set,R006,power set,himpunan kuasa,,,formal,R006 ch-vol1-intro.tex,admitted,
LEBL-TERM-0061,concept.set-theory.singleton,R006,singleton,himpunan beranggota tunggal,himpunan satu elemen,,formal,R006 ch-vol1-intro.tex,admitted,
LEBL-TERM-0062,concept.number.real,R006,real number,bilangan real,,,formal,R006 ch-real-nums.tex,admitted,
LEBL-TERM-0063,concept.order.ordered-set,R006,ordered set,himpunan terurut,,,formal,R006 ch-real-nums.tex,admitted,
LEBL-TERM-0064,concept.order.trichotomy,R006,trichotomy,trikotomi,,,formal,R006 ch-real-nums.tex,admitted,
LEBL-TERM-0065,concept.order.bounded-above,R006,bounded above,terbatas di atas,,,formal,R006 ch-real-nums.tex,admitted,
LEBL-TERM-0066,concept.order.upper-bound,R006,upper bound,batas atas,,,formal,R006 ch-real-nums.tex,admitted,
LEBL-TERM-0067,concept.order.bounded-below,R006,bounded below,terbatas di bawah,,,formal,R006 ch-real-nums.tex,admitted,
LEBL-TERM-0068,concept.order.lower-bound,R006,lower bound,batas bawah,,,formal,R006 ch-real-nums.tex,admitted,
LEBL-TERM-0069,concept.order.least-upper-bound,R006,least upper bound,batas atas terkecil,supremum,,formal,R006 ch-real-nums.tex,admitted,
LEBL-TERM-0070,concept.order.supremum,R006,supremum,supremum,batas atas terkecil,,formal,R006 ch-real-nums.tex,admitted,
LEBL-TERM-0071,concept.order.greatest-lower-bound,R006,greatest lower bound,batas bawah terbesar,infimum,,formal,R006 ch-real-nums.tex,admitted,
LEBL-TERM-0072,concept.order.infimum,R006,infimum,infimum,batas bawah terbesar,,formal,R006 ch-real-nums.tex,admitted,
LEBL-TERM-0073,concept.order.least-upper-bound-property,R006,least-upper-bound property,sifat batas atas terkecil,,,formal,R006 ch-real-nums.tex,admitted,
LEBL-TERM-0074,concept.order.completeness-property,R006,completeness property,sifat kelengkapan,sifat kelengkapan Dedekind,,formal,R006 ch-real-nums.tex,admitted,
LEBL-TERM-0075,concept.algebra.field,R006,field,lapangan,,,formal,R006 ch-real-nums.tex,admitted,
LEBL-TERM-0076,concept.algebra.ordered-field,R006,ordered field,lapangan terurut,,,formal,R006 ch-real-nums.tex,admitted,
LEBL-TERM-0077,concept.number.positive,R006,positive,positif,,,formal,R006 ch-real-nums.tex,admitted,
LEBL-TERM-0078,concept.number.negative,R006,negative,negatif,,,formal,R006 ch-real-nums.tex,admitted,
LEBL-TERM-0079,concept.number.nonnegative,R006,nonnegative,nonnegatif,taknegatif,,formal,R006 ch-real-nums.tex and ch-metric.tex,admitted,
LEBL-TERM-0080,concept.number.nonpositive,R006,nonpositive,nonpositif,,,formal,R006 ch-real-nums.tex,admitted,
LEBL-TERM-0081,concept.number.irrational,R006,irrational,irasional,,,formal,R006 ch-real-nums.tex,admitted,
LEBL-TERM-0082,concept.order.archimedean-property,R006,Archimedean property,Sifat Archimedes,sifat Archimedean,,formal,R006 ch-real-nums.tex,admitted,
LEBL-TERM-0083,concept.number.extended-real,R006,extended real numbers,bilangan real diperluas,,,formal,R006 ch-real-nums.tex,admitted,
LEBL-TERM-0084,concept.order.maximum,R006,maximum,maksimum,,,formal,R006 ch-real-nums.tex,admitted,
LEBL-TERM-0085,concept.order.minimum,R006,minimum,minimum,,,formal,R006 ch-real-nums.tex,admitted,
LEBL-TERM-0086,concept.inequality.arithmetic-geometric-mean,R006,arithmetic-geometric mean inequality,ketaksamaan rata-rata aritmetika-geometrik,,,formal,R006 ch-real-nums.tex,admitted,
LEBL-TERM-0087,concept.inequality.bernoulli,R006,Bernoulli's inequality,ketaksamaan Bernoulli,,,formal,R006 ch-real-nums.tex,admitted,
LEBL-TERM-0088,concept.order.dedekind-cut,R006,Dedekind cut,potongan Dedekind,,,formal,R006 ch-real-nums.tex,admitted,
LEBL-TERM-0089,concept.number.absolute-value,R006,absolute value,nilai mutlak,,,formal,R006 ch-real-nums.tex,admitted,
LEBL-TERM-0090,concept.inequality.triangle,R006,triangle inequality,ketaksamaan segitiga,,,formal,R006 ch-real-nums.tex,admitted,
LEBL-TERM-0091,concept.inequality.reverse-triangle,R006,reverse triangle inequality,ketaksamaan segitiga terbalik,,,formal,R006 ch-real-nums.tex,admitted,
LEBL-TERM-0092,concept.function.bounded,R006,bounded function,fungsi terbatas,,,formal,R006 ch-real-nums.tex,admitted,
LEBL-TERM-0093,concept.interval.open,R006,open interval,interval terbuka,,,formal,R006 ch-real-nums.tex,admitted,
LEBL-TERM-0094,concept.interval.closed,R006,closed interval,interval tertutup,,,formal,R006 ch-real-nums.tex,admitted,
LEBL-TERM-0095,concept.interval.half-open,R006,half-open interval,interval setengah terbuka,,,formal,R006 ch-real-nums.tex,admitted,
LEBL-TERM-0096,concept.interval.bounded,R006,bounded interval,interval terbatas,,,formal,R006 ch-real-nums.tex,admitted,
LEBL-TERM-0097,concept.interval.unbounded,R006,unbounded interval,interval tak terbatas,,,formal,R006 ch-real-nums.tex,admitted,
LEBL-TERM-0098,concept.set-theory.proper-subset,R006,proper subset,himpunan bagian sejati,subhimpunan sejati,,formal,R006 ch-vol1-intro.tex and ch-real-nums.tex; Universitas Terbuka MATA4217 Edisi 2 Modul 1 pp. 49 and 51,admitted,
LEBL-TERM-0099,concept.function.bijective-mapping,R006,bijective mapping,pemetaan bijektif,,,formal,R006 ch-real-nums.tex,admitted,
LEBL-TERM-0100,concept.proof.constructive,R006,constructive proof,bukti konstruktif,,,formal,R006 ch-real-nums.tex,admitted,
LEBL-TERM-0101,concept.set-theory.countable-intersection,R006,countable intersection,irisan terhitung,,,formal,R006 ch-real-nums.tex,admitted,
LEBL-TERM-0102,concept.set-theory.countable-union,R006,countable union,gabungan terhitung,,,formal,R006 ch-real-nums.tex,admitted,
LEBL-TERM-0103,concept.number.algebraic,R006,algebraic number,bilangan aljabar,,,formal,R006 ch-real-nums.tex,admitted,
LEBL-TERM-0104,concept.number.transcendental,R006,transcendental number,bilangan transenden,,,formal,R006 ch-real-nums.tex,admitted,
LEBL-TERM-0105,concept.number.decimal-representation,R006,decimal representation,representasi desimal,,,formal,R006 ch-real-nums.tex,admitted,
LEBL-TERM-0106,concept.number.decimal-digit,R006,decimal digit,digit desimal,,,formal,R006 ch-real-nums.tex,admitted,
LEBL-TERM-0107,concept.sequence.infinite-digit-sequence,R006,infinite sequence of digits,barisan digit tak berhingga,,,formal,R006 ch-real-nums.tex,admitted,
LEBL-TERM-0108,concept.number.decimal-truncation,R006,truncation,pemotongan,,,formal,R006 ch-real-nums.tex,admitted,
LEBL-TERM-0109,concept.representation.unique,R006,unique representation,representasi unik,,,formal,R006 ch-real-nums.tex,admitted,
LEBL-TERM-0110,concept.proof.cantor-diagonalization,R006,Cantor diagonalization,diagonalisasi Cantor,,,formal,R006 ch-real-nums.tex,admitted,
LEBL-TERM-0111,concept.arithmetic.quotient,R006,quotient,hasil bagi,,,formal,R006 ch-real-nums.tex,admitted,
LEBL-TERM-0112,concept.arithmetic.remainder,R006,remainder,sisa,,,formal,R006 ch-real-nums.tex,admitted,
LEBL-TERM-0113,concept.number.base-b,R006,base b,basis b,,,formal,R006 ch-real-nums.tex,admitted,
LEBL-TERM-0114,concept.number.binary,R006,binary,biner,,,formal,R006 ch-real-nums.tex,admitted,
LEBL-TERM-0115,concept.number.decimal-expansion,R006,decimal expansion,ekspansi desimal,,,formal,R006 ch-real-nums.tex,admitted,
LEBL-TERM-0116,concept.number.repeating-digit-period,R006,repeating digit period,periode digit berulang,,,formal,R006 ch-real-nums.tex,admitted,
LEBL-TERM-0117,concept.sequence-series,R006,sequences and series,barisan dan deret,,,formal,R006 ch-seq-ser.tex,admitted,
LEBL-TERM-0118,concept.sequence,R006;R007,sequence,barisan,,,formal,R006 ch-seq-ser.tex; R007 ch-nonlin-systems.tex raw lines 2304-2354,admitted,
LEBL-TERM-0119,concept.sequence.term,R006,term,suku,,,formal,R006 ch-seq-ser.tex,admitted,
LEBL-TERM-0120,concept.sequence.limit,R006,limit,limit,,,formal,R006 ch-seq-ser.tex,admitted,
LEBL-TERM-0121,concept.sequence.convergent,R006,convergent,konvergen,,,formal,R006 ch-seq-ser.tex,admitted,
LEBL-TERM-0122,concept.sequence.divergent,R006,divergent,divergen,,,formal,R006 ch-seq-ser.tex,admitted,
LEBL-TERM-0123,concept.sequence.bounded,R006,bounded sequence,barisan terbatas,,,formal,R006 ch-seq-ser.tex,admitted,
LEBL-TERM-0124,concept.sequence.bounded-above,R006,bounded above,terbatas di atas,,,formal,R006 ch-seq-ser.tex,admitted,
LEBL-TERM-0125,concept.sequence.bounded-below,R006,bounded below,terbatas di bawah,,,formal,R006 ch-seq-ser.tex,admitted,
LEBL-TERM-0126,concept.sequence.range,R006,range of a sequence,daerah hasil barisan,,,formal,R006 ch-seq-ser.tex,admitted,
LEBL-TERM-0127,concept.sequence.constant,R006,constant sequence,barisan konstan,,,formal,R006 ch-seq-ser.tex,admitted,
LEBL-TERM-0128,concept.inequality.triangle,R006,triangle inequality,ketaksamaan segitiga,,,formal,R006 ch-seq-ser.tex,admitted,
LEBL-TERM-0129,concept.set.finite,R006,finite set,himpunan berhingga,,,formal,R006 ch-seq-ser.tex,admitted,
LEBL-TERM-0130,concept.sequence.monotone,R006,monotone sequence,barisan monoton,barisan monotonik,,formal,R006 ch-seq-ser.tex,admitted,
LEBL-TERM-0131,concept.sequence.monotone-increasing,R006,monotone increasing sequence,barisan monoton naik,,,formal,R006 ch-seq-ser.tex,admitted,
LEBL-TERM-0132,concept.sequence.monotone-decreasing,R006,monotone decreasing sequence,barisan monoton turun,,,formal,R006 ch-seq-ser.tex,admitted,
LEBL-TERM-0133,concept.theorem.monotone-convergence,R006,monotone convergence theorem,teorema konvergensi monoton,,,formal,R006 ch-seq-ser.tex,admitted,
LEBL-TERM-0134,concept.sequence.tail,R006,tail of a sequence,ekor barisan,ekor-K,,formal,R006 ch-seq-ser.tex,admitted,
LEBL-TERM-0135,concept.sequence.subsequence,R006,subsequence,subbarisan,"sub barisan; barisan bagian",,formal,"R006 ch-seq-ser.tex; Usmadi, Analisis Real (Bahan Ajar), Universitas Muhammadiyah Sumatera Barat, 2020, PDF pp. 40 and 45",admitted,Retain the standardized closed form subbarisan; the field source attests both spaced sub barisan and barisan bagian as contextual variants.
LEBL-TERM-0136,concept.sequence.strictly-increasing-index,R006,strictly increasing sequence of natural numbers,barisan bilangan asli yang naik secara ketat,,,formal,R006 ch-seq-ser.tex,admitted,
LEBL-TERM-0137,concept.lemma.squeeze,R006,squeeze lemma,lemma apit,,,formal,R006 ch-seq-ser.tex,admitted,
LEBL-TERM-0138,concept.inequality.strict,R006,strict inequality,ketaksamaan ketat,,,formal,R006 ch-seq-ser.tex,admitted,
LEBL-TERM-0139,concept.inequality.nonstrict,R006,non-strict inequality,ketaksamaan tak ketat,,,formal,R006 ch-seq-ser.tex,admitted,
LEBL-TERM-0140,concept.operation.algebraic,R006,algebraic operations,operasi aljabar,,,formal,R006 ch-seq-ser.tex,admitted,
LEBL-TERM-0141,concept.continuity.algebraic-operations,R006,continuity of algebraic operations,kekontinuan operasi aljabar,,,formal,R006 ch-seq-ser.tex,admitted,
LEBL-TERM-0142,concept.inequality.reverse-triangle,R006,reverse triangle inequality,ketaksamaan segitiga terbalik,,,formal,R006 ch-seq-ser.tex,admitted,
LEBL-TERM-0143,concept.sequence.recursively-defined,R006,recursively defined sequence,barisan yang didefinisikan secara rekursif,,,formal,R006 ch-seq-ser.tex,admitted,
LEBL-TERM-0144,concept.definition.well-defined,R006,well-defined,terdefinisi dengan baik,,,formal,R006 ch-seq-ser.tex,admitted,
LEBL-TERM-0145,concept.method.newton,R006,Newton's method,metode Newton,,,formal,R006 ch-seq-ser.tex,admitted,
LEBL-TERM-0146,concept.test.convergence,R006,convergence test,uji konvergensi,,,formal,R006 ch-seq-ser.tex,admitted,
LEBL-TERM-0147,concept.test.ratio-sequences,R006,ratio test for sequences,uji rasio untuk barisan,,,formal,R006 ch-seq-ser.tex,admitted,
LEBL-TERM-0148,concept.denominator.common,R006,common denominator,penyebut bersama,,,formal,R006 ch-seq-ser.tex,admitted,
LEBL-TERM-0149,concept.limit.superior,R006,limit superior,limit superior,,,formal,R006 ch-seq-ser.tex,admitted,
LEBL-TERM-0150,concept.limit.inferior,R006,limit inferior,limit inferior,,,formal,R006 ch-seq-ser.tex,admitted,
LEBL-TERM-0151,concept.limit.subsequential,R006,subsequential limit,limit subbarisan,,,formal,R006 ch-seq-ser.tex,admitted,
LEBL-TERM-0152,concept.theorem.bolzano-weierstrass,R006,Bolzano--Weierstrass theorem,teorema Bolzano--Weierstrass,,,formal,R006 ch-seq-ser.tex,admitted,
LEBL-TERM-0153,concept.limit.infinite,R006,infinite limit,limit tak hingga,,,formal,R006 ch-seq-ser.tex,admitted,
LEBL-TERM-0154,concept.set.cluster-point,R006,cluster point,titik akumulasi,,,formal,R006 ch-seq-ser.tex,admitted,
LEBL-TERM-0155,concept.sequence.peak,R006,peak,puncak,,,formal,R006 ch-seq-ser.tex,admitted,
LEBL-TERM-0156,concept.cardinality.countably-infinite,R006,countably infinite,tak berhingga yang terhitung,,,formal,R006 ch-seq-ser.tex,admitted,
LEBL-TERM-0157,concept.series,R006,series,deret,,,formal,R006 ch-seq-ser.tex,admitted,
LEBL-TERM-0158,concept.series.partial-sum,R006,partial sum,jumlah parsial,jumlah-jumlah parsial,,formal,R006 ch-seq-ser.tex,admitted,
LEBL-TERM-0159,concept.series.geometric,R006,geometric series,deret geometri,,,formal,R006 ch-seq-ser.tex,admitted,
LEBL-TERM-0160,concept.series.tail,R006,tail of a series,ekor deret,,,formal,R006 ch-seq-ser.tex,admitted,
LEBL-TERM-0161,concept.series.cauchy,R006,Cauchy series,deret Cauchy,,,formal,R006 ch-seq-ser.tex,admitted,
LEBL-TERM-0162,concept.series.harmonic,R006,harmonic series,deret harmonik,,,formal,R006 ch-seq-ser.tex,admitted,
LEBL-TERM-0163,concept.series.linearity,R006,linearity of series,linearitas deret,,,formal,R006 ch-seq-ser.tex,admitted,
LEBL-TERM-0164,concept.series.absolute-convergence,R006,absolute convergence,konvergensi mutlak,konvergen mutlak,,formal,R006 ch-seq-ser.tex,admitted,
LEBL-TERM-0165,concept.series.conditional-convergence,R006,conditional convergence,konvergensi bersyarat,konvergen bersyarat,,formal,R006 ch-seq-ser.tex,admitted,
LEBL-TERM-0166,concept.sequence.cauchy,R006,Cauchy sequence,barisan Cauchy,,,formal,R006 ch-seq-ser.tex,admitted,
LEBL-TERM-0167,concept.criterion.cauchy,R006,Cauchy criterion,kriteria Cauchy,,,formal,R006 ch-seq-ser.tex,admitted,
LEBL-TERM-0168,concept.completeness.cauchy,R006,Cauchy complete,lengkap secara Cauchy,,,formal,R006 ch-seq-ser.tex,admitted,
LEBL-TERM-0169,concept.completeness,R006,completeness,kelengkapan,,,formal,R006 ch-seq-ser.tex,admitted,
LEBL-TERM-0170,concept.test.comparison-series,R006,comparison test,uji perbandingan,,,formal,R006 ch-seq-ser.tex,admitted,
LEBL-TERM-0171,concept.series.p-series,R006,p-series,deret-p,,,formal,R006 ch-seq-ser.tex,admitted,
LEBL-TERM-0172,concept.test.p-series,R006,p-test,uji-p,uji deret-p,,formal,R006 ch-seq-ser.tex,admitted,
LEBL-TERM-0173,concept.function.riemann-zeta,R006,Riemann zeta function,fungsi zeta Riemann,,,formal,R006 ch-seq-ser.tex,admitted,
LEBL-TERM-0174,concept.test.ratio-series,R006,ratio test for series,uji rasio untuk deret,,,formal,R006 ch-seq-ser.tex,admitted,
LEBL-TERM-0175,concept.test.limit-comparison,R006,limit comparison test,uji perbandingan limit,,,formal,R006 ch-seq-ser.tex,admitted,
LEBL-TERM-0176,concept.principle.cauchy-condensation,R006,Cauchy condensation principle,prinsip kondensasi Cauchy,,,formal,R006 ch-seq-ser.tex,admitted,
LEBL-TERM-0177,concept.theorem.abel,R006,Abel's theorem,teorema Abel,,,formal,R006 ch-seq-ser.tex,admitted,
LEBL-TERM-0178,concept.test.root,R006,root test,uji akar,,,formal,R006 ch-seq-ser.tex,admitted,
LEBL-TERM-0179,concept.series.alternating,R006,alternating series,deret berselang-seling,,,formal,R006 ch-seq-ser.tex,admitted,
LEBL-TERM-0180,concept.test.alternating-series,R006,alternating series test,uji deret berselang-seling,,,formal,R006 ch-seq-ser.tex,admitted,
LEBL-TERM-0181,concept.series.rearrangement,R006,rearrangement of a series,penyusunan ulang deret,,,formal,R006 ch-seq-ser.tex,admitted,
LEBL-TERM-0182,concept.theorem.mertens,R006,Mertens' theorem,teorema Mertens,,,formal,R006 ch-seq-ser.tex,admitted,
LEBL-TERM-0183,concept.series.cauchy-product,R006,Cauchy product,hasil kali Cauchy,,,formal,R006 ch-seq-ser.tex,admitted,
LEBL-TERM-0184,concept.series.multiplication,R006,multiplication of series,perkalian deret,,,formal,R006 ch-seq-ser.tex,admitted,
LEBL-TERM-0185,concept.series.power,R006,power series,deret pangkat,,,formal,R006 ch-seq-ser.tex,admitted,
LEBL-TERM-0186,concept.series.radius-of-convergence,R006,radius of convergence,jari-jari konvergensi,,,formal,R006 ch-seq-ser.tex,admitted,
LEBL-TERM-0187,concept.function.rational,R006,rational function,fungsi rasional,,,formal,R006 ch-seq-ser.tex,admitted,
LEBL-TERM-0188,concept.function.continuous,R006,continuous function,fungsi kontinu,,,formal,R006 ch-contfunc.tex,admitted,
LEBL-TERM-0189,concept.function.continuity,R006,continuity,kekontinuan,,,formal,R006 ch-contfunc.tex,admitted,
LEBL-TERM-0190,concept.limit.function,R006,limit of a function,limit fungsi,,,formal,R006 ch-contfunc.tex,admitted,
LEBL-TERM-0191,concept.function.restriction,R006,restriction,pembatasan,,,formal,R006 ch-contfunc.tex,admitted,
LEBL-TERM-0192,concept.limit.one-sided,R006,one-sided limit,limit sepihak,,,formal,R006 ch-contfunc.tex,admitted,
LEBL-TERM-0193,concept.series.cesaro-summability,R006,Cesaro summability,keterjumlahan Cesaro,,,formal,R006 ch-seq-ser.tex,admitted,TeX source retains the grave-accented proper name form in index markup
LEBL-TERM-0194,concept.theorem.fubini-sums,R006,Fubini for sums,Fubini untuk penjumlahan,,,formal,R006 ch-seq-ser.tex,admitted,
LEBL-TERM-0195,concept.theorem.tonelli-sums,R006,Tonelli for sums,Tonelli untuk penjumlahan,,,formal,R006 ch-seq-ser.tex,admitted,
LEBL-TERM-0196,concept.limit.sequential,R006,sequential limit,limit sekuensial,,,formal,R006 ch-contfunc.tex,admitted,
LEBL-TERM-0197,concept.function.discontinuous,R006,discontinuous,diskontinu,,,formal,R006 ch-contfunc.tex,admitted,
LEBL-TERM-0198,concept.function.discontinuity,R006,discontinuity,diskontinuitas,,,formal,R006 ch-contfunc.tex,admitted,
LEBL-TERM-0199,concept.function.dirichlet,R006,Dirichlet function,fungsi Dirichlet,,,formal,R006 ch-contfunc.tex,admitted,
LEBL-TERM-0200,concept.function.thomae,R006,Thomae function,fungsi Thomae,,,formal,R006 ch-contfunc.tex,admitted,
LEBL-TERM-0201,concept.function.popcorn,R006,popcorn function,fungsi popcorn,,,formal,R006 ch-contfunc.tex,admitted,
LEBL-TERM-0202,concept.discontinuity.removable,R006,removable discontinuity,diskontinuitas yang dapat dihilangkan,,,formal,R006 ch-contfunc.tex,admitted,
LEBL-TERM-0203,concept.function.convex,R006,convex function,fungsi konveks,,,formal,R006 ch-contfunc.tex,admitted,
LEBL-TERM-0204,concept.extremum.absolute-minimum,R006,absolute minimum,minimum mutlak,,,formal,R006 ch-contfunc.tex,admitted,
LEBL-TERM-0205,concept.extremum.absolute-maximum,R006,absolute maximum,maksimum mutlak,,,formal,R006 ch-contfunc.tex,admitted,
LEBL-TERM-0206,concept.theorem.extreme-value,R006,extreme value theorem,teorema nilai ekstrem,teorema minimum-maksimum; teorema maksimum-minimum,,formal,R006 ch-contfunc.tex,admitted,
LEBL-TERM-0207,concept.theorem.bolzano-intermediate-value,R006,Bolzano intermediate value theorem,teorema nilai antara Bolzano,,,formal,R006 ch-contfunc.tex,admitted,
LEBL-TERM-0208,concept.method.bisection,R006,bisection method,metode biseksi,,,formal,R006 ch-contfunc.tex,admitted,
LEBL-TERM-0209,concept.polynomial.monic,R006,monic polynomial,polinom monik,,,formal,R006 ch-contfunc.tex,admitted,
LEBL-TERM-0210,concept.function.intermediate-value-property,R006,intermediate value property,sifat nilai antara,,,formal,R006 ch-contfunc.tex,admitted,
LEBL-TERM-0211,concept.function.direct-image,R006,direct image,citra langsung,,,formal,R006 ch-contfunc.tex,admitted,
LEBL-TERM-0212,concept.function.uniform-continuity,R006,uniform continuity,kekontinuan seragam,,,formal,R006 ch-contfunc.tex,admitted,
LEBL-TERM-0213,concept.function.uniformly-continuous,R006,uniformly continuous,kontinu seragam,,,formal,R006 ch-contfunc.tex,admitted,
LEBL-TERM-0214,concept.function.continuous-extension,R006,continuous extension,perluasan kontinu,,,formal,R006 ch-contfunc.tex,admitted,
LEBL-TERM-0215,concept.singularity.removable,R006,removable singularity,singularitas yang dapat dihilangkan,,,formal,R006 ch-contfunc.tex,admitted,
LEBL-TERM-0216,concept.function.lipschitz-continuous,R006,Lipschitz continuous,kontinu Lipschitz,,,formal,R006 ch-contfunc.tex,admitted,
LEBL-TERM-0217,concept.line.secant,R006,secant line,garis sekan,,,formal,R006 ch-contfunc.tex,admitted,
LEBL-TERM-0218,concept.function.locally-lipschitz,R006,locally Lipschitz,Lipschitz lokal,,,formal,R006 ch-contfunc.tex,admitted,
LEBL-TERM-0219,concept.limit.function-at-infinity,R006,limit of a function at infinity,limit fungsi di tak hingga,limit di tak hingga,,formal,R006 ch-contfunc.tex,admitted,
LEBL-TERM-0220,concept.limit.infinite,R006,infinite limit,limit tak hingga,,,formal,R006 ch-contfunc.tex,admitted,
LEBL-TERM-0221,concept.divergence.to-infinity,R006,diverges to infinity,divergen ke tak hingga,,,formal,R006 ch-contfunc.tex,admitted,
LEBL-TERM-0222,concept.convergence.to-infinity-informal,R006,converges to infinity,konvergen ke tak hingga,,,qualified,R006 ch-contfunc.tex,admitted,The source explicitly identifies this wording as slightly incorrect in the present context
LEBL-TERM-0223,concept.function.increasing,R006,increasing,monoton naik,,,formal,R006 ch-contfunc.tex,admitted,
LEBL-TERM-0224,concept.function.strictly-increasing,R006,strictly increasing,naik tegas,,,formal,R006 ch-contfunc.tex,admitted,
LEBL-TERM-0225,concept.function.decreasing,R006,decreasing,monoton turun,,,formal,R006 ch-contfunc.tex,admitted,
LEBL-TERM-0226,concept.function.strictly-decreasing,R006,strictly decreasing,turun tegas,,,formal,R006 ch-contfunc.tex,admitted,
LEBL-TERM-0227,concept.function.monotone,R006,monotone function,fungsi monoton,,,formal,R006 ch-contfunc.tex,admitted,
LEBL-TERM-0228,concept.function.strictly-monotone,R006,strictly monotone function,fungsi monoton tegas,,,formal,R006 ch-contfunc.tex,admitted,
LEBL-TERM-0229,concept.function.nondecreasing,R006,nondecreasing,tak menurun,,,formal,R006 ch-contfunc.tex,admitted,
LEBL-TERM-0230,concept.function.nonincreasing,R006,nonincreasing,tak menaik,,,formal,R006 ch-contfunc.tex,admitted,
LEBL-TERM-0231,concept.calculus.differentiable,R006,differentiable,diferensiabel,,,formal,R006 ch-der.tex,admitted,
LEBL-TERM-0232,concept.calculus.differentiability,R006,differentiability,keterdiferensialan,,,formal,R006 ch-der.tex,admitted,
LEBL-TERM-0233,concept.calculus.derivative,R006,derivative,turunan,,,formal,R006 ch-der.tex,admitted,
LEBL-TERM-0234,concept.calculus.difference-quotient,R006,difference quotient,hasil bagi selisih,,,formal,R006 ch-der.tex,admitted,
LEBL-TERM-0235,concept.line.tangent,R006,tangent line,garis singgung,,,formal,R006 ch-der.tex,admitted,
LEBL-TERM-0236,concept.function.affine,R006,affine function,fungsi afin,,,formal,R006 ch-der.tex,admitted,
LEBL-TERM-0237,concept.calculus.derivative-linearity,R006,linearity of the derivative,linearitas turunan,,,formal,R006 ch-der.tex,admitted,
LEBL-TERM-0238,concept.calculus.product-rule,R006,product rule,aturan hasil kali,,,formal,R006 ch-der.tex,admitted,
LEBL-TERM-0239,concept.calculus.leibniz-rule,R006,Leibniz rule,aturan Leibniz,,,formal,R006 ch-der.tex,admitted,
LEBL-TERM-0240,concept.calculus.quotient-rule,R006,quotient rule,aturan hasil bagi,,,formal,R006 ch-der.tex,admitted,
LEBL-TERM-0241,concept.calculus.chain-rule,R006,chain rule,aturan rantai,,,formal,R006 ch-der.tex,admitted,
LEBL-TERM-0242,concept.extremum.relative-minimum,R006,relative minimum,minimum relatif,minimum lokal,,formal,R006 ch-der.tex,admitted,
LEBL-TERM-0243,concept.extremum.relative-maximum,R006,relative maximum,maksimum relatif,maksimum lokal,,formal,R006 ch-der.tex,admitted,
LEBL-TERM-0244,concept.theorem.rolle,R006,Rolle's theorem,teorema Rolle,,,formal,R006 ch-der.tex,admitted,
LEBL-TERM-0245,concept.theorem.mean-value,R006,mean value theorem,teorema nilai rata-rata,,,formal,R006 ch-der.tex,admitted,
LEBL-TERM-0246,concept.theorem.darboux,R006,Darboux's theorem,teorema Darboux,,,formal,R006 ch-der.tex,admitted,
LEBL-TERM-0247,concept.calculus.continuously-differentiable,R006;R007,continuously differentiable,diferensiabel secara kontinu,,,formal,R006 ch-der.tex; R007 ch-nonlin-systems.tex raw lines 1950-1985,admitted,
LEBL-TERM-0248,concept.calculus.higher-order-derivative,R006,higher-order derivative,turunan berorde lebih tinggi,turunan tingkat tinggi,,formal,R006 ch-der.tex,admitted,
LEBL-TERM-0249,concept.calculus.first-derivative,R006,first derivative,turunan pertama,,,formal,R006 ch-der.tex,admitted,
LEBL-TERM-0250,concept.calculus.second-derivative,R006,second derivative,turunan kedua,,,formal,R006 ch-der.tex,admitted,
LEBL-TERM-0251,concept.calculus.nth-derivative,R006,nth derivative,turunan ke-n,,,formal,R006 ch-der.tex,admitted,
LEBL-TERM-0252,concept.calculus.taylor-polynomial,R006,Taylor polynomial,polinom Taylor,,,formal,R006 ch-der.tex,admitted,
LEBL-TERM-0253,concept.calculus.remainder-term,R006,remainder term,suku sisa,,,formal,R006 ch-der.tex,admitted,
LEBL-TERM-0254,concept.calculus.lagrange-form,R006,Lagrange form,bentuk Lagrange,,,formal,R006 ch-der.tex,admitted,
LEBL-TERM-0255,concept.calculus.infinitely-differentiable,R006,infinitely differentiable,diferensiabel tak berhingga kali,,,formal,R006 ch-der.tex,admitted,
LEBL-TERM-0256,concept.calculus.taylor-series,R006,Taylor series,deret Taylor,,,formal,R006 ch-der.tex,admitted,
LEBL-TERM-0257,concept.function.analytic,R006,analytic function,fungsi analitik,,,formal,R006 ch-der.tex,admitted,
LEBL-TERM-0258,concept.extremum.strict-relative-minimum,R006,strict relative minimum,minimum relatif ketat,,,formal,R006 ch-der.tex,admitted,
LEBL-TERM-0259,concept.extremum.strict-relative-maximum,R006,strict relative maximum,maksimum relatif ketat,,,formal,R006 ch-der.tex,admitted,
LEBL-TERM-0260,concept.calculus.second-derivative-test,R006,second derivative test,uji turunan kedua,,,formal,R006 ch-der.tex,admitted,
LEBL-TERM-0261,concept.theorem.inverse-function,R006,inverse function theorem,teorema fungsi invers,,,formal,R006 ch-der.tex,admitted,
LEBL-TERM-0262,concept.number.nth-root,R006,nth root,akar pangkat n,akar ke-n,,formal,R006 ch-der.tex,admitted,
LEBL-TERM-0263,concept.integration.riemann-integral,R006,Riemann integral,integral Riemann,,,formal,R006 ch-riemann.tex,admitted,
LEBL-TERM-0264,concept.integration.antiderivative,R006,antiderivative,antiturunan,,,formal,R006 ch-riemann.tex,admitted,
LEBL-TERM-0265,concept.integration.darboux-integral,R006,Darboux integral,integral Darboux,,,formal,R006 ch-riemann.tex,admitted,
LEBL-TERM-0266,concept.integration.partition,R006,partition,partisi,,,formal,R006 ch-riemann.tex,admitted,
LEBL-TERM-0267,concept.integration.lower-darboux-sum,R006,lower Darboux sum,jumlah Darboux bawah,,,formal,R006 ch-riemann.tex,admitted,
LEBL-TERM-0268,concept.integration.upper-darboux-sum,R006,upper Darboux sum,jumlah Darboux atas,,,formal,R006 ch-riemann.tex,admitted,
LEBL-TERM-0269,concept.integration.lower-darboux-integral,R006,lower Darboux integral,integral Darboux bawah,,,formal,R006 ch-riemann.tex,admitted,
LEBL-TERM-0270,concept.integration.upper-darboux-integral,R006,upper Darboux integral,integral Darboux atas,,,formal,R006 ch-riemann.tex,admitted,
LEBL-TERM-0271,concept.integration.partition-refinement,R006,refinement of a partition,penghalusan partisi,,,formal,R006 ch-riemann.tex,admitted,
LEBL-TERM-0272,concept.integration.riemann-integrable,R006,Riemann integrable,terintegralkan secara Riemann,terintegralkan Riemann,,formal,R006 ch-riemann.tex,admitted,
LEBL-TERM-0273,concept.function.step-function,R006,step function,fungsi tangga,,,formal,R006 ch-riemann.tex,admitted,
LEBL-TERM-0274,concept.sum.telescoping,R006,telescoping sum,jumlah teleskopik,,,formal,R006 ch-riemann.tex,admitted,
LEBL-TERM-0275,concept.integration.additivity,R006,additivity of the integral,aditivitas integral,sifat aditif integral,,formal,R006 ch-riemann.tex,admitted,
LEBL-TERM-0276,concept.integration.linearity,R006,linearity of the integral,linearitas integral,,,formal,R006 ch-riemann.tex,admitted,
LEBL-TERM-0277,concept.integration.monotonicity,R006,monotonicity of the integral,kemonotonan integral,,,formal,R006 ch-riemann.tex,admitted,
LEBL-TERM-0278,concept.function.finitely-many-discontinuities,R006,finitely many discontinuities,berhingga banyak diskontinuitas,,,formal,R006 ch-riemann.tex,admitted,
LEBL-TERM-0279,concept.calculus.fundamental-theorem,R006,fundamental theorem of calculus,teorema dasar kalkulus,,,formal,R006 ch-riemann.tex,admitted,
LEBL-TERM-0280,concept.calculus.fundamental-theorem-first-form,R006,first form of the fundamental theorem,bentuk pertama teorema dasar kalkulus,,,formal,R006 ch-riemann.tex,admitted,
LEBL-TERM-0281,concept.calculus.fundamental-theorem-second-form,R006,second form of the fundamental theorem,bentuk kedua teorema dasar kalkulus,,,formal,R006 ch-riemann.tex,admitted,
LEBL-TERM-0282,concept.integration.change-of-variables,R006,change of variables,penggantian variabel,,,formal,R006 ch-riemann.tex,admitted,
LEBL-TERM-0283,concept.integration.integration-by-parts,R006,integration by parts,integrasi parsial,,,formal,R006 ch-riemann.tex,admitted,
LEBL-TERM-0284,concept.function.odd,R006,odd function,fungsi ganjil,,,formal,R006 ch-riemann.tex,admitted,
LEBL-TERM-0285,concept.function.even,R006,even function,fungsi genap,,,formal,R006 ch-riemann.tex,admitted,
LEBL-TERM-0286,concept.function.logarithm,R006,logarithm,logaritma,,,formal,R006 ch-riemann.tex,admitted,
LEBL-TERM-0287,concept.function.natural-logarithm,R006,natural logarithm,logaritma alami,logaritma natural,,formal,R006 ch-riemann.tex and notations.tex,admitted,
LEBL-TERM-0288,concept.function.exponential,R006,exponential function,fungsi eksponensial,,,formal,R006 ch-riemann.tex,admitted,
LEBL-TERM-0289,concept.integration.improper-integral,R006,improper integral,integral tak wajar,,,formal,R006 ch-riemann.tex,admitted,
LEBL-TERM-0290,concept.integration.p-test,R006,integral p-test,uji-$p$ untuk integral,,,formal,R006 ch-riemann.tex,admitted,
LEBL-TERM-0291,concept.integration.cauchy-principal-value,R006,Cauchy principal value,nilai utama Cauchy,,,formal,R006 ch-riemann.tex,admitted,
LEBL-TERM-0292,concept.integration.convolution,R006,convolution,konvolusi,,,formal,R006 ch-riemann.tex,admitted,
LEBL-TERM-0293,concept.transform.laplace,R006,Laplace transform,transformasi Laplace,,,formal,R006 ch-riemann.tex,admitted,
LEBL-TERM-0294,concept.transform.fourier-sine,R006,Fourier sine transform,transformasi sinus Fourier,,,formal,R006 ch-riemann.tex,admitted,
LEBL-TERM-0295,concept.transform.fourier-cosine,R006,Fourier cosine transform,transformasi kosinus Fourier,,,formal,R006 ch-riemann.tex,admitted,
LEBL-TERM-0296,concept.series.integral-test,R006,integral test for series,uji integral untuk deret,,,formal,R006 ch-riemann.tex,admitted,
LEBL-TERM-0297,concept.function.sinc,R006,sinc function,fungsi sinc,,,formal,R006 ch-riemann.tex,admitted,
LEBL-TERM-0298,concept.convergence.pointwise,R006,pointwise convergence,konvergensi titik demi titik,,,formal,R006 ch-seq-funcs.tex,admitted,
LEBL-TERM-0299,concept.convergence.uniform,R006,uniform convergence,konvergensi seragam,,,formal,R006 ch-seq-funcs.tex,admitted,
LEBL-TERM-0300,concept.norm.uniform,R006,uniform norm,norma seragam,,,formal,R006 ch-seq-funcs.tex,admitted,
LEBL-TERM-0301,concept.norm.supremum,R006,supremum norm,norma supremum,,,formal,R006 ch-seq-funcs.tex,admitted,
LEBL-TERM-0302,concept.norm.infinity,R006,infinity norm,norma tak hingga,,,formal,R006 ch-seq-funcs.tex,admitted,
LEBL-TERM-0303,concept.cauchy.uniform,R006,uniformly Cauchy,Cauchy secara seragam,,,formal,R006 ch-seq-funcs.tex,admitted,
LEBL-TERM-0304,concept.convergence.uniform-on-compact-subsets,R006,uniform convergence on compact subsets,konvergensi seragam pada subhimpunan kompak,,,formal,R006 ch-seq-funcs.tex,admitted,
LEBL-TERM-0305,concept.limit.joint,R006,joint limit,limit bersama,,,formal,R006 ch-seq-funcs.tex,admitted,
LEBL-TERM-0306,concept.theorem.dini,R006,Dini theorem,teorema Dini,,,formal,R006 ch-seq-funcs.tex,admitted,
LEBL-TERM-0307,concept.equation.differential,R006,differential equation,persamaan diferensial,,,formal,R006 ch-seq-funcs.tex,admitted,
LEBL-TERM-0308,concept.equation.ordinary-differential,R006,ordinary differential equation,persamaan diferensial biasa,,,formal,R006 ch-seq-funcs.tex,admitted,
LEBL-TERM-0309,concept.equation.first-order-ordinary-differential,R006,first-order ordinary differential equation,persamaan diferensial biasa orde satu,,,formal,R006 ch-seq-funcs.tex,admitted,
LEBL-TERM-0310,concept.initial-condition,R006,initial condition,syarat awal,,,formal,R006 ch-seq-funcs.tex,admitted,
LEBL-TERM-0311,concept.slope-field,R006,slope field,medan kemiringan,,,formal,R006 ch-seq-funcs.tex,admitted,
LEBL-TERM-0312,concept.theorem.picard,R006,Picard theorem,teorema Picard,,,formal,R006 ch-seq-funcs.tex,admitted,
LEBL-TERM-0313,concept.iteration.picard,R006,Picard iteration,iterasi Picard,,,formal,R006 ch-seq-funcs.tex,admitted,
LEBL-TERM-0314,concept.iterate.picard,R006,Picard iterate,iterat Picard,,,formal,R006 ch-seq-funcs.tex,admitted,
LEBL-TERM-0315,concept.theorem.existence-uniqueness,R006,existence and uniqueness theorem,teorema eksistensi dan ketunggalan,,,formal,R006 ch-seq-funcs.tex,admitted,
LEBL-TERM-0316,concept.theorem.peano-existence,R006,Peano existence theorem,teorema eksistensi Peano,,,formal,R006 ch-seq-funcs.tex,admitted,
LEBL-TERM-0317,concept.function.heaviside,R006,Heaviside function,fungsi Heaviside,,,formal,R006 ch-seq-funcs.tex,admitted,
LEBL-TERM-0318,concept.solution.weak,R006,weak solution,solusi lemah,,,formal,R006 ch-seq-funcs.tex,admitted,
LEBL-TERM-0319,concept.equation.linear-first-order-differential,R006,linear first-order differential equation,persamaan diferensial linear orde satu,,,formal,R006 ch-seq-funcs.tex,admitted,
LEBL-TERM-0320,concept.integrating-factor,R006,integrating factor,faktor integrasi,,,formal,R006 ch-seq-funcs.tex,admitted,
LEBL-TERM-0321,concept.metric-space,R006,metric space,ruang metrik,,,formal,R006 ch-metric.tex,admitted,
LEBL-TERM-0322,concept.metric,R006,metric,metrik,,,formal,R006 ch-metric.tex,admitted,
LEBL-TERM-0323,concept.distance-function,R006,distance function,fungsi jarak,,,formal,R006 ch-metric.tex,admitted,
LEBL-TERM-0324,concept.metric.nonnegativity,R006,nonnegativity of a metric,sifat taknegatif metrik,,,formal,R006 ch-metric.tex,admitted,
LEBL-TERM-0325,concept.metric.identity-indiscernibles,R006,identity of indiscernibles,identitas unsur yang tak terbedakan,,,formal,R006 ch-metric.tex,admitted,
LEBL-TERM-0326,concept.inequality.triangle,R006,triangle inequality,ketaksamaan segitiga,,,formal,R006 ch-metric.tex,admitted,
LEBL-TERM-0327,concept.metric.standard,R006,standard metric,metrik standar,,,formal,R006 ch-metric.tex,admitted,
LEBL-TERM-0328,concept.space.euclidean,R006,euclidean space,ruang Euklides,,,formal,R006 ch-metric.tex,admitted,
LEBL-TERM-0329,concept.inequality.cauchy-schwarz,R006,Cauchy--Schwarz inequality,ketaksamaan Cauchy--Schwarz,,,formal,R006 ch-metric.tex,admitted,
LEBL-TERM-0330,concept.metric.discrete,R006,discrete metric,metrik diskret,,,formal,R006 ch-metric.tex,admitted,
LEBL-TERM-0331,concept.distance.great-circle,R006,great circle distance,jarak lingkaran besar,,,formal,R006 ch-metric.tex,admitted,
LEBL-TERM-0332,concept.subspace,R006,subspace,subruang,,,formal,R006 ch-metric.tex,admitted,
LEBL-TERM-0333,concept.metric.subspace,R006,subspace metric,metrik subruang,,,formal,R006 ch-metric.tex,admitted,
LEBL-TERM-0334,concept.topology.subspace,R006,subspace topology,topologi subruang,,,formal,R006 ch-metric.tex,admitted,
LEBL-TERM-0335,concept.set.bounded,R006,bounded set,himpunan terbatas,,,formal,R006 ch-metric.tex,admitted,
LEBL-TERM-0336,concept.set.diameter,R006,diameter,diameter,,,formal,R006 ch-metric.tex,admitted,
LEBL-TERM-0337,concept.ball.open,R006,open ball,bola terbuka,,,formal,R006 ch-metric.tex,admitted,
LEBL-TERM-0338,concept.ball.closed,R006,closed ball,bola tertutup,,,formal,R006 ch-metric.tex,admitted,
LEBL-TERM-0339,concept.set.open,R006,open set,himpunan terbuka,,,formal,R006 ch-metric.tex,admitted,
LEBL-TERM-0340,concept.set.closed,R006,closed set,himpunan tertutup,,,formal,R006 ch-metric.tex,admitted,
LEBL-TERM-0341,concept.neighborhood.open,R006,open neighborhood,lingkungan terbuka,persekitaran terbuka,,formal,"R006 ch-metric.tex; Usmadi, Analisis Real (Bahan Ajar), Universitas Muhammadiyah Sumatera Barat, 2020, PDF pp. 13 and 23",admitted,Retain lingkungan for cross-volume consistency; persekitaran is strongly attested and recorded as a variant.
LEBL-TERM-0342,concept.topology,R006,topology,topologi,,,formal,R006 ch-metric.tex,admitted,
LEBL-TERM-0343,concept.set.connected,R006,connected set,himpunan terhubung,,,formal,R006 ch-metric.tex,admitted,
LEBL-TERM-0344,concept.space.connected,R006,connected space,ruang terhubung,,,formal,R006 ch-metric.tex,admitted,
LEBL-TERM-0345,concept.set.disconnected,R006,disconnected set,himpunan tak terhubung,,,formal,R006 ch-metric.tex,admitted,
LEBL-TERM-0346,concept.set.clopen,R006,clopen set,himpunan terbuka-tertutup,,,formal,R006 ch-metric.tex,admitted,
LEBL-TERM-0347,concept.space.totally-separated,R006,totally separated,terpisah total,,,formal,R006 ch-metric.tex,admitted,
LEBL-TERM-0348,concept.set.closure,R006,closure,penutupan,,,formal,R006 ch-metric.tex,admitted,
LEBL-TERM-0349,concept.set.interior,R006,interior,bagian dalam,,,formal,R006 ch-metric.tex,admitted,
LEBL-TERM-0350,concept.set.boundary,R006,boundary,batas,,,formal,R006 ch-metric.tex,admitted,
LEBL-TERM-0351,concept.set.dense,R006,dense set,himpunan rapat,,,formal,R006 ch-metric.tex,admitted,
LEBL-TERM-0352,concept.compactness,R006,compactness,kekompakan,,,formal,R006 ch-metric.tex,admitted,
LEBL-TERM-0353,concept.set.compact,R006,compact set,himpunan kompak,,,formal,R006 ch-metric.tex,admitted,
LEBL-TERM-0354,concept.cover.open,R006,open cover,selimut terbuka,,,formal,R006 ch-metric.tex,admitted,
LEBL-TERM-0355,concept.cover.subcover,R006,subcover,subselimut,,,formal,R006 ch-metric.tex,admitted,
LEBL-TERM-0356,concept.compactness.sequential,R006,sequentially compact,kompak secara sekuensial,,,formal,R006 ch-metric.tex,admitted,
LEBL-TERM-0357,concept.number.lebesgue,R006,Lebesgue number,bilangan Lebesgue,,,formal,R006 ch-metric.tex,admitted,
LEBL-TERM-0358,concept.boundedness.total,R006,totally bounded,terbatas total,,,formal,R006 ch-metric.tex,admitted,
LEBL-TERM-0359,concept.compactness.relative,R006,relatively compact,relatif kompak,,,formal,R006 ch-metric.tex,admitted,
LEBL-TERM-0360,concept.set.zero-set,R006,zero set,himpunan nol,,,formal,R006 ch-metric.tex,admitted,
LEBL-TERM-0361,concept.geometry.algebraic,R006,algebraic geometry,geometri aljabar,,,formal,R006 ch-metric.tex,admitted,
LEBL-TERM-0362,concept.map.proper,R006,proper map,proper,pemetaan proper,,formal,R006 ch-metric.tex,admitted,Technical loan retained in the indexed exercise term.
LEBL-TERM-0363,concept.function.evaluation,R006,evaluation function,fungsi evaluasi,,,formal,R006 ch-metric.tex,admitted,
LEBL-TERM-0364,concept.operator.differentiation,R006,differentiation operator,operator diferensiasi,,,formal,R006 ch-metric.tex,admitted,
LEBL-TERM-0365,concept.mapping.contraction,R006,contraction mapping,pemetaan kontraksi,kontraksi;pemetaan kontraktif,,formal,R006 ch-metric.tex,admitted,
LEBL-TERM-0366,concept.fixed-point,R006,fixed point,titik tetap,,,formal,R006 ch-metric.tex,admitted,
LEBL-TERM-0367,concept.principle.contraction-mapping,R006,contraction mapping principle,prinsip pemetaan kontraksi,,,formal,R006 ch-metric.tex,admitted,
LEBL-TERM-0368,concept.theorem.banach-fixed-point,R006,Banach fixed point theorem,teorema titik tetap Banach,,,formal,R006 ch-metric.tex,admitted,
LEBL-TERM-0369,concept.calculus.several-variables,R006,several variables,beberapa variabel,multivariabel,,formal,R006 ch-several-vars-ders.tex,admitted,
LEBL-TERM-0370,concept.calculus.partial-derivative,R006,partial derivative,turunan parsial,,,formal,R006 ch-several-vars-ders.tex,admitted,
LEBL-TERM-0371,concept.vector,R006,vector,vektor,,,formal,R006 ch-several-vars-ders.tex,admitted,
LEBL-TERM-0372,concept.vector.column,R006,column vector,vektor kolom,,,formal,R006 ch-several-vars-ders.tex,admitted,
LEBL-TERM-0373,concept.scalar,R006,scalar,skalar,,,formal,R006 ch-several-vars-ders.tex,admitted,
LEBL-TERM-0374,concept.space.vector,R006,vector space,ruang vektor,,,formal,R006 ch-several-vars-ders.tex,admitted,
LEBL-TERM-0375,concept.space.vector-real,R006,real vector space,ruang vektor real,,,formal,R006 ch-several-vars-ders.tex,admitted,
LEBL-TERM-0376,concept.operation.scalar-multiplication,R006,scalar multiplication,perkalian skalar,,,formal,R006 ch-several-vars-ders.tex,admitted,
LEBL-TERM-0377,concept.space.vector-subspace,R006,vector subspace,subruang vektor,subruang,,formal,R006 ch-several-vars-ders.tex,admitted,
LEBL-TERM-0378,concept.dimension.finite,R006,finite-dimensional,berdimensi hingga,,,formal,R006 ch-several-vars-ders.tex,admitted,
LEBL-TERM-0379,concept.combination.linear,R006,linear combination,kombinasi linear,,,formal,R006 ch-several-vars-ders.tex,admitted,
LEBL-TERM-0380,concept.span.linear,R006,span,rentang,merentang,,formal,R006 ch-several-vars-ders.tex,admitted,Use rentang as the noun and merentang as the verb; distinguish from function range.
LEBL-TERM-0381,concept.independence.linear,R006,linearly independent,bebas linear,,,formal,R006 ch-several-vars-ders.tex,admitted,
LEBL-TERM-0382,concept.dependence.linear,R006,linearly dependent,bergantung linear,,,formal,R006 ch-several-vars-ders.tex,admitted,
LEBL-TERM-0383,concept.basis.linear,R006,basis,basis,,,formal,R006 ch-several-vars-ders.tex,admitted,
LEBL-TERM-0384,concept.dimension.linear,R006,dimension,dimensi,,,formal,R006 ch-several-vars-ders.tex,admitted,
LEBL-TERM-0385,concept.dimension.infinite,R006,infinite-dimensional,berdimensi tak hingga,,,formal,R006 ch-several-vars-ders.tex,admitted,
LEBL-TERM-0386,concept.basis.standard,R006,standard basis,basis standar,,,formal,R006 ch-several-vars-ders.tex,admitted,
LEBL-TERM-0387,concept.mapping,R006,mapping,pemetaan,peta,,formal,R006 ch-several-vars-ders.tex,admitted,
LEBL-TERM-0388,concept.transformation.linear,R006,linear transformation,transformasi linear,pemetaan linear,,formal,R006 ch-several-vars-ders.tex,admitted,
LEBL-TERM-0389,concept.operator.linear,R006,linear operator,operator linear,,,formal,R006 ch-several-vars-ders.tex,admitted,
LEBL-TERM-0390,concept.transformation.invertible,R006,invertible linear transformation,transformasi linear invertibel,,,formal,R006 ch-several-vars-ders.tex,admitted,
LEBL-TERM-0391,concept.algebra.linear,R006,algebra,aljabar,,,formal,R006 ch-several-vars-ders.tex,admitted,
LEBL-TERM-0392,concept.nullspace,R006,nullspace,ruang nol,kernel,,formal,R006 ch-several-vars-ders.tex,admitted,
LEBL-TERM-0393,concept.function.injective,R006,one-to-one,injektif,satu-ke-satu,,formal,R006 ch-several-vars-ders.tex,admitted,
LEBL-TERM-0394,concept.function.surjective,R006,onto,surjektif,memetakan pada,,formal,R006 ch-several-vars-ders.tex,admitted,
LEBL-TERM-0395,concept.set.convex,R006,convex,konveks,,,formal,R006 ch-several-vars-ders.tex,admitted,
LEBL-TERM-0396,concept.combination.convex,R006,convex combination,kombinasi konveks,,,formal,R006 ch-several-vars-ders.tex,admitted,
LEBL-TERM-0397,concept.hull.convex,R006,convex hull,selubung konveks,,,formal,R006 ch-several-vars-ders.tex,admitted,
LEBL-TERM-0398,concept.norm,R006,norm,norma,,,formal,R006 ch-several-vars-ders.tex,admitted,
LEBL-TERM-0399,concept.space.vector.normed,R006,normed vector space,ruang vektor bernorma,,,formal,R006 ch-several-vars-ders.tex,admitted,
LEBL-TERM-0400,concept.product.dot,R006,dot product,hasil kali titik,produk titik,,formal,R006 ch-several-vars-ders.tex,admitted,
LEBL-TERM-0401,concept.mapping.bilinear,R006,bilinear,bilinear,,,formal,R006 ch-several-vars-ders.tex,admitted,
LEBL-TERM-0402,concept.norm.euclidean,R006,Euclidean norm,norma Euklides,,,formal,R006 ch-several-vars-ders.tex,admitted,
LEBL-TERM-0403,concept.inequality.cauchy-schwarz,R006,Cauchy--Schwarz inequality,ketaksamaan Cauchy--Schwarz,,,formal,R006 ch-several-vars-ders.tex,admitted,
LEBL-TERM-0404,concept.norm.operator,R006,operator norm,norma operator,,,formal,R006 ch-several-vars-ders.tex,admitted,
LEBL-TERM-0405,concept.group.general-linear,R006,general linear group,grup linear umum,,,formal,R006 ch-several-vars-ders.tex,admitted,
LEBL-TERM-0406,concept.matrix,R006,matrix,matriks,,,formal,R006 ch-several-vars-ders.tex,admitted,
LEBL-TERM-0407,concept.matrix.entry,R006,matrix entry,entri matriks,unsur matriks,,formal,R006 ch-several-vars-ders.tex,admitted,
LEBL-TERM-0408,concept.matrix.row,R006,row,baris,,,formal,R006 ch-several-vars-ders.tex,admitted,
LEBL-TERM-0409,concept.matrix.column,R006,column,kolom,,,formal,R006 ch-several-vars-ders.tex,admitted,
LEBL-TERM-0410,concept.matrix.transpose,R006,transpose,transpos,,,formal,R006 ch-several-vars-ders.tex,admitted,
LEBL-TERM-0411,concept.basis.change,R006,change of basis,perubahan basis,,,formal,R006 ch-several-vars-ders.tex,admitted,
LEBL-TERM-0412,concept.determinant,R006,determinant,determinan,,,formal,R006 ch-several-vars-ders.tex,admitted,
LEBL-TERM-0413,concept.permutation,R006,permutation,permutasi,,,formal,R006 ch-several-vars-ders.tex,admitted,
LEBL-TERM-0414,concept.transposition,R006,transposition,transposisi,pertukaran dua unsur,,formal,R006 ch-several-vars-ders.tex,admitted,
LEBL-TERM-0415,concept.permutation.even,R006,even permutation,permutasi genap,,,formal,R006 ch-several-vars-ders.tex,admitted,
LEBL-TERM-0416,concept.permutation.odd,R006,odd permutation,permutasi ganjil,,,formal,R006 ch-several-vars-ders.tex,admitted,
LEBL-TERM-0417,concept.group.symmetric,R006,symmetric group,grup simetris,,,formal,R006 ch-several-vars-ders.tex,admitted,
LEBL-TERM-0418,concept.diagram.commutative,R006,commutative diagram,diagram komutatif,,,formal,R006 ch-several-vars-ders.tex,admitted,
LEBL-TERM-0419,concept.matrix.elementary,R006,elementary matrix,matriks elementer,,,formal,R006 ch-several-vars-ders.tex,admitted,
LEBL-TERM-0420,concept.matrix.upper-triangular,R006,upper triangular matrix,matriks segitiga atas,,,formal,R006 ch-several-vars-ders.tex,admitted,
LEBL-TERM-0421,concept.orientation,R006,orientation,orientasi,,,formal,R006 ch-several-vars-ders.tex,admitted,
LEBL-TERM-0422,concept.norm.one,R006,1-norm,norma-1,norma L1,,formal,R006 ch-several-vars-ders.tex,admitted,
LEBL-TERM-0423,concept.distance.taxicab,R006,taxicab distance,jarak taksi,,,formal,R006 ch-several-vars-ders.tex,admitted,
LEBL-TERM-0424,concept.matrix.diagonal,R006,diagonal matrix,matriks diagonal,,,formal,R006 ch-several-vars-ders.tex,admitted,
LEBL-TERM-0425,concept.matrix.diagonalizable,R006,diagonalizable matrix,matriks yang dapat didiagonalisasi,,,formal,R006 ch-several-vars-ders.tex,admitted,
LEBL-TERM-0426,concept.eigenvalue,R006,eigenvalue,nilai eigen,,,formal,R006 ch-several-vars-ders.tex,admitted,
LEBL-TERM-0427,concept.radius.spectral,R006,spectral radius,radius spektral,,,formal,R006 ch-several-vars-ders.tex,admitted,
LEBL-TERM-0428,concept.modulus.complex,R006,complex modulus,modulus kompleks,,,formal,R006 ch-several-vars-ders.tex,admitted,
LEBL-TERM-0429,concept.set.symmetric,R006,symmetric set,himpunan simetris,,,formal,R006 ch-several-vars-ders.tex,admitted,
LEBL-TERM-0430,concept.calculus.gradient,R006,gradient,gradien,,,formal,R006 ch-several-vars-ders.tex,admitted,
LEBL-TERM-0431,concept.geometry.curve,R006,curve,kurva,,,formal,R006 ch-several-vars-ders.tex,admitted,
LEBL-TERM-0432,concept.geometry.curve.differentiable,R006,differentiable curve,kurva diferensiabel,,,formal,R006 ch-several-vars-ders.tex,admitted,
LEBL-TERM-0433,concept.geometry.vector.tangent,R006,tangent vector,vektor singgung,,,formal,R006 ch-several-vars-ders.tex,admitted,
LEBL-TERM-0434,concept.calculus.derivative.directional,R006,directional derivative,turunan arah,,,formal,R006 ch-several-vars-ders.tex,admitted,
LEBL-TERM-0435,concept.calculus.jacobian.determinant,R006,Jacobian determinant,determinan Jacobian,,,formal,R006 ch-several-vars-ders.tex,admitted,
LEBL-TERM-0436,concept.calculus.jacobian,R006,Jacobian,Jacobian,,,formal,R006 ch-several-vars-ders.tex,admitted,
LEBL-TERM-0437,concept.calculus.jacobian.matrix,R006;R007,Jacobian matrix,matriks Jacobian,,,formal,R006 ch-several-vars-ders.tex; R007 ch-nonlin-systems.tex raw lines 160-248,admitted,
LEBL-TERM-0438,concept.calculus.critical-point,R006;R007,critical point,titik kritis,,,formal,R006 ch-several-vars-ders.tex; R007 ch-nonlin-systems.tex raw lines 160-248,admitted,
LEBL-TERM-0439,concept.surface.peano,R006,Peano surface,permukaan Peano,,,formal,R006 ch-several-vars-ders.tex,admitted,
LEBL-TERM-0440,concept.geometry.sphere.unit,R006,unit sphere,permukaan bola satuan,bola satuan,,formal,R006 ch-several-vars-ders.tex,admitted,
LEBL-TERM-0441,concept.function.vector-valued,R006,vector-valued function,fungsi bernilai vektor,,,formal,R006 ch-several-vars-ders.tex,admitted,
LEBL-TERM-0442,concept.function.scalar-valued,R006,scalar-valued function,fungsi bernilai skalar,,,formal,R006 ch-several-vars-ders.tex,admitted,
LEBL-TERM-0443,concept.geometry.line-segment,R006,line segment,ruas garis,,,formal,R006 ch-several-vars-ders.tex,admitted,
LEBL-TERM-0444,concept.calculus.derivative.uniformly-bounded,R006,uniformly bounded derivative,turunan yang terbatas secara seragam,,,formal,R006 ch-several-vars-ders.tex,admitted,
LEBL-TERM-0445,concept.geometry.annulus,R006,annulus,anulus,gelang,,formal,R006 ch-several-vars-ders.tex,admitted,
LEBL-TERM-0446,concept.calculus.function.class-c1,R006,function of class C1,fungsi berkelas C1,fungsi C1,,formal,R006 ch-several-vars-ders.tex,admitted,
LEBL-TERM-0447,concept.function.matrix-valued,R006,matrix-valued function,fungsi bernilai matriks,,,formal,R006 ch-several-vars-ders.tex,admitted,
LEBL-TERM-0448,concept.polynomial.multivariable,R006,polynomial in several variables,polinom beberapa variabel,polinom multivariabel,,formal,R006 ch-several-vars-ders.tex,admitted,
LEBL-TERM-0449,concept.geometry.ball.unit,R006,unit ball,bola satuan,,,formal,R006 ch-several-vars-ders.tex,admitted,Distinct from the unit sphere; the defining inequality is strict.
LEBL-TERM-0450,concept.function.nowhere-continuous,R006,nowhere continuous,tidak kontinu di setiap titik,tak kontinu di mana pun,,formal,R006 ch-several-vars-ders.tex,admitted,
LEBL-TERM-0451,concept.function.identically-zero,R006,identically zero,identik nol,,,formal,R006 ch-several-vars-ders.tex,admitted,
LEBL-TERM-0452,concept.proof.base-case,R006,base case,kasus dasar,,,formal,R006 ch-several-vars-ders.tex,admitted,
LEBL-TERM-0453,concept.mapping.open,R006,open mapping,pemetaan terbuka,,,formal,R006 ch-several-vars-ders.tex,admitted,
LEBL-TERM-0454,concept.operator.invertible,R006,invertible operator,operator invertibel,,,formal,R006 ch-several-vars-ders.tex,admitted,
LEBL-TERM-0455,concept.conjecture.jacobian,R006,Jacobian conjecture,konjektur Jacobian,,,formal,R006 ch-several-vars-ders.tex,admitted,
LEBL-TERM-0456,concept.mapping.polynomial,R006,polynomial mapping,pemetaan polinomial,,,formal,R006 ch-several-vars-ders.tex,admitted,
LEBL-TERM-0457,concept.theorem.implicit-function,R006,implicit function theorem,teorema fungsi implisit,,,formal,R006 ch-several-vars-ders.tex,admitted,
LEBL-TERM-0458,concept.equation.solve-dependent-variable,R006,solve for y in terms of x,menyelesaikan terhadap y sebagai fungsi dari x,,,formal,R006 ch-several-vars-ders.tex,admitted,
LEBL-TERM-0459,concept.geometry.vertical-tangency,R006,vertical tangency,titik tempat garis singgungnya vertikal,garis singgung vertikal,,formal,R006 ch-several-vars-ders.tex,admitted,
LEBL-TERM-0460,concept.matrix.block-form,R006,block matrix form,bentuk matriks blok,,,formal,R006 ch-several-vars-ders.tex,admitted,
LEBL-TERM-0461,concept.mapping.zero,R006,zero map,pemetaan nol,,,formal,R006 ch-several-vars-ders.tex,admitted,
LEBL-TERM-0462,concept.coordinate.block,R006,coordinate block,blok koordinat,,,formal,R006 ch-several-vars-ders.tex,admitted,
LEBL-TERM-0463,concept.equation.unknown,R006,unknown,peubah tak diketahui,,,formal,R006 ch-several-vars-ders.tex,admitted,
LEBL-TERM-0464,concept.geometry.smooth-curve,R006,smooth curve,kurva mulus,,,formal,R006 ch-several-vars-ders.tex,admitted,
LEBL-TERM-0465,concept.geometry.projection,R006,projection,proyeksi,,,formal,R006 ch-several-vars-ders.tex,admitted,
LEBL-TERM-0466,concept.geometry.unit-circle,R006,unit circle,lingkaran satuan,,,formal,R006 ch-several-vars-ders.tex,admitted,
LEBL-TERM-0467,concept.coordinate.polar,R006,polar coordinates,koordinat polar,,,formal,R006 ch-several-vars-ders.tex,admitted,
LEBL-TERM-0468,concept.algebra.discriminant,R006,discriminant,diskriminan,,,formal,R006 ch-several-vars-ders.tex,admitted,
LEBL-TERM-0469,concept.function.inverse.local,R006,local inverse,invers lokal,,,formal,R006 ch-several-vars-ders.tex,admitted,
LEBL-TERM-0470,concept.set.preimage,R006,preimage,prapeta,himpunan prapeta,,formal,R006 ch-several-vars-ders.tex,admitted,
LEBL-TERM-0471,concept.set.level,R006,level set,himpunan level,himpunan aras,,formal,R006 ch-several-vars-ders.tex,admitted,
LEBL-TERM-0472,concept.geometry.level-curve,R006,level curve,kurva level,kurva aras,,formal,R006 ch-several-vars-ders.tex,admitted,
LEBL-TERM-0473,concept.geometry.regular-curve,R006,regular curve,kurva reguler,,,formal,R006 ch-several-vars-ders.tex,admitted,
LEBL-TERM-0474,concept.geometry.horizontal-line,R006,horizontal line,garis horizontal,,,formal,R006 ch-several-vars-ders.tex,admitted,
LEBL-TERM-0475,concept.geometry.straighten-local,R006,locally straighten,diluruskan secara lokal,,,formal,R006 ch-several-vars-ders.tex,admitted,
LEBL-TERM-0476,concept.function.invertible.local,R006,locally invertible,invertibel secara lokal,,,formal,R006 ch-several-vars-ders.tex,admitted,
LEBL-TERM-0477,concept.function.invertible.global,R006,globally invertible,invertibel secara global,,,formal,R006 ch-several-vars-ders.tex,admitted,
LEBL-TERM-0478,concept.calculus.partial-derivative.order-k,R006,partial derivative of order k,turunan parsial orde k,,,formal,R006 ch-several-vars-ders.tex,admitted,
LEBL-TERM-0479,concept.calculus.function.class-ck,R006,Ck function,fungsi berkelas Ck,,,formal,R006 ch-several-vars-ders.tex,admitted,
LEBL-TERM-0480,concept.calculus.differentiability.order-k,R006,k-times continuously differentiable,diferensiabel secara kontinu hingga orde k,,,formal,R006 ch-several-vars-ders.tex,admitted,
LEBL-TERM-0481,concept.calculus.partial-derivative.mixed,R006,mixed partial derivative,turunan parsial campuran,,,formal,R006 ch-several-vars-ders.tex,admitted,
LEBL-TERM-0482,concept.calculus.differentiation.interchange-order,R006,interchange the order of partial differentiation,menukar urutan diferensiasi parsial,,,formal,R006 ch-several-vars-ders.tex,admitted,
LEBL-TERM-0483,concept.notation.subscript,R006,subscript notation,notasi subskrip,,,formal,R006 ch-several-vars-ders.tex,admitted,
LEBL-TERM-0484,concept.mapping.fiber,R006,fiber,serat,prapeta titik,,formal,R006 ch-several-vars-ders.tex,admitted,
LEBL-TERM-0485,concept.function.inverse.local-branch,R006,local inverse branch,cabang invers lokal,,,formal,R006 ch-several-vars-ders.tex,admitted,
LEBL-TERM-0486,concept.topology.punctured-plane,R006,punctured plane,bidang berlubang,,,formal,R006 ch-several-vars-ders.tex,admitted,
LEBL-TERM-0487,concept.extremum.strict-local-minimum,R006,strict local minimum,minimum lokal ketat,,,formal,R006 ch-several-vars-ders.tex,admitted,
LEBL-TERM-0488,concept.calculus.symmetric-difference-quotient,R006,symmetric difference quotient,hasil bagi selisih simetris,,,formal,R006 ch-several-vars-ders.tex,admitted,
LEBL-TERM-0489,concept.calculus.differentiation-under-integral,R006,differentiation under the integral sign,diferensiasi di bawah tanda integral,mendiferensialkan di bawah tanda integral,,formal,R006 ch-one-dim-ints-sv.tex,admitted,
LEBL-TERM-0490,concept.calculus.integrand,R006,integrand,integran,,,formal,R006 ch-one-dim-ints-sv.tex,admitted,
LEBL-TERM-0491,concept.calculus.integrability,R006,integrability,keterintegralan,,,formal,R006 ch-one-dim-ints-sv.tex,admitted,
LEBL-TERM-0492,concept.calculus.leibniz-integral-rule,R006,Leibniz integral rule,aturan integral Leibniz,aturan Leibniz,,formal,R006 ch-one-dim-ints-sv.tex,admitted,
LEBL-TERM-0493,concept.topology.compact-rectangle,R006,compact rectangle,persegi panjang kompak,,,formal,R006 ch-one-dim-ints-sv.tex,admitted,
LEBL-TERM-0494,concept.function.compact-support,R006,compactly supported,berdukungan kompak,mempunyai dukungan kompak,,formal,R006 ch-one-dim-ints-sv.tex,admitted,
LEBL-TERM-0495,concept.differential-equation.partial,R006,partial differential equation,persamaan diferensial parsial,,,formal,R006 ch-one-dim-ints-sv.tex,admitted,
LEBL-TERM-0496,concept.integration.path-integral,R006,path integral,integral lintasan,,,formal,R006 ch-one-dim-ints-sv.tex,admitted,
LEBL-TERM-0497,concept.geometry.path.smooth,R006,smooth path,lintasan mulus,,,formal,R006 ch-one-dim-ints-sv.tex,admitted,
LEBL-TERM-0498,concept.geometry.path.continuously-differentiable,R006,continuously differentiable path,lintasan yang diferensiabel secara kontinu,,,formal,R006 ch-one-dim-ints-sv.tex,admitted,
LEBL-TERM-0499,concept.geometry.path.piecewise-smooth,R006,piecewise smooth path,lintasan mulus sepotong-sepotong,,,formal,R006 ch-one-dim-ints-sv.tex,admitted,
LEBL-TERM-0500,concept.geometry.path.piecewise-continuously-differentiable,R006,piecewise continuously differentiable path,lintasan diferensiabel secara kontinu sepotong-sepotong,,,formal,R006 ch-one-dim-ints-sv.tex,admitted,
LEBL-TERM-0501,concept.geometry.path.closed,R006;R007,closed path,lintasan tertutup,closed trajectory,,formal,R006 ch-one-dim-ints-sv.tex; R007 ch-nonlin-systems.tex,admitted,The R007 contextual source phrase closed trajectory maps to the same concept
LEBL-TERM-0502,concept.geometry.path.simple,R006,simple path,lintasan sederhana,,,formal,R006 ch-one-dim-ints-sv.tex,admitted,
LEBL-TERM-0503,concept.geometry.path.simple-closed,R006,simple closed path,lintasan tertutup sederhana,,,formal,R006 ch-one-dim-ints-sv.tex,admitted,
LEBL-TERM-0504,concept.geometry.path.parametrization,R006,parametrization,parametrisasi,,,formal,R006 ch-one-dim-ints-sv.tex,admitted,
LEBL-TERM-0505,concept.geometry.path.reparametrization.smooth,R006,smooth reparametrization,reparametrisasi mulus,,,formal,R006 ch-one-dim-ints-sv.tex,admitted,
LEBL-TERM-0506,concept.geometry.path.reparametrization.piecewise-smooth,R006,piecewise smooth reparametrization,reparametrisasi mulus sepotong-sepotong,,,formal,R006 ch-one-dim-ints-sv.tex,admitted,
LEBL-TERM-0507,concept.geometry.orientation.preserve,R006,preserve orientation,mempertahankan orientasi,,,formal,R006 ch-one-dim-ints-sv.tex,admitted,
LEBL-TERM-0508,concept.geometry.orientation.reverse,R006,reverse orientation,membalik orientasi,,,formal,R006 ch-one-dim-ints-sv.tex,admitted,
LEBL-TERM-0509,concept.geometry.corner,R006,corner,sudut,,,formal,R006 ch-one-dim-ints-sv.tex,admitted,
LEBL-TERM-0510,concept.geometry.orientation.counterclockwise,R006,counterclockwise,berlawanan arah jarum jam,,,formal,R006 ch-one-dim-ints-sv.tex,admitted,
LEBL-TERM-0511,concept.differential-form.one-form,R006,one-form,bentuk-1,bentuk diferensial derajat satu,,formal,R006 ch-one-dim-ints-sv.tex,admitted,
LEBL-TERM-0512,concept.integration.path-integral.one-form,R006,path integral of a one-form,integral lintasan bentuk-1,,,formal,R006 ch-one-dim-ints-sv.tex,admitted,
LEBL-TERM-0513,concept.integration.partition.minimal,R006,minimal partition,partisi minimal,,,formal,R006 ch-one-dim-ints-sv.tex,admitted,
LEBL-TERM-0514,concept.integration.u-substitution,R006,u-substitution,substitusi u,,,formal,R006 ch-one-dim-ints-sv.tex,admitted,
LEBL-TERM-0515,concept.geometry.path.concatenate,R006,concatenate paths,menyambungkan lintasan,,,formal,R006 ch-one-dim-ints-sv.tex,admitted,
LEBL-TERM-0516,concept.geometry.path.reparametrization.orientation-preserving,R006,orientation preserving reparametrization,reparametrisasi yang mempertahankan orientasi,,,formal,R006 ch-one-dim-ints-sv.tex,admitted,
LEBL-TERM-0517,concept.geometry.path.reparametrization.orientation-reversing,R006,orientation reversing reparametrization,reparametrisasi yang membalik orientasi,,,formal,R006 ch-one-dim-ints-sv.tex,admitted,
LEBL-TERM-0518,concept.geometry.path.traverse-twice,R006,traverse twice,menelusuri dua kali,,,formal,R006 ch-one-dim-ints-sv.tex,admitted,
LEBL-TERM-0519,concept.function.constant-mapping,R006,constant mapping,pemetaan konstan,,,formal,R006 ch-one-dim-ints-sv.tex,admitted,
LEBL-TERM-0520,concept.geometry.curve.zero-length,R006,curve of length zero,kurva dengan panjang nol,,,formal,R006 ch-one-dim-ints-sv.tex,admitted,
LEBL-TERM-0521,concept.integration.path-integral.function,R006,path integral of a function,integral lintasan suatu fungsi,integral lintasan skalar,,formal,R006 ch-one-dim-ints-sv.tex,admitted,
LEBL-TERM-0522,concept.geometry.arc-length.measure,R006,arc-length measure,ukuran panjang busur,,,formal,R006 ch-one-dim-ints-sv.tex,admitted,
LEBL-TERM-0523,concept.geometry.curve.length,R006,length,panjang,panjang kurva,,formal,R006 ch-one-dim-ints-sv.tex,admitted,
LEBL-TERM-0524,concept.metric.euclidean-distance,R006,euclidean distance,jarak Euklides,,,formal,R006 ch-one-dim-ints-sv.tex,admitted,
LEBL-TERM-0525,concept.geometry.path.arc-length-parametrization,R006,arc-length parametrization,parametrisasi panjang busur,,,formal,R006 ch-one-dim-ints-sv.tex,admitted,
LEBL-TERM-0526,concept.geometry.path.speed,R006,speed,kelajuan,,,formal,R006 ch-one-dim-ints-sv.tex,admitted,
LEBL-TERM-0527,concept.geometry.path.unit-speed-parametrization,R006,unit-speed parametrization,parametrisasi berkelajuan satu,,,formal,R006 ch-one-dim-ints-sv.tex,admitted,
LEBL-TERM-0528,concept.integration.signed-integral,R006,signed integral,integral bertanda,,,formal,R006 ch-one-dim-ints-sv.tex,admitted,
LEBL-TERM-0529,concept.geometry.path.common-partition,R006,common partition,partisi bersama,,,formal,R006 ch-one-dim-ints-sv.tex,admitted,
LEBL-TERM-0530,concept.geometry.curve.regular-arc,R006,regular arc,busur reguler,,,formal,R006 ch-one-dim-ints-sv.tex,admitted,
LEBL-TERM-0531,concept.geometry.curve.figure-eight,R006,figure-eight curve,kurva berbentuk angka delapan,kurva angka delapan,,formal,R006 ch-one-dim-ints-sv.tex,admitted,
LEBL-TERM-0532,concept.geometry.path.traversal-orientation,R006,orientation of traversal,orientasi penelusuran,,,formal,R006 ch-one-dim-ints-sv.tex,admitted,
LEBL-TERM-0533,concept.geometry.curve.parametric,R006,parametric curve,kurva parametrik,,,formal,R006 ch-one-dim-ints-sv.tex,admitted,
LEBL-TERM-0534,concept.integration.path-independence,R006,path independence,ketaktergantungan pada lintasan,integral tidak bergantung pada lintasan,,formal,R006 ch-one-dim-ints-sv.tex,admitted,
LEBL-TERM-0535,concept.integration.path-independent,R006,path-independent integral,integral bebas lintasan,integral yang tidak bergantung pada lintasan,,formal,R006 ch-one-dim-ints-sv.tex,admitted,
LEBL-TERM-0536,concept.calculus.derivative.total,R006,total derivative,turunan total,,,formal,R006 ch-one-dim-ints-sv.tex,admitted,
LEBL-TERM-0537,concept.topology.path-connected,R006,path connected,terhubung lintasan,,,formal,R006 ch-one-dim-ints-sv.tex,admitted,
LEBL-TERM-0538,concept.linear-algebra.basis-vector.standard,R006,standard basis vector,vektor basis standar,,,formal,R006 ch-one-dim-ints-sv.tex,admitted,
LEBL-TERM-0539,concept.topology.simply-connected,R006;R007,simply connected,terhubung sederhana,,,formal,R006 ch-one-dim-ints-sv.tex; R007 ch-nonlin-systems.tex raw lines 1950-1985,admitted,
LEBL-TERM-0540,concept.topology.domain.star-shaped,R006,star-shaped domain,domain berbentuk bintang,,,formal,R006 ch-one-dim-ints-sv.tex,admitted,
LEBL-TERM-0541,concept.analysis.poincare-lemma,R006,Poincare lemma,Lema Poincare,,,formal,R006 ch-one-dim-ints-sv.tex,admitted,
LEBL-TERM-0542,concept.geometry.mapping.radial,R006,radial mapping,pemetaan radial,,,formal,R006 ch-one-dim-ints-sv.tex,admitted,
LEBL-TERM-0543,concept.physics.vector-field,R006;R007,vector field,medan vektor,,,formal,R006 ch-one-dim-ints-sv.tex; R007 ch-nonlin-systems.tex raw lines 70-104,admitted,
LEBL-TERM-0544,concept.physics.force-field,R006,force field,medan gaya,,,formal,R006 ch-one-dim-ints-sv.tex,admitted,
LEBL-TERM-0545,concept.integration.path-integral.vector-field,R006,path integral of a vector field,integral lintasan medan vektor,,,formal,R006 ch-one-dim-ints-sv.tex,admitted,
LEBL-TERM-0546,concept.physics.potential,R006,potential,potensial,,,formal,R006 ch-one-dim-ints-sv.tex,admitted,
LEBL-TERM-0547,concept.physics.vector-field.conservative,R006,conservative vector field,medan vektor konservatif,,,formal,R006 ch-one-dim-ints-sv.tex,admitted,
LEBL-TERM-0548,concept.physics.work,R006,work,usaha,kerja,,formal,R006 ch-one-dim-ints-sv.tex,admitted,
LEBL-TERM-0549,concept.topology.winding-number,R006,winding number,bilangan putar,,,formal,R006 ch-one-dim-ints-sv.tex,admitted,
LEBL-TERM-0550,concept.geometry.ray.x-axis-nonpositive,R006,nonpositive x-axis ray,sinar sumbu-x nonpositif,,,formal,R006 ch-one-dim-ints-sv.tex,admitted,
LEBL-TERM-0551,concept.geometry.chain.polygonal,R006,polygonal chain,rantai poligonal,,,formal,R006 ch-one-dim-ints-sv.tex,admitted,
LEBL-TERM-0552,concept.topology.open.relative,R006,relative open set,himpunan terbuka relatif,,,formal,R006 ch-one-dim-ints-sv.tex,admitted,
LEBL-TERM-0553,concept.path.out-and-back,R006,out-and-back path,lintasan pergi-pulang,,,formal,R006 ch-one-dim-ints-sv.tex,admitted,
LEBL-TERM-0554,concept.integration.multivariable,R006,multivariable integral,integral multivariabel,,,formal,R006 ch-multivar-int.tex,admitted,
LEBL-TERM-0555,concept.integration.riemann.rectangle,R006,Riemann integral over rectangles,integral Riemann pada persegi panjang,,,formal,R006 ch-multivar-int.tex,admitted,
LEBL-TERM-0556,concept.geometry.rectangle.closed,R006,closed rectangle,persegi panjang tertutup,,,formal,R006 ch-multivar-int.tex,admitted,
LEBL-TERM-0557,concept.geometry.rectangle.open,R006,open rectangle,persegi panjang terbuka,,,formal,R006 ch-multivar-int.tex,admitted,
LEBL-TERM-0558,concept.geometry.rectangle.subrectangle,R006,subrectangle,subpersegi panjang,,,formal,R006 ch-multivar-int.tex,admitted,
LEBL-TERM-0559,concept.measure.volume.n-dimensional,R006,n-dimensional volume,volume berdimensi n,volume n dimensi,,formal,R006 ch-multivar-int.tex and notations.tex,admitted,
LEBL-TERM-0560,concept.integration.partition-refinement.common,R006,common refinement,penghalusan bersama,,,formal,R006 ch-multivar-int.tex,admitted,
LEBL-TERM-0561,concept.geometry.rectangle.longest-side,R006,longest side,sisi terpanjang,,,formal,R006 ch-multivar-int.tex,admitted,
LEBL-TERM-0562,concept.function.support,R006,support,tumpuan,dukungan,,formal,R006 ch-multivar-int.tex; Indonesian mathematical usage surveyed in university publications,admitted,Use tumpuan in the current multivariable chapter; dukungan remains an attested variant
LEBL-TERM-0563,concept.function.compact-support,R006,compact support,tumpuan kompak,dukungan kompak; bertumpuan kompak; berdukungan kompak,,formal,R006 ch-multivar-int.tex and ch-one-dim-ints-sv.tex,admitted,The adjective in current prose is bertumpuan kompak; the earlier admitted berdukungan kompak remains a valid variant
LEBL-TERM-0564,concept.integration.iterated,R006,iterated integral,integral berulang,integral iterasi,,formal,R006 ch-multivar-int.tex; Indonesian university calculus materials,admitted,
LEBL-TERM-0565,concept.theorem.fubini,R006,Fubini theorem,teorema Fubini,,,formal,R006 ch-multivar-int.tex; Indonesian university calculus materials,admitted,
LEBL-TERM-0566,concept.integration.inner,R006,inner integral,integral bagian dalam,integral dalam,,formal,R006 ch-multivar-int.tex,admitted,
LEBL-TERM-0567,concept.integration.lower-darboux-integral,R006,lower integral,integral bawah,integral Darboux bawah,,formal,R006 ch-multivar-int.tex,admitted,
LEBL-TERM-0568,concept.integration.upper-darboux-integral,R006,upper integral,integral atas,integral Darboux atas,,formal,R006 ch-multivar-int.tex,admitted,
LEBL-TERM-0569,concept.integration.order,R006,order of integration,urutan pengintegralan,urutan integrasi,,formal,R006 ch-multivar-int.tex,admitted,
LEBL-TERM-0570,concept.function.intermediate,R006,intermediate function,fungsi perantara,,,formal,R006 ch-multivar-int.tex,admitted,
LEBL-TERM-0571,concept.number-theory.lowest-terms,R006,in lowest terms,dalam bentuk pecahan paling sederhana,bentuk paling sederhana,,formal,R006 ch-multivar-int.tex,admitted,
LEBL-TERM-0572,concept.measure.outer,R006,outer measure,ukuran luar,,,formal,R006 ch-multivar-int.tex; standard Indonesian measure-theory usage,admitted,
LEBL-TERM-0573,concept.measure.zero,R006,measure zero,berukuran nol,ukuran nol,,formal,R006 ch-multivar-int.tex; standard Indonesian measure-theory usage,admitted,
LEBL-TERM-0574,concept.set.null,R006,null set,himpunan nol,himpunan berukuran nol,,formal,R006 ch-multivar-int.tex; standard Indonesian measure-theory usage,admitted,
LEBL-TERM-0575,concept.geometry.cube.closed,R006,closed cube,kubus tertutup,,,formal,R006 ch-multivar-int.tex,admitted,
LEBL-TERM-0576,concept.cover.subcover.inclusion-minimal,R006,minimal subcover,subselimut minimal,subselimut hingga minimal,,formal,R006 ch-multivar-int.tex,admitted,
LEBL-TERM-0577,concept.number-representation.ternary-expansion,R006,ternary expansion,ekspansi terner,representasi terner,,formal,R006 ch-multivar-int.tex,admitted,
LEBL-TERM-0578,concept.set.cantor,R006,Cantor set,himpunan Cantor,,,formal,R006 ch-multivar-int.tex,admitted,
LEBL-TERM-0579,concept.set.cantor.middle-third,R006,middle third,sepertiga tengah,,,formal,R006 ch-multivar-int.tex,admitted,
LEBL-TERM-0580,concept.set.cantor.open-middle-third,R006,open middle third,sepertiga tengah terbuka,,,formal,R006 ch-multivar-int.tex,admitted,
LEBL-TERM-0581,concept.function.cantor,R006,Cantor function,fungsi Cantor,,,formal,R006 ch-multivar-int.tex,admitted,
LEBL-TERM-0582,concept.function.cantor.devils-staircase,R006,Devil's staircase,tangga Iblis,tangga Setan,,formal,R006 ch-multivar-int.tex,admitted,
LEBL-TERM-0583,concept.geometry.cube.open,R006,open cube,kubus terbuka,,,formal,R006 ch-multivar-int.tex,admitted,
LEBL-TERM-0584,concept.function.oscillation,R006,oscillation,osilasi,,,formal,R006 ch-multivar-int.tex,admitted,
LEBL-TERM-0585,concept.function.oscillate,R006,oscillate,berosilasi,,,formal,R006 ch-multivar-int.tex,admitted,
LEBL-TERM-0586,concept.theorem.riemann-lebesgue,R006,Riemann--Lebesgue theorem,teorema Riemann--Lebesgue,,,formal,R006 ch-multivar-int.tex,admitted,
LEBL-TERM-0587,concept.theorem.lebesgue-vitali,R006,Lebesgue--Vitali theorem,teorema Lebesgue--Vitali,,,formal,R006 ch-multivar-int.tex,admitted,
LEBL-TERM-0588,concept.function.discontinuity-set,R006,set of discontinuities,himpunan titik diskontinuitas,,,formal,R006 ch-multivar-int.tex,admitted,
LEBL-TERM-0589,concept.algebra.real,R006,real algebra,aljabar atas $\R$,aljabar real,,formal,R006 ch-multivar-int.tex,admitted,Preferred wording makes the scalar field explicit.
LEBL-TERM-0590,concept.measure.almost-everywhere,R006,almost everywhere,hampir di mana-mana,hampir di setiap titik,,formal,R006 ch-multivar-int.tex,admitted,
LEBL-TERM-0591,concept.function.characteristic,R006,characteristic function,fungsi karakteristik,,,formal,R006 ch-multivar-int.tex,admitted,
LEBL-TERM-0592,concept.function.indicator,R006,indicator function,fungsi indikator,,,formal,R006 ch-multivar-int.tex,admitted,
LEBL-TERM-0593,concept.measure.jordan-measurable,R006,Jordan measurable,terukur Jordan,,,formal,R006 ch-multivar-int.tex,admitted,
LEBL-TERM-0594,concept.function.identically-one,R006,identically one,identik satu,,,formal,R006 ch-multivar-int.tex,admitted,
LEBL-TERM-0595,concept.integration.riemann-on-set,R006,Riemann integrable on S,terintegralkan secara Riemann pada $S$,,,formal,R006 ch-multivar-int.tex,admitted,
LEBL-TERM-0596,concept.measure.almost-every-point,R006,for almost every,untuk hampir setiap,,,formal,R006 ch-multivar-int.tex,admitted,
LEBL-TERM-0597,concept.function.zero-extension,R006,zero extension,perluasan nol,,,formal,R006 ch-multivar-int.tex,admitted,
LEBL-TERM-0598,concept.sequence.enumeration,R006,enumeration,enumerasi,,,formal,R006 ch-multivar-int.tex; Universitas Terbuka MATA4217 Edisi 2 Modul 1 Definisi 1.10.1(i) printed p. 1.42 / PDF p. 42,admitted,Direct formal definitional attestation.
LEBL-TERM-0599,concept.theorem.stokes.generalized,R006,generalized Stokes' theorem,teorema Stokes umum,,,formal,R006 ch-multivar-int.tex,admitted,
LEBL-TERM-0600,concept.theorem.green,R006,Green's theorem,teorema Green,,,formal,R006 ch-multivar-int.tex,admitted,
LEBL-TERM-0601,concept.domain.bounded-piecewise-smooth-boundary,R006,bounded domain with piecewise smooth boundary,domain terbatas dengan batas mulus sepotong-sepotong,,,formal,R006 ch-multivar-int.tex,admitted,
LEBL-TERM-0602,concept.boundary.piecewise-smooth,R006,piecewise smooth boundary,batas mulus sepotong-sepotong,,,formal,R006 ch-multivar-int.tex,admitted,
LEBL-TERM-0603,concept.orientation.positive,R006,positively oriented,berorientasi positif,,,formal,R006 ch-multivar-int.tex,admitted,
LEBL-TERM-0604,concept.orientation.negative,R006,negatively oriented,berorientasi negatif,,,formal,R006 ch-multivar-int.tex,admitted,
LEBL-TERM-0605,concept.geometry.orientation.clockwise,R006,clockwise,searah jarum jam,,,formal,R006 ch-multivar-int.tex,admitted,
LEBL-TERM-0606,concept.domain.type-i,R006,type I domain,domain tipe I,,,formal,R006 ch-multivar-int.tex,admitted,
LEBL-TERM-0607,concept.domain.type-ii,R006,type II domain,domain tipe II,,,formal,R006 ch-multivar-int.tex,admitted,
LEBL-TERM-0608,concept.domain.type-iii,R006,type III domain,domain tipe III,,,formal,R006 ch-multivar-int.tex,admitted,
LEBL-TERM-0609,concept.interval.connected,R006,connected interval,interval terhubung,,,formal,R006 ch-multivar-int.tex,admitted,
LEBL-TERM-0610,concept.geometry.vertical-line,R006,vertical line,garis vertikal,,,formal,R006 ch-multivar-int.tex,admitted,
LEBL-TERM-0611,concept.geometry.disc,R006,disc,cakram,,,formal,R006 ch-multivar-int.tex,admitted,
LEBL-TERM-0612,concept.physics.vector-field.vortex,R006,vortex vector field,medan vektor pusaran,,,formal,R006 ch-multivar-int.tex,admitted,
LEBL-TERM-0613,concept.analysis.harmonic-function,R006,harmonic function,fungsi harmonik,,,formal,R006 ch-multivar-int.tex,admitted,
LEBL-TERM-0614,concept.pde.laplace-equation,R006,Laplace equation,persamaan Laplace,,,formal,R006 ch-multivar-int.tex,admitted,
LEBL-TERM-0615,concept.analysis.harmonic.mean-value-property,R006,mean value property,sifat nilai rata-rata,,,formal,R006 ch-multivar-int.tex,admitted,
LEBL-TERM-0616,concept.analysis.harmonic.maximum-principle,R006,maximum principle,prinsip maksimum,,,formal,R006 ch-multivar-int.tex,admitted,
LEBL-TERM-0617,concept.number.complex,R006,complex number,bilangan kompleks,,,formal,R006 ch-approximate.tex raw lines 5-54,admitted,
LEBL-TERM-0618,concept.geometry.complex-plane,R006,complex plane,bidang kompleks,,,formal,R006 ch-approximate.tex raw lines 16-34,admitted,
LEBL-TERM-0619,concept.axis.real,R006,real axis,sumbu real,,,formal,R006 ch-approximate.tex raw lines 30-32,admitted,
LEBL-TERM-0620,concept.axis.imaginary,R006,imaginary axis,sumbu imajiner,,,formal,R006 ch-approximate.tex raw lines 30-32,admitted,
LEBL-TERM-0621,concept.complex.real-part,R006,real part,bagian real,,,formal,R006 ch-approximate.tex raw lines 72-81,admitted,
LEBL-TERM-0622,concept.complex.imaginary-part,R006,imaginary part,bagian imajiner,,,formal,R006 ch-approximate.tex raw lines 72-81,admitted,
LEBL-TERM-0623,concept.complex.conjugate,R006,complex conjugate,konjugat kompleks,,,formal,R006 ch-approximate.tex raw lines 83-88,admitted,
LEBL-TERM-0624,concept.complex.modulus,R006,modulus,modulus,modulus kompleks,,formal,R006 ch-approximate.tex raw lines 89-92,admitted,
LEBL-TERM-0625,concept.neighborhood,R006;R008,neighborhood,lingkungan,"persekitaran; kitaran",,formal,"R006/R008 translated corpus; Usmadi, Analisis Real (Bahan Ajar), Universitas Muhammadiyah Sumatera Barat, 2020, PDF p. 13",admitted,The field source explicitly defines persekitaran-epsilon and notes kitaran as a synonym; lingkungan remains preferred for internal consistency and broad Indonesian mathematical usage.
LEBL-TERM-0626,concept.inequality,R006;R008,inequality,ketaksamaan,pertidaksamaan,,formal,"R006/R008 translated corpus; Usmadi, Analisis Real (Bahan Ajar), Universitas Muhammadiyah Sumatera Barat, 2020, PDF pp. 5-12 and 40",admitted,Use ketaksamaan for named inequalities and the abstract relation; pertidaksamaan remains acceptable when referring contextually to a displayed comparison or a problem to solve.
LEBL-TERM-0627,concept.function.real-analytic,R006,real-analytic,analitik real,,,formal,R006 ch-approximate.tex raw lines 1066-1071,admitted,Use for a function represented locally by a real power series.
LEBL-TERM-0628,concept.series.region-of-convergence,R006,region of convergence,daerah konvergensi,,,formal,R006 ch-approximate.tex raw lines 1221-1227,admitted,
LEBL-TERM-0629,concept.series.power-series-representation,R006,power series representation,representasi deret pangkat,,,formal,R006 ch-approximate.tex raw lines 1223-1234,admitted,
LEBL-TERM-0630,concept.calculus.termwise-differentiation,R006,term-by-term differentiation,diferensiasi suku demi suku,mendiferensialkan suku demi suku,,formal,R006 ch-approximate.tex raw lines 1258-1273,admitted,
LEBL-TERM-0631,concept.series.coefficient,R006,coefficient,koefisien,,,formal,R006 ch-approximate.tex raw lines 1303-1309,admitted,
LEBL-TERM-0632,concept.transformation.affine,R006,affine transformation,transformasi afin,,,formal,R006 ch-approximate.tex raw lines 1336-1346,admitted,
LEBL-TERM-0633,concept.series.zero,R006,zero series,deret nol,,,formal,R006 ch-approximate.tex raw lines 1329-1332,admitted,
LEBL-TERM-0634,concept.limit.series-interchange,R006,swapping limits of series,pertukaran limit deret,,,formal,R006 ch-approximate.tex raw lines 1350-1354,admitted,
LEBL-TERM-0635,concept.sequence.double,R006,double sequence,barisan ganda,,,formal,R006 ch-approximate.tex raw lines 1357-1359,admitted,
LEBL-TERM-0636,concept.metric.inherited,R006,inherited metric,metrik yang diwarisi,,,formal,R006 ch-approximate.tex raw lines 1377-1379,admitted,
LEBL-TERM-0637,concept.function.sequence,R006,sequence of functions,barisan fungsi,,,formal,R006 ch-approximate.tex raw lines 1379-1380,admitted,
LEBL-TERM-0638,concept.theorem.taylor-real-analytic,R006,Taylor's theorem for real-analytic functions,Teorema Taylor untuk fungsi analitik real,,,formal,R006 ch-approximate.tex raw lines 1428-1442,admitted,
LEBL-TERM-0639,concept.interval.symmetric,R006,symmetric interval,interval simetris,,,formal,R006 ch-approximate.tex raw lines 1444-1446,admitted,
LEBL-TERM-0640,concept.series.double-sum,R006,double sum,jumlah ganda,,,formal,R006 ch-approximate.tex raw lines 1457-1472,admitted,
LEBL-TERM-0641,concept.series.order-of-summation,R006,order of summation,urutan penjumlahan,,,formal,R006 ch-approximate.tex raw lines 1477-1487,admitted,
LEBL-TERM-0642,concept.proof.without-loss-of-generality,R006,without loss of generality,tanpa mengurangi keumuman,,,formal,R006 ch-approximate.tex raw lines 1505-1507,admitted,
LEBL-TERM-0643,concept.transformation.rotation,R006,rotation,rotasi,,,formal,R006 ch-approximate.tex raw lines 1505-1508,admitted,
LEBL-TERM-0644,concept.theorem.identity-analytic,R006,identity theorem,teorema identitas,,,formal,R006 ch-approximate.tex raw lines 1587-1594; established translation usage in ch-seq-funcs.tex,admitted,
LEBL-TERM-0645,concept.set.cluster-point,R006,limit point,titik limit,titik akumulasi,,formal,R006 ch-approximate.tex raw lines 1581-1585,admitted,Alternate source name for cluster point; titik akumulasi remains the preferred main term
LEBL-TERM-0646,concept.set.closed.relative,R006,closed relative to,tertutup relatif terhadap,,,formal,R006 ch-approximate.tex raw lines 1598-1626; explicit rigor clarification LEBL-ID-ADV-0227,admitted,
LEBL-TERM-0647,concept.function.zero,R006,zero function,fungsi nol,,,formal,R006 ch-approximate.tex raw lines 1686-1720,admitted,
LEBL-TERM-0648,concept.function.zero.point,R006,zero of a function,titik nol fungsi,nol fungsi,,formal,R006 ch-approximate.tex raw lines 1686-1691,admitted,
LEBL-TERM-0649,concept.series.binomial.generalized-coefficient,R006,generalized binomial coefficient,koefisien binomial umum,,,formal,R006 ch-approximate.tex raw lines 1730-1752,admitted,
LEBL-TERM-0650,concept.function.real-valued,R006,real-valued,bernilai real,,,formal,R006 ch-approximate.tex raw lines 1754-1758,admitted,
LEBL-TERM-0651,concept.geometry.disc.unit,R006,unit disc,cakram satuan,,,formal,R006 ch-approximate.tex raw lines 1760-1766,admitted,
LEBL-TERM-0652,concept.function.exponential.complex,R006,complex exponential,eksponensial kompleks,,,formal,R006 ch-approximate.tex raw lines 1771-1861; QA terminologi Analisis Kompleks 2026-08-24,admitted,
LEBL-TERM-0653,concept.function.exponential.real,R006,real exponential,eksponensial real,,,formal,R006 ch-approximate.tex raw lines 1801-1825,admitted,
LEBL-TERM-0654,concept.geometry.direction.real,R006,real direction,arah real,,,formal,R006 ch-approximate.tex raw lines 1802-1805,admitted,
LEBL-TERM-0655,concept.geometry.direction.imaginary,R006,imaginary direction,arah imajiner,,,formal,R006 ch-approximate.tex raw lines 1802-1805,admitted,
LEBL-TERM-0656,concept.behavior.oscillate,R006,oscillate,berosilasi,,,formal,R006 ch-approximate.tex raw lines 1802-1813,admitted,
LEBL-TERM-0657,concept.graph.surface,R006,surface graph,grafik permukaan,,,formal,R006 ch-approximate.tex raw lines 1807-1818,admitted,
LEBL-TERM-0658,concept.algebra.exponents.law,R006,law of exponents,hukum eksponen,,,formal,R006 ch-approximate.tex raw lines 1828-1855,admitted,
LEBL-TERM-0659,concept.function.sine,R006,sine,fungsi sinus,sinus,,formal,R006 ch-approximate.tex raw lines 1864-2096,admitted,
LEBL-TERM-0660,concept.function.cosine,R006,cosine,fungsi kosinus,kosinus,,formal,R006 ch-approximate.tex raw lines 1864-2096,admitted,
LEBL-TERM-0661,concept.function.trigonometric,R006,trigonometric functions,fungsi trigonometri,,,formal,R006 ch-approximate.tex raw lines 1864-2096,admitted,
LEBL-TERM-0662,concept.identity.euler-formula,R006,Euler's formula,rumus Euler,,,formal,R006 ch-approximate.tex raw lines 1883-1950,admitted,
LEBL-TERM-0663,concept.function.periodic,R006,periodic,periodik,,,formal,R006 ch-approximate.tex raw lines 1938-1945 and 2041-2072,admitted,
LEBL-TERM-0664,concept.function.period,R006,period,periode,,,formal,R006 ch-approximate.tex raw lines 1938-1945 and 2049-2072,admitted,
LEBL-TERM-0665,concept.function.periodicity,R006,periodicity,periodisitas,,,formal,R006 ch-approximate.tex raw lines 2088-2091,admitted,
LEBL-TERM-0666,concept.number.complex.unimodular,R006,unimodular,bermodulus satu,unimodular,,formal,R006 ch-approximate.tex raw lines 1976-1982,admitted,Reader-facing Indonesian term follows the mathematical meaning; source term retained only as a search variant
LEBL-TERM-0667,concept.theorem.intermediate-value,R006,intermediate value theorem,teorema nilai antara,,,formal,R006 ch-approximate.tex raw lines 2080-2084; consistent with LEBL-TERM-0207,admitted,
LEBL-TERM-0668,concept.map.complex-conjugation,R006,complex conjugation map,pemetaan konjugasi kompleks,,,formal,R006 ch-approximate.tex raw lines 1959-1966; distinct from the value term LEBL-TERM-0623,admitted,
LEBL-TERM-0669,concept.function.smallest-positive-period,R006,smallest positive period,periode positif terkecil,,,formal,R006 ch-approximate.tex raw lines 1938-1945,admitted,
LEBL-TERM-0670,concept.geometry.curve.piecewise-smooth,R006,piecewise smooth curve,kurva mulus sepotong-sepotong,,,formal,R006 ch-approximate.tex raw lines 2099-2102,admitted,
LEBL-TERM-0671,concept.geometry.arc-length,R006,arc length,panjang busur,,,formal,R006 ch-approximate.tex raw lines 2099-2115,admitted,
LEBL-TERM-0672,concept.geometry.circle.circumference,R006,circumference,keliling lingkaran,,,formal,R006 ch-approximate.tex raw lines 2104-2111,admitted,
LEBL-TERM-0673,concept.geometry.circle.radius,R006,radius,jari-jari,,,formal,R006 ch-approximate.tex raw lines 2113-2116,admitted,
LEBL-TERM-0674,concept.geometry.angle.radians,R006,angle in radians,sudut dalam radian,,,formal,R006 ch-approximate.tex raw lines 2113-2116,admitted,
LEBL-TERM-0675,concept.geometry.origin,R006,origin,titik asal,,,formal,R006 ch-approximate.tex raw lines 2153-2159,admitted,
LEBL-TERM-0676,concept.identity.trigonometric,R006,trigonometric identity,identitas trigonometri,,,formal,R006 ch-approximate.tex raw lines 2171-2183,admitted,
LEBL-TERM-0677,concept.function.hyperbolic-sine,R006,hyperbolic sine,sinus hiperbolik,fungsi sinus hiperbolik,,formal,R006 ch-approximate.tex raw lines 2192-2221,admitted,
LEBL-TERM-0678,concept.function.hyperbolic-cosine,R006,hyperbolic cosine,kosinus hiperbolik,fungsi kosinus hiperbolik,,formal,R006 ch-approximate.tex raw lines 2192-2221,admitted,
LEBL-TERM-0679,concept.function.tangent,R006,tangent function,fungsi tangen,tangen,,formal,R006 ch-approximate.tex raw lines 2225-2238,admitted,
LEBL-TERM-0680,concept.formula.finite-geometric-sum,R006,finite geometric sum formula,rumus jumlah geometri berhingga,,,formal,R006 ch-approximate.tex raw lines 2240-2247,admitted,
LEBL-TERM-0681,concept.interval.endpoint,R006,endpoint,titik ujung,,,formal,R006 ch-approximate.tex raw lines 2240-2247,admitted,
LEBL-TERM-0682,concept.algebra.power.operation,R006,powers,perpangkatan,,,formal,R006 ch-approximate.tex raw lines 2129-2138,admitted,
LEBL-TERM-0683,concept.function.trigonometric.arcsine,R006,arcsin,fungsi invers sinus,arksinus; arcsin,sinus resiprokal,formal,R006 ch-approximate.tex raw lines 2229-2238,admitted,Preferred prose makes the inverse-function meaning explicit while retaining the standard operator as a search variant
LEBL-TERM-0684,concept.function.trigonometric.arctangent,R006,arctan,fungsi invers tangen,arktangen; arctan,tangen resiprokal,formal,R006 ch-approximate.tex raw lines 2229-2255,admitted,Preferred prose makes the inverse-function meaning explicit while retaining the standard operator as a search variant
LEBL-TERM-0685,concept.algebra.fundamental-theorem,R006,fundamental theorem of algebra,teorema dasar aljabar,teorema fundamental aljabar,,formal,R006 ch-approximate.tex raw lines 2263-2272,admitted,Preferred dasar follows the established R006 rendering teorema dasar kalkulus
LEBL-TERM-0686,concept.algebra.root.complex,R006,complex root,akar kompleks,,,formal,R006 ch-approximate.tex raw line 2272,admitted,
LEBL-TERM-0687,concept.polynomial.complex,R006,complex polynomial,polinom kompleks,polinom dalam variabel kompleks,,formal,R006 ch-approximate.tex raw lines 2273-2279,admitted,
LEBL-TERM-0688,concept.analysis.local-behavior,R006,local behavior,perilaku lokal,,,formal,R006 ch-approximate.tex raw lines 2268-2270,admitted,
LEBL-TERM-0689,concept.ode.initial-condition,R007,initial condition,kondisi awal,,syarat awal,formal,R007 ch-nonlin-systems.tex raw lines 550-654 and 2155-2174,admitted,R007 lane convention aligned with the admitted first-order chapter; this is not a general rejection outside R007
LEBL-TERM-0690,concept.dynamical-system.phase-plane,R007,phase plane,bidang fase,,,formal,R007 ch-nonlin-systems.tex raw lines 70-104,admitted,
LEBL-TERM-0691,concept.dynamical-system.phase-portrait,R007,phase portrait,potret fase,,,formal,R007 ch-nonlin-systems.tex raw lines 70-104,admitted,
LEBL-TERM-0692,concept.dynamical-system.phase-diagram,R007,phase diagram,diagram fase,,,formal,R007 ch-nonlin-systems.tex raw lines 70-104,admitted,
LEBL-TERM-0693,concept.dynamical-system.trajectory,R007,trajectory,lintasan,,trajektori,formal,R007 ch-nonlin-systems.tex raw lines 70-104,admitted,
LEBL-TERM-0694,concept.dynamical-system.equilibrium,R007,equilibrium,kesetimbangan,titik kesetimbangan,,formal,R007 ch-nonlin-systems.tex raw lines 160-248,admitted,
LEBL-TERM-0695,concept.calculus.linearization,R007,linearization,linearisasi,,,formal,R007 ch-nonlin-systems.tex raw lines 160-248,admitted,
LEBL-TERM-0696,concept.dynamical-system.almost-linear,R007,almost linear,hampir linear,,,formal,R007 ch-nonlin-systems.tex raw lines 550-654,admitted,
LEBL-TERM-0697,concept.stability.asymptotic,R007,asymptotically stable,stabil asimtotik,stabil secara asimtotik,,formal,R007 ch-nonlin-systems.tex raw lines 550-654,admitted,
LEBL-TERM-0698,concept.dynamical-system.source,R007,source,sumber,,pemancar,formal,R007 ch-nonlin-systems.tex raw lines 550-654,admitted,
LEBL-TERM-0699,concept.dynamical-system.sink,R007,sink,serapan,,penyerap,formal,R007 ch-nonlin-systems.tex raw lines 550-654,admitted,
LEBL-TERM-0700,concept.dynamical-system.source.spiral,R007,spiral source,sumber spiral,,spiral pemancar,formal,R007 ch-nonlin-systems.tex raw lines 550-654,admitted,
LEBL-TERM-0701,concept.dynamical-system.sink.spiral,R007,spiral sink,serapan spiral,,spiral penyerap,formal,R007 ch-nonlin-systems.tex raw lines 550-654,admitted,
LEBL-TERM-0702,concept.dynamical-system.center,R007,center,pusat,,,formal,R007 ch-nonlin-systems.tex raw lines 767-878,admitted,
LEBL-TERM-0703,concept.ode.conservative-equation,R007,conservative equation,persamaan konservatif,,,formal,R007 ch-nonlin-systems.tex raw lines 767-878,admitted,
LEBL-TERM-0704,concept.mechanics.constant-of-motion,R007,constant of motion,konstanta gerak,,,formal,R007 ch-nonlin-systems.tex raw lines 1479-1480,admitted,
LEBL-TERM-0705,concept.dynamical-system.limit-cycle,R007,limit cycle,siklus limit,siklus batas,,formal,R007 ch-nonlin-systems.tex raw lines 1753-1828,admitted,
LEBL-TERM-0706,concept.dynamical-system.periodic-orbit,R007,periodic orbit,orbit periodik,,,formal,R007 ch-nonlin-systems.tex raw lines 1753-1828,admitted,
LEBL-TERM-0707,concept.calculus.divergence,R007,divergence,divergensi,,,formal,R007 ch-nonlin-systems.tex raw lines 1950-1985,admitted,
LEBL-TERM-0708,concept.dynamical-system.chaos,R007,chaos,chaos,kekacauan,kaos,formal,R007 ch-nonlin-systems.tex raw lines 2155-2174,admitted,Use chaos as the technical noun; ordinary prose may use kekacauan contextually
LEBL-TERM-0709,concept.dynamical-system.chaotic,R007,chaotic system,sistem kaotik,,,formal,R007 ch-nonlin-systems.tex raw lines 2155-2174,admitted,
LEBL-TERM-0710,concept.dynamical-system.poincare-section,R007,Poincaré section,penampang Poincaré,irisan Poincaré,,formal,R007 ch-nonlin-systems.tex raw lines 2304-2354,admitted,
LEBL-TERM-0711,concept.dynamical-system.attractor,R007,attractor,atraktor,,,formal,R007 ch-nonlin-systems.tex raw lines 2304-2354,admitted,
LEBL-TERM-0712,concept.dynamical-system.strange-attractor,R007,strange attractor,atraktor aneh,,atraktor asing,formal,R007 ch-nonlin-systems.tex raw lines 2304-2354,admitted,
LEBL-TERM-0713,concept.principle.minimum-modulus,R006,minimum modulus principle,prinsip modulus minimum,prinsip minimum modulus,,formal,R006 ch-approximate.tex raw lines 2343-2349,admitted,
LEBL-TERM-0714,concept.principle.maximum-modulus,R006,maximum modulus principle,prinsip modulus maksimum,prinsip maksimum modulus,,formal,R006 ch-approximate.tex raw lines 2347-2357,admitted,
LEBL-TERM-0715,concept.principle.maximum-analytic,R006,maximum principle,prinsip maksimum,,,formal,R006 ch-approximate.tex raw lines 2347-2367,admitted,Scope is analytic functions; keep distinct from the harmonic maximum-principle concept
LEBL-TERM-0716,concept.polynomial.growth-at-infinity,R006,polynomial growth at infinity,pertumbuhan polinom di tak hingga,,,formal,R006 ch-approximate.tex raw lines 2376-2431,admitted,
LEBL-TERM-0717,concept.polynomial.degree,R006,degree of a polynomial,derajat polinom,,,formal,R006 ch-approximate.tex raw lines 2383-2431,admitted,
LEBL-TERM-0718,concept.polynomial.highest-degree-term,R006,highest-degree term,suku berderajat tertinggi,suku pangkat tertinggi,,formal,R006 ch-approximate.tex raw lines 2420-2431,admitted,
LEBL-TERM-0719,concept.function.zero.isolated,R006,isolated zero,titik nol terisolasi,,,formal,R006 ch-approximate.tex raw lines 2466-2487,admitted,
LEBL-TERM-0720,concept.singularity.isolated,R006,isolated singularity,singularitas terisolasi,titik singular terisolasi,,formal,R006 ch-approximate.tex raw lines 2476-2535,admitted,
LEBL-TERM-0721,concept.singularity.pole,R006,pole,kutub,pole; titik kutub,,formal,R006 ch-approximate.tex raw lines 2488-2535,admitted,Field evidence also uses pole and titik kutub; prefer concise Indonesian kutub
LEBL-TERM-0722,concept.singularity.pole-at-infinity,R006,pole at infinity,kutub di tak hingga,kutub pada tak hingga,,formal,R006 ch-approximate.tex raw lines 2493-2535,admitted,
LEBL-TERM-0723,concept.continuity.equicontinuity,R006,equicontinuity,ekuikontinuitas,ekikontinuitas,,formal,R006 ch-approximate.tex raw lines 2543-2617; Sufri Cara Lain Pembuktian Teorema Arzela-Ascoli Jurnal Sainmatika UNJA,admitted,Use ekuikontinuitas as the noun and ekuikontinu as the adjective; Indonesian field usage directly attests ekuikontinu
LEBL-TERM-0724,concept.boundedness.pointwise,R006,pointwise bounded,terbatas titik demi titik,,,formal,R006 ch-approximate.tex raw lines 2556-2617; Sufri Cara Lain Pembuktian Teorema Arzela-Ascoli Jurnal Sainmatika UNJA,admitted,
LEBL-TERM-0725,concept.boundedness.uniform,R006,uniformly bounded,terbatas seragam,terbatas secara seragam,,formal,R006 ch-approximate.tex raw lines 2556-2617; Sufri Cara Lain Pembuktian Teorema Arzela-Ascoli Jurnal Sainmatika UNJA,admitted,Use terbatas seragam in running mathematical prose; retain the adverbial variant for grammatical contexts
LEBL-TERM-0726,concept.proof.diagonal-argument,R006,diagonal argument,argumen diagonal,,,formal,R006 ch-approximate.tex raw lines 2619-2659,admitted,Keep distinct from Cantor diagonalization (diagonalisasi Cantor)
LEBL-TERM-0727,concept.continuity.uniform-equicontinuity,R006,uniform equicontinuity,ekuikontinuitas seragam,,,formal,R006 ch-approximate.tex raw lines 2661-2738; Indonesian field sources attest ekuikontinu and the lane consistently uses seragam for uniform notions,admitted,Compositional specialization of field-attested ekuikontinuitas and established seragam register
LEBL-TERM-0728,concept.continuity.uniformly-equicontinuous,R006,uniformly equicontinuous,ekuikontinu seragam,ekuikontinu secara seragam,,formal,R006 ch-approximate.tex raw lines 2661-2738; Sufri Arzela-Ascoli field paper attests ekuikontinu; lane terminology uses kontinu seragam and konvergen seragam,admitted,Prefer concise adjective phrase ekuikontinu seragam in running prose
LEBL-TERM-0729,concept.set.countable-dense-subset,R006,countable dense subset,subhimpunan rapat yang terhitung,himpunan bagian rapat yang terhitung; himpunan padat terhitung,,formal,R006 ch-approximate.tex raw lines 2740-2762; existing R006 ch-metric.tex exercise usage,admitted,Prefer the existing R006 topological register rapat over the attested padat variant
LEBL-TERM-0730,concept.theorem.arzela-ascoli,R006,Arzela--Ascoli theorem,teorema Arzelà--Ascoli,,,formal,R006 ch-approximate.tex raw lines 2764-2872; Sufri Cara Lain Pembuktian Teorema Arzela-Ascoli Jurnal Sainmatika UNJA,admitted,Preserve the source TeX accent spelling in TeX identifiers while using the Unicode form in metadata
LEBL-TERM-0731,concept.operator.compact,R006,compact operator,operator kompak,,,formal,R006 ch-approximate.tex raw lines 2915-2945; ITB MA6131 bilingual course maps Compact Operator to Operator Kompak and Indonesian mathematical journals use the same term,admitted,Field-attested canonical Indonesian functional-analysis term
LEBL-TERM-0732,concept.theorem.kronecker-density,R006,Kronecker density theorem,teorema kepadatan Kronecker,teorema kerapatan Kronecker,,formal,R006 ch-approximate.tex raw lines 2947-3064; Indonesian real-analysis teaching sources attest teorema kepadatan and the source supplies the exact dense-circle statement,admitted,Use kepadatan in the theorem name while retaining the lane predicate rapat for dense
LEBL-TERM-0733,concept.method.euler,R006;R007,Euler's method,metode Euler,,,formal,R006 ch-approximate.tex raw lines 3066-3132; ITB numerical differential-equation course MA3232 and Indonesian mathematics sources attest Metode Euler,admitted,Field-attested numerical ordinary-differential-equation term
LEBL-TERM-0734,concept.theorem.stone-weierstrass,R006,Stone--Weierstrass theorem,teorema Stone--Weierstrass,teorema Stone Weierstrass,,formal,R006 ch-approximate.tex raw lines 3137-3390; UNY Teorema Stone-Weierstrass thesis and research report directly attest the Indonesian theorem name,admitted,Retain the source double-hyphen spelling in TeX and use the en-dash form in prose metadata where supported
LEBL-TERM-0735,concept.theorem.weierstrass-approximation,R006,Weierstrass approximation theorem,teorema aproksimasi Weierstrass,teorema pendekatan Weierstrass; teorema hampiran Weierstrass,,formal,R006 ch-approximate.tex raw lines 3137-3390; ITB MA4031 bilingual curriculum maps the exact Indonesian phrase to Weierstrass Approximation Theorem; Aris et al. DOI 10.20956/jmsk.v11i2.3439 uses the same phrase,admitted,Prefer the field-attested aproksimasi name while retaining established Indonesian variants
LEBL-TERM-0736,concept.method.approximation-smoothing,R006,smoothing,penghalusan,pelicinan,,formal,R006 ch-approximate.tex raw lines 3137-3390; UNESA numerical-methods curriculum pairs aproksimasi dan penghalusan with smoothing,admitted,Semantic ID distinguishes approximation smoothing from partition refinement
LEBL-TERM-0737,concept.distribution.approximate-delta-function,R006,approximate delta function,fungsi delta hampiran,fungsi delta aproksimasi; hampiran fungsi delta Dirac,,formal,R006 ch-approximate.tex raw lines 3137-3390; the source defines the approximate identity explicitly; compositional binding uses the established lane terms fungsi delta and hampiran,admitted,Transparent compositional term preserves the defined mathematical role without overstating external attestation
LEBL-TERM-0738,concept.average.weighted,R006,weighted average,rata-rata berbobot,rata-rata tertimbang,,formal,R006 ch-approximate.tex raw lines 3137-3390; Universitas Katolik Parahyangan mathematics repository repeatedly attests rata-rata berbobot,admitted,Prefer the directly attested compact mathematical phrase
LEBL-TERM-0739,concept.polynomial.rational-coefficients,R006,polynomial with rational coefficients,polinom berkoefisien rasional,polinom dengan koefisien rasional,,formal,R006 ch-approximate.tex raw lines 3392-3450; Indonesian university mathematics materials directly attest polinomial dengan koefisien rasional,admitted,Concise attributive form in running proof prose
LEBL-TERM-0740,concept.polynomial.real-coefficients,R006,real polynomial,polinom real,polinom berkoefisien real; polinom dengan koefisien real,,formal,R006 ch-approximate.tex raw lines 3392-3450; Indonesian mathematics texts directly attest polinom and polinomial dengan koefisien real,admitted,In this proof real polynomial means a polynomial with real coefficients
LEBL-TERM-0741,concept.equation.linear-differential,R006;R007,linear differential equation,persamaan diferensial linear,persamaan diferensial linier,,formal,R006 ch-approximate.tex raw lines 3392-3397; existing R006 and R007 differential-equation register,admitted,Prefer linear consistently with the lane and qualify homogeneous constant-coefficient cases where the mathematical claim requires it
LEBL-TERM-0742,concept.function.absolute-value,R006,absolute value function,fungsi nilai mutlak,,,formal,R006 ch-approximate.tex raw lines 3478-3485; compositional binding from established nilai mutlak and fungsi,admitted,Distinguish the function concept from the scalar absolute-value operation
LEBL-TERM-0743,concept.polynomial.constant-term,R006,constant term,suku konstan,,,formal,R006 ch-approximate.tex raw lines 3478-3480; established Indonesian algebra register,admitted,Use for the degree-zero term of a polynomial or power series
LEBL-TERM-0744,concept.argument.counterexample,R006,counterexample,contoh tandingan,,,formal,R006 ch-approximate.tex raw lines 3464-3468; established Indonesian mathematical register,admitted,Use for an example disproving a proposed implication or claim
LEBL-TERM-0745,concept.algebra.complex,R006,complex algebra,aljabar kompleks,aljabar atas $\C$,,formal,R006 ch-approximate.tex raw lines 3541-3555; source defines the scalar field explicitly,admitted,Keep the field-explicit variant when the scalar field matters in a claim
LEBL-TERM-0746,concept.algebra.separates-points,R006,separates points,memisah titik,memisahkan titik-titik,,formal,R006 ch-approximate.tex raw lines 3582-3600; Arta Ekayanti Generalisasi Teorema Aproksimasi Weierstrass in Fibonacci 4(2) directly attests memisah titik,admitted,Quantified family property: each distinct pair is distinguished by some family member
LEBL-TERM-0747,concept.algebra.vanishes-at-no-point,R006,vanishes at no point,tidak nol di setiap titik,tidak pernah nol; tidak lenyap di titik mana pun,,formal,R006 ch-approximate.tex raw lines 3582-3626; Arta Ekayanti Generalisasi Teorema Aproksimasi Weierstrass in Fibonacci 4(2) directly attests tidak nol di setiap titik,admitted,Quantified family property: at each point some family member has nonzero value
LEBL-TERM-0748,concept.approximation.interpolation,R006,interpolate,menginterpolasi,melakukan interpolasi,,formal,R006 ch-approximate.tex raw lines 3632-3670; established Indonesian numerical-analysis register,admitted,Use for exact matching of prescribed function values at selected points
LEBL-TERM-0749,concept.theorem.stone-weierstrass.real-version,R006,real Stone--Weierstrass theorem,teorema Stone--Weierstrass versi real,teorema Stone--Weierstrass real,,formal,R006 ch-approximate.tex raw lines 3672-3710; theorem title and real-valued hypotheses in the frozen source,admitted,Keep distinct from the later complex version that requires conjugation closure
LEBL-TERM-0750,concept.function.pointwise-maximum,R006,pointwise maximum,maksimum titik demi titik,maksimum fungsi secara titik demi titik,,formal,R006 ch-approximate.tex raw lines 3715-3736; the source defines the binary maximum function by evaluation at each x,admitted,Use for the function obtained by taking the maximum of finitely many function values at every point
LEBL-TERM-0751,concept.function.pointwise-minimum,R006,pointwise minimum,minimum titik demi titik,minimum fungsi secara titik demi titik,,formal,R006 ch-approximate.tex raw lines 3715-3736; the source defines the binary minimum function by evaluation at each x,admitted,Use for the function obtained by taking the minimum of finitely many function values at every point
LEBL-TERM-0752,concept.approximation.error.one-sided,R006,one-sided approximation error,galat aproksimasi satu-sisi,galat satu-sisi,,formal,R006 ch-approximate.tex raw lines 3809-3815; the source describes approximation within epsilon from at least one side,admitted,Use when only an upper or lower error bound is asserted rather than an absolute-error bound
LEBL-TERM-0753,concept.approximation.error.two-sided,R006,two-sided approximation error,galat aproksimasi dua-sisi,galat dua-sisi,,formal,R006 ch-approximate.tex raw lines 3813-3861; Claim 4 combines upper and lower bounds into uniform absolute error,admitted,Use when both upper and lower error bounds hold equivalently to an absolute-error estimate
LEBL-TERM-0754,concept.algebra.generated-by-functions,R006,generate an algebra,membangkitkan aljabar,aljabar yang dibangkitkan oleh fungsi-fungsi,,formal,R006 ch-approximate.tex raw lines 3876-3884; the source index entry names the construction and the surrounding paragraph defines it by finite products and linear combinations,admitted,Generated nonunital algebra here consists of real polynomials in the generators with no constant term
LEBL-TERM-0755,concept.series.fourier-cosine,R006,Fourier cosine series,deret kosinus Fourier,,,formal,R006 ch-approximate.tex raw lines 3886-3908; standard Indonesian modifier order consistent with the admitted Fourier cosine transform term,admitted,Distinguish the function's own Fourier cosine series from arbitrary finite cosine-polynomial approximants
LEBL-TERM-0756,concept.algebra.self-adjoint,R006,self-adjoint,self-adjoint,adjoint-diri,,formal,R006 ch-approximate.tex raw lines 3910-3966; Indonesian mathematics publications from Universitas Terbuka UNY UNAND and ULM retain self-adjoint as the field term,admitted,For a function algebra this means closure under pointwise complex conjugation
LEBL-TERM-0757,concept.theorem.stone-weierstrass.complex-version,R006,complex Stone--Weierstrass theorem,teorema Stone--Weierstrass versi kompleks,teorema Stone--Weierstrass kompleks,,formal,R006 ch-approximate.tex raw lines 3919-3963; theorem title and complex-valued self-adjoint hypotheses in the frozen source,admitted,Keep distinct from the real version in LEBL-TERM-0749
LEBL-TERM-0758,concept.functional.linear-continuous,R006,continuous linear functional,fungsional linear kontinu,fungsional kontinu linear,,formal,R006 ch-approximate.tex raw lines 4030-4036; standard Indonesian functional-analysis register,admitted,Source says linear continuous function but the typed map from a function space to the scalar field is a functional
LEBL-TERM-0759,concept.analysis.harmonic-polynomial,R006,harmonic polynomial,polinom harmonik,,,formal,R006 ch-approximate.tex raw lines 4056-4081; indexed source term for the unit-circle approximation exercise,admitted,Polynomial in z and conjugate z on S^1; keep distinct from harmonic function
LEBL-TERM-0760,concept.analysis.c-k-norm,R006,C^k norm,norma C^k,,,formal,R006 ch-approximate.tex raw lines 4141-4161; source names the C^1 and C^k norms and displays the derivative-sum criterion,admitted,Parameterized norm controlling a function and its derivatives through order k; C^1 is the k equals 1 instance
LEBL-TERM-0761,concept.series.fourier,R006,Fourier series,deret Fourier,,,formal,R006 ch-approximate.tex raw lines 4201-4241; established Indonesian modifier order already used in the admitted R006 reader and notation list,admitted,General term for an expansion in trigonometric or complex-exponential modes; keep distinct from the cosine-only series in LEBL-TERM-0755
LEBL-TERM-0762,concept.polynomial.trigonometric,R006,trigonometric polynomial,polinom trigonometri,,,formal,R006 ch-approximate.tex raw lines 4218-4237; the frozen source gives equivalent sine-cosine and finite complex-exponential forms,admitted,Finite trigonometric sum; on the unit circle it is a finite Laurent polynomial in z
LEBL-TERM-0763,concept.series.laurent,R006,Laurent series,deret Laurent,,,formal,R006 ch-approximate.tex raw lines 4235-4241; standard proper-name modifier order consistent with Indonesian mathematical register,admitted,Allows negative powers unlike an ordinary power series
LEBL-TERM-0764,concept.function.eigenfunction,R006,eigenfunction,fungsi eigen,,,formal,R006 ch-approximate.tex raw lines 4245-4258; source defines the function-space analogue of an eigenvector through scalar multiplication under differentiation,admitted,Use for an eigenvector-like element in a vector space of functions
LEBL-TERM-0765,concept.vector.eigenvector,R006,eigenvector,vektor eigen,,,formal,R006 ch-approximate.tex raw lines 4245-4258; modifier order follows the admitted nilai eigen terminology,admitted,Matrix or linear-operator vector associated with an eigenvalue
LEBL-TERM-0766,concept.operator.differential,R006,differential operator,operator diferensial,,,formal,R006 ch-approximate.tex raw lines 4245-4258; standard Indonesian operator terminology and the displayed first and second derivatives,admitted,Operator constructed from differentiation; keep distinct from a differential equation
LEBL-TERM-0767,concept.series.fourier-coefficient,R006,Fourier coefficient,koefisien Fourier,,,formal,R006 ch-approximate.tex raw lines 4363-4396; the source names c_n as coefficients of the complex-exponential Fourier series,admitted,Coefficient indexed over all integers; its integral recovery formula begins in the next source unit
LEBL-TERM-0768,concept.series.symmetric-partial-sum,R006,symmetric partial sum,jumlah parsial simetris,,,formal,R006 ch-approximate.tex raw lines 4363-4396; the source defines s_N by truncating the bilateral Fourier series from -N through N,admitted,Preserve the symmetric index bounds; this is not an arbitrary one-sided partial sum
LEBL-TERM-0769,concept.transform.fourier,R006,Fourier transform,transformasi Fourier,,,formal,R006 ch-approximate.tex raw lines 4400-4422; the source explicitly identifies the coefficient map as a type of Fourier transform,admitted,Standard proper-name modifier order; keep the transform concept distinct from the Fourier series itself
LEBL-TERM-0770,concept.series.formal,R006,formal series,deret formal,,,formal,R006 ch-approximate.tex raw lines 4400-4422; the source stresses that the tilde creates a formal series without asserting equality or convergence,admitted,Do not interpret the formal-series relation as approximate equality or as a convergence claim
LEBL-TERM-0771,concept.discontinuity.jump,R006,jump discontinuity,diskontinuitas lompatan,diskontinuitas loncat,diskontinuitas lompat,formal,R006 ch-approximate.tex raw lines 4424-4537; diskontinuitas lompatan is attested in Indonesian university calculus texts while diskontinuitas loncat is an established variant,admitted,Keep distinct from a removable discontinuity; reuse the established limit sepihak term for the two lateral limits
LEBL-TERM-0772,concept.function.periodic-extension,R006,periodic extension,perluasan periodik,,,formal,R006 ch-approximate.tex raw lines 4424-4537; the example explicitly includes endpoint continuity when extending functions from the base interval,admitted,Endpoint values matter for continuity of the periodic extension even though changing one point does not affect the Fourier coefficients
LEBL-TERM-0773,concept.analysis.regularity,R006,regularity,regularitas,keteraturan,,formal,R006 ch-approximate.tex raw lines 4539-4566; the source relates function regularity to Fourier-coefficient decay,admitted,Use regularitas for differentiability and smoothness properties rather than everyday keteraturan
LEBL-TERM-0774,concept.sequence.decay-rate,R006,rate of decay,laju peluruhan,laju penurunan,,formal,R006 ch-approximate.tex raw lines 4539-4566; the source measures how rapidly Fourier coefficients approach zero,admitted,Here decay refers to coefficient magnitude as the integer frequency tends to infinity
LEBL-TERM-0775,concept.test.weierstrass-m,R006,Weierstrass M-test,uji M Weierstrass,uji-M Weierstrass,,formal,R006 ch-approximate.tex raw lines 4539-4566; the source invokes the named test for absolute and uniform convergence of the Fourier series,admitted,Retain the proper name and uppercase M; link to the established theorem reference thm:weiermtest
LEBL-TERM-0776,concept.space.function,R006,function space,ruang fungsi,,,formal,R006 ch-approximate.tex raw lines 4612-4711; the subsection treats integrable functions as vectors carrying an inner product,admitted,Use for a space whose elements are functions; keep distinct from the codomain of a single function
LEBL-TERM-0777,concept.inner-product,R006,inner product,hasil kali dalam,produk dalam,,formal,R006 ch-approximate.tex raw lines 4612-4711; standard Indonesian linear-algebra terminology for the integral pairing,admitted,Prefer hasil kali dalam throughout reader prose and index entries
LEBL-TERM-0778,concept.inner-product.hermitian,R006,Hermitian inner product,hasil kali dalam Hermitian,,,formal,R006 ch-approximate.tex raw lines 4612-4711; the complex-valued pairing explicitly conjugates the second argument,admitted,Preserve conjugation and the proper name Hermitian
LEBL-TERM-0779,concept.norm.l2,R006,L2 norm,norma L^2,norma-2,,formal,R006 ch-approximate.tex raw lines 4612-4711; defined by the integral of the squared complex modulus,admitted,Prefer norma L^2 in this functional-analysis context; do not collapse it into the finite-dimensional norma-2 variant
LEBL-TERM-0780,concept.system.orthonormal,R006,orthonormal system,sistem ortonormal,,,formal,R006 ch-approximate.tex raw lines 4612-4711; the source requires unit norm and pairwise orthogonality,admitted,Keep system wording because the source uses a sequence indexed by positive integers
LEBL-TERM-0781,concept.system.orthogonal,R006,orthogonal system,sistem ortogonal,,,formal,R006 ch-approximate.tex raw lines 4612-4711; the relaxed definition requires only zero cross-inner-products,admitted,Unlike an orthonormal system the individual norms need not equal one
LEBL-TERM-0782,concept.projection.orthogonal,R006,orthogonal projection,proyeksi ortogonal,,,formal,R006 ch-approximate.tex raw lines 4612-4711; Fourier coefficients are motivated by the finite-dimensional projection formula,admitted,Preserve the geometric linear-algebra meaning in the function space
LEBL-TERM-0783,concept.norm.seminorm,R006,seminorm,seminorma,,,formal,R006 ch-approximate.tex raw lines 4612-4711; ADV-0259 distinguishes the degenerate Riemann-function pairing from a genuine norm before quotienting by equality almost everywhere,admitted,A nonzero function supported at one point has seminorm zero; the quotient carries the genuine L2 norm
LEBL-TERM-0784,concept.approximation.best,R006,best approximation,aproksimasi terbaik,,,formal,R006 ch-approximate.tex raw lines 4713-4803; the theorem characterizes partial Fourier sums as L2-best approximants in the same finite orthonormal span,admitted,Use aproksimasi terbaik for minimization of L2 error over coefficients in the same finite orthonormal span
LEBL-TERM-0785,concept.inequality.bessel,R006,Bessel's inequality,ketaksamaan Bessel,pertidaksamaan Bessel,,formal,R006 ch-approximate.tex raw lines 4805-4850; the finite orthonormal expansion yields the named square-summability bound,admitted,Follow TERM-0626 and use ketaksamaan for named inequalities; retain the proper name Bessel
LEBL-TERM-0786,concept.kernel.dirichlet,R006,Dirichlet kernel,kernel Dirichlet,inti Dirichlet,,formal,R006 ch-approximate.tex raw lines 4852-4980; Indonesian Fourier-analysis theses and teaching texts attest kernel Dirichlet as the field-facing form,admitted,Use the attested loanword kernel for this named convolution kernel; keep it distinct from ruang nol for a linear-map kernel
LEBL-TERM-0787,concept.distribution.delta-function,R006,delta function,fungsi delta,delta Dirac; fungsi delta Dirac,,formal,R006 ch-approximate.tex raw lines 4946-4980; the source explicitly treats delta only heuristically and does not define distributions,admitted,Preserve the source's informal scope and do not imply that delta is an ordinary function
LEBL-TERM-0788,concept.series.fourier-trigonometric,R006,trigonometric Fourier series,deret Fourier trigonometri,deret Fourier trigonometrik,,formal,R006 ch-approximate.tex raw lines 4852-4897; the subsection returns from abstract orthonormal systems to the complex-exponential trigonometric Fourier family,admitted,Use natural Indonesian modifier order and keep this general trigonometric family distinct from the cosine-only series
LEBL-TERM-0789,concept.analysis.localization,R006,localization,lokalisasi,,,formal,R006 ch-approximate.tex raw lines 4982-5115; the subsection proves that Fourier-series convergence at a point depends only on local behavior near that point,admitted,Use the established Indonesian mathematical loanword lokalisasi and preserve its pointwise analytic meaning
LEBL-TERM-0790,concept.condition.lipschitz,R006,Lipschitz condition,syarat Lipschitz,kondisi Lipschitz,,formal,R006 ch-approximate.tex raw lines 4982-4998; the pointwise bound controls the Fourier partial sums at the fixed point,admitted,Use syarat for the stated sufficient hypothesis and retain the proper name Lipschitz
LEBL-TERM-0791,concept.function.continuous-piecewise-smooth,R006,continuous piecewise smooth,kontinu dan mulus sepotong-sepotong,mulus bagian demi bagian yang kontinu,,formal,R006 ch-approximate.tex raw lines 5000-5023; the source requires global continuity and continuous differentiability on each closed subinterval up to endpoints,admitted,Keep both requirements explicit because piecewise smooth alone does not necessarily imply continuity across breakpoints
LEBL-TERM-0792,concept.operation.normalization,R006,normalization,normalisasi,menormalisasi; dinormalisasi,,formal,R006 ch-approximate.tex raw lines 5025-5096; the proof rescales the orthogonal sine and cosine systems to unit norm before applying Bessel,admitted,Use normalisasi for the unit-norm rescaling and retain the distinction between orthogonal and orthonormal systems
LEBL-TERM-0793,concept.convergence.rate,R006,rate of convergence,laju konvergensi,kecepatan konvergensi,,formal,R006 ch-approximate.tex raw lines 5098-5130; the locality discussion contrasts pointwise dependence on nearby values with globally controlled convergence speed,admitted,Use laju konvergensi for the mathematical rate and keep it distinct from the fact of convergence itself
LEBL-TERM-0794,concept.theorem.parseval,R006,Parseval's theorem,teorema Parseval,,,formal,R006 ch-approximate.tex raw lines 5132-5185; the theorem states L2 convergence and the Fourier coefficient inner-product identities,admitted,Retain the proper name Parseval and use lowercase teorema in index entries
LEBL-TERM-0795,concept.convergence.l2,R006,L2 convergence,konvergensi L^2,konvergen dalam pengertian L^2,,formal,R006 ch-approximate.tex raw lines 5132-5185; convergence is measured by the integral squared-modulus seminorm quantity,admitted,Use dalam pengertian L^2 in reader prose and do not imply pointwise or uniform convergence
LEBL-TERM-0796,concept.function.nowhere-differentiable,R006,nowhere differentiable,tidak diferensiabel di mana pun,tak diferensiabel di mana pun,tidak terdiferensialkan di mana pun,formal,R006 ch-approximate.tex raw lines 5292-5315; the exercise identifies the function as nowhere differentiable while explicitly excluding that assertion from the required proof,admitted,Use the established adjective diferensiabel with an explicit global pointwise negation and keep it distinct from nowhere continuous
