"id","semantic_key","check_type","subject_ids_json","result","witness_json","toolchain_json","recorded_at","status","metric_schema","metric_errors","metric_unique_ids","metric_resolving_xrefs","metric_pages","metric_fatal_errors","metric_undefined_references","metric_rerun_markers","record_json"
"urn:uuid:392c8aca-dcb7-5341-a806-39cbbd7526c3","lebl.ra.qa.volume1-complete.accessibility-2026-08-21","accessibility","[""urn:uuid:72496543-fe18-56bf-a793-aea3da305f2c"",""urn:uuid:2f1a60b7-96ef-594d-958e-3d985f9e4971""]","partial","{""kind"":""file"",""locator"":""backend/production/v0.3/inputs/R006_VOLUME1_COMPLETE_CHECKPOINT_20260821.md"",""sha256"":""sha256:82cba4bdec2dad69ce471550cdf0959c8200b58a9a6836ceed603451745df06a""}","[""PDF metadata/font inspection and PreTeXt accessibility-boundary review""]","2026-08-21T00:00:00Z","active","accessibility_pdf_v1","","","","","","","","{""check_type"":""accessibility"",""id"":""urn:uuid:392c8aca-dcb7-5341-a806-39cbbd7526c3"",""metrics"":{""embedded_font_rows"":142,""font_rows"":142,""metric_schema"":""accessibility_pdf_v1"",""unicode_unmapped_rows"":95},""note"":""All 142 PDF font rows are embedded, but the PDF is untagged and 95 rows lack Unicode maps; accessible HTML remains a later full-edition gate."",""record_type"":""qa_event"",""recorded_at"":""2026-08-21T00:00:00Z"",""result"":""partial"",""schema_name"":""lebl.backend.record"",""schema_version"":""0.3.0"",""semantic_aliases"":[],""semantic_key"":""lebl.ra.qa.volume1-complete.accessibility-2026-08-21"",""status"":""active"",""subject_ids"":[""urn:uuid:72496543-fe18-56bf-a793-aea3da305f2c"",""urn:uuid:2f1a60b7-96ef-594d-958e-3d985f9e4971""],""supersedes_id"":null,""toolchain"":[""PDF metadata/font inspection and PreTeXt accessibility-boundary review""],""witness"":{""kind"":""file"",""locator"":""backend/production/v0.3/inputs/R006_VOLUME1_COMPLETE_CHECKPOINT_20260821.md"",""sha256"":""sha256:82cba4bdec2dad69ce471550cdf0959c8200b58a9a6836ceed603451745df06a""},""workflow_id"":""01a01f57-a34b-7740-9717-596b8116910c/backend-production-v0.3-r006-live""}"
"urn:uuid:576a1e67-b88b-511f-8866-fb48db2b6776","lebl.ra.qa.adverse-ledger.lebl-id-adv-0042","accessibility","[""urn:uuid:5bcbc34d-9943-572d-9a58-0f00e0c0c62f""]","pass","{""kind"":""file"",""locator"":""backend/production/v0.3/inputs/ADVERSE_LEDGER.jsonl:LEBL-ID-ADV-0042"",""sha256"":""sha256:a097de099d1298d7bd3e3def79401827d6ca71be865cd1fb42e05e18c0ad54f7""}","[""adverse-ledger admission and recorded QA replay""]","2026-08-21T00:00:00Z","active","","","","","","","","","{""check_type"":""accessibility"",""id"":""urn:uuid:576a1e67-b88b-511f-8866-fb48db2b6776"",""note"":""independent inverse-theorem audit confirmed exact asset, topology, and protected surfaces outside declared corrections"",""record_type"":""qa_event"",""recorded_at"":""2026-08-21T00:00:00Z"",""result"":""pass"",""schema_name"":""lebl.backend.record"",""schema_version"":""0.3.0"",""semantic_aliases"":[],""semantic_key"":""lebl.ra.qa.adverse-ledger.lebl-id-adv-0042"",""status"":""active"",""subject_ids"":[""urn:uuid:5bcbc34d-9943-572d-9a58-0f00e0c0c62f""],""supersedes_id"":null,""toolchain"":[""adverse-ledger admission and recorded QA replay""],""witness"":{""kind"":""file"",""locator"":""backend/production/v0.3/inputs/ADVERSE_LEDGER.jsonl:LEBL-ID-ADV-0042"",""sha256"":""sha256:a097de099d1298d7bd3e3def79401827d6ca71be865cd1fb42e05e18c0ad54f7""},""workflow_id"":""01a01f57-a34b-7740-9717-596b8116910c/backend-production-v0.3-r006-live""}"
"urn:uuid:6c2fd550-695d-5b3c-8fb1-c348f14172dd","lebl.ra.qa.adverse-ledger.lebl-id-adv-0010","accessibility","[""urn:uuid:d8876a3c-8cdf-5076-b243-9f9de1f2d514""]","pass","{""kind"":""file"",""locator"":""backend/production/v0.3/inputs/ADVERSE_LEDGER.jsonl:LEBL-ID-ADV-0010"",""sha256"":""sha256:5548832afe6d358848dc9e287305901bac83a7d162895a7adfdb6d554832433b""}","[""adverse-ledger admission and recorded QA replay""]","2026-08-21T00:00:00Z","active","","","","","","","","","{""check_type"":""accessibility"",""id"":""urn:uuid:6c2fd550-695d-5b3c-8fb1-c348f14172dd"",""note"":""fresh 318-page build has zero U+0133 and 42 ordinary ij sequences on pages 1-56; fifteen regenerated visual witnesses are byte-identical"",""record_type"":""qa_event"",""recorded_at"":""2026-08-21T00:00:00Z"",""result"":""pass"",""schema_name"":""lebl.backend.record"",""schema_version"":""0.3.0"",""semantic_aliases"":[],""semantic_key"":""lebl.ra.qa.adverse-ledger.lebl-id-adv-0010"",""status"":""active"",""subject_ids"":[""urn:uuid:d8876a3c-8cdf-5076-b243-9f9de1f2d514""],""supersedes_id"":null,""toolchain"":[""adverse-ledger admission and recorded QA replay""],""witness"":{""kind"":""file"",""locator"":""backend/production/v0.3/inputs/ADVERSE_LEDGER.jsonl:LEBL-ID-ADV-0010"",""sha256"":""sha256:5548832afe6d358848dc9e287305901bac83a7d162895a7adfdb6d554832433b""},""workflow_id"":""01a01f57-a34b-7740-9717-596b8116910c/backend-production-v0.3-r006-live""}"
"urn:uuid:916818e2-b318-5a13-add6-755dc88b90eb","lebl.ra.qa.adverse-ledger.lebl-id-adv-0086","accessibility","[""urn:uuid:5f6c3f9e-8fd3-5e7a-bbf6-b6d050e604ac""]","partial","{""kind"":""file"",""locator"":""backend/production/v0.3/inputs/ADVERSE_LEDGER.jsonl:LEBL-ID-ADV-0086"",""sha256"":""sha256:adc94e19c888a1ac9b17d16ae3ac5dcf10e35cdc1df95ed9de9e8d1211c0dc4b""}","[""adverse-ledger admission and recorded QA replay""]","2026-08-21T00:00:00Z","active","","","","","","","","","{""check_type"":""accessibility"",""id"":""urn:uuid:916818e2-b318-5a13-add6-755dc88b90eb"",""note"":""the localized prose was checked directly against every arrow and endpoint in the retained tikzcd diagram"",""record_type"":""qa_event"",""recorded_at"":""2026-08-21T00:00:00Z"",""result"":""partial"",""schema_name"":""lebl.backend.record"",""schema_version"":""0.3.0"",""semantic_aliases"":[],""semantic_key"":""lebl.ra.qa.adverse-ledger.lebl-id-adv-0086"",""status"":""active"",""subject_ids"":[""urn:uuid:5f6c3f9e-8fd3-5e7a-bbf6-b6d050e604ac""],""supersedes_id"":null,""toolchain"":[""adverse-ledger admission and recorded QA replay""],""witness"":{""kind"":""file"",""locator"":""backend/production/v0.3/inputs/ADVERSE_LEDGER.jsonl:LEBL-ID-ADV-0086"",""sha256"":""sha256:adc94e19c888a1ac9b17d16ae3ac5dcf10e35cdc1df95ed9de9e8d1211c0dc4b""},""workflow_id"":""01a01f57-a34b-7740-9717-596b8116910c/backend-production-v0.3-r006-live""}"
"urn:uuid:10b67e77-6e72-59da-b532-573d7506dae6","lebl.ra.qa.adverse-ledger.lebl-id-adv-0081","build","[""urn:uuid:e201de2b-d9cf-5b6f-a024-59d8e9d1eb5e""]","pass","{""kind"":""file"",""locator"":""backend/production/v0.3/inputs/ADVERSE_LEDGER.jsonl:LEBL-ID-ADV-0081"",""sha256"":""sha256:c074abff268ae32f6ea4332da1bae66979d5d95661177e5d33c44121dbc59008""}","[""adverse-ledger admission and recorded QA replay""]","2026-08-21T00:00:00Z","active","","","","","","","","","{""check_type"":""build"",""id"":""urn:uuid:10b67e77-6e72-59da-b532-573d7506dae6"",""note"":""final generated XML parses as PreTeXt with xml:lang id-ID, 672 unique IDs, 952 xrefs, zero unresolved xrefs, and the decoded `<10` TeX test intact"",""record_type"":""qa_event"",""recorded_at"":""2026-08-21T00:00:00Z"",""result"":""pass"",""schema_name"":""lebl.backend.record"",""schema_version"":""0.3.0"",""semantic_aliases"":[],""semantic_key"":""lebl.ra.qa.adverse-ledger.lebl-id-adv-0081"",""status"":""active"",""subject_ids"":[""urn:uuid:e201de2b-d9cf-5b6f-a024-59d8e9d1eb5e""],""supersedes_id"":null,""toolchain"":[""adverse-ledger admission and recorded QA replay""],""witness"":{""kind"":""file"",""locator"":""backend/production/v0.3/inputs/ADVERSE_LEDGER.jsonl:LEBL-ID-ADV-0081"",""sha256"":""sha256:c074abff268ae32f6ea4332da1bae66979d5d95661177e5d33c44121dbc59008""},""workflow_id"":""01a01f57-a34b-7740-9717-596b8116910c/backend-production-v0.3-r006-live""}"
"urn:uuid:183a1360-b687-5f5f-8523-8d019e15c149","lebl.ra.qa.adverse-ledger.lebl-id-adv-0001","build","[""urn:uuid:0b0eab53-d3ad-5ea3-8601-a2ef84432794""]","partial","{""kind"":""file"",""locator"":""backend/production/v0.3/inputs/ADVERSE_LEDGER.jsonl:LEBL-ID-ADV-0001"",""sha256"":""sha256:8cf7283ba6b16fe23ac85203923631c7b3d655bbb1a85f78853d3af80ad1455b""}","[""adverse-ledger admission and recorded QA replay""]","2026-08-21T00:00:00Z","active","","","","","","","","","{""check_type"":""build"",""id"":""urn:uuid:183a1360-b687-5f5f-8523-8d019e15c149"",""note"":""strict isolated five-pass partial-Volume-I build completed at 330 pages with zero TeX errors and zero unresolved references"",""record_type"":""qa_event"",""recorded_at"":""2026-08-21T00:00:00Z"",""result"":""partial"",""schema_name"":""lebl.backend.record"",""schema_version"":""0.3.0"",""semantic_aliases"":[],""semantic_key"":""lebl.ra.qa.adverse-ledger.lebl-id-adv-0001"",""status"":""active"",""subject_ids"":[""urn:uuid:0b0eab53-d3ad-5ea3-8601-a2ef84432794""],""supersedes_id"":null,""toolchain"":[""adverse-ledger admission and recorded QA replay""],""witness"":{""kind"":""file"",""locator"":""backend/production/v0.3/inputs/ADVERSE_LEDGER.jsonl:LEBL-ID-ADV-0001"",""sha256"":""sha256:8cf7283ba6b16fe23ac85203923631c7b3d655bbb1a85f78853d3af80ad1455b""},""workflow_id"":""01a01f57-a34b-7740-9717-596b8116910c/backend-production-v0.3-r006-live""}"
"urn:uuid:9d9694b2-7d68-541e-9eba-dcea585a5656","lebl.ra.qa.volume1-complete.pdf-build-2026-08-21","build","[""urn:uuid:72496543-fe18-56bf-a793-aea3da305f2c""]","pass","{""kind"":""file"",""locator"":""backend/production/v0.3/inputs/R006_VOLUME1_COMPLETE_CHECKPOINT_20260821.md"",""sha256"":""sha256:82cba4bdec2dad69ce471550cdf0959c8200b58a9a6836ceed603451745df06a""}","[""five pdflatex passes; four makeindex/makeglossaries rounds""]","2026-08-21T00:00:00Z","active","pdf_build_v1","0","","","334","0","0","0","{""check_type"":""build"",""id"":""urn:uuid:9d9694b2-7d68-541e-9eba-dcea585a5656"",""metrics"":{""errors"":0,""fatal_errors"":0,""metric_schema"":""pdf_build_v1"",""pages"":334,""rerun_markers"":0,""undefined_references"":0},""note"":""The 334-page Volume I PDF passed the exact structural and converged-log gate."",""record_type"":""qa_event"",""recorded_at"":""2026-08-21T00:00:00Z"",""result"":""pass"",""schema_name"":""lebl.backend.record"",""schema_version"":""0.3.0"",""semantic_aliases"":[],""semantic_key"":""lebl.ra.qa.volume1-complete.pdf-build-2026-08-21"",""status"":""active"",""subject_ids"":[""urn:uuid:72496543-fe18-56bf-a793-aea3da305f2c""],""supersedes_id"":null,""toolchain"":[""five pdflatex passes; four makeindex/makeglossaries rounds""],""witness"":{""kind"":""file"",""locator"":""backend/production/v0.3/inputs/R006_VOLUME1_COMPLETE_CHECKPOINT_20260821.md"",""sha256"":""sha256:82cba4bdec2dad69ce471550cdf0959c8200b58a9a6836ceed603451745df06a""},""workflow_id"":""01a01f57-a34b-7740-9717-596b8116910c/backend-production-v0.3-r006-live""}"
"urn:uuid:0242e9b4-170a-5c28-9a02-5e28de8cfc98","lebl.ra.qa.adverse-ledger.lebl-id-adv-0046","source","[""urn:uuid:67a80b01-e07b-5529-9b3e-314b636a2570""]","partial","{""kind"":""file"",""locator"":""backend/production/v0.3/inputs/ADVERSE_LEDGER.jsonl:LEBL-ID-ADV-0046"",""sha256"":""sha256:007a5c27870c4c518ac107d48d4dc958e53914042922094def95692f142465f9""}","[""adverse-ledger admission and recorded QA replay""]","2026-08-21T00:00:00Z","active","","","","","","","","","{""check_type"":""source"",""id"":""urn:uuid:0242e9b4-170a-5c28-9a02-5e28de8cfc98"",""note"":""bounded partitions audit identified the grouping defect; root applied the minimal formula correction and rebound the semantic-unit hash"",""record_type"":""qa_event"",""recorded_at"":""2026-08-21T00:00:00Z"",""result"":""partial"",""schema_name"":""lebl.backend.record"",""schema_version"":""0.3.0"",""semantic_aliases"":[],""semantic_key"":""lebl.ra.qa.adverse-ledger.lebl-id-adv-0046"",""status"":""active"",""subject_ids"":[""urn:uuid:67a80b01-e07b-5529-9b3e-314b636a2570""],""supersedes_id"":null,""toolchain"":[""adverse-ledger admission and recorded QA replay""],""witness"":{""kind"":""file"",""locator"":""backend/production/v0.3/inputs/ADVERSE_LEDGER.jsonl:LEBL-ID-ADV-0046"",""sha256"":""sha256:007a5c27870c4c518ac107d48d4dc958e53914042922094def95692f142465f9""},""workflow_id"":""01a01f57-a34b-7740-9717-596b8116910c/backend-production-v0.3-r006-live""}"
"urn:uuid:0288e56e-84bb-5a3e-8c81-1120f7e9db96","lebl.ra.qa.adverse-ledger.lebl-id-adv-0055","source","[""urn:uuid:34e28bfb-c451-5dee-92b6-28da4d6ffbfe""]","pass","{""kind"":""file"",""locator"":""backend/production/v0.3/inputs/ADVERSE_LEDGER.jsonl:LEBL-ID-ADV-0055"",""sha256"":""sha256:fe5161c312954bd219a2511e7d02cc103af6ce40b67b6b837350373097103bce""}","[""adverse-ledger admission and recorded QA replay""]","2026-08-21T00:00:00Z","active","","","","","","","","","{""check_type"":""source"",""id"":""urn:uuid:0288e56e-84bb-5a3e-8c81-1120f7e9db96"",""note"":""independent improper-foundations audit and final replay confirmed the domain repair and exact remaining structure"",""record_type"":""qa_event"",""recorded_at"":""2026-08-21T00:00:00Z"",""result"":""pass"",""schema_name"":""lebl.backend.record"",""schema_version"":""0.3.0"",""semantic_aliases"":[],""semantic_key"":""lebl.ra.qa.adverse-ledger.lebl-id-adv-0055"",""status"":""active"",""subject_ids"":[""urn:uuid:34e28bfb-c451-5dee-92b6-28da4d6ffbfe""],""supersedes_id"":null,""toolchain"":[""adverse-ledger admission and recorded QA replay""],""witness"":{""kind"":""file"",""locator"":""backend/production/v0.3/inputs/ADVERSE_LEDGER.jsonl:LEBL-ID-ADV-0055"",""sha256"":""sha256:fe5161c312954bd219a2511e7d02cc103af6ce40b67b6b837350373097103bce""},""workflow_id"":""01a01f57-a34b-7740-9717-596b8116910c/backend-production-v0.3-r006-live""}"
"urn:uuid:05e36ca6-2dc3-5c6e-b0ea-17ef19a55aae","lebl.ra.qa.adverse-ledger.lebl-id-adv-0007","source","[""urn:uuid:0f253bac-3e2c-5e0f-ac96-01c95264a866""]","pass","{""kind"":""file"",""locator"":""backend/production/v0.3/inputs/ADVERSE_LEDGER.jsonl:LEBL-ID-ADV-0007"",""sha256"":""sha256:a8723d741808ce8c6a2d87227cfd00c611999b1b9777e70cfb2c6618fb9a804a""}","[""adverse-ledger admission and recorded QA replay""]","2026-08-21T00:00:00Z","active","","","","","","","","","{""check_type"":""source"",""id"":""urn:uuid:05e36ca6-2dc3-5c6e-b0ea-17ef19a55aae"",""note"":""logically determined trichotomy completion; bounded unit topology, formulas, and residue replay passed"",""record_type"":""qa_event"",""recorded_at"":""2026-08-21T00:00:00Z"",""result"":""pass"",""schema_name"":""lebl.backend.record"",""schema_version"":""0.3.0"",""semantic_aliases"":[],""semantic_key"":""lebl.ra.qa.adverse-ledger.lebl-id-adv-0007"",""status"":""active"",""subject_ids"":[""urn:uuid:0f253bac-3e2c-5e0f-ac96-01c95264a866""],""supersedes_id"":null,""toolchain"":[""adverse-ledger admission and recorded QA replay""],""witness"":{""kind"":""file"",""locator"":""backend/production/v0.3/inputs/ADVERSE_LEDGER.jsonl:LEBL-ID-ADV-0007"",""sha256"":""sha256:a8723d741808ce8c6a2d87227cfd00c611999b1b9777e70cfb2c6618fb9a804a""},""workflow_id"":""01a01f57-a34b-7740-9717-596b8116910c/backend-production-v0.3-r006-live""}"
"urn:uuid:0a7a2c3c-aefe-531b-86b6-8cea5c978e7b","lebl.ra.qa.adverse-ledger.lebl-id-adv-0077","source","[""urn:uuid:4074a4d3-05e1-5d53-b2a2-1a0d15d7c027""]","pass","{""kind"":""file"",""locator"":""backend/production/v0.3/inputs/ADVERSE_LEDGER.jsonl:LEBL-ID-ADV-0077"",""sha256"":""sha256:f0b0a1cb73eb9fe8cdc6d9eb9453519d0e2639252c8f00945fb7d00ee1d9cd23""}","[""adverse-ledger admission and recorded QA replay""]","2026-08-21T00:00:00Z","active","","","","","","","","","{""check_type"":""source"",""id"":""urn:uuid:0a7a2c3c-aefe-531b-86b6-8cea5c978e7b"",""note"":""independent exercise audit derived the empty-space counterexample and verified every remaining contraction claim"",""record_type"":""qa_event"",""recorded_at"":""2026-08-21T00:00:00Z"",""result"":""pass"",""schema_name"":""lebl.backend.record"",""schema_version"":""0.3.0"",""semantic_aliases"":[],""semantic_key"":""lebl.ra.qa.adverse-ledger.lebl-id-adv-0077"",""status"":""active"",""subject_ids"":[""urn:uuid:4074a4d3-05e1-5d53-b2a2-1a0d15d7c027""],""supersedes_id"":null,""toolchain"":[""adverse-ledger admission and recorded QA replay""],""witness"":{""kind"":""file"",""locator"":""backend/production/v0.3/inputs/ADVERSE_LEDGER.jsonl:LEBL-ID-ADV-0077"",""sha256"":""sha256:f0b0a1cb73eb9fe8cdc6d9eb9453519d0e2639252c8f00945fb7d00ee1d9cd23""},""workflow_id"":""01a01f57-a34b-7740-9717-596b8116910c/backend-production-v0.3-r006-live""}"
"urn:uuid:0c1fd28d-692d-5c29-a3ad-f02982f3a8a3","lebl.ra.qa.adverse-ledger.lebl-id-adv-0016","source","[""urn:uuid:2eef93b3-7f3f-55f0-9a62-569b27928de3""]","pass","{""kind"":""file"",""locator"":""backend/production/v0.3/inputs/ADVERSE_LEDGER.jsonl:LEBL-ID-ADV-0016"",""sha256"":""sha256:4c0fe3ce82f4ef6fb7c123c6b72094326c7098a2a64dfe24f6d4ceeb0d07a868""}","[""adverse-ledger admission and recorded QA replay""]","2026-08-21T00:00:00Z","active","","","","","","","","","{""check_type"":""source"",""id"":""urn:uuid:0c1fd28d-692d-5c29-a3ad-f02982f3a8a3"",""note"":""bounded composition audit confirmed exact command, environment, brace, label, and protected-math parity"",""record_type"":""qa_event"",""recorded_at"":""2026-08-21T00:00:00Z"",""result"":""pass"",""schema_name"":""lebl.backend.record"",""schema_version"":""0.3.0"",""semantic_aliases"":[],""semantic_key"":""lebl.ra.qa.adverse-ledger.lebl-id-adv-0016"",""status"":""active"",""subject_ids"":[""urn:uuid:2eef93b3-7f3f-55f0-9a62-569b27928de3""],""supersedes_id"":null,""toolchain"":[""adverse-ledger admission and recorded QA replay""],""witness"":{""kind"":""file"",""locator"":""backend/production/v0.3/inputs/ADVERSE_LEDGER.jsonl:LEBL-ID-ADV-0016"",""sha256"":""sha256:4c0fe3ce82f4ef6fb7c123c6b72094326c7098a2a64dfe24f6d4ceeb0d07a868""},""workflow_id"":""01a01f57-a34b-7740-9717-596b8116910c/backend-production-v0.3-r006-live""}"
"urn:uuid:0c3e3452-1604-5ff0-a014-1b8a23faf448","lebl.ra.qa.adverse-ledger.lebl-id-adv-0054","source","[""urn:uuid:7d18f466-c47f-5b58-b647-1b10e3a6a0b7""]","pass","{""kind"":""file"",""locator"":""backend/production/v0.3/inputs/ADVERSE_LEDGER.jsonl:LEBL-ID-ADV-0054"",""sha256"":""sha256:28e4976f9e227fd2759bf94b0d7dacf8d47705bc7ec6182038cf230f6451d64d""}","[""adverse-ledger admission and recorded QA replay""]","2026-08-21T00:00:00Z","active","","","","","","","","","{""check_type"":""source"",""id"":""urn:uuid:0c3e3452-1604-5ff0-a014-1b8a23faf448"",""note"":""bounded log/exponential exercises audit confirmed the added hypothesis and exact remaining protected mathematics"",""record_type"":""qa_event"",""recorded_at"":""2026-08-21T00:00:00Z"",""result"":""pass"",""schema_name"":""lebl.backend.record"",""schema_version"":""0.3.0"",""semantic_aliases"":[],""semantic_key"":""lebl.ra.qa.adverse-ledger.lebl-id-adv-0054"",""status"":""active"",""subject_ids"":[""urn:uuid:7d18f466-c47f-5b58-b647-1b10e3a6a0b7""],""supersedes_id"":null,""toolchain"":[""adverse-ledger admission and recorded QA replay""],""witness"":{""kind"":""file"",""locator"":""backend/production/v0.3/inputs/ADVERSE_LEDGER.jsonl:LEBL-ID-ADV-0054"",""sha256"":""sha256:28e4976f9e227fd2759bf94b0d7dacf8d47705bc7ec6182038cf230f6451d64d""},""workflow_id"":""01a01f57-a34b-7740-9717-596b8116910c/backend-production-v0.3-r006-live""}"
"urn:uuid:0d7415e0-a225-5f00-8247-a8c177c07c84","lebl.ra.qa.adverse-ledger.lebl-id-adv-0049","source","[""urn:uuid:d55d3893-afc0-5386-8d83-371e86292b77""]","pass","{""kind"":""file"",""locator"":""backend/production/v0.3/inputs/ADVERSE_LEDGER.jsonl:LEBL-ID-ADV-0049"",""sha256"":""sha256:a9c8991e7bc0e08b836ae5e7303f250149f5fa2d9600bc9233268e133726b01d""}","[""adverse-ledger admission and recorded QA replay""]","2026-08-21T00:00:00Z","active","","","","","","","","","{""check_type"":""source"",""id"":""urn:uuid:0d7415e0-a225-5f00-8247-a8c177c07c84"",""note"":""independent bounded linearity-and-monotonicity audit confirmed the clarification and exact remaining structural and mathematical surfaces"",""record_type"":""qa_event"",""recorded_at"":""2026-08-21T00:00:00Z"",""result"":""pass"",""schema_name"":""lebl.backend.record"",""schema_version"":""0.3.0"",""semantic_aliases"":[],""semantic_key"":""lebl.ra.qa.adverse-ledger.lebl-id-adv-0049"",""status"":""active"",""subject_ids"":[""urn:uuid:d55d3893-afc0-5386-8d83-371e86292b77""],""supersedes_id"":null,""toolchain"":[""adverse-ledger admission and recorded QA replay""],""witness"":{""kind"":""file"",""locator"":""backend/production/v0.3/inputs/ADVERSE_LEDGER.jsonl:LEBL-ID-ADV-0049"",""sha256"":""sha256:a9c8991e7bc0e08b836ae5e7303f250149f5fa2d9600bc9233268e133726b01d""},""workflow_id"":""01a01f57-a34b-7740-9717-596b8116910c/backend-production-v0.3-r006-live""}"
"urn:uuid:1120b773-bdb9-5cbb-8a5f-8691d82a83f1","lebl.ra.qa.adverse-ledger.lebl-id-adv-0072","source","[""urn:uuid:ec427a0e-286f-5800-86af-652c91e28c8e""]","partial","{""kind"":""file"",""locator"":""backend/production/v0.3/inputs/ADVERSE_LEDGER.jsonl:LEBL-ID-ADV-0072"",""sha256"":""sha256:8cabefec679ef42e7a755b9a1c78a02c5bacea0e5e2301afdf6a8995d3012e69""}","[""adverse-ledger admission and recorded QA replay""]","2026-08-21T00:00:00Z","active","","","","","","","","","{""check_type"":""source"",""id"":""urn:uuid:1120b773-bdb9-5cbb-8a5f-8691d82a83f1"",""note"":""empty-set counterexample and final exercise replay confirm the missing hypothesis"",""record_type"":""qa_event"",""recorded_at"":""2026-08-21T00:00:00Z"",""result"":""partial"",""schema_name"":""lebl.backend.record"",""schema_version"":""0.3.0"",""semantic_aliases"":[],""semantic_key"":""lebl.ra.qa.adverse-ledger.lebl-id-adv-0072"",""status"":""active"",""subject_ids"":[""urn:uuid:ec427a0e-286f-5800-86af-652c91e28c8e""],""supersedes_id"":null,""toolchain"":[""adverse-ledger admission and recorded QA replay""],""witness"":{""kind"":""file"",""locator"":""backend/production/v0.3/inputs/ADVERSE_LEDGER.jsonl:LEBL-ID-ADV-0072"",""sha256"":""sha256:8cabefec679ef42e7a755b9a1c78a02c5bacea0e5e2301afdf6a8995d3012e69""},""workflow_id"":""01a01f57-a34b-7740-9717-596b8116910c/backend-production-v0.3-r006-live""}"
"urn:uuid:1958cd53-ae65-5521-83f5-86fff7c97f47","lebl.ra.qa.adverse-ledger.lebl-id-adv-0057","source","[""urn:uuid:34e28bfb-c451-5dee-92b6-28da4d6ffbfe""]","pass","{""kind"":""file"",""locator"":""backend/production/v0.3/inputs/ADVERSE_LEDGER.jsonl:LEBL-ID-ADV-0057"",""sha256"":""sha256:4fff3d5adde2fd0d3ecdad16c895d4f17177d97e919da2988386d8458ef1cca4""}","[""adverse-ledger admission and recorded QA replay""]","2026-08-21T00:00:00Z","active","","","","","","","","","{""check_type"":""source"",""id"":""urn:uuid:1958cd53-ae65-5521-83f5-86fff7c97f47"",""note"":""independent improper-foundations audit and final replay confirmed the domain and ordering repairs"",""record_type"":""qa_event"",""recorded_at"":""2026-08-21T00:00:00Z"",""result"":""pass"",""schema_name"":""lebl.backend.record"",""schema_version"":""0.3.0"",""semantic_aliases"":[],""semantic_key"":""lebl.ra.qa.adverse-ledger.lebl-id-adv-0057"",""status"":""active"",""subject_ids"":[""urn:uuid:34e28bfb-c451-5dee-92b6-28da4d6ffbfe""],""supersedes_id"":null,""toolchain"":[""adverse-ledger admission and recorded QA replay""],""witness"":{""kind"":""file"",""locator"":""backend/production/v0.3/inputs/ADVERSE_LEDGER.jsonl:LEBL-ID-ADV-0057"",""sha256"":""sha256:4fff3d5adde2fd0d3ecdad16c895d4f17177d97e919da2988386d8458ef1cca4""},""workflow_id"":""01a01f57-a34b-7740-9717-596b8116910c/backend-production-v0.3-r006-live""}"
"urn:uuid:1c77a332-2220-52b5-8a8f-443e5aa4ba03","lebl.ra.qa.adverse-ledger.lebl-id-adv-0041","source","[""urn:uuid:f523812d-ad23-5250-97a8-88617ac2101e""]","pass","{""kind"":""file"",""locator"":""backend/production/v0.3/inputs/ADVERSE_LEDGER.jsonl:LEBL-ID-ADV-0041"",""sha256"":""sha256:ba0dd748555b3d4077226201e0bf30e90a587297c634271c9f0fe72ee4f0d446""}","[""adverse-ledger admission and recorded QA replay""]","2026-08-21T00:00:00Z","active","","","","","","","","","{""check_type"":""source"",""id"":""urn:uuid:1c77a332-2220-52b5-8a8f-443e5aa4ba03"",""note"":""bounded Taylor-exercises replay confirmed exact structural and mathematical surfaces"",""record_type"":""qa_event"",""recorded_at"":""2026-08-21T00:00:00Z"",""result"":""pass"",""schema_name"":""lebl.backend.record"",""schema_version"":""0.3.0"",""semantic_aliases"":[],""semantic_key"":""lebl.ra.qa.adverse-ledger.lebl-id-adv-0041"",""status"":""active"",""subject_ids"":[""urn:uuid:f523812d-ad23-5250-97a8-88617ac2101e""],""supersedes_id"":null,""toolchain"":[""adverse-ledger admission and recorded QA replay""],""witness"":{""kind"":""file"",""locator"":""backend/production/v0.3/inputs/ADVERSE_LEDGER.jsonl:LEBL-ID-ADV-0041"",""sha256"":""sha256:ba0dd748555b3d4077226201e0bf30e90a587297c634271c9f0fe72ee4f0d446""},""workflow_id"":""01a01f57-a34b-7740-9717-596b8116910c/backend-production-v0.3-r006-live""}"
"urn:uuid:2a00adff-7355-573b-9e40-53715cca77cd","lebl.ra.qa.adverse-ledger.lebl-id-adv-0031","source","[""urn:uuid:2abef04b-2d4d-5238-8c86-7297c9dcec73""]","pass","{""kind"":""file"",""locator"":""backend/production/v0.3/inputs/ADVERSE_LEDGER.jsonl:LEBL-ID-ADV-0031"",""sha256"":""sha256:82f10c0a70af6dcce5174f12b8f4e8e9a60377a268b7297ed9e118cc74b663f5""}","[""adverse-ledger admission and recorded QA replay""]","2026-08-21T00:00:00Z","active","","","","","","","","","{""check_type"":""source"",""id"":""urn:uuid:2a00adff-7355-573b-9e40-53715cca77cd"",""note"":""bounded derivative-exercises audit confirmed 100 inline-math expressions, two display blocks, all environments, five labels, and the section boundary"",""record_type"":""qa_event"",""recorded_at"":""2026-08-21T00:00:00Z"",""result"":""pass"",""schema_name"":""lebl.backend.record"",""schema_version"":""0.3.0"",""semantic_aliases"":[],""semantic_key"":""lebl.ra.qa.adverse-ledger.lebl-id-adv-0031"",""status"":""active"",""subject_ids"":[""urn:uuid:2abef04b-2d4d-5238-8c86-7297c9dcec73""],""supersedes_id"":null,""toolchain"":[""adverse-ledger admission and recorded QA replay""],""witness"":{""kind"":""file"",""locator"":""backend/production/v0.3/inputs/ADVERSE_LEDGER.jsonl:LEBL-ID-ADV-0031"",""sha256"":""sha256:82f10c0a70af6dcce5174f12b8f4e8e9a60377a268b7297ed9e118cc74b663f5""},""workflow_id"":""01a01f57-a34b-7740-9717-596b8116910c/backend-production-v0.3-r006-live""}"
"urn:uuid:2ae1b0d3-9b41-5d01-a17d-b06f0c924587","lebl.ra.qa.adverse-ledger.lebl-id-adv-0021","source","[""urn:uuid:cd85506b-6844-5aa8-a2f6-b1f5783f2311""]","pass","{""kind"":""file"",""locator"":""backend/production/v0.3/inputs/ADVERSE_LEDGER.jsonl:LEBL-ID-ADV-0021"",""sha256"":""sha256:4faf47b97f5b7549e5d0636f4f0a334d8744b7aa40ba0886c5a68f7f602526e3""}","[""adverse-ledger admission and recorded QA replay""]","2026-08-21T00:00:00Z","active","","","","","","","","","{""check_type"":""source"",""id"":""urn:uuid:2ae1b0d3-9b41-5d01-a17d-b06f0c924587"",""note"":""bounded extreme-value unit audit confirmed the typo and preserved all proof mathematics"",""record_type"":""qa_event"",""recorded_at"":""2026-08-21T00:00:00Z"",""result"":""pass"",""schema_name"":""lebl.backend.record"",""schema_version"":""0.3.0"",""semantic_aliases"":[],""semantic_key"":""lebl.ra.qa.adverse-ledger.lebl-id-adv-0021"",""status"":""active"",""subject_ids"":[""urn:uuid:cd85506b-6844-5aa8-a2f6-b1f5783f2311""],""supersedes_id"":null,""toolchain"":[""adverse-ledger admission and recorded QA replay""],""witness"":{""kind"":""file"",""locator"":""backend/production/v0.3/inputs/ADVERSE_LEDGER.jsonl:LEBL-ID-ADV-0021"",""sha256"":""sha256:4faf47b97f5b7549e5d0636f4f0a334d8744b7aa40ba0886c5a68f7f602526e3""},""workflow_id"":""01a01f57-a34b-7740-9717-596b8116910c/backend-production-v0.3-r006-live""}"
"urn:uuid:2b510839-a722-5766-a03b-fe0d723bb477","lebl.ra.qa.adverse-ledger.lebl-id-adv-0044","source","[""urn:uuid:63708803-214f-5a25-84c4-6946233f282c""]","pass","{""kind"":""file"",""locator"":""backend/production/v0.3/inputs/ADVERSE_LEDGER.jsonl:LEBL-ID-ADV-0044"",""sha256"":""sha256:939dfffb98301de100a644aafba69e0a6ce3d3997a7eb4d31fb815c2acf96207""}","[""adverse-ledger admission and recorded QA replay""]","2026-08-21T00:00:00Z","active","","","","","","","","","{""check_type"":""source"",""id"":""urn:uuid:2b510839-a722-5766-a03b-fe0d723bb477"",""note"":""independent final-exercises audit confirmed exact commands, environments, protected math, IDs, comments, and braces"",""record_type"":""qa_event"",""recorded_at"":""2026-08-21T00:00:00Z"",""result"":""pass"",""schema_name"":""lebl.backend.record"",""schema_version"":""0.3.0"",""semantic_aliases"":[],""semantic_key"":""lebl.ra.qa.adverse-ledger.lebl-id-adv-0044"",""status"":""active"",""subject_ids"":[""urn:uuid:63708803-214f-5a25-84c4-6946233f282c""],""supersedes_id"":null,""toolchain"":[""adverse-ledger admission and recorded QA replay""],""witness"":{""kind"":""file"",""locator"":""backend/production/v0.3/inputs/ADVERSE_LEDGER.jsonl:LEBL-ID-ADV-0044"",""sha256"":""sha256:939dfffb98301de100a644aafba69e0a6ce3d3997a7eb4d31fb815c2acf96207""},""workflow_id"":""01a01f57-a34b-7740-9717-596b8116910c/backend-production-v0.3-r006-live""}"
"urn:uuid:2ce83e6a-68b6-5ecb-80ff-e15a39a09cb4","lebl.ra.qa.adverse-ledger.lebl-id-adv-0048","source","[""urn:uuid:1d4fc966-6b2d-56b2-a4a7-ca0f332cb60c""]","pass","{""kind"":""file"",""locator"":""backend/production/v0.3/inputs/ADVERSE_LEDGER.jsonl:LEBL-ID-ADV-0048"",""sha256"":""sha256:253a6910560e9d7558b332f552562e9b55f881442f8f08f866f61edbfb81ae07""}","[""adverse-ledger admission and recorded QA replay""]","2026-08-21T00:00:00Z","active","","","","","","","","","{""check_type"":""source"",""id"":""urn:uuid:2ce83e6a-68b6-5ecb-80ff-e15a39a09cb4"",""note"":""bounded first Riemann-exercises audit confirmed exact math, structures, IDs, comments, and boundary"",""record_type"":""qa_event"",""recorded_at"":""2026-08-21T00:00:00Z"",""result"":""pass"",""schema_name"":""lebl.backend.record"",""schema_version"":""0.3.0"",""semantic_aliases"":[],""semantic_key"":""lebl.ra.qa.adverse-ledger.lebl-id-adv-0048"",""status"":""active"",""subject_ids"":[""urn:uuid:1d4fc966-6b2d-56b2-a4a7-ca0f332cb60c""],""supersedes_id"":null,""toolchain"":[""adverse-ledger admission and recorded QA replay""],""witness"":{""kind"":""file"",""locator"":""backend/production/v0.3/inputs/ADVERSE_LEDGER.jsonl:LEBL-ID-ADV-0048"",""sha256"":""sha256:253a6910560e9d7558b332f552562e9b55f881442f8f08f866f61edbfb81ae07""},""workflow_id"":""01a01f57-a34b-7740-9717-596b8116910c/backend-production-v0.3-r006-live""}"
"urn:uuid:3248be76-f37f-5412-9cb1-72b1ff60b5b6","lebl.ra.qa.adverse-ledger.lebl-id-adv-0051","source","[""urn:uuid:891e6de1-81d7-5205-bf64-92fccef6036a""]","pass","{""kind"":""file"",""locator"":""backend/production/v0.3/inputs/ADVERSE_LEDGER.jsonl:LEBL-ID-ADV-0051"",""sha256"":""sha256:aedeef76d259962c54f62d475b93bedd3205488b5cbd4d7354e3371fccf50318""}","[""adverse-ledger admission and recorded QA replay""]","2026-08-21T00:00:00Z","active","","","","","","","","","{""check_type"":""source"",""id"":""urn:uuid:3248be76-f37f-5412-9cb1-72b1ff60b5b6"",""note"":""bounded Properties-of-the-integral exercises replay confirmed the correction and exact remaining commands, environments, math, IDs, and line topology"",""record_type"":""qa_event"",""recorded_at"":""2026-08-21T00:00:00Z"",""result"":""pass"",""schema_name"":""lebl.backend.record"",""schema_version"":""0.3.0"",""semantic_aliases"":[],""semantic_key"":""lebl.ra.qa.adverse-ledger.lebl-id-adv-0051"",""status"":""active"",""subject_ids"":[""urn:uuid:891e6de1-81d7-5205-bf64-92fccef6036a""],""supersedes_id"":null,""toolchain"":[""adverse-ledger admission and recorded QA replay""],""witness"":{""kind"":""file"",""locator"":""backend/production/v0.3/inputs/ADVERSE_LEDGER.jsonl:LEBL-ID-ADV-0051"",""sha256"":""sha256:aedeef76d259962c54f62d475b93bedd3205488b5cbd4d7354e3371fccf50318""},""workflow_id"":""01a01f57-a34b-7740-9717-596b8116910c/backend-production-v0.3-r006-live""}"
"urn:uuid:33e08d88-dc8d-5d17-93be-3bcff1bf043a","lebl.ra.qa.adverse-ledger.lebl-id-adv-0005","source","[""urn:uuid:159a2cfc-1ebf-5d51-be28-128847eaf02a""]","pass","{""kind"":""file"",""locator"":""backend/production/v0.3/inputs/ADVERSE_LEDGER.jsonl:LEBL-ID-ADV-0005"",""sha256"":""sha256:e134f610058c5628cbb4dc72a6b7a990bec9c6185453249aae7fb62ff9cbbab7""}","[""adverse-ledger admission and recorded QA replay""]","2026-08-21T00:00:00Z","active","","","","","","","","","{""check_type"":""source"",""id"":""urn:uuid:33e08d88-dc8d-5d17-93be-3bcff1bf043a"",""note"":""deterministic ID-description-symbol consistency and whole-glossary structural replay passed"",""record_type"":""qa_event"",""recorded_at"":""2026-08-21T00:00:00Z"",""result"":""pass"",""schema_name"":""lebl.backend.record"",""schema_version"":""0.3.0"",""semantic_aliases"":[],""semantic_key"":""lebl.ra.qa.adverse-ledger.lebl-id-adv-0005"",""status"":""active"",""subject_ids"":[""urn:uuid:159a2cfc-1ebf-5d51-be28-128847eaf02a""],""supersedes_id"":null,""toolchain"":[""adverse-ledger admission and recorded QA replay""],""witness"":{""kind"":""file"",""locator"":""backend/production/v0.3/inputs/ADVERSE_LEDGER.jsonl:LEBL-ID-ADV-0005"",""sha256"":""sha256:e134f610058c5628cbb4dc72a6b7a990bec9c6185453249aae7fb62ff9cbbab7""},""workflow_id"":""01a01f57-a34b-7740-9717-596b8116910c/backend-production-v0.3-r006-live""}"
"urn:uuid:341a93cf-639d-59eb-9901-a0dba6264d15","lebl.ra.qa.adverse-ledger.lebl-id-adv-0029","source","[""urn:uuid:a2e4c4f6-f89c-57fa-86b6-6c0737f03429""]","pass","{""kind"":""file"",""locator"":""backend/production/v0.3/inputs/ADVERSE_LEDGER.jsonl:LEBL-ID-ADV-0029"",""sha256"":""sha256:b0077a9c684a5bc597ac79cb866ebed610aca2d8c1f3fdfd5f38271918305dd7""}","[""adverse-ledger admission and recorded QA replay""]","2026-08-21T00:00:00Z","active","","","","","","","","","{""check_type"":""source"",""id"":""urn:uuid:341a93cf-639d-59eb-9901-a0dba6264d15"",""note"":""independent bounded derivative-opening audit confirmed the normalization and exact protected surfaces"",""record_type"":""qa_event"",""recorded_at"":""2026-08-21T00:00:00Z"",""result"":""pass"",""schema_name"":""lebl.backend.record"",""schema_version"":""0.3.0"",""semantic_aliases"":[],""semantic_key"":""lebl.ra.qa.adverse-ledger.lebl-id-adv-0029"",""status"":""active"",""subject_ids"":[""urn:uuid:a2e4c4f6-f89c-57fa-86b6-6c0737f03429""],""supersedes_id"":null,""toolchain"":[""adverse-ledger admission and recorded QA replay""],""witness"":{""kind"":""file"",""locator"":""backend/production/v0.3/inputs/ADVERSE_LEDGER.jsonl:LEBL-ID-ADV-0029"",""sha256"":""sha256:b0077a9c684a5bc597ac79cb866ebed610aca2d8c1f3fdfd5f38271918305dd7""},""workflow_id"":""01a01f57-a34b-7740-9717-596b8116910c/backend-production-v0.3-r006-live""}"
"urn:uuid:3596b098-129e-54b8-a744-dedebbe8678c","lebl.ra.qa.adverse-ledger.lebl-id-adv-0023","source","[""urn:uuid:2be2de0c-644f-5967-bb6f-58b6fcea7569""]","pass","{""kind"":""file"",""locator"":""backend/production/v0.3/inputs/ADVERSE_LEDGER.jsonl:LEBL-ID-ADV-0023"",""sha256"":""sha256:4443bbfb75cfa017b80621241dc83697e492b9f4b68bedc657a696c03f3f6a78""}","[""adverse-ledger admission and recorded QA replay""]","2026-08-21T00:00:00Z","active","","","","","","","","","{""check_type"":""source"",""id"":""urn:uuid:3596b098-129e-54b8-a744-dedebbe8678c"",""note"":""independent bounded Lipschitz audit re-derived the argument, including empty and singleton domains, and confirmed exact structure"",""record_type"":""qa_event"",""recorded_at"":""2026-08-21T00:00:00Z"",""result"":""pass"",""schema_name"":""lebl.backend.record"",""schema_version"":""0.3.0"",""semantic_aliases"":[],""semantic_key"":""lebl.ra.qa.adverse-ledger.lebl-id-adv-0023"",""status"":""active"",""subject_ids"":[""urn:uuid:2be2de0c-644f-5967-bb6f-58b6fcea7569""],""supersedes_id"":null,""toolchain"":[""adverse-ledger admission and recorded QA replay""],""witness"":{""kind"":""file"",""locator"":""backend/production/v0.3/inputs/ADVERSE_LEDGER.jsonl:LEBL-ID-ADV-0023"",""sha256"":""sha256:4443bbfb75cfa017b80621241dc83697e492b9f4b68bedc657a696c03f3f6a78""},""workflow_id"":""01a01f57-a34b-7740-9717-596b8116910c/backend-production-v0.3-r006-live""}"
"urn:uuid:3b183be5-0f0b-5628-9fc3-53d5d6ae6803","lebl.ra.qa.adverse-ledger.lebl-id-adv-0017","source","[""urn:uuid:32056342-6788-5bc3-9c6b-2d68a22f08c1""]","partial","{""kind"":""file"",""locator"":""backend/production/v0.3/inputs/ADVERSE_LEDGER.jsonl:LEBL-ID-ADV-0017"",""sha256"":""sha256:0be1021c5a3eafa3ac44d8f8794e628c54083bb83c3e0cfa9853f096b610b80c""}","[""adverse-ledger admission and recorded QA replay""]","2026-08-21T00:00:00Z","active","","","","","","","","","{""check_type"":""source"",""id"":""urn:uuid:3b183be5-0f0b-5628-9fc3-53d5d6ae6803"",""note"":""bounded discontinuity audit independently identified the domain contradiction; final replay must allow removal of exactly the two spurious interval tokens"",""record_type"":""qa_event"",""recorded_at"":""2026-08-21T00:00:00Z"",""result"":""partial"",""schema_name"":""lebl.backend.record"",""schema_version"":""0.3.0"",""semantic_aliases"":[],""semantic_key"":""lebl.ra.qa.adverse-ledger.lebl-id-adv-0017"",""status"":""active"",""subject_ids"":[""urn:uuid:32056342-6788-5bc3-9c6b-2d68a22f08c1""],""supersedes_id"":null,""toolchain"":[""adverse-ledger admission and recorded QA replay""],""witness"":{""kind"":""file"",""locator"":""backend/production/v0.3/inputs/ADVERSE_LEDGER.jsonl:LEBL-ID-ADV-0017"",""sha256"":""sha256:0be1021c5a3eafa3ac44d8f8794e628c54083bb83c3e0cfa9853f096b610b80c""},""workflow_id"":""01a01f57-a34b-7740-9717-596b8116910c/backend-production-v0.3-r006-live""}"
"urn:uuid:3c881f48-8c7f-5e2f-b22d-65da9a59fa86","lebl.ra.qa.adverse-ledger.lebl-id-adv-0069","source","[""urn:uuid:d665b535-5e0c-542e-bb20-7a7eb4e3c204""]","pass","{""kind"":""file"",""locator"":""backend/production/v0.3/inputs/ADVERSE_LEDGER.jsonl:LEBL-ID-ADV-0069"",""sha256"":""sha256:a5b8eef77d83932f783f5a8d7492353810ae2c182c47641a5231f792a62a6f9e""}","[""adverse-ledger admission and recorded QA replay""]","2026-08-21T00:00:00Z","active","","","","","","","","","{""check_type"":""source"",""id"":""urn:uuid:3c881f48-8c7f-5e2f-b22d-65da9a59fa86"",""note"":""independent full exercise audit identified the missing ordered-pair cases; the completed definition is a total symmetric distance function induced by the intended embedding into [-1,1]"",""record_type"":""qa_event"",""recorded_at"":""2026-08-21T00:00:00Z"",""result"":""pass"",""schema_name"":""lebl.backend.record"",""schema_version"":""0.3.0"",""semantic_aliases"":[],""semantic_key"":""lebl.ra.qa.adverse-ledger.lebl-id-adv-0069"",""status"":""active"",""subject_ids"":[""urn:uuid:d665b535-5e0c-542e-bb20-7a7eb4e3c204""],""supersedes_id"":null,""toolchain"":[""adverse-ledger admission and recorded QA replay""],""witness"":{""kind"":""file"",""locator"":""backend/production/v0.3/inputs/ADVERSE_LEDGER.jsonl:LEBL-ID-ADV-0069"",""sha256"":""sha256:a5b8eef77d83932f783f5a8d7492353810ae2c182c47641a5231f792a62a6f9e""},""workflow_id"":""01a01f57-a34b-7740-9717-596b8116910c/backend-production-v0.3-r006-live""}"
"urn:uuid:3d8bd3ac-42e4-5fc3-be50-e732c0284863","lebl.ra.qa.adverse-ledger.lebl-id-adv-0050","source","[""urn:uuid:90d834f9-e546-558e-ab4e-aa4cbf78c62c""]","pass","{""kind"":""file"",""locator"":""backend/production/v0.3/inputs/ADVERSE_LEDGER.jsonl:LEBL-ID-ADV-0050"",""sha256"":""sha256:31e6a63e2ecd02cb4f42e7ffbdd03e68a75eb40edcbb3215d6659b4c664ce4aa""}","[""adverse-ledger admission and recorded QA replay""]","2026-08-21T00:00:00Z","active","","","","","","","","","{""check_type"":""source"",""id"":""urn:uuid:3d8bd3ac-42e4-5fc3-be50-e732c0284863"",""note"":""bounded continuous-functions integration audit confirmed the correction and exact remaining commands, environments, math, IDs, and line topology"",""record_type"":""qa_event"",""recorded_at"":""2026-08-21T00:00:00Z"",""result"":""pass"",""schema_name"":""lebl.backend.record"",""schema_version"":""0.3.0"",""semantic_aliases"":[],""semantic_key"":""lebl.ra.qa.adverse-ledger.lebl-id-adv-0050"",""status"":""active"",""subject_ids"":[""urn:uuid:90d834f9-e546-558e-ab4e-aa4cbf78c62c""],""supersedes_id"":null,""toolchain"":[""adverse-ledger admission and recorded QA replay""],""witness"":{""kind"":""file"",""locator"":""backend/production/v0.3/inputs/ADVERSE_LEDGER.jsonl:LEBL-ID-ADV-0050"",""sha256"":""sha256:31e6a63e2ecd02cb4f42e7ffbdd03e68a75eb40edcbb3215d6659b4c664ce4aa""},""workflow_id"":""01a01f57-a34b-7740-9717-596b8116910c/backend-production-v0.3-r006-live""}"
"urn:uuid:4a046fc8-314a-5c31-b688-127cbc4e4c6d","lebl.ra.qa.adverse-ledger.lebl-id-adv-0025","source","[""urn:uuid:f0bf3009-b561-5e98-a737-e39ab057cd2d""]","pass","{""kind"":""file"",""locator"":""backend/production/v0.3/inputs/ADVERSE_LEDGER.jsonl:LEBL-ID-ADV-0025"",""sha256"":""sha256:0fbcac46bfdd6533703093075c151d1a8c7b59671d62c1c227718024525948e2""}","[""adverse-ledger admission and recorded QA replay""]","2026-08-21T00:00:00Z","active","","","","","","","","","{""check_type"":""source"",""id"":""urn:uuid:4a046fc8-314a-5c31-b688-127cbc4e4c6d"",""note"":""independent bounded exercise replay confirmed 257 ordered commands, 52 environments, 108 protected-math spans, and all structural tokens after final copyediting"",""record_type"":""qa_event"",""recorded_at"":""2026-08-21T00:00:00Z"",""result"":""pass"",""schema_name"":""lebl.backend.record"",""schema_version"":""0.3.0"",""semantic_aliases"":[],""semantic_key"":""lebl.ra.qa.adverse-ledger.lebl-id-adv-0025"",""status"":""active"",""subject_ids"":[""urn:uuid:f0bf3009-b561-5e98-a737-e39ab057cd2d""],""supersedes_id"":null,""toolchain"":[""adverse-ledger admission and recorded QA replay""],""witness"":{""kind"":""file"",""locator"":""backend/production/v0.3/inputs/ADVERSE_LEDGER.jsonl:LEBL-ID-ADV-0025"",""sha256"":""sha256:0fbcac46bfdd6533703093075c151d1a8c7b59671d62c1c227718024525948e2""},""workflow_id"":""01a01f57-a34b-7740-9717-596b8116910c/backend-production-v0.3-r006-live""}"
"urn:uuid:4b29887f-86ea-5c7b-85a8-77369364be9d","lebl.ra.qa.adverse-ledger.lebl-id-adv-0019","source","[""urn:uuid:d201dccf-a0cd-5ff1-96fb-e8f29b934141""]","partial","{""kind"":""file"",""locator"":""backend/production/v0.3/inputs/ADVERSE_LEDGER.jsonl:LEBL-ID-ADV-0019"",""sha256"":""sha256:53a24b132231d6dfa20999895bb5ad262d2eec9de49a4f72cd233f33b72350ca""}","[""adverse-ledger admission and recorded QA replay""]","2026-08-21T00:00:00Z","active","","","","","","","","","{""check_type"":""source"",""id"":""urn:uuid:4b29887f-86ea-5c7b-85a8-77369364be9d"",""note"":""bounded exercise audit identified the zero-denominator case; final replay must allow exactly the added a<b domain condition"",""record_type"":""qa_event"",""recorded_at"":""2026-08-21T00:00:00Z"",""result"":""partial"",""schema_name"":""lebl.backend.record"",""schema_version"":""0.3.0"",""semantic_aliases"":[],""semantic_key"":""lebl.ra.qa.adverse-ledger.lebl-id-adv-0019"",""status"":""active"",""subject_ids"":[""urn:uuid:d201dccf-a0cd-5ff1-96fb-e8f29b934141""],""supersedes_id"":null,""toolchain"":[""adverse-ledger admission and recorded QA replay""],""witness"":{""kind"":""file"",""locator"":""backend/production/v0.3/inputs/ADVERSE_LEDGER.jsonl:LEBL-ID-ADV-0019"",""sha256"":""sha256:53a24b132231d6dfa20999895bb5ad262d2eec9de49a4f72cd233f33b72350ca""},""workflow_id"":""01a01f57-a34b-7740-9717-596b8116910c/backend-production-v0.3-r006-live""}"
"urn:uuid:4bd79271-056e-53a8-9dbf-e10e1873f422","lebl.ra.qa.adverse-ledger.lebl-id-adv-0067","source","[""urn:uuid:0e070d7d-9e89-5a89-801a-ba7307bb93f8""]","pass","{""kind"":""file"",""locator"":""backend/production/v0.3/inputs/ADVERSE_LEDGER.jsonl:LEBL-ID-ADV-0067"",""sha256"":""sha256:97b065a1fa6f94cca24be953fc4514a3c09058ffaaa7f28636a361f8f1352f8a""}","[""adverse-ledger admission and recorded QA replay""]","2026-08-21T00:00:00Z","active","","","","","","","","","{""check_type"":""source"",""id"":""urn:uuid:4bd79271-056e-53a8-9dbf-e10e1873f422"",""note"":""exercise-block replay found this as the sole protected-math difference and confirmed all remaining topology"",""record_type"":""qa_event"",""recorded_at"":""2026-08-21T00:00:00Z"",""result"":""pass"",""schema_name"":""lebl.backend.record"",""schema_version"":""0.3.0"",""semantic_aliases"":[],""semantic_key"":""lebl.ra.qa.adverse-ledger.lebl-id-adv-0067"",""status"":""active"",""subject_ids"":[""urn:uuid:0e070d7d-9e89-5a89-801a-ba7307bb93f8""],""supersedes_id"":null,""toolchain"":[""adverse-ledger admission and recorded QA replay""],""witness"":{""kind"":""file"",""locator"":""backend/production/v0.3/inputs/ADVERSE_LEDGER.jsonl:LEBL-ID-ADV-0067"",""sha256"":""sha256:97b065a1fa6f94cca24be953fc4514a3c09058ffaaa7f28636a361f8f1352f8a""},""workflow_id"":""01a01f57-a34b-7740-9717-596b8116910c/backend-production-v0.3-r006-live""}"
"urn:uuid:4d4276a9-9eb1-5a8f-8407-cd2b6561961f","lebl.ra.qa.v0.3-input-integrity.manifest","source","[""urn:uuid:939707be-b74a-5a95-bd95-8c735b1e833b"",""urn:uuid:0d309b4b-5ed5-591e-ae01-0f9998b6e636"",""urn:uuid:3f44e8af-3d83-5c87-aa80-f1728067d86b"",""urn:uuid:b4209c3a-f622-5a20-970a-2d368274b2ca"",""urn:uuid:7f928d37-20cd-5886-b39b-bf4e0bd6a96a"",""urn:uuid:0b0eab53-d3ad-5ea3-8601-a2ef84432794"",""urn:uuid:7f8e66cf-3109-5f23-9844-9c908f758dc1"",""urn:uuid:e201de2b-d9cf-5b6f-a024-59d8e9d1eb5e"",""urn:uuid:5d76c92d-7645-58a7-b511-627d122b36ae"",""urn:uuid:2837e60f-acf7-5e86-a501-8f62652409ba"",""urn:uuid:5d545ba2-e395-59cd-85bb-93e658fcfedf"",""urn:uuid:159a2cfc-1ebf-5d51-be28-128847eaf02a"",""urn:uuid:c51b8e6b-1f60-5fe0-abc6-0582bbb388c6"",""urn:uuid:6d50832d-e7da-5a20-9070-822460348a4b"",""urn:uuid:7409146c-e0e2-55e4-a64d-a78ecf27d7bf"",""urn:uuid:00227bb8-30ad-5e16-b28f-16a37e8eb65e"",""urn:uuid:802c58bd-fbcc-538c-bf3f-e1fe853d5a20"",""urn:uuid:43a0a24a-1885-5cbc-b75b-49489a717ade"",""urn:uuid:9c5f1db6-ac33-5a4d-9adb-27e085266c45"",""urn:uuid:3d785131-bde9-5325-b269-0fb7da706bd6"",""urn:uuid:067468e8-280d-5ad6-96b4-89cc10e609ad"",""urn:uuid:0f253bac-3e2c-5e0f-ac96-01c95264a866"",""urn:uuid:2fbb1bce-6e2d-5f70-9c99-e9c4ca688b84"",""urn:uuid:6d1c2f5d-b696-5419-8c7d-2a69dd457573"",""urn:uuid:3438abc5-ea71-5451-ae65-71acd8e856a6"",""urn:uuid:ce36a958-940c-5cb8-b84e-cf6dd28e88f3"",""urn:uuid:0606e584-e38d-51a0-a41d-1fba7f906911"",""urn:uuid:76dd3ba2-1ab2-5af4-911b-e93f37eb4c30"",""urn:uuid:435d76fa-71cb-5b5d-ab60-4761e29ed6f5"",""urn:uuid:7bc0ec22-80d7-56b5-ae9b-a7b0fbe6b8a9"",""urn:uuid:7f287ebd-b151-5c33-b342-d94e6f23ff12"",""urn:uuid:fd92226d-b32f-5644-aa99-e92705c2ec0b"",""urn:uuid:3be96112-43d1-5060-bcab-2acd5131779c"",""urn:uuid:6b252441-3578-5244-8607-87d0203dcbf0"",""urn:uuid:c5778dd5-30df-542c-b0d2-e1e3964e6022"",""urn:uuid:39c312ec-759e-5900-8a0e-234276d1765a"",""urn:uuid:7938200f-b272-515c-b59a-45c20bb3bce7"",""urn:uuid:d1feaaaa-c779-55b2-bcbc-1e4b3cf85906"",""urn:uuid:6b4fa0fe-6f3a-5040-9b76-43f55e5e08fc"",""urn:uuid:f0f60925-8984-5c65-9056-d4a49e38e1b9"",""urn:uuid:7b8a0aed-9845-5e79-b1c7-5941dfe8743d"",""urn:uuid:589367ac-9c70-5147-bde3-45f1cbdc6f3a"",""urn:uuid:c027b2f0-36d6-5759-a86d-6f7f70be8412"",""urn:uuid:fd9928a9-f5b3-5c74-9a7a-afb15ee64c4f"",""urn:uuid:07374870-7c31-523d-a8d8-071c22b9c84c"",""urn:uuid:a88ea0a1-fef5-5c8f-a71a-63717c1b153e"",""urn:uuid:f98b1a96-1a5f-5b4a-89e1-e608cf889370"",""urn:uuid:277e45e5-87c8-50d4-9df1-f88fb12d81d9"",""urn:uuid:ac5dd45e-0ab8-571a-9274-37a0aced8b48"",""urn:uuid:73f76bbb-1849-5ed0-8b5e-05f3da85fcaf"",""urn:uuid:727aa567-3d79-5ce7-9f35-6aae66f62e2b"",""urn:uuid:2ec55e9b-0867-5f37-9e04-cc59c03a9e6f"",""urn:uuid:e063ebb9-cf59-518f-8ae7-33c835b7197b"",""urn:uuid:46258053-8995-5d95-ba66-96e1a0ca7f57"",""urn:uuid:71a1b53b-7ab6-5ac0-b670-808842ab0782"",""urn:uuid:8c23380e-5abc-5fa7-b1c5-6d52ef9c53b6"",""urn:uuid:8630be08-2901-5602-9626-c0cf026a12f8"",""urn:uuid:674c29ba-8653-54fe-97ff-2cbfc0dc2b49"",""urn:uuid:f0c5e6fe-62b7-5cc2-9c64-105c563b31c5"",""urn:uuid:fa161314-4a7c-580b-b878-3b18f83716a2"",""urn:uuid:32bbfa4a-36d4-504d-ae7f-b2b932067cc6"",""urn:uuid:2eef93b3-7f3f-55f0-9a62-569b27928de3"",""urn:uuid:32056342-6788-5bc3-9c6b-2d68a22f08c1"",""urn:uuid:d201dccf-a0cd-5ff1-96fb-e8f29b934141"",""urn:uuid:cd85506b-6844-5aa8-a2f6-b1f5783f2311"",""urn:uuid:dfbec4f7-f1fb-5043-80aa-dd9e18c40904"",""urn:uuid:2d2d2e6f-9132-5ce5-956f-f2d60eaea162"",""urn:uuid:9ab75a11-3744-510c-8967-9a46bdcdc135"",""urn:uuid:be4cea84-440b-538a-aba8-06c64bb6b513"",""urn:uuid:2be2de0c-644f-5967-bb6f-58b6fcea7569"",""urn:uuid:f0bf3009-b561-5e98-a737-e39ab057cd2d"",""urn:uuid:c910552d-d536-578d-b4bc-df784fcfe304"",""urn:uuid:a270f909-e582-52fa-839e-5f16a15a38fc"",""urn:uuid:8f0ab7fa-1596-5fa3-b492-64d58e22acbc"",""urn:uuid:220b0b5f-5464-5d10-8e91-e007ab89cc95"",""urn:uuid:6efdbd5a-85be-5c80-8709-a4cfed6f86c6"",""urn:uuid:9e5560f7-5424-501a-91f2-bb372fb7e0c9"",""urn:uuid:7e41849b-cc90-593f-8edf-08227e59f3d6"",""urn:uuid:42820b3e-fb8d-5b2e-aed4-ba8b3a245b4e"",""urn:uuid:0fdb7dc0-7c92-579e-97e7-002626473054"",""urn:uuid:a2e4c4f6-f89c-57fa-86b6-6c0737f03429"",""urn:uuid:583e0cd8-9ff4-57ff-8bd8-55a4b6ec5483"",""urn:uuid:2abef04b-2d4d-5238-8c86-7297c9dcec73"",""urn:uuid:2244cd35-5995-52c5-bfe8-640ade304fd5"",""urn:uuid:4c3f52ca-7c43-5dce-8d0d-56e372886789"",""urn:uuid:1fa8b22b-112e-56e5-8c26-75cfdc375563"",""urn:uuid:1c7fb31c-f936-5801-8352-8354326ed5c8"",""urn:uuid:16871195-c52d-50d1-a2cf-3a5e063ab8bd"",""urn:uuid:f6b90b3c-7203-5bb2-877b-6c71d7842611"",""urn:uuid:1d05571f-9548-5c94-a6a9-7dd7716adf5a"",""urn:uuid:54af0ff3-80e7-5ecc-a3e1-c2806c999896"",""urn:uuid:f523812d-ad23-5250-97a8-88617ac2101e"",""urn:uuid:5bcbc34d-9943-572d-9a58-0f00e0c0c62f"",""urn:uuid:63708803-214f-5a25-84c4-6946233f282c"",""urn:uuid:0ca6e51d-4663-5814-83e2-289fa2803f20"",""urn:uuid:67a80b01-e07b-5529-9b3e-314b636a2570"",""urn:uuid:9bcd2e4f-c3a1-56ce-af36-7d94c43bbb1b"",""urn:uuid:8464650a-4003-5dd6-aeb3-c8a881811cf3"",""urn:uuid:1d4fc966-6b2d-56b2-a4a7-ca0f332cb60c"",""urn:uuid:3f284491-cb5b-5fc4-ab5e-ff942a75895e"",""urn:uuid:d55d3893-afc0-5386-8d83-371e86292b77"",""urn:uuid:90d834f9-e546-558e-ab4e-aa4cbf78c62c"",""urn:uuid:248b46e9-2aec-509f-a567-661f75e87778"",""urn:uuid:891e6de1-81d7-5205-bf64-92fccef6036a"",""urn:uuid:1c3448f2-9226-514e-8d93-e2ea5f2e1de2"",""urn:uuid:415347de-13ca-5e87-9968-1cfa1286683d"",""urn:uuid:bcf6a6c9-a4b4-5c1e-ba58-230dc7588475"",""urn:uuid:3be013f5-7f1d-5048-984e-1cb684a53ed0"",""urn:uuid:b4ecd3e6-f415-5f9b-a575-3bb9824b2c39"",""urn:uuid:3e77fced-eddc-54cf-8578-c407389dd7cf"",""urn:uuid:7d18f466-c47f-5b58-b647-1b10e3a6a0b7"",""urn:uuid:34e28bfb-c451-5dee-92b6-28da4d6ffbfe"",""urn:uuid:44b8e35b-2da4-5e87-aa3d-b7b986b8f28f"",""urn:uuid:d12ce00c-29a3-5451-a73d-d3a85ff86488"",""urn:uuid:f06ef48e-c08e-56db-b7dc-8bfe2f33c377"",""urn:uuid:0294cc57-9426-5f38-8fc5-3df88fc762b3"",""urn:uuid:4b28bbb0-9c15-5f73-ab80-761307f0e5c1"",""urn:uuid:3342bfa1-56e7-5f86-89ad-330731408a74"",""urn:uuid:ca411970-540a-5c77-a271-26b98da616e7"",""urn:uuid:a8cb93f0-b9f2-59cd-b694-a95280e00ca8"",""urn:uuid:c38a61c6-f277-58a0-b365-c84e70a32d99"",""urn:uuid:8c5b2609-bc4a-59a4-9953-87a448c83ff6"",""urn:uuid:48df1653-2fd0-5e18-983c-0d327232a40e"",""urn:uuid:c868ae96-c663-52fb-92bb-174e811cc813"",""urn:uuid:7cd72268-919e-5a0f-bf8d-a231a51cfd04"",""urn:uuid:bf4dfdef-3bf3-5d7f-88eb-12b4f2a1be0b"",""urn:uuid:b9c92fbc-addc-517e-8c7f-35333036c1b4"",""urn:uuid:fdd88948-b072-58d3-a1a1-d0b1df00a026"",""urn:uuid:863bf0b7-e71e-5d5d-b70b-3682cc3d696b"",""urn:uuid:64831c22-a1a4-5c2d-915e-d410f9280474"",""urn:uuid:18497c05-32c8-53b0-bd14-c356d7dbd1f7"",""urn:uuid:0e070d7d-9e89-5a89-801a-ba7307bb93f8"",""urn:uuid:ab44c7ec-e8dc-5263-ab49-4a0d166f07e5"",""urn:uuid:d360777c-6ad8-5d77-9554-152398848fc7"",""urn:uuid:3afb549b-7550-596c-b411-fc8c9f334ad8"",""urn:uuid:c59522bb-2dea-58d0-a866-ff9f584c6072"",""urn:uuid:b4b4c374-0e53-560b-8db8-bf5e1eaa7834"",""urn:uuid:74817b67-f33a-5770-8d87-c4ca97aa92fd"",""urn:uuid:41c7a396-a90b-502e-85f3-1d57007123e8"",""urn:uuid:d665b535-5e0c-542e-bb20-7a7eb4e3c204"",""urn:uuid:48e3127e-e94d-5ffc-9a18-36486f33d2ed"",""urn:uuid:d866dd1a-78b4-59c6-af38-3baeece40606"",""urn:uuid:dde1b024-05c1-5532-9f80-f2b44bfe900f"",""urn:uuid:1f82f187-7173-5327-a801-29c18b499739"",""urn:uuid:bcb9c5a5-4cdc-5911-b7f0-15b6d5e35c98"",""urn:uuid:73258470-f5a9-522b-a40d-8b627f86736e"",""urn:uuid:eb7c44fa-9dcf-5006-b9ca-63fb55331344"",""urn:uuid:f7238a10-37f0-5ac5-8b16-77cff97f2e0a"",""urn:uuid:9871b870-dc3e-56c3-a4b9-88e786e38fb8"",""urn:uuid:ec427a0e-286f-5800-86af-652c91e28c8e"",""urn:uuid:8b5077c5-9f15-575a-adf3-a3b8d2e63390"",""urn:uuid:666ea759-7223-57f5-bb58-684b9f0b40f9"",""urn:uuid:4074a4d3-05e1-5d53-b2a2-1a0d15d7c027"",""urn:uuid:c9e30a12-5ef0-540f-b75b-55ec041983b3"",""urn:uuid:fd5e5f5e-4d07-5d2f-ae06-4d141776b2f3"",""urn:uuid:5075e5d3-2355-52c9-a3a7-5bc334d6657f"",""urn:uuid:c5df943b-002b-508f-8996-4545abe13552"",""urn:uuid:b4f516f8-7cb2-5c89-8610-add5cd10ce6d"",""urn:uuid:71914fea-5ba3-58df-a2f0-587227a0b938"",""urn:uuid:d53e75c5-ed17-5481-9f76-357901a8ab3d"",""urn:uuid:5f6c3f9e-8fd3-5e7a-bbf6-b6d050e604ac"",""urn:uuid:997a9f77-c53e-54e0-beb5-1dcc79a9f04d"",""urn:uuid:bf502a97-8591-513d-9d57-1a8fe7bb0721"",""urn:uuid:cda4106c-5d70-591d-a55b-545e9fa09425"",""urn:uuid:7d704713-a161-5246-ade4-669650781a0a"",""urn:uuid:8f722384-e145-51a8-b5b4-a8bd09dedc8d"",""urn:uuid:9a23c9d2-b16f-56b5-a3a5-a4b99a904ab6""]","pass","{""kind"":""file"",""locator"":""backend/production/v0.3/inputs/TRANSLATION_MANIFEST.jsonl"",""sha256"":""sha256:aa49b93adf9708aeb648b1213eb4632a553769799232318463ad6729d6068041""}","[""exact byte count, SHA-256 binding, deterministic parse, and invariant validation""]","2026-08-21T00:00:00Z","active","","","","","","","","","{""check_type"":""source"",""id"":""urn:uuid:4d4276a9-9eb1-5a8f-8407-cd2b6561961f"",""note"":""Frozen manifest input passed its exact v0.3 identity and structural gate."",""record_type"":""qa_event"",""recorded_at"":""2026-08-21T00:00:00Z"",""result"":""pass"",""schema_name"":""lebl.backend.record"",""schema_version"":""0.3.0"",""semantic_aliases"":[],""semantic_key"":""lebl.ra.qa.v0.3-input-integrity.manifest"",""status"":""active"",""subject_ids"":[""urn:uuid:939707be-b74a-5a95-bd95-8c735b1e833b"",""urn:uuid:0d309b4b-5ed5-591e-ae01-0f9998b6e636"",""urn:uuid:3f44e8af-3d83-5c87-aa80-f1728067d86b"",""urn:uuid:b4209c3a-f622-5a20-970a-2d368274b2ca"",""urn:uuid:7f928d37-20cd-5886-b39b-bf4e0bd6a96a"",""urn:uuid:0b0eab53-d3ad-5ea3-8601-a2ef84432794"",""urn:uuid:7f8e66cf-3109-5f23-9844-9c908f758dc1"",""urn:uuid:e201de2b-d9cf-5b6f-a024-59d8e9d1eb5e"",""urn:uuid:5d76c92d-7645-58a7-b511-627d122b36ae"",""urn:uuid:2837e60f-acf7-5e86-a501-8f62652409ba"",""urn:uuid:5d545ba2-e395-59cd-85bb-93e658fcfedf"",""urn:uuid:159a2cfc-1ebf-5d51-be28-128847eaf02a"",""urn:uuid:c51b8e6b-1f60-5fe0-abc6-0582bbb388c6"",""urn:uuid:6d50832d-e7da-5a20-9070-822460348a4b"",""urn:uuid:7409146c-e0e2-55e4-a64d-a78ecf27d7bf"",""urn:uuid:00227bb8-30ad-5e16-b28f-16a37e8eb65e"",""urn:uuid:802c58bd-fbcc-538c-bf3f-e1fe853d5a20"",""urn:uuid:43a0a24a-1885-5cbc-b75b-49489a717ade"",""urn:uuid:9c5f1db6-ac33-5a4d-9adb-27e085266c45"",""urn:uuid:3d785131-bde9-5325-b269-0fb7da706bd6"",""urn:uuid:067468e8-280d-5ad6-96b4-89cc10e609ad"",""urn:uuid:0f253bac-3e2c-5e0f-ac96-01c95264a866"",""urn:uuid:2fbb1bce-6e2d-5f70-9c99-e9c4ca688b84"",""urn:uuid:6d1c2f5d-b696-5419-8c7d-2a69dd457573"",""urn:uuid:3438abc5-ea71-5451-ae65-71acd8e856a6"",""urn:uuid:ce36a958-940c-5cb8-b84e-cf6dd28e88f3"",""urn:uuid:0606e584-e38d-51a0-a41d-1fba7f906911"",""urn:uuid:76dd3ba2-1ab2-5af4-911b-e93f37eb4c30"",""urn:uuid:435d76fa-71cb-5b5d-ab60-4761e29ed6f5"",""urn:uuid:7bc0ec22-80d7-56b5-ae9b-a7b0fbe6b8a9"",""urn:uuid:7f287ebd-b151-5c33-b342-d94e6f23ff12"",""urn:uuid:fd92226d-b32f-5644-aa99-e92705c2ec0b"",""urn:uuid:3be96112-43d1-5060-bcab-2acd5131779c"",""urn:uuid:6b252441-3578-5244-8607-87d0203dcbf0"",""urn:uuid:c5778dd5-30df-542c-b0d2-e1e3964e6022"",""urn:uuid:39c312ec-759e-5900-8a0e-234276d1765a"",""urn:uuid:7938200f-b272-515c-b59a-45c20bb3bce7"",""urn:uuid:d1feaaaa-c779-55b2-bcbc-1e4b3cf85906"",""urn:uuid:6b4fa0fe-6f3a-5040-9b76-43f55e5e08fc"",""urn:uuid:f0f60925-8984-5c65-9056-d4a49e38e1b9"",""urn:uuid:7b8a0aed-9845-5e79-b1c7-5941dfe8743d"",""urn:uuid:589367ac-9c70-5147-bde3-45f1cbdc6f3a"",""urn:uuid:c027b2f0-36d6-5759-a86d-6f7f70be8412"",""urn:uuid:fd9928a9-f5b3-5c74-9a7a-afb15ee64c4f"",""urn:uuid:07374870-7c31-523d-a8d8-071c22b9c84c"",""urn:uuid:a88ea0a1-fef5-5c8f-a71a-63717c1b153e"",""urn:uuid:f98b1a96-1a5f-5b4a-89e1-e608cf889370"",""urn:uuid:277e45e5-87c8-50d4-9df1-f88fb12d81d9"",""urn:uuid:ac5dd45e-0ab8-571a-9274-37a0aced8b48"",""urn:uuid:73f76bbb-1849-5ed0-8b5e-05f3da85fcaf"",""urn:uuid:727aa567-3d79-5ce7-9f35-6aae66f62e2b"",""urn:uuid:2ec55e9b-0867-5f37-9e04-cc59c03a9e6f"",""urn:uuid:e063ebb9-cf59-518f-8ae7-33c835b7197b"",""urn:uuid:46258053-8995-5d95-ba66-96e1a0ca7f57"",""urn:uuid:71a1b53b-7ab6-5ac0-b670-808842ab0782"",""urn:uuid:8c23380e-5abc-5fa7-b1c5-6d52ef9c53b6"",""urn:uuid:8630be08-2901-5602-9626-c0cf026a12f8"",""urn:uuid:674c29ba-8653-54fe-97ff-2cbfc0dc2b49"",""urn:uuid:f0c5e6fe-62b7-5cc2-9c64-105c563b31c5"",""urn:uuid:fa161314-4a7c-580b-b878-3b18f83716a2"",""urn:uuid:32bbfa4a-36d4-504d-ae7f-b2b932067cc6"",""urn:uuid:2eef93b3-7f3f-55f0-9a62-569b27928de3"",""urn:uuid:32056342-6788-5bc3-9c6b-2d68a22f08c1"",""urn:uuid:d201dccf-a0cd-5ff1-96fb-e8f29b934141"",""urn:uuid:cd85506b-6844-5aa8-a2f6-b1f5783f2311"",""urn:uuid:dfbec4f7-f1fb-5043-80aa-dd9e18c40904"",""urn:uuid:2d2d2e6f-9132-5ce5-956f-f2d60eaea162"",""urn:uuid:9ab75a11-3744-510c-8967-9a46bdcdc135"",""urn:uuid:be4cea84-440b-538a-aba8-06c64bb6b513"",""urn:uuid:2be2de0c-644f-5967-bb6f-58b6fcea7569"",""urn:uuid:f0bf3009-b561-5e98-a737-e39ab057cd2d"",""urn:uuid:c910552d-d536-578d-b4bc-df784fcfe304"",""urn:uuid:a270f909-e582-52fa-839e-5f16a15a38fc"",""urn:uuid:8f0ab7fa-1596-5fa3-b492-64d58e22acbc"",""urn:uuid:220b0b5f-5464-5d10-8e91-e007ab89cc95"",""urn:uuid:6efdbd5a-85be-5c80-8709-a4cfed6f86c6"",""urn:uuid:9e5560f7-5424-501a-91f2-bb372fb7e0c9"",""urn:uuid:7e41849b-cc90-593f-8edf-08227e59f3d6"",""urn:uuid:42820b3e-fb8d-5b2e-aed4-ba8b3a245b4e"",""urn:uuid:0fdb7dc0-7c92-579e-97e7-002626473054"",""urn:uuid:a2e4c4f6-f89c-57fa-86b6-6c0737f03429"",""urn:uuid:583e0cd8-9ff4-57ff-8bd8-55a4b6ec5483"",""urn:uuid:2abef04b-2d4d-5238-8c86-7297c9dcec73"",""urn:uuid:2244cd35-5995-52c5-bfe8-640ade304fd5"",""urn:uuid:4c3f52ca-7c43-5dce-8d0d-56e372886789"",""urn:uuid:1fa8b22b-112e-56e5-8c26-75cfdc375563"",""urn:uuid:1c7fb31c-f936-5801-8352-8354326ed5c8"",""urn:uuid:16871195-c52d-50d1-a2cf-3a5e063ab8bd"",""urn:uuid:f6b90b3c-7203-5bb2-877b-6c71d7842611"",""urn:uuid:1d05571f-9548-5c94-a6a9-7dd7716adf5a"",""urn:uuid:54af0ff3-80e7-5ecc-a3e1-c2806c999896"",""urn:uuid:f523812d-ad23-5250-97a8-88617ac2101e"",""urn:uuid:5bcbc34d-9943-572d-9a58-0f00e0c0c62f"",""urn:uuid:63708803-214f-5a25-84c4-6946233f282c"",""urn:uuid:0ca6e51d-4663-5814-83e2-289fa2803f20"",""urn:uuid:67a80b01-e07b-5529-9b3e-314b636a2570"",""urn:uuid:9bcd2e4f-c3a1-56ce-af36-7d94c43bbb1b"",""urn:uuid:8464650a-4003-5dd6-aeb3-c8a881811cf3"",""urn:uuid:1d4fc966-6b2d-56b2-a4a7-ca0f332cb60c"",""urn:uuid:3f284491-cb5b-5fc4-ab5e-ff942a75895e"",""urn:uuid:d55d3893-afc0-5386-8d83-371e86292b77"",""urn:uuid:90d834f9-e546-558e-ab4e-aa4cbf78c62c"",""urn:uuid:248b46e9-2aec-509f-a567-661f75e87778"",""urn:uuid:891e6de1-81d7-5205-bf64-92fccef6036a"",""urn:uuid:1c3448f2-9226-514e-8d93-e2ea5f2e1de2"",""urn:uuid:415347de-13ca-5e87-9968-1cfa1286683d"",""urn:uuid:bcf6a6c9-a4b4-5c1e-ba58-230dc7588475"",""urn:uuid:3be013f5-7f1d-5048-984e-1cb684a53ed0"",""urn:uuid:b4ecd3e6-f415-5f9b-a575-3bb9824b2c39"",""urn:uuid:3e77fced-eddc-54cf-8578-c407389dd7cf"",""urn:uuid:7d18f466-c47f-5b58-b647-1b10e3a6a0b7"",""urn:uuid:34e28bfb-c451-5dee-92b6-28da4d6ffbfe"",""urn:uuid:44b8e35b-2da4-5e87-aa3d-b7b986b8f28f"",""urn:uuid:d12ce00c-29a3-5451-a73d-d3a85ff86488"",""urn:uuid:f06ef48e-c08e-56db-b7dc-8bfe2f33c377"",""urn:uuid:0294cc57-9426-5f38-8fc5-3df88fc762b3"",""urn:uuid:4b28bbb0-9c15-5f73-ab80-761307f0e5c1"",""urn:uuid:3342bfa1-56e7-5f86-89ad-330731408a74"",""urn:uuid:ca411970-540a-5c77-a271-26b98da616e7"",""urn:uuid:a8cb93f0-b9f2-59cd-b694-a95280e00ca8"",""urn:uuid:c38a61c6-f277-58a0-b365-c84e70a32d99"",""urn:uuid:8c5b2609-bc4a-59a4-9953-87a448c83ff6"",""urn:uuid:48df1653-2fd0-5e18-983c-0d327232a40e"",""urn:uuid:c868ae96-c663-52fb-92bb-174e811cc813"",""urn:uuid:7cd72268-919e-5a0f-bf8d-a231a51cfd04"",""urn:uuid:bf4dfdef-3bf3-5d7f-88eb-12b4f2a1be0b"",""urn:uuid:b9c92fbc-addc-517e-8c7f-35333036c1b4"",""urn:uuid:fdd88948-b072-58d3-a1a1-d0b1df00a026"",""urn:uuid:863bf0b7-e71e-5d5d-b70b-3682cc3d696b"",""urn:uuid:64831c22-a1a4-5c2d-915e-d410f9280474"",""urn:uuid:18497c05-32c8-53b0-bd14-c356d7dbd1f7"",""urn:uuid:0e070d7d-9e89-5a89-801a-ba7307bb93f8"",""urn:uuid:ab44c7ec-e8dc-5263-ab49-4a0d166f07e5"",""urn:uuid:d360777c-6ad8-5d77-9554-152398848fc7"",""urn:uuid:3afb549b-7550-596c-b411-fc8c9f334ad8"",""urn:uuid:c59522bb-2dea-58d0-a866-ff9f584c6072"",""urn:uuid:b4b4c374-0e53-560b-8db8-bf5e1eaa7834"",""urn:uuid:74817b67-f33a-5770-8d87-c4ca97aa92fd"",""urn:uuid:41c7a396-a90b-502e-85f3-1d57007123e8"",""urn:uuid:d665b535-5e0c-542e-bb20-7a7eb4e3c204"",""urn:uuid:48e3127e-e94d-5ffc-9a18-36486f33d2ed"",""urn:uuid:d866dd1a-78b4-59c6-af38-3baeece40606"",""urn:uuid:dde1b024-05c1-5532-9f80-f2b44bfe900f"",""urn:uuid:1f82f187-7173-5327-a801-29c18b499739"",""urn:uuid:bcb9c5a5-4cdc-5911-b7f0-15b6d5e35c98"",""urn:uuid:73258470-f5a9-522b-a40d-8b627f86736e"",""urn:uuid:eb7c44fa-9dcf-5006-b9ca-63fb55331344"",""urn:uuid:f7238a10-37f0-5ac5-8b16-77cff97f2e0a"",""urn:uuid:9871b870-dc3e-56c3-a4b9-88e786e38fb8"",""urn:uuid:ec427a0e-286f-5800-86af-652c91e28c8e"",""urn:uuid:8b5077c5-9f15-575a-adf3-a3b8d2e63390"",""urn:uuid:666ea759-7223-57f5-bb58-684b9f0b40f9"",""urn:uuid:4074a4d3-05e1-5d53-b2a2-1a0d15d7c027"",""urn:uuid:c9e30a12-5ef0-540f-b75b-55ec041983b3"",""urn:uuid:fd5e5f5e-4d07-5d2f-ae06-4d141776b2f3"",""urn:uuid:5075e5d3-2355-52c9-a3a7-5bc334d6657f"",""urn:uuid:c5df943b-002b-508f-8996-4545abe13552"",""urn:uuid:b4f516f8-7cb2-5c89-8610-add5cd10ce6d"",""urn:uuid:71914fea-5ba3-58df-a2f0-587227a0b938"",""urn:uuid:d53e75c5-ed17-5481-9f76-357901a8ab3d"",""urn:uuid:5f6c3f9e-8fd3-5e7a-bbf6-b6d050e604ac"",""urn:uuid:997a9f77-c53e-54e0-beb5-1dcc79a9f04d"",""urn:uuid:bf502a97-8591-513d-9d57-1a8fe7bb0721"",""urn:uuid:cda4106c-5d70-591d-a55b-545e9fa09425"",""urn:uuid:7d704713-a161-5246-ade4-669650781a0a"",""urn:uuid:8f722384-e145-51a8-b5b4-a8bd09dedc8d"",""urn:uuid:9a23c9d2-b16f-56b5-a3a5-a4b99a904ab6""],""supersedes_id"":null,""toolchain"":[""exact byte count, SHA-256 binding, deterministic parse, and invariant validation""],""witness"":{""kind"":""file"",""locator"":""backend/production/v0.3/inputs/TRANSLATION_MANIFEST.jsonl"",""sha256"":""sha256:aa49b93adf9708aeb648b1213eb4632a553769799232318463ad6729d6068041""},""workflow_id"":""01a01f57-a34b-7740-9717-596b8116910c/backend-production-v0.3-r006-live""}"
"urn:uuid:4ec49258-06cd-5755-821e-89d5bf54e04a","lebl.ra.qa.adverse-ledger.lebl-id-adv-0003","source","[""urn:uuid:e201de2b-d9cf-5b6f-a024-59d8e9d1eb5e""]","partial","{""kind"":""file"",""locator"":""backend/production/v0.3/inputs/ADVERSE_LEDGER.jsonl:LEBL-ID-ADV-0003"",""sha256"":""sha256:8b4e72bd7fa8545ca1e6b943c85c0683d7c346fc9cc2e24e3f7f591eb79b08b7""}","[""adverse-ledger admission and recorded QA replay""]","2026-08-21T00:00:00Z","active","","","","","","","","","{""check_type"":""source"",""id"":""urn:uuid:4ec49258-06cd-5755-821e-89d5bf54e04a"",""note"":""deterministic cross-surface comparison; final driver audit pending"",""record_type"":""qa_event"",""recorded_at"":""2026-08-21T00:00:00Z"",""result"":""partial"",""schema_name"":""lebl.backend.record"",""schema_version"":""0.3.0"",""semantic_aliases"":[],""semantic_key"":""lebl.ra.qa.adverse-ledger.lebl-id-adv-0003"",""status"":""active"",""subject_ids"":[""urn:uuid:e201de2b-d9cf-5b6f-a024-59d8e9d1eb5e""],""supersedes_id"":null,""toolchain"":[""adverse-ledger admission and recorded QA replay""],""witness"":{""kind"":""file"",""locator"":""backend/production/v0.3/inputs/ADVERSE_LEDGER.jsonl:LEBL-ID-ADV-0003"",""sha256"":""sha256:8b4e72bd7fa8545ca1e6b943c85c0683d7c346fc9cc2e24e3f7f591eb79b08b7""},""workflow_id"":""01a01f57-a34b-7740-9717-596b8116910c/backend-production-v0.3-r006-live""}"
"urn:uuid:4ec98f53-dc48-54c6-90f7-53305f05e025","lebl.ra.qa.adverse-ledger.lebl-id-adv-0084","source","[""urn:uuid:5075e5d3-2355-52c9-a3a7-5bc334d6657f""]","partial","{""kind"":""file"",""locator"":""backend/production/v0.3/inputs/ADVERSE_LEDGER.jsonl:LEBL-ID-ADV-0084"",""sha256"":""sha256:5453f0b243b895bd8355c95370c0c496f55bf0a7c575dd6df66af0c5ee579389""}","[""adverse-ledger admission and recorded QA replay""]","2026-08-21T00:00:00Z","active","","","","","","","","","{""check_type"":""source"",""id"":""urn:uuid:4ec98f53-dc48-54c6-90f7-53305f05e025"",""note"":""the corrected justification establishes the exact premise needed for the following dimension argument"",""record_type"":""qa_event"",""recorded_at"":""2026-08-21T00:00:00Z"",""result"":""partial"",""schema_name"":""lebl.backend.record"",""schema_version"":""0.3.0"",""semantic_aliases"":[],""semantic_key"":""lebl.ra.qa.adverse-ledger.lebl-id-adv-0084"",""status"":""active"",""subject_ids"":[""urn:uuid:5075e5d3-2355-52c9-a3a7-5bc334d6657f""],""supersedes_id"":null,""toolchain"":[""adverse-ledger admission and recorded QA replay""],""witness"":{""kind"":""file"",""locator"":""backend/production/v0.3/inputs/ADVERSE_LEDGER.jsonl:LEBL-ID-ADV-0084"",""sha256"":""sha256:5453f0b243b895bd8355c95370c0c496f55bf0a7c575dd6df66af0c5ee579389""},""workflow_id"":""01a01f57-a34b-7740-9717-596b8116910c/backend-production-v0.3-r006-live""}"
"urn:uuid:50abf5be-aef4-5c86-98b6-d3376d6b8ae4","lebl.ra.qa.adverse-ledger.lebl-id-adv-0032","source","[""urn:uuid:4c3f52ca-7c43-5dce-8d0d-56e372886789""]","pass","{""kind"":""file"",""locator"":""backend/production/v0.3/inputs/ADVERSE_LEDGER.jsonl:LEBL-ID-ADV-0032"",""sha256"":""sha256:89dd264d74f342b88368e6a2ebde8f11b7d2e87884bb7888149f624d2004e75a""}","[""adverse-ledger admission and recorded QA replay""]","2026-08-21T00:00:00Z","active","","","","","","","","","{""check_type"":""source"",""id"":""urn:uuid:50abf5be-aef4-5c86-98b6-d3376d6b8ae4"",""note"":""independent bounded Rolle audit re-derived the proof and confirmed the interval change as the sole protected-math delta"",""record_type"":""qa_event"",""recorded_at"":""2026-08-21T00:00:00Z"",""result"":""pass"",""schema_name"":""lebl.backend.record"",""schema_version"":""0.3.0"",""semantic_aliases"":[],""semantic_key"":""lebl.ra.qa.adverse-ledger.lebl-id-adv-0032"",""status"":""active"",""subject_ids"":[""urn:uuid:4c3f52ca-7c43-5dce-8d0d-56e372886789""],""supersedes_id"":null,""toolchain"":[""adverse-ledger admission and recorded QA replay""],""witness"":{""kind"":""file"",""locator"":""backend/production/v0.3/inputs/ADVERSE_LEDGER.jsonl:LEBL-ID-ADV-0032"",""sha256"":""sha256:89dd264d74f342b88368e6a2ebde8f11b7d2e87884bb7888149f624d2004e75a""},""workflow_id"":""01a01f57-a34b-7740-9717-596b8116910c/backend-production-v0.3-r006-live""}"
"urn:uuid:55adf61a-cf98-5635-8d72-269650c3e205","lebl.ra.qa.adverse-ledger.lebl-id-adv-0045","source","[""urn:uuid:67a80b01-e07b-5529-9b3e-314b636a2570""]","pass","{""kind"":""file"",""locator"":""backend/production/v0.3/inputs/ADVERSE_LEDGER.jsonl:LEBL-ID-ADV-0045"",""sha256"":""sha256:99dd1373d228f5d74cdfee98bd4846b8b2fda7bdbdb13a587685abb8f7fd4d5e""}","[""adverse-ledger admission and recorded QA replay""]","2026-08-21T00:00:00Z","active","","","","","","","","","{""check_type"":""source"",""id"":""urn:uuid:55adf61a-cf98-5635-8d72-269650c3e205"",""note"":""bounded partitions audit identified the undefined index and confirmed it as the sole pre-polish protected-math delta"",""record_type"":""qa_event"",""recorded_at"":""2026-08-21T00:00:00Z"",""result"":""pass"",""schema_name"":""lebl.backend.record"",""schema_version"":""0.3.0"",""semantic_aliases"":[],""semantic_key"":""lebl.ra.qa.adverse-ledger.lebl-id-adv-0045"",""status"":""active"",""subject_ids"":[""urn:uuid:67a80b01-e07b-5529-9b3e-314b636a2570""],""supersedes_id"":null,""toolchain"":[""adverse-ledger admission and recorded QA replay""],""witness"":{""kind"":""file"",""locator"":""backend/production/v0.3/inputs/ADVERSE_LEDGER.jsonl:LEBL-ID-ADV-0045"",""sha256"":""sha256:99dd1373d228f5d74cdfee98bd4846b8b2fda7bdbdb13a587685abb8f7fd4d5e""},""workflow_id"":""01a01f57-a34b-7740-9717-596b8116910c/backend-production-v0.3-r006-live""}"
"urn:uuid:5c356321-f0fa-581e-8e5d-1b7a1b84ae58","lebl.ra.qa.adverse-ledger.lebl-id-adv-0091","source","[""urn:uuid:997a9f77-c53e-54e0-beb5-1dcc79a9f04d""]","partial","{""kind"":""file"",""locator"":""backend/production/v0.3/inputs/ADVERSE_LEDGER.jsonl:LEBL-ID-ADV-0091"",""sha256"":""sha256:4e4a747427905d84616d737947fc0477be92146f8681201cfb92d8f8d584dfdc""}","[""adverse-ledger admission and recorded QA replay""]","2026-08-21T00:00:00Z","active","","","","","","","","","{""check_type"":""source"",""id"":""urn:uuid:5c356321-f0fa-581e-8e5d-1b7a1b84ae58"",""note"":""compactness and linear independence make the continuous norm function strictly positive on the unit sphere; the following exercise independently states the same m,M>0 conclusion"",""record_type"":""qa_event"",""recorded_at"":""2026-08-21T00:00:00Z"",""result"":""partial"",""schema_name"":""lebl.backend.record"",""schema_version"":""0.3.0"",""semantic_aliases"":[],""semantic_key"":""lebl.ra.qa.adverse-ledger.lebl-id-adv-0091"",""status"":""active"",""subject_ids"":[""urn:uuid:997a9f77-c53e-54e0-beb5-1dcc79a9f04d""],""supersedes_id"":null,""toolchain"":[""adverse-ledger admission and recorded QA replay""],""witness"":{""kind"":""file"",""locator"":""backend/production/v0.3/inputs/ADVERSE_LEDGER.jsonl:LEBL-ID-ADV-0091"",""sha256"":""sha256:4e4a747427905d84616d737947fc0477be92146f8681201cfb92d8f8d584dfdc""},""workflow_id"":""01a01f57-a34b-7740-9717-596b8116910c/backend-production-v0.3-r006-live""}"
"urn:uuid:5d5aaebe-4fca-5968-9082-803ac1d31a70","lebl.ra.qa.adverse-ledger.lebl-id-adv-0066","source","[""urn:uuid:18497c05-32c8-53b0-bd14-c356d7dbd1f7""]","pass","{""kind"":""file"",""locator"":""backend/production/v0.3/inputs/ADVERSE_LEDGER.jsonl:LEBL-ID-ADV-0066"",""sha256"":""sha256:48688af4175cea498e7a0cb479011b7de6c7dac6081847a9b63a1e8feec40204""}","[""adverse-ledger admission and recorded QA replay""]","2026-08-21T00:00:00Z","active","","","","","","","","","{""check_type"":""source"",""id"":""urn:uuid:5d5aaebe-4fca-5968-9082-803ac1d31a70"",""note"":""bounded semantic replay confirmed that only the missing nonemptiness scope was added"",""record_type"":""qa_event"",""recorded_at"":""2026-08-21T00:00:00Z"",""result"":""pass"",""schema_name"":""lebl.backend.record"",""schema_version"":""0.3.0"",""semantic_aliases"":[],""semantic_key"":""lebl.ra.qa.adverse-ledger.lebl-id-adv-0066"",""status"":""active"",""subject_ids"":[""urn:uuid:18497c05-32c8-53b0-bd14-c356d7dbd1f7""],""supersedes_id"":null,""toolchain"":[""adverse-ledger admission and recorded QA replay""],""witness"":{""kind"":""file"",""locator"":""backend/production/v0.3/inputs/ADVERSE_LEDGER.jsonl:LEBL-ID-ADV-0066"",""sha256"":""sha256:48688af4175cea498e7a0cb479011b7de6c7dac6081847a9b63a1e8feec40204""},""workflow_id"":""01a01f57-a34b-7740-9717-596b8116910c/backend-production-v0.3-r006-live""}"
"urn:uuid:5defd771-bb75-520e-855f-d74f49460bb8","lebl.ra.qa.adverse-ledger.lebl-id-adv-0027","source","[""urn:uuid:6efdbd5a-85be-5c80-8709-a4cfed6f86c6""]","pass","{""kind"":""file"",""locator"":""backend/production/v0.3/inputs/ADVERSE_LEDGER.jsonl:LEBL-ID-ADV-0027"",""sha256"":""sha256:8086c2c387c9c4514a8351ecc28409fd01c491334ff1490779dd329e35c2b46c""}","[""adverse-ledger admission and recorded QA replay""]","2026-08-21T00:00:00Z","active","","","","","","","","","{""check_type"":""source"",""id"":""urn:uuid:5defd771-bb75-520e-855f-d74f49460bb8"",""note"":""independent bounded section-opening audit confirmed all nine math spans and ordered structural surfaces and supported the terminology from Indonesian university sources"",""record_type"":""qa_event"",""recorded_at"":""2026-08-21T00:00:00Z"",""result"":""pass"",""schema_name"":""lebl.backend.record"",""schema_version"":""0.3.0"",""semantic_aliases"":[],""semantic_key"":""lebl.ra.qa.adverse-ledger.lebl-id-adv-0027"",""status"":""active"",""subject_ids"":[""urn:uuid:6efdbd5a-85be-5c80-8709-a4cfed6f86c6""],""supersedes_id"":null,""toolchain"":[""adverse-ledger admission and recorded QA replay""],""witness"":{""kind"":""file"",""locator"":""backend/production/v0.3/inputs/ADVERSE_LEDGER.jsonl:LEBL-ID-ADV-0027"",""sha256"":""sha256:8086c2c387c9c4514a8351ecc28409fd01c491334ff1490779dd329e35c2b46c""},""workflow_id"":""01a01f57-a34b-7740-9717-596b8116910c/backend-production-v0.3-r006-live""}"
"urn:uuid:5ec04d2b-f9a3-5efe-a5d1-87c5d77ea2b3","lebl.ra.qa.adverse-ledger.lebl-id-adv-0047","source","[""urn:uuid:9bcd2e4f-c3a1-56ce-af36-7d94c43bbb1b""]","partial","{""kind"":""file"",""locator"":""backend/production/v0.3/inputs/ADVERSE_LEDGER.jsonl:LEBL-ID-ADV-0047"",""sha256"":""sha256:d3f72a40d5e9d14baac1d351727eb030d1324abb63f3ad6a1a2bbfd04b4eb224""}","[""adverse-ledger admission and recorded QA replay""]","2026-08-21T00:00:00Z","active","","","","","","","","","{""check_type"":""source"",""id"":""urn:uuid:5ec04d2b-f9a3-5efe-a5d1-87c5d77ea2b3"",""note"":""bounded Riemann-integral audit identified the duplicate; root applied the minimal correction and rebound the semantic-unit hash"",""record_type"":""qa_event"",""recorded_at"":""2026-08-21T00:00:00Z"",""result"":""partial"",""schema_name"":""lebl.backend.record"",""schema_version"":""0.3.0"",""semantic_aliases"":[],""semantic_key"":""lebl.ra.qa.adverse-ledger.lebl-id-adv-0047"",""status"":""active"",""subject_ids"":[""urn:uuid:9bcd2e4f-c3a1-56ce-af36-7d94c43bbb1b""],""supersedes_id"":null,""toolchain"":[""adverse-ledger admission and recorded QA replay""],""witness"":{""kind"":""file"",""locator"":""backend/production/v0.3/inputs/ADVERSE_LEDGER.jsonl:LEBL-ID-ADV-0047"",""sha256"":""sha256:d3f72a40d5e9d14baac1d351727eb030d1324abb63f3ad6a1a2bbfd04b4eb224""},""workflow_id"":""01a01f57-a34b-7740-9717-596b8116910c/backend-production-v0.3-r006-live""}"
"urn:uuid:5f2a0bf6-c513-53b5-9cd4-1affbdd6bab5","lebl.ra.qa.adverse-ledger.lebl-id-adv-0056","source","[""urn:uuid:34e28bfb-c451-5dee-92b6-28da4d6ffbfe""]","pass","{""kind"":""file"",""locator"":""backend/production/v0.3/inputs/ADVERSE_LEDGER.jsonl:LEBL-ID-ADV-0056"",""sha256"":""sha256:ee55101e39420efc744193dd29aaf24f7f381e1d72a9534e0feaaf48026ecdfe""}","[""adverse-ledger admission and recorded QA replay""]","2026-08-21T00:00:00Z","active","","","","","","","","","{""check_type"":""source"",""id"":""urn:uuid:5f2a0bf6-c513-53b5-9cd4-1affbdd6bab5"",""note"":""independent improper-foundations audit and final replay verified the complete classification"",""record_type"":""qa_event"",""recorded_at"":""2026-08-21T00:00:00Z"",""result"":""pass"",""schema_name"":""lebl.backend.record"",""schema_version"":""0.3.0"",""semantic_aliases"":[],""semantic_key"":""lebl.ra.qa.adverse-ledger.lebl-id-adv-0056"",""status"":""active"",""subject_ids"":[""urn:uuid:34e28bfb-c451-5dee-92b6-28da4d6ffbfe""],""supersedes_id"":null,""toolchain"":[""adverse-ledger admission and recorded QA replay""],""witness"":{""kind"":""file"",""locator"":""backend/production/v0.3/inputs/ADVERSE_LEDGER.jsonl:LEBL-ID-ADV-0056"",""sha256"":""sha256:ee55101e39420efc744193dd29aaf24f7f381e1d72a9534e0feaaf48026ecdfe""},""workflow_id"":""01a01f57-a34b-7740-9717-596b8116910c/backend-production-v0.3-r006-live""}"
"urn:uuid:618e706a-1f44-56f9-8b24-dcf27fc0c825","lebl.ra.qa.adverse-ledger.lebl-id-adv-0040","source","[""urn:uuid:f523812d-ad23-5250-97a8-88617ac2101e""]","pass","{""kind"":""file"",""locator"":""backend/production/v0.3/inputs/ADVERSE_LEDGER.jsonl:LEBL-ID-ADV-0040"",""sha256"":""sha256:f3f17214ce93f3bb7418aae09d612ce8c8213a0a907bb3195f7272d970bc6ac6""}","[""adverse-ledger admission and recorded QA replay""]","2026-08-21T00:00:00Z","active","","","","","","","","","{""check_type"":""source"",""id"":""urn:uuid:618e706a-1f44-56f9-8b24-dcf27fc0c825"",""note"":""bounded Taylor-exercises replay confirmed exact commands, environments, protected math, IDs, comments, braces, and boundary"",""record_type"":""qa_event"",""recorded_at"":""2026-08-21T00:00:00Z"",""result"":""pass"",""schema_name"":""lebl.backend.record"",""schema_version"":""0.3.0"",""semantic_aliases"":[],""semantic_key"":""lebl.ra.qa.adverse-ledger.lebl-id-adv-0040"",""status"":""active"",""subject_ids"":[""urn:uuid:f523812d-ad23-5250-97a8-88617ac2101e""],""supersedes_id"":null,""toolchain"":[""adverse-ledger admission and recorded QA replay""],""witness"":{""kind"":""file"",""locator"":""backend/production/v0.3/inputs/ADVERSE_LEDGER.jsonl:LEBL-ID-ADV-0040"",""sha256"":""sha256:f3f17214ce93f3bb7418aae09d612ce8c8213a0a907bb3195f7272d970bc6ac6""},""workflow_id"":""01a01f57-a34b-7740-9717-596b8116910c/backend-production-v0.3-r006-live""}"
"urn:uuid:678d0dfe-2e48-5362-928e-0d457948f4ef","lebl.ra.qa.adverse-ledger.lebl-id-adv-0088","source","[""urn:uuid:997a9f77-c53e-54e0-beb5-1dcc79a9f04d""]","partial","{""kind"":""file"",""locator"":""backend/production/v0.3/inputs/ADVERSE_LEDGER.jsonl:LEBL-ID-ADV-0088"",""sha256"":""sha256:8efb068cc624fb21be67dcf685fe41b54bb9049ce037c1a8d46b4c97b95f6a71""}","[""adverse-ledger admission and recorded QA replay""]","2026-08-21T00:00:00Z","active","","","","","","","","","{""check_type"":""source"",""id"":""urn:uuid:678d0dfe-2e48-5362-928e-0d457948f4ef"",""note"":""the grammatical repair preserves the exact requested proof obligation"",""record_type"":""qa_event"",""recorded_at"":""2026-08-21T00:00:00Z"",""result"":""partial"",""schema_name"":""lebl.backend.record"",""schema_version"":""0.3.0"",""semantic_aliases"":[],""semantic_key"":""lebl.ra.qa.adverse-ledger.lebl-id-adv-0088"",""status"":""active"",""subject_ids"":[""urn:uuid:997a9f77-c53e-54e0-beb5-1dcc79a9f04d""],""supersedes_id"":null,""toolchain"":[""adverse-ledger admission and recorded QA replay""],""witness"":{""kind"":""file"",""locator"":""backend/production/v0.3/inputs/ADVERSE_LEDGER.jsonl:LEBL-ID-ADV-0088"",""sha256"":""sha256:8efb068cc624fb21be67dcf685fe41b54bb9049ce037c1a8d46b4c97b95f6a71""},""workflow_id"":""01a01f57-a34b-7740-9717-596b8116910c/backend-production-v0.3-r006-live""}"
"urn:uuid:6c499ff3-e6c7-5fac-8118-ad219485f605","lebl.ra.qa.adverse-ledger.lebl-id-adv-0018","source","[""urn:uuid:32056342-6788-5bc3-9c6b-2d68a22f08c1""]","partial","{""kind"":""file"",""locator"":""backend/production/v0.3/inputs/ADVERSE_LEDGER.jsonl:LEBL-ID-ADV-0018"",""sha256"":""sha256:aadb56c26e8dd5f8aa9dcba944e5e30f15b58ccd53efe0b6ed1f99d2248dbc42""}","[""adverse-ledger admission and recorded QA replay""]","2026-08-21T00:00:00Z","active","","","","","","","","","{""check_type"":""source"",""id"":""urn:uuid:6c499ff3-e6c7-5fac-8118-ad219485f605"",""note"":""the condition was re-derived from the definition of a fraction in lowest terms during bounded discontinuity review"",""record_type"":""qa_event"",""recorded_at"":""2026-08-21T00:00:00Z"",""result"":""partial"",""schema_name"":""lebl.backend.record"",""schema_version"":""0.3.0"",""semantic_aliases"":[],""semantic_key"":""lebl.ra.qa.adverse-ledger.lebl-id-adv-0018"",""status"":""active"",""subject_ids"":[""urn:uuid:32056342-6788-5bc3-9c6b-2d68a22f08c1""],""supersedes_id"":null,""toolchain"":[""adverse-ledger admission and recorded QA replay""],""witness"":{""kind"":""file"",""locator"":""backend/production/v0.3/inputs/ADVERSE_LEDGER.jsonl:LEBL-ID-ADV-0018"",""sha256"":""sha256:aadb56c26e8dd5f8aa9dcba944e5e30f15b58ccd53efe0b6ed1f99d2248dbc42""},""workflow_id"":""01a01f57-a34b-7740-9717-596b8116910c/backend-production-v0.3-r006-live""}"
"urn:uuid:73ce0833-9e44-58f9-932c-8267b95f5f08","lebl.ra.qa.adverse-ledger.lebl-id-adv-0070","source","[""urn:uuid:eb7c44fa-9dcf-5006-b9ca-63fb55331344""]","pass","{""kind"":""file"",""locator"":""backend/production/v0.3/inputs/ADVERSE_LEDGER.jsonl:LEBL-ID-ADV-0070"",""sha256"":""sha256:fee4704e290625820887d10e7549f009163e6e9625b4f6452e1c615c86d97435""}","[""adverse-ledger admission and recorded QA replay""]","2026-08-21T00:00:00Z","active","","","","","","","","","{""check_type"":""source"",""id"":""urn:uuid:73ce0833-9e44-58f9-932c-8267b95f5f08"",""note"":""independent accessibility replay confirmed that the grammatical repair preserves all visual relationships"",""record_type"":""qa_event"",""recorded_at"":""2026-08-21T00:00:00Z"",""result"":""pass"",""schema_name"":""lebl.backend.record"",""schema_version"":""0.3.0"",""semantic_aliases"":[],""semantic_key"":""lebl.ra.qa.adverse-ledger.lebl-id-adv-0070"",""status"":""active"",""subject_ids"":[""urn:uuid:eb7c44fa-9dcf-5006-b9ca-63fb55331344""],""supersedes_id"":null,""toolchain"":[""adverse-ledger admission and recorded QA replay""],""witness"":{""kind"":""file"",""locator"":""backend/production/v0.3/inputs/ADVERSE_LEDGER.jsonl:LEBL-ID-ADV-0070"",""sha256"":""sha256:fee4704e290625820887d10e7549f009163e6e9625b4f6452e1c615c86d97435""},""workflow_id"":""01a01f57-a34b-7740-9717-596b8116910c/backend-production-v0.3-r006-live""}"
"urn:uuid:7466cb97-0ec7-5427-b5a3-1c372934bbae","lebl.ra.qa.adverse-ledger.lebl-id-adv-0030","source","[""urn:uuid:a2e4c4f6-f89c-57fa-86b6-6c0737f03429""]","pass","{""kind"":""file"",""locator"":""backend/production/v0.3/inputs/ADVERSE_LEDGER.jsonl:LEBL-ID-ADV-0030"",""sha256"":""sha256:12a3589ba0cef5c9591a042e23d27105616823caaffbbe475e9882b60be6dc50""}","[""adverse-ledger admission and recorded QA replay""]","2026-08-21T00:00:00Z","active","","","","","","","","","{""check_type"":""source"",""id"":""urn:uuid:7466cb97-0ec7-5427-b5a3-1c372934bbae"",""note"":""independent bounded derivative-opening audit confirmed the copyedit and exact figure/accessibility surfaces"",""record_type"":""qa_event"",""recorded_at"":""2026-08-21T00:00:00Z"",""result"":""pass"",""schema_name"":""lebl.backend.record"",""schema_version"":""0.3.0"",""semantic_aliases"":[],""semantic_key"":""lebl.ra.qa.adverse-ledger.lebl-id-adv-0030"",""status"":""active"",""subject_ids"":[""urn:uuid:a2e4c4f6-f89c-57fa-86b6-6c0737f03429""],""supersedes_id"":null,""toolchain"":[""adverse-ledger admission and recorded QA replay""],""witness"":{""kind"":""file"",""locator"":""backend/production/v0.3/inputs/ADVERSE_LEDGER.jsonl:LEBL-ID-ADV-0030"",""sha256"":""sha256:12a3589ba0cef5c9591a042e23d27105616823caaffbbe475e9882b60be6dc50""},""workflow_id"":""01a01f57-a34b-7740-9717-596b8116910c/backend-production-v0.3-r006-live""}"
"urn:uuid:7b185a43-39e5-5580-ae40-a17a960e35a9","lebl.ra.qa.adverse-ledger.lebl-id-adv-0053","source","[""urn:uuid:3e77fced-eddc-54cf-8578-c407389dd7cf""]","pass","{""kind"":""file"",""locator"":""backend/production/v0.3/inputs/ADVERSE_LEDGER.jsonl:LEBL-ID-ADV-0053"",""sha256"":""sha256:72ab3628dc67f0196a6645e568461922d3adf12774fd0d69e65623386cd8c1b4""}","[""adverse-ledger admission and recorded QA replay""]","2026-08-21T00:00:00Z","active","","","","","","","","","{""check_type"":""source"",""id"":""urn:uuid:7b185a43-39e5-5580-ae40-a17a960e35a9"",""note"":""independent exponential audit confirmed the single added protected-math span and exact remaining topology"",""record_type"":""qa_event"",""recorded_at"":""2026-08-21T00:00:00Z"",""result"":""pass"",""schema_name"":""lebl.backend.record"",""schema_version"":""0.3.0"",""semantic_aliases"":[],""semantic_key"":""lebl.ra.qa.adverse-ledger.lebl-id-adv-0053"",""status"":""active"",""subject_ids"":[""urn:uuid:3e77fced-eddc-54cf-8578-c407389dd7cf""],""supersedes_id"":null,""toolchain"":[""adverse-ledger admission and recorded QA replay""],""witness"":{""kind"":""file"",""locator"":""backend/production/v0.3/inputs/ADVERSE_LEDGER.jsonl:LEBL-ID-ADV-0053"",""sha256"":""sha256:72ab3628dc67f0196a6645e568461922d3adf12774fd0d69e65623386cd8c1b4""},""workflow_id"":""01a01f57-a34b-7740-9717-596b8116910c/backend-production-v0.3-r006-live""}"
"urn:uuid:7ca5d925-aa6a-59df-b9a5-d4a9cb17871d","lebl.ra.qa.adverse-ledger.lebl-id-adv-0033","source","[""urn:uuid:1fa8b22b-112e-56e5-8c26-75cfdc375563""]","pass","{""kind"":""file"",""locator"":""backend/production/v0.3/inputs/ADVERSE_LEDGER.jsonl:LEBL-ID-ADV-0033"",""sha256"":""sha256:6571b32fdeddc3b1018fd373304e506aa89a78575929d014b72212bb8b543b62""}","[""adverse-ledger admission and recorded QA replay""]","2026-08-21T00:00:00Z","active","","","","","","","","","{""check_type"":""source"",""id"":""urn:uuid:7ca5d925-aa6a-59df-b9a5-d4a9cb17871d"",""note"":""bounded mean-value-theorem audit confirmed exact math, command, environment, reference, asset, and blank-line topology"",""record_type"":""qa_event"",""recorded_at"":""2026-08-21T00:00:00Z"",""result"":""pass"",""schema_name"":""lebl.backend.record"",""schema_version"":""0.3.0"",""semantic_aliases"":[],""semantic_key"":""lebl.ra.qa.adverse-ledger.lebl-id-adv-0033"",""status"":""active"",""subject_ids"":[""urn:uuid:1fa8b22b-112e-56e5-8c26-75cfdc375563""],""supersedes_id"":null,""toolchain"":[""adverse-ledger admission and recorded QA replay""],""witness"":{""kind"":""file"",""locator"":""backend/production/v0.3/inputs/ADVERSE_LEDGER.jsonl:LEBL-ID-ADV-0033"",""sha256"":""sha256:6571b32fdeddc3b1018fd373304e506aa89a78575929d014b72212bb8b543b62""},""workflow_id"":""01a01f57-a34b-7740-9717-596b8116910c/backend-production-v0.3-r006-live""}"
"urn:uuid:7d09e770-db27-5b07-9535-7b18d4c0cb3e","lebl.ra.qa.adverse-ledger.lebl-id-adv-0065","source","[""urn:uuid:18497c05-32c8-53b0-bd14-c356d7dbd1f7""]","partial","{""kind"":""file"",""locator"":""backend/production/v0.3/inputs/ADVERSE_LEDGER.jsonl:LEBL-ID-ADV-0065"",""sha256"":""sha256:46cc34127304711cd5a2c0a5ddd81938c98cfc9ff19d3fe5b297c4f030e4b0e7""}","[""adverse-ledger admission and recorded QA replay""]","2026-08-21T00:00:00Z","active","","","","","","","","","{""check_type"":""source"",""id"":""urn:uuid:7d09e770-db27-5b07-9535-7b18d4c0cb3e"",""note"":""the vector interpretation agrees exactly with the displayed arccos formula; radius terminology agrees with d=r theta"",""record_type"":""qa_event"",""recorded_at"":""2026-08-21T00:00:00Z"",""result"":""partial"",""schema_name"":""lebl.backend.record"",""schema_version"":""0.3.0"",""semantic_aliases"":[],""semantic_key"":""lebl.ra.qa.adverse-ledger.lebl-id-adv-0065"",""status"":""active"",""subject_ids"":[""urn:uuid:18497c05-32c8-53b0-bd14-c356d7dbd1f7""],""supersedes_id"":null,""toolchain"":[""adverse-ledger admission and recorded QA replay""],""witness"":{""kind"":""file"",""locator"":""backend/production/v0.3/inputs/ADVERSE_LEDGER.jsonl:LEBL-ID-ADV-0065"",""sha256"":""sha256:46cc34127304711cd5a2c0a5ddd81938c98cfc9ff19d3fe5b297c4f030e4b0e7""},""workflow_id"":""01a01f57-a34b-7740-9717-596b8116910c/backend-production-v0.3-r006-live""}"
"urn:uuid:7ee65ad0-c681-565d-8e0e-1b2c7f6029c4","lebl.ra.qa.v0.3-input-integrity.adverse","source","[""urn:uuid:a9d15370-5513-53dd-9d0a-3d1ecf249e40"",""urn:uuid:7093e3b3-60ae-52d6-a959-f96f4d435211"",""urn:uuid:10801730-cff3-59da-ba7d-d5b21e87a705"",""urn:uuid:ddee1851-5289-55ad-91c7-32ad6f16ebac"",""urn:uuid:08788ea4-162a-5964-a489-2158df147ce8"",""urn:uuid:c228abf3-f85b-545d-b664-30664f472bf1"",""urn:uuid:81e5ae8f-2f40-5b12-beaf-54d464f8cf31"",""urn:uuid:55a68b63-a215-50b3-b4bb-04b611d95be6"",""urn:uuid:57487fc8-c168-564f-ab73-7280739a0628"",""urn:uuid:9c0c75cf-f33f-5574-99d5-db374b970649"",""urn:uuid:b0cd8183-436a-5680-bf5b-926c300eaf6d"",""urn:uuid:8d24766b-4d97-5420-aa7f-997852999b6d"",""urn:uuid:5b7d3731-9807-590a-9496-7f13c1830fea"",""urn:uuid:12d04a06-252a-5de2-bd06-de7fac03168e"",""urn:uuid:fcef05a0-6861-5785-875e-e1092c6f8fa8"",""urn:uuid:61cf22f4-b756-58f4-a84b-fd3bba4ebd7c"",""urn:uuid:14584b97-2f2e-55c5-92ce-b8792008dad2"",""urn:uuid:2ac1b9ed-5000-5fa4-b7fa-530c8ab134d7"",""urn:uuid:9247c3d2-76fb-5884-9d0d-bd94854b689f"",""urn:uuid:ca95efc0-f298-5fcf-808e-d8772570b289"",""urn:uuid:4a6a8957-da61-5daa-97bb-611ed88c6a3b"",""urn:uuid:e0bc579c-03ab-511b-968e-ab3232291a61"",""urn:uuid:47b66ebc-0fc0-5d2e-ab8f-b664b8281125"",""urn:uuid:9eda3afc-78c1-5af8-a0e6-575160d40303"",""urn:uuid:edfd7dc8-a21d-5d0e-9fc4-db9852aa973e"",""urn:uuid:c9dabfe5-cc17-569e-9585-d7d4250c0d8b"",""urn:uuid:7d098f18-ea55-5f41-b5bf-b8b58dfbd030"",""urn:uuid:8b5348d5-8d35-549e-a807-66e17a908b30"",""urn:uuid:282cd58c-b006-564d-b7b7-aaedecd2fea5"",""urn:uuid:3fea208b-4d56-5278-b080-0ff7216de363"",""urn:uuid:db5fee6e-1ba4-5aa7-bd55-7aad1946c7bb"",""urn:uuid:a44da8a3-8903-5e6d-89f0-fe17352532b1"",""urn:uuid:a0895356-891a-5c8f-a590-e30b894dc4dd"",""urn:uuid:aa5f5595-7218-55af-b2b7-4b0ee5b116b2"",""urn:uuid:cc84c4e8-4733-5e09-bf95-f007b503eb87"",""urn:uuid:77812c20-40f0-5a00-b108-a8f260db6ca6"",""urn:uuid:23d9653c-3264-5437-8b84-79eb75133eb4"",""urn:uuid:9ab95623-7ae1-557e-b120-a4322322a046"",""urn:uuid:e8880b21-655f-5c95-93c7-9f1edc5652f0"",""urn:uuid:9e5dce5a-5f5b-50fe-b4a8-dc38b81059c2"",""urn:uuid:288e01f8-1cac-5ae5-9735-46998a2e78fc"",""urn:uuid:7bc5e0f9-ac9a-5b58-87db-b5c95f2b705d"",""urn:uuid:f870b1b5-7faf-5789-a660-fd60ce3841f5"",""urn:uuid:bdd63f83-fafe-59c5-b2f6-1de522f03cfa"",""urn:uuid:3aab4309-05fb-57f3-b4af-f7effd7d407d"",""urn:uuid:906455c9-0cd8-5253-a5c5-2578a4b00a92"",""urn:uuid:a955ce5e-74ca-53c7-ae55-6c91b5b99744"",""urn:uuid:6b9c865e-5aea-5887-a1de-9a0322ee7f9e"",""urn:uuid:b81d3c49-f596-5eed-b531-0452d4ad6a27"",""urn:uuid:32979992-2f8a-551e-bb3f-a53ca1e8681d"",""urn:uuid:71cbb30a-0982-5d8c-9f77-89cc52263498"",""urn:uuid:2a08efa1-8929-5471-9f05-4f26c906e571"",""urn:uuid:77628cd5-f0bf-5792-a2de-d832ca664a9a"",""urn:uuid:a99b8817-7686-5cf0-93f5-757aec6b4f6c"",""urn:uuid:0994aef3-ad5a-5841-a512-ed5fd80ba239"",""urn:uuid:52cde194-14e9-5fc6-a111-275e88380af1"",""urn:uuid:7b01f022-b3f4-59fe-bc15-778d7fc848d2"",""urn:uuid:0970b3e9-17f4-55b6-96d1-4d0f33d9366c"",""urn:uuid:018cc700-b993-5441-81ad-947cf71fe204"",""urn:uuid:24a8932c-fe97-5c85-8100-58ebcc9a781f"",""urn:uuid:e4d55952-89d7-57f3-8a23-f5e6fc2b1712"",""urn:uuid:02a15426-2f6b-5a5a-ac8e-591f131f73b1"",""urn:uuid:d26218d6-d7f1-5e07-9cd9-08f33ee8c56a"",""urn:uuid:e4a903e9-c051-548c-96b2-90d74c62283d"",""urn:uuid:23b9c819-5ab3-5aee-8673-801c4d155cdc"",""urn:uuid:473617f1-f28b-55a0-858d-218061a99893"",""urn:uuid:ea9a4016-1fc0-5a5c-9f3c-4010c3f3d7a9"",""urn:uuid:5f08b609-c8e0-56c8-ad2e-fcb3bb4e827f"",""urn:uuid:43969cbb-2b0a-572a-aad8-8f494d0be6c1"",""urn:uuid:c3001438-faf5-5746-8fef-41beaf526c28"",""urn:uuid:6f083136-a2e8-5541-a90f-0a3999873f13"",""urn:uuid:d8e0587c-dcc0-5855-9e31-3a5b7f1c4810"",""urn:uuid:4a847dfa-4f90-5489-bb06-9c48c49604a8"",""urn:uuid:a974df38-cdb8-53f4-a304-04ac14581514"",""urn:uuid:ae2f622f-99c9-560d-80db-7b8293300bf3"",""urn:uuid:3af64e92-1c07-5d3e-a101-04c551803748"",""urn:uuid:a8dba350-394d-5ff1-af29-0503d527a4f6"",""urn:uuid:3b3283f2-a8c5-5428-9aa9-e004f99384bb"",""urn:uuid:8cff972c-c9cb-5443-94a8-7e379e119118"",""urn:uuid:5971c2eb-70ef-58e1-8551-74fe29cbc0ff"",""urn:uuid:ddd5fe82-fb94-5bd8-ba46-81a49462abeb"",""urn:uuid:5a020b95-b972-50d1-9b48-03feefdab048"",""urn:uuid:35b0da00-1c35-5e66-a1af-8c3edec54b27"",""urn:uuid:3ae6275f-4a86-53ac-9fed-60f208e20a75"",""urn:uuid:cde2c6c2-ea98-503b-9cd7-8f75ca11171c"",""urn:uuid:1233d031-4c20-5c06-a2a6-334f9be046ea"",""urn:uuid:6f59d171-9cf0-5634-953b-188839615630"",""urn:uuid:a67113b4-f219-5001-a2e0-b45848bcb1e8"",""urn:uuid:30aa2d5b-63d5-5f70-911a-fc3901993e7a"",""urn:uuid:d4f4cb71-2b8d-502f-9387-49f368c4a7f0"",""urn:uuid:a9a0213d-1823-5fa3-b18c-3b284915278f"",""urn:uuid:8e9b91a1-193f-5e31-a98f-672ebc038bef"",""urn:uuid:fd9a2f3f-06af-5e76-8817-1f24b72c64d4"",""urn:uuid:d51cd8c3-4f87-5acb-bb13-35a08118a3fb""]","pass","{""kind"":""file"",""locator"":""backend/production/v0.3/inputs/ADVERSE_LEDGER.jsonl"",""sha256"":""sha256:e6e80131e479a19afd56d702ddd8ce14716d1b507739f3c4ac9082708dba81dc""}","[""exact byte count, SHA-256 binding, deterministic parse, and invariant validation""]","2026-08-21T00:00:00Z","active","","","","","","","","","{""check_type"":""source"",""id"":""urn:uuid:7ee65ad0-c681-565d-8e0e-1b2c7f6029c4"",""note"":""Frozen adverse input passed its exact v0.3 identity and structural gate."",""record_type"":""qa_event"",""recorded_at"":""2026-08-21T00:00:00Z"",""result"":""pass"",""schema_name"":""lebl.backend.record"",""schema_version"":""0.3.0"",""semantic_aliases"":[],""semantic_key"":""lebl.ra.qa.v0.3-input-integrity.adverse"",""status"":""active"",""subject_ids"":[""urn:uuid:a9d15370-5513-53dd-9d0a-3d1ecf249e40"",""urn:uuid:7093e3b3-60ae-52d6-a959-f96f4d435211"",""urn:uuid:10801730-cff3-59da-ba7d-d5b21e87a705"",""urn:uuid:ddee1851-5289-55ad-91c7-32ad6f16ebac"",""urn:uuid:08788ea4-162a-5964-a489-2158df147ce8"",""urn:uuid:c228abf3-f85b-545d-b664-30664f472bf1"",""urn:uuid:81e5ae8f-2f40-5b12-beaf-54d464f8cf31"",""urn:uuid:55a68b63-a215-50b3-b4bb-04b611d95be6"",""urn:uuid:57487fc8-c168-564f-ab73-7280739a0628"",""urn:uuid:9c0c75cf-f33f-5574-99d5-db374b970649"",""urn:uuid:b0cd8183-436a-5680-bf5b-926c300eaf6d"",""urn:uuid:8d24766b-4d97-5420-aa7f-997852999b6d"",""urn:uuid:5b7d3731-9807-590a-9496-7f13c1830fea"",""urn:uuid:12d04a06-252a-5de2-bd06-de7fac03168e"",""urn:uuid:fcef05a0-6861-5785-875e-e1092c6f8fa8"",""urn:uuid:61cf22f4-b756-58f4-a84b-fd3bba4ebd7c"",""urn:uuid:14584b97-2f2e-55c5-92ce-b8792008dad2"",""urn:uuid:2ac1b9ed-5000-5fa4-b7fa-530c8ab134d7"",""urn:uuid:9247c3d2-76fb-5884-9d0d-bd94854b689f"",""urn:uuid:ca95efc0-f298-5fcf-808e-d8772570b289"",""urn:uuid:4a6a8957-da61-5daa-97bb-611ed88c6a3b"",""urn:uuid:e0bc579c-03ab-511b-968e-ab3232291a61"",""urn:uuid:47b66ebc-0fc0-5d2e-ab8f-b664b8281125"",""urn:uuid:9eda3afc-78c1-5af8-a0e6-575160d40303"",""urn:uuid:edfd7dc8-a21d-5d0e-9fc4-db9852aa973e"",""urn:uuid:c9dabfe5-cc17-569e-9585-d7d4250c0d8b"",""urn:uuid:7d098f18-ea55-5f41-b5bf-b8b58dfbd030"",""urn:uuid:8b5348d5-8d35-549e-a807-66e17a908b30"",""urn:uuid:282cd58c-b006-564d-b7b7-aaedecd2fea5"",""urn:uuid:3fea208b-4d56-5278-b080-0ff7216de363"",""urn:uuid:db5fee6e-1ba4-5aa7-bd55-7aad1946c7bb"",""urn:uuid:a44da8a3-8903-5e6d-89f0-fe17352532b1"",""urn:uuid:a0895356-891a-5c8f-a590-e30b894dc4dd"",""urn:uuid:aa5f5595-7218-55af-b2b7-4b0ee5b116b2"",""urn:uuid:cc84c4e8-4733-5e09-bf95-f007b503eb87"",""urn:uuid:77812c20-40f0-5a00-b108-a8f260db6ca6"",""urn:uuid:23d9653c-3264-5437-8b84-79eb75133eb4"",""urn:uuid:9ab95623-7ae1-557e-b120-a4322322a046"",""urn:uuid:e8880b21-655f-5c95-93c7-9f1edc5652f0"",""urn:uuid:9e5dce5a-5f5b-50fe-b4a8-dc38b81059c2"",""urn:uuid:288e01f8-1cac-5ae5-9735-46998a2e78fc"",""urn:uuid:7bc5e0f9-ac9a-5b58-87db-b5c95f2b705d"",""urn:uuid:f870b1b5-7faf-5789-a660-fd60ce3841f5"",""urn:uuid:bdd63f83-fafe-59c5-b2f6-1de522f03cfa"",""urn:uuid:3aab4309-05fb-57f3-b4af-f7effd7d407d"",""urn:uuid:906455c9-0cd8-5253-a5c5-2578a4b00a92"",""urn:uuid:a955ce5e-74ca-53c7-ae55-6c91b5b99744"",""urn:uuid:6b9c865e-5aea-5887-a1de-9a0322ee7f9e"",""urn:uuid:b81d3c49-f596-5eed-b531-0452d4ad6a27"",""urn:uuid:32979992-2f8a-551e-bb3f-a53ca1e8681d"",""urn:uuid:71cbb30a-0982-5d8c-9f77-89cc52263498"",""urn:uuid:2a08efa1-8929-5471-9f05-4f26c906e571"",""urn:uuid:77628cd5-f0bf-5792-a2de-d832ca664a9a"",""urn:uuid:a99b8817-7686-5cf0-93f5-757aec6b4f6c"",""urn:uuid:0994aef3-ad5a-5841-a512-ed5fd80ba239"",""urn:uuid:52cde194-14e9-5fc6-a111-275e88380af1"",""urn:uuid:7b01f022-b3f4-59fe-bc15-778d7fc848d2"",""urn:uuid:0970b3e9-17f4-55b6-96d1-4d0f33d9366c"",""urn:uuid:018cc700-b993-5441-81ad-947cf71fe204"",""urn:uuid:24a8932c-fe97-5c85-8100-58ebcc9a781f"",""urn:uuid:e4d55952-89d7-57f3-8a23-f5e6fc2b1712"",""urn:uuid:02a15426-2f6b-5a5a-ac8e-591f131f73b1"",""urn:uuid:d26218d6-d7f1-5e07-9cd9-08f33ee8c56a"",""urn:uuid:e4a903e9-c051-548c-96b2-90d74c62283d"",""urn:uuid:23b9c819-5ab3-5aee-8673-801c4d155cdc"",""urn:uuid:473617f1-f28b-55a0-858d-218061a99893"",""urn:uuid:ea9a4016-1fc0-5a5c-9f3c-4010c3f3d7a9"",""urn:uuid:5f08b609-c8e0-56c8-ad2e-fcb3bb4e827f"",""urn:uuid:43969cbb-2b0a-572a-aad8-8f494d0be6c1"",""urn:uuid:c3001438-faf5-5746-8fef-41beaf526c28"",""urn:uuid:6f083136-a2e8-5541-a90f-0a3999873f13"",""urn:uuid:d8e0587c-dcc0-5855-9e31-3a5b7f1c4810"",""urn:uuid:4a847dfa-4f90-5489-bb06-9c48c49604a8"",""urn:uuid:a974df38-cdb8-53f4-a304-04ac14581514"",""urn:uuid:ae2f622f-99c9-560d-80db-7b8293300bf3"",""urn:uuid:3af64e92-1c07-5d3e-a101-04c551803748"",""urn:uuid:a8dba350-394d-5ff1-af29-0503d527a4f6"",""urn:uuid:3b3283f2-a8c5-5428-9aa9-e004f99384bb"",""urn:uuid:8cff972c-c9cb-5443-94a8-7e379e119118"",""urn:uuid:5971c2eb-70ef-58e1-8551-74fe29cbc0ff"",""urn:uuid:ddd5fe82-fb94-5bd8-ba46-81a49462abeb"",""urn:uuid:5a020b95-b972-50d1-9b48-03feefdab048"",""urn:uuid:35b0da00-1c35-5e66-a1af-8c3edec54b27"",""urn:uuid:3ae6275f-4a86-53ac-9fed-60f208e20a75"",""urn:uuid:cde2c6c2-ea98-503b-9cd7-8f75ca11171c"",""urn:uuid:1233d031-4c20-5c06-a2a6-334f9be046ea"",""urn:uuid:6f59d171-9cf0-5634-953b-188839615630"",""urn:uuid:a67113b4-f219-5001-a2e0-b45848bcb1e8"",""urn:uuid:30aa2d5b-63d5-5f70-911a-fc3901993e7a"",""urn:uuid:d4f4cb71-2b8d-502f-9387-49f368c4a7f0"",""urn:uuid:a9a0213d-1823-5fa3-b18c-3b284915278f"",""urn:uuid:8e9b91a1-193f-5e31-a98f-672ebc038bef"",""urn:uuid:fd9a2f3f-06af-5e76-8817-1f24b72c64d4"",""urn:uuid:d51cd8c3-4f87-5acb-bb13-35a08118a3fb""],""supersedes_id"":null,""toolchain"":[""exact byte count, SHA-256 binding, deterministic parse, and invariant validation""],""witness"":{""kind"":""file"",""locator"":""backend/production/v0.3/inputs/ADVERSE_LEDGER.jsonl"",""sha256"":""sha256:e6e80131e479a19afd56d702ddd8ce14716d1b507739f3c4ac9082708dba81dc""},""workflow_id"":""01a01f57-a34b-7740-9717-596b8116910c/backend-production-v0.3-r006-live""}"
"urn:uuid:836c3001-43f1-59f5-bdc7-94307beea128","lebl.ra.qa.adverse-ledger.lebl-id-adv-0043","source","[""urn:uuid:5bcbc34d-9943-572d-9a58-0f00e0c0c62f""]","pass","{""kind"":""file"",""locator"":""backend/production/v0.3/inputs/ADVERSE_LEDGER.jsonl:LEBL-ID-ADV-0043"",""sha256"":""sha256:88da26d46c6808dfd836d543f581d57d07e7d0c6a11d4ac6e7746df1c9169be7""}","[""adverse-ledger admission and recorded QA replay""]","2026-08-21T00:00:00Z","active","","","","","","","","","{""check_type"":""source"",""id"":""urn:uuid:836c3001-43f1-59f5-bdc7-94307beea128"",""note"":""independent inverse-theorem audit re-derived the proof and validated the corrected qualification"",""record_type"":""qa_event"",""recorded_at"":""2026-08-21T00:00:00Z"",""result"":""pass"",""schema_name"":""lebl.backend.record"",""schema_version"":""0.3.0"",""semantic_aliases"":[],""semantic_key"":""lebl.ra.qa.adverse-ledger.lebl-id-adv-0043"",""status"":""active"",""subject_ids"":[""urn:uuid:5bcbc34d-9943-572d-9a58-0f00e0c0c62f""],""supersedes_id"":null,""toolchain"":[""adverse-ledger admission and recorded QA replay""],""witness"":{""kind"":""file"",""locator"":""backend/production/v0.3/inputs/ADVERSE_LEDGER.jsonl:LEBL-ID-ADV-0043"",""sha256"":""sha256:88da26d46c6808dfd836d543f581d57d07e7d0c6a11d4ac6e7746df1c9169be7""},""workflow_id"":""01a01f57-a34b-7740-9717-596b8116910c/backend-production-v0.3-r006-live""}"
"urn:uuid:844db1a1-f775-569d-aa2d-a7843bc2cd4c","lebl.ra.qa.adverse-ledger.lebl-id-adv-0092","source","[""urn:uuid:997a9f77-c53e-54e0-beb5-1dcc79a9f04d""]","partial","{""kind"":""file"",""locator"":""backend/production/v0.3/inputs/ADVERSE_LEDGER.jsonl:LEBL-ID-ADV-0092"",""sha256"":""sha256:c65a8fa392697c9d539d3e1ff38eb56acd220134363c08c9dc82b8473c1056e5""}","[""adverse-ledger admission and recorded QA replay""]","2026-08-21T00:00:00Z","active","","","","","","","","","{""check_type"":""source"",""id"":""urn:uuid:844db1a1-f775-569d-aa2d-a7843bc2cd4c"",""note"":""the added size condition is exactly the compatibility needed by both products and the determinant identity"",""record_type"":""qa_event"",""recorded_at"":""2026-08-21T00:00:00Z"",""result"":""partial"",""schema_name"":""lebl.backend.record"",""schema_version"":""0.3.0"",""semantic_aliases"":[],""semantic_key"":""lebl.ra.qa.adverse-ledger.lebl-id-adv-0092"",""status"":""active"",""subject_ids"":[""urn:uuid:997a9f77-c53e-54e0-beb5-1dcc79a9f04d""],""supersedes_id"":null,""toolchain"":[""adverse-ledger admission and recorded QA replay""],""witness"":{""kind"":""file"",""locator"":""backend/production/v0.3/inputs/ADVERSE_LEDGER.jsonl:LEBL-ID-ADV-0092"",""sha256"":""sha256:c65a8fa392697c9d539d3e1ff38eb56acd220134363c08c9dc82b8473c1056e5""},""workflow_id"":""01a01f57-a34b-7740-9717-596b8116910c/backend-production-v0.3-r006-live""}"
"urn:uuid:855689c0-20dd-5bfe-aac7-bcc8f0caabec","lebl.ra.qa.adverse-ledger.lebl-id-adv-0014","source","[""urn:uuid:46258053-8995-5d95-ba66-96e1a0ca7f57""]","partial","{""kind"":""file"",""locator"":""backend/production/v0.3/inputs/ADVERSE_LEDGER.jsonl:LEBL-ID-ADV-0014"",""sha256"":""sha256:605b71f1983b6c1c044910c91db9fa65ee97ffdffb2ddff3921ac7bb52b84bed""}","[""adverse-ledger admission and recorded QA replay""]","2026-08-21T00:00:00Z","active","","","","","","","","","{""check_type"":""source"",""id"":""urn:uuid:855689c0-20dd-5bfe-aac7-bcc8f0caabec"",""note"":""the quotient domains and absolute-value requirement were re-derived during bounded Power-series review; final structural/protected-math replay must allow exactly these declared deltas"",""record_type"":""qa_event"",""recorded_at"":""2026-08-21T00:00:00Z"",""result"":""partial"",""schema_name"":""lebl.backend.record"",""schema_version"":""0.3.0"",""semantic_aliases"":[],""semantic_key"":""lebl.ra.qa.adverse-ledger.lebl-id-adv-0014"",""status"":""active"",""subject_ids"":[""urn:uuid:46258053-8995-5d95-ba66-96e1a0ca7f57""],""supersedes_id"":null,""toolchain"":[""adverse-ledger admission and recorded QA replay""],""witness"":{""kind"":""file"",""locator"":""backend/production/v0.3/inputs/ADVERSE_LEDGER.jsonl:LEBL-ID-ADV-0014"",""sha256"":""sha256:605b71f1983b6c1c044910c91db9fa65ee97ffdffb2ddff3921ac7bb52b84bed""},""workflow_id"":""01a01f57-a34b-7740-9717-596b8116910c/backend-production-v0.3-r006-live""}"
"urn:uuid:88023647-ada4-5f21-bdf8-67d5a0222508","lebl.ra.qa.adverse-ledger.lebl-id-adv-0085","source","[""urn:uuid:5f6c3f9e-8fd3-5e7a-bbf6-b6d050e604ac""]","partial","{""kind"":""file"",""locator"":""backend/production/v0.3/inputs/ADVERSE_LEDGER.jsonl:LEBL-ID-ADV-0085"",""sha256"":""sha256:b39e370abc54cf01653ae2bd374a1f888e242cc77a9922343b14eda20f991704""}","[""adverse-ledger admission and recorded QA replay""]","2026-08-21T00:00:00Z","active","","","","","","","","","{""check_type"":""source"",""id"":""urn:uuid:88023647-ada4-5f21-bdf8-67d5a0222508"",""note"":""direct matrix multiplication verifies the corrected row indices; protected-math replay differs from the source only by this declared j/k swap"",""record_type"":""qa_event"",""recorded_at"":""2026-08-21T00:00:00Z"",""result"":""partial"",""schema_name"":""lebl.backend.record"",""schema_version"":""0.3.0"",""semantic_aliases"":[],""semantic_key"":""lebl.ra.qa.adverse-ledger.lebl-id-adv-0085"",""status"":""active"",""subject_ids"":[""urn:uuid:5f6c3f9e-8fd3-5e7a-bbf6-b6d050e604ac""],""supersedes_id"":null,""toolchain"":[""adverse-ledger admission and recorded QA replay""],""witness"":{""kind"":""file"",""locator"":""backend/production/v0.3/inputs/ADVERSE_LEDGER.jsonl:LEBL-ID-ADV-0085"",""sha256"":""sha256:b39e370abc54cf01653ae2bd374a1f888e242cc77a9922343b14eda20f991704""},""workflow_id"":""01a01f57-a34b-7740-9717-596b8116910c/backend-production-v0.3-r006-live""}"
"urn:uuid:88472a80-0bb3-59b9-a871-6dd5a76f8c0e","lebl.ra.qa.adverse-ledger.lebl-id-adv-0035","source","[""urn:uuid:f6b90b3c-7203-5bb2-877b-6c71d7842611""]","pass","{""kind"":""file"",""locator"":""backend/production/v0.3/inputs/ADVERSE_LEDGER.jsonl:LEBL-ID-ADV-0035"",""sha256"":""sha256:aea9de188c1796f90569776433167cfc5b390d3d2f197190431b42003014dee8""}","[""adverse-ledger admission and recorded QA replay""]","2026-08-21T00:00:00Z","active","","","","","","","","","{""check_type"":""source"",""id"":""urn:uuid:88472a80-0bb3-59b9-a871-6dd5a76f8c0e"",""note"":""bounded derivative-exercises replay confirmed 89 inline-math spans, two displays, all environments, IDs, references, layout commands, and the section boundary"",""record_type"":""qa_event"",""recorded_at"":""2026-08-21T00:00:00Z"",""result"":""pass"",""schema_name"":""lebl.backend.record"",""schema_version"":""0.3.0"",""semantic_aliases"":[],""semantic_key"":""lebl.ra.qa.adverse-ledger.lebl-id-adv-0035"",""status"":""active"",""subject_ids"":[""urn:uuid:f6b90b3c-7203-5bb2-877b-6c71d7842611""],""supersedes_id"":null,""toolchain"":[""adverse-ledger admission and recorded QA replay""],""witness"":{""kind"":""file"",""locator"":""backend/production/v0.3/inputs/ADVERSE_LEDGER.jsonl:LEBL-ID-ADV-0035"",""sha256"":""sha256:aea9de188c1796f90569776433167cfc5b390d3d2f197190431b42003014dee8""},""workflow_id"":""01a01f57-a34b-7740-9717-596b8116910c/backend-production-v0.3-r006-live""}"
"urn:uuid:88c11d0c-4c65-527d-875b-d407951f2f0c","lebl.ra.qa.adverse-ledger.lebl-id-adv-0020","source","[""urn:uuid:d201dccf-a0cd-5ff1-96fb-e8f29b934141""]","pass","{""kind"":""file"",""locator"":""backend/production/v0.3/inputs/ADVERSE_LEDGER.jsonl:LEBL-ID-ADV-0020"",""sha256"":""sha256:5cb1d058d1e501cd12288cc88a62cb4d140dcb774ac10d74b633f0df70201fee""}","[""adverse-ledger admission and recorded QA replay""]","2026-08-21T00:00:00Z","active","","","","","","","","","{""check_type"":""source"",""id"":""urn:uuid:88c11d0c-4c65-527d-875b-d407951f2f0c"",""note"":""bounded exercise audit confirmed the intended grammar and exact surrounding mathematics"",""record_type"":""qa_event"",""recorded_at"":""2026-08-21T00:00:00Z"",""result"":""pass"",""schema_name"":""lebl.backend.record"",""schema_version"":""0.3.0"",""semantic_aliases"":[],""semantic_key"":""lebl.ra.qa.adverse-ledger.lebl-id-adv-0020"",""status"":""active"",""subject_ids"":[""urn:uuid:d201dccf-a0cd-5ff1-96fb-e8f29b934141""],""supersedes_id"":null,""toolchain"":[""adverse-ledger admission and recorded QA replay""],""witness"":{""kind"":""file"",""locator"":""backend/production/v0.3/inputs/ADVERSE_LEDGER.jsonl:LEBL-ID-ADV-0020"",""sha256"":""sha256:5cb1d058d1e501cd12288cc88a62cb4d140dcb774ac10d74b633f0df70201fee""},""workflow_id"":""01a01f57-a34b-7740-9717-596b8116910c/backend-production-v0.3-r006-live""}"
"urn:uuid:8b6e4bcd-331f-5be4-80ee-fdf06fa95a6c","lebl.ra.qa.adverse-ledger.lebl-id-adv-0009","source","[""urn:uuid:ce36a958-940c-5cb8-b84e-cf6dd28e88f3""]","pass","{""kind"":""file"",""locator"":""backend/production/v0.3/inputs/ADVERSE_LEDGER.jsonl:LEBL-ID-ADV-0009"",""sha256"":""sha256:d9ad609fad08d53fbf434f55b541b44e47dee57c6110c7a02eaa5b0effa2e9ed""}","[""adverse-ledger admission and recorded QA replay""]","2026-08-21T00:00:00Z","active","","","","","","","","","{""check_type"":""source"",""id"":""urn:uuid:8b6e4bcd-331f-5be4-80ee-fdf06fa95a6c"",""note"":""mathematically determined by monotonicity of the convergence cutoff; bounded unit topology, formulas, comments, and residue replay passed"",""record_type"":""qa_event"",""recorded_at"":""2026-08-21T00:00:00Z"",""result"":""pass"",""schema_name"":""lebl.backend.record"",""schema_version"":""0.3.0"",""semantic_aliases"":[],""semantic_key"":""lebl.ra.qa.adverse-ledger.lebl-id-adv-0009"",""status"":""active"",""subject_ids"":[""urn:uuid:ce36a958-940c-5cb8-b84e-cf6dd28e88f3""],""supersedes_id"":null,""toolchain"":[""adverse-ledger admission and recorded QA replay""],""witness"":{""kind"":""file"",""locator"":""backend/production/v0.3/inputs/ADVERSE_LEDGER.jsonl:LEBL-ID-ADV-0009"",""sha256"":""sha256:d9ad609fad08d53fbf434f55b541b44e47dee57c6110c7a02eaa5b0effa2e9ed""},""workflow_id"":""01a01f57-a34b-7740-9717-596b8116910c/backend-production-v0.3-r006-live""}"
"urn:uuid:8c6ead45-ba97-5b1d-9672-20f899699a8e","lebl.ra.qa.adverse-ledger.lebl-id-adv-0059","source","[""urn:uuid:0294cc57-9426-5f38-8fc5-3df88fc762b3""]","pass","{""kind"":""file"",""locator"":""backend/production/v0.3/inputs/ADVERSE_LEDGER.jsonl:LEBL-ID-ADV-0059"",""sha256"":""sha256:9ef93717bc80f0e7c46fabf39fc45afe4a96859045c4d0199cca0902e47c3262""}","[""adverse-ledger admission and recorded QA replay""]","2026-08-21T00:00:00Z","active","","","","","","","","","{""check_type"":""source"",""id"":""urn:uuid:8c6ead45-ba97-5b1d-9672-20f899699a8e"",""note"":""independent improper-exercises final replay confirmed exactly the two declared protected-math corrections"",""record_type"":""qa_event"",""recorded_at"":""2026-08-21T00:00:00Z"",""result"":""pass"",""schema_name"":""lebl.backend.record"",""schema_version"":""0.3.0"",""semantic_aliases"":[],""semantic_key"":""lebl.ra.qa.adverse-ledger.lebl-id-adv-0059"",""status"":""active"",""subject_ids"":[""urn:uuid:0294cc57-9426-5f38-8fc5-3df88fc762b3""],""supersedes_id"":null,""toolchain"":[""adverse-ledger admission and recorded QA replay""],""witness"":{""kind"":""file"",""locator"":""backend/production/v0.3/inputs/ADVERSE_LEDGER.jsonl:LEBL-ID-ADV-0059"",""sha256"":""sha256:9ef93717bc80f0e7c46fabf39fc45afe4a96859045c4d0199cca0902e47c3262""},""workflow_id"":""01a01f57-a34b-7740-9717-596b8116910c/backend-production-v0.3-r006-live""}"
"urn:uuid:8f24fab8-6cda-5572-b202-09d546c93172","lebl.ra.qa.adverse-ledger.lebl-id-adv-0004","source","[""urn:uuid:159a2cfc-1ebf-5d51-be28-128847eaf02a""]","pass","{""kind"":""file"",""locator"":""backend/production/v0.3/inputs/ADVERSE_LEDGER.jsonl:LEBL-ID-ADV-0004"",""sha256"":""sha256:be17404f1c8e7beb1acbb0c8fef965698e42fab93eebdb116e74f41ccd0059d1""}","[""adverse-ledger admission and recorded QA replay""]","2026-08-21T00:00:00Z","active","","","","","","","","","{""check_type"":""source"",""id"":""urn:uuid:8f24fab8-6cda-5572-b202-09d546c93172"",""note"":""deterministic name-description consistency and whole-glossary structural replay passed"",""record_type"":""qa_event"",""recorded_at"":""2026-08-21T00:00:00Z"",""result"":""pass"",""schema_name"":""lebl.backend.record"",""schema_version"":""0.3.0"",""semantic_aliases"":[],""semantic_key"":""lebl.ra.qa.adverse-ledger.lebl-id-adv-0004"",""status"":""active"",""subject_ids"":[""urn:uuid:159a2cfc-1ebf-5d51-be28-128847eaf02a""],""supersedes_id"":null,""toolchain"":[""adverse-ledger admission and recorded QA replay""],""witness"":{""kind"":""file"",""locator"":""backend/production/v0.3/inputs/ADVERSE_LEDGER.jsonl:LEBL-ID-ADV-0004"",""sha256"":""sha256:be17404f1c8e7beb1acbb0c8fef965698e42fab93eebdb116e74f41ccd0059d1""},""workflow_id"":""01a01f57-a34b-7740-9717-596b8116910c/backend-production-v0.3-r006-live""}"
"urn:uuid:91ff47ea-ad00-5541-880c-688d7ffb18a1","lebl.ra.qa.adverse-ledger.lebl-id-adv-0082","source","[""urn:uuid:c5df943b-002b-508f-8996-4545abe13552""]","partial","{""kind"":""file"",""locator"":""backend/production/v0.3/inputs/ADVERSE_LEDGER.jsonl:LEBL-ID-ADV-0082"",""sha256"":""sha256:663419f239395ce939666e6c95ba8c05d8adbae49d0df3615819ffe8b538e40a""}","[""adverse-ledger admission and recorded QA replay""]","2026-08-21T00:00:00Z","active","","","","","","","","","{""check_type"":""source"",""id"":""urn:uuid:91ff47ea-ad00-5541-880c-688d7ffb18a1"",""note"":""the defining space, integral bounds, pointwise condition, and proof now use the same domain"",""record_type"":""qa_event"",""recorded_at"":""2026-08-21T00:00:00Z"",""result"":""partial"",""schema_name"":""lebl.backend.record"",""schema_version"":""0.3.0"",""semantic_aliases"":[],""semantic_key"":""lebl.ra.qa.adverse-ledger.lebl-id-adv-0082"",""status"":""active"",""subject_ids"":[""urn:uuid:c5df943b-002b-508f-8996-4545abe13552""],""supersedes_id"":null,""toolchain"":[""adverse-ledger admission and recorded QA replay""],""witness"":{""kind"":""file"",""locator"":""backend/production/v0.3/inputs/ADVERSE_LEDGER.jsonl:LEBL-ID-ADV-0082"",""sha256"":""sha256:663419f239395ce939666e6c95ba8c05d8adbae49d0df3615819ffe8b538e40a""},""workflow_id"":""01a01f57-a34b-7740-9717-596b8116910c/backend-production-v0.3-r006-live""}"
"urn:uuid:96a43e1c-545a-5953-a15a-b4154788f47e","lebl.ra.qa.adverse-ledger.lebl-id-adv-0015","source","[""urn:uuid:46258053-8995-5d95-ba66-96e1a0ca7f57""]","pass","{""kind"":""file"",""locator"":""backend/production/v0.3/inputs/ADVERSE_LEDGER.jsonl:LEBL-ID-ADV-0015"",""sha256"":""sha256:a5372fd37be24481ebeea3af021908080883f8c8783f7e91c3d3c85ac415815c""}","[""adverse-ledger admission and recorded QA replay""]","2026-08-21T00:00:00Z","active","","","","","","","","","{""check_type"":""source"",""id"":""urn:uuid:96a43e1c-545a-5953-a15a-b4154788f47e"",""note"":""bounded Power-series audit confirmed the typo and the target accessibility text"",""record_type"":""qa_event"",""recorded_at"":""2026-08-21T00:00:00Z"",""result"":""pass"",""schema_name"":""lebl.backend.record"",""schema_version"":""0.3.0"",""semantic_aliases"":[],""semantic_key"":""lebl.ra.qa.adverse-ledger.lebl-id-adv-0015"",""status"":""active"",""subject_ids"":[""urn:uuid:46258053-8995-5d95-ba66-96e1a0ca7f57""],""supersedes_id"":null,""toolchain"":[""adverse-ledger admission and recorded QA replay""],""witness"":{""kind"":""file"",""locator"":""backend/production/v0.3/inputs/ADVERSE_LEDGER.jsonl:LEBL-ID-ADV-0015"",""sha256"":""sha256:a5372fd37be24481ebeea3af021908080883f8c8783f7e91c3d3c85ac415815c""},""workflow_id"":""01a01f57-a34b-7740-9717-596b8116910c/backend-production-v0.3-r006-live""}"
"urn:uuid:987da1a3-2a5f-5736-825a-89d551ca9b62","lebl.ra.qa.adverse-ledger.lebl-id-adv-0073","source","[""urn:uuid:ec427a0e-286f-5800-86af-652c91e28c8e""]","partial","{""kind"":""file"",""locator"":""backend/production/v0.3/inputs/ADVERSE_LEDGER.jsonl:LEBL-ID-ADV-0073"",""sha256"":""sha256:f96cd87791197833df9850a2c526efbcacabbf5bd40f2a8c83e9865640ee293c""}","[""adverse-ledger admission and recorded QA replay""]","2026-08-21T00:00:00Z","active","","","","","","","","","{""check_type"":""source"",""id"":""urn:uuid:987da1a3-2a5f-5736-825a-89d551ca9b62"",""note"":""definition replay and the empty-space counterexample confirm the necessary scope"",""record_type"":""qa_event"",""recorded_at"":""2026-08-21T00:00:00Z"",""result"":""partial"",""schema_name"":""lebl.backend.record"",""schema_version"":""0.3.0"",""semantic_aliases"":[],""semantic_key"":""lebl.ra.qa.adverse-ledger.lebl-id-adv-0073"",""status"":""active"",""subject_ids"":[""urn:uuid:ec427a0e-286f-5800-86af-652c91e28c8e""],""supersedes_id"":null,""toolchain"":[""adverse-ledger admission and recorded QA replay""],""witness"":{""kind"":""file"",""locator"":""backend/production/v0.3/inputs/ADVERSE_LEDGER.jsonl:LEBL-ID-ADV-0073"",""sha256"":""sha256:f96cd87791197833df9850a2c526efbcacabbf5bd40f2a8c83e9865640ee293c""},""workflow_id"":""01a01f57-a34b-7740-9717-596b8116910c/backend-production-v0.3-r006-live""}"
"urn:uuid:991c91dc-8260-5354-896c-0b9cff6ccab0","lebl.ra.qa.adverse-ledger.lebl-id-adv-0013","source","[""urn:uuid:2ec55e9b-0867-5f37-9e04-cc59c03a9e6f""]","pass","{""kind"":""file"",""locator"":""backend/production/v0.3/inputs/ADVERSE_LEDGER.jsonl:LEBL-ID-ADV-0013"",""sha256"":""sha256:ae0925729a4e64309f1a0f8f6d7b0557ca0231791a40ef35dfd19ee8c57fa1b3""}","[""adverse-ledger admission and recorded QA replay""]","2026-08-21T00:00:00Z","active","","","","","","","","","{""check_type"":""source"",""id"":""urn:uuid:991c91dc-8260-5354-896c-0b9cff6ccab0"",""note"":""bounded rearrangement audit re-derived the construction and confirmed exact protected-math multiset after removing only the duplicated source token"",""record_type"":""qa_event"",""recorded_at"":""2026-08-21T00:00:00Z"",""result"":""pass"",""schema_name"":""lebl.backend.record"",""schema_version"":""0.3.0"",""semantic_aliases"":[],""semantic_key"":""lebl.ra.qa.adverse-ledger.lebl-id-adv-0013"",""status"":""active"",""subject_ids"":[""urn:uuid:2ec55e9b-0867-5f37-9e04-cc59c03a9e6f""],""supersedes_id"":null,""toolchain"":[""adverse-ledger admission and recorded QA replay""],""witness"":{""kind"":""file"",""locator"":""backend/production/v0.3/inputs/ADVERSE_LEDGER.jsonl:LEBL-ID-ADV-0013"",""sha256"":""sha256:ae0925729a4e64309f1a0f8f6d7b0557ca0231791a40ef35dfd19ee8c57fa1b3""},""workflow_id"":""01a01f57-a34b-7740-9717-596b8116910c/backend-production-v0.3-r006-live""}"
"urn:uuid:9a0564a5-9dc4-58ca-8e27-ee3cbe57c3cb","lebl.ra.qa.adverse-ledger.lebl-id-adv-0071","source","[""urn:uuid:9871b870-dc3e-56c3-a4b9-88e786e38fb8""]","pass","{""kind"":""file"",""locator"":""backend/production/v0.3/inputs/ADVERSE_LEDGER.jsonl:LEBL-ID-ADV-0071"",""sha256"":""sha256:8077d277c06af7c21d8c2df27a74a5cb53f7f565cc96f4d6e97a5684be27aac7""}","[""adverse-ledger admission and recorded QA replay""]","2026-08-21T00:00:00Z","active","","","","","","","","","{""check_type"":""source"",""id"":""urn:uuid:9a0564a5-9dc4-58ca-8e27-ee3cbe57c3cb"",""note"":""two independent bounded audits derived the domain requirement and confirmed that all other limit topology is unchanged"",""record_type"":""qa_event"",""recorded_at"":""2026-08-21T00:00:00Z"",""result"":""pass"",""schema_name"":""lebl.backend.record"",""schema_version"":""0.3.0"",""semantic_aliases"":[],""semantic_key"":""lebl.ra.qa.adverse-ledger.lebl-id-adv-0071"",""status"":""active"",""subject_ids"":[""urn:uuid:9871b870-dc3e-56c3-a4b9-88e786e38fb8""],""supersedes_id"":null,""toolchain"":[""adverse-ledger admission and recorded QA replay""],""witness"":{""kind"":""file"",""locator"":""backend/production/v0.3/inputs/ADVERSE_LEDGER.jsonl:LEBL-ID-ADV-0071"",""sha256"":""sha256:8077d277c06af7c21d8c2df27a74a5cb53f7f565cc96f4d6e97a5684be27aac7""},""workflow_id"":""01a01f57-a34b-7740-9717-596b8116910c/backend-production-v0.3-r006-live""}"
"urn:uuid:9af98dec-b3dc-5cb3-9049-f3da65443631","lebl.ra.qa.adverse-ledger.lebl-id-adv-0026","source","[""urn:uuid:a270f909-e582-52fa-839e-5f16a15a38fc""]","pass","{""kind"":""file"",""locator"":""backend/production/v0.3/inputs/ADVERSE_LEDGER.jsonl:LEBL-ID-ADV-0026"",""sha256"":""sha256:902c78b79a9fd88d5ba1dba3234d6c51f25327374aafa71068e8ade9408b776e""}","[""adverse-ledger admission and recorded QA replay""]","2026-08-21T00:00:00Z","active","","","","","","","","","{""check_type"":""source"",""id"":""urn:uuid:9af98dec-b3dc-5cb3-9049-f3da65443631"",""note"":""independent bounded infinite-limit audit confirmed the contextual contradiction and exact 64-command, 12-environment, 27-math-span parity"",""record_type"":""qa_event"",""recorded_at"":""2026-08-21T00:00:00Z"",""result"":""pass"",""schema_name"":""lebl.backend.record"",""schema_version"":""0.3.0"",""semantic_aliases"":[],""semantic_key"":""lebl.ra.qa.adverse-ledger.lebl-id-adv-0026"",""status"":""active"",""subject_ids"":[""urn:uuid:a270f909-e582-52fa-839e-5f16a15a38fc""],""supersedes_id"":null,""toolchain"":[""adverse-ledger admission and recorded QA replay""],""witness"":{""kind"":""file"",""locator"":""backend/production/v0.3/inputs/ADVERSE_LEDGER.jsonl:LEBL-ID-ADV-0026"",""sha256"":""sha256:902c78b79a9fd88d5ba1dba3234d6c51f25327374aafa71068e8ade9408b776e""},""workflow_id"":""01a01f57-a34b-7740-9717-596b8116910c/backend-production-v0.3-r006-live""}"
"urn:uuid:a5caa081-993c-534a-9821-cd3f353e3ef9","lebl.ra.qa.adverse-ledger.lebl-id-adv-0087","source","[""urn:uuid:997a9f77-c53e-54e0-beb5-1dcc79a9f04d""]","partial","{""kind"":""file"",""locator"":""backend/production/v0.3/inputs/ADVERSE_LEDGER.jsonl:LEBL-ID-ADV-0087"",""sha256"":""sha256:015136771bb2f505e673ead664c6a483e7d5b093fa98b31513f0041466ef0a81""}","[""adverse-ledger admission and recorded QA replay""]","2026-08-21T00:00:00Z","active","","","","","","","","","{""check_type"":""source"",""id"":""urn:uuid:a5caa081-993c-534a-9821-cd3f353e3ef9"",""note"":""the correction restores the grammatical relation without changing the exercise"",""record_type"":""qa_event"",""recorded_at"":""2026-08-21T00:00:00Z"",""result"":""partial"",""schema_name"":""lebl.backend.record"",""schema_version"":""0.3.0"",""semantic_aliases"":[],""semantic_key"":""lebl.ra.qa.adverse-ledger.lebl-id-adv-0087"",""status"":""active"",""subject_ids"":[""urn:uuid:997a9f77-c53e-54e0-beb5-1dcc79a9f04d""],""supersedes_id"":null,""toolchain"":[""adverse-ledger admission and recorded QA replay""],""witness"":{""kind"":""file"",""locator"":""backend/production/v0.3/inputs/ADVERSE_LEDGER.jsonl:LEBL-ID-ADV-0087"",""sha256"":""sha256:015136771bb2f505e673ead664c6a483e7d5b093fa98b31513f0041466ef0a81""},""workflow_id"":""01a01f57-a34b-7740-9717-596b8116910c/backend-production-v0.3-r006-live""}"
"urn:uuid:aa6efd45-2154-5cab-b6c7-6e59c89f15c7","lebl.ra.qa.adverse-ledger.lebl-id-adv-0037","source","[""urn:uuid:f6b90b3c-7203-5bb2-877b-6c71d7842611""]","pass","{""kind"":""file"",""locator"":""backend/production/v0.3/inputs/ADVERSE_LEDGER.jsonl:LEBL-ID-ADV-0037"",""sha256"":""sha256:0a4f131feb22e7fc99f193381e751fd9553091db6d983a3faede654196f1636f""}","[""adverse-ledger admission and recorded QA replay""]","2026-08-21T00:00:00Z","active","","","","","","","","","{""check_type"":""source"",""id"":""urn:uuid:aa6efd45-2154-5cab-b6c7-6e59c89f15c7"",""note"":""bounded derivative-exercises replay confirmed exact protected and structural surfaces"",""record_type"":""qa_event"",""recorded_at"":""2026-08-21T00:00:00Z"",""result"":""pass"",""schema_name"":""lebl.backend.record"",""schema_version"":""0.3.0"",""semantic_aliases"":[],""semantic_key"":""lebl.ra.qa.adverse-ledger.lebl-id-adv-0037"",""status"":""active"",""subject_ids"":[""urn:uuid:f6b90b3c-7203-5bb2-877b-6c71d7842611""],""supersedes_id"":null,""toolchain"":[""adverse-ledger admission and recorded QA replay""],""witness"":{""kind"":""file"",""locator"":""backend/production/v0.3/inputs/ADVERSE_LEDGER.jsonl:LEBL-ID-ADV-0037"",""sha256"":""sha256:0a4f131feb22e7fc99f193381e751fd9553091db6d983a3faede654196f1636f""},""workflow_id"":""01a01f57-a34b-7740-9717-596b8116910c/backend-production-v0.3-r006-live""}"
"urn:uuid:ac6b1928-c344-5925-a51b-ca1336d29383","lebl.ra.qa.adverse-ledger.lebl-id-adv-0028","source","[""urn:uuid:9e5560f7-5424-501a-91f2-bb372fb7e0c9""]","pass","{""kind"":""file"",""locator"":""backend/production/v0.3/inputs/ADVERSE_LEDGER.jsonl:LEBL-ID-ADV-0028"",""sha256"":""sha256:9661d969844d5dc25cd1cbf9da8c139a753a5cf37af9b188946d9b3de11d803a""}","[""adverse-ledger admission and recorded QA replay""]","2026-08-21T00:00:00Z","active","","","","","","","","","{""check_type"":""source"",""id"":""urn:uuid:ac6b1928-c344-5925-a51b-ca1336d29383"",""note"":""bounded monotone-continuity translation audit re-derived the endpoint behavior and confirmed exactly one declared inline-math delta"",""record_type"":""qa_event"",""recorded_at"":""2026-08-21T00:00:00Z"",""result"":""pass"",""schema_name"":""lebl.backend.record"",""schema_version"":""0.3.0"",""semantic_aliases"":[],""semantic_key"":""lebl.ra.qa.adverse-ledger.lebl-id-adv-0028"",""status"":""active"",""subject_ids"":[""urn:uuid:9e5560f7-5424-501a-91f2-bb372fb7e0c9""],""supersedes_id"":null,""toolchain"":[""adverse-ledger admission and recorded QA replay""],""witness"":{""kind"":""file"",""locator"":""backend/production/v0.3/inputs/ADVERSE_LEDGER.jsonl:LEBL-ID-ADV-0028"",""sha256"":""sha256:9661d969844d5dc25cd1cbf9da8c139a753a5cf37af9b188946d9b3de11d803a""},""workflow_id"":""01a01f57-a34b-7740-9717-596b8116910c/backend-production-v0.3-r006-live""}"
"urn:uuid:b13aa3cd-362c-5fa9-aa1c-a8ae4d11f786","lebl.ra.qa.adverse-ledger.lebl-id-adv-0002","source","[""urn:uuid:7f928d37-20cd-5886-b39b-bf4e0bd6a96a""]","partial","{""kind"":""file"",""locator"":""backend/production/v0.3/inputs/ADVERSE_LEDGER.jsonl:LEBL-ID-ADV-0002"",""sha256"":""sha256:47cec504c51c78977724b5b7c036aa3eafa672c405a43263b62b938eaad8ad63""}","[""adverse-ledger admission and recorded QA replay""]","2026-08-21T00:00:00Z","active","","","","","","","","","{""check_type"":""source"",""id"":""urn:uuid:b13aa3cd-362c-5fa9-aa1c-a8ae4d11f786"",""note"":""mathematically determined from the definition of inverse image and bijection; independent final audit pending"",""record_type"":""qa_event"",""recorded_at"":""2026-08-21T00:00:00Z"",""result"":""partial"",""schema_name"":""lebl.backend.record"",""schema_version"":""0.3.0"",""semantic_aliases"":[],""semantic_key"":""lebl.ra.qa.adverse-ledger.lebl-id-adv-0002"",""status"":""active"",""subject_ids"":[""urn:uuid:7f928d37-20cd-5886-b39b-bf4e0bd6a96a""],""supersedes_id"":null,""toolchain"":[""adverse-ledger admission and recorded QA replay""],""witness"":{""kind"":""file"",""locator"":""backend/production/v0.3/inputs/ADVERSE_LEDGER.jsonl:LEBL-ID-ADV-0002"",""sha256"":""sha256:47cec504c51c78977724b5b7c036aa3eafa672c405a43263b62b938eaad8ad63""},""workflow_id"":""01a01f57-a34b-7740-9717-596b8116910c/backend-production-v0.3-r006-live""}"
"urn:uuid:b29c3c8f-672c-52a7-82e4-252b72be2917","lebl.ra.qa.adverse-ledger.lebl-id-adv-0062","source","[""urn:uuid:bf4dfdef-3bf3-5d7f-88eb-12b4f2a1be0b""]","pass","{""kind"":""file"",""locator"":""backend/production/v0.3/inputs/ADVERSE_LEDGER.jsonl:LEBL-ID-ADV-0062"",""sha256"":""sha256:12631f90049891c985ee67fe19e7ab8d2885cec472d6f218cc9ed8cb2c837223""}","[""adverse-ledger admission and recorded QA replay""]","2026-08-21T00:00:00Z","active","","","","","","","","","{""check_type"":""source"",""id"":""urn:uuid:b29c3c8f-672c-52a7-82e4-252b72be2917"",""note"":""independent Picard-theorem replay confirmed the delimiter repair and exact remaining mathematics"",""record_type"":""qa_event"",""recorded_at"":""2026-08-21T00:00:00Z"",""result"":""pass"",""schema_name"":""lebl.backend.record"",""schema_version"":""0.3.0"",""semantic_aliases"":[],""semantic_key"":""lebl.ra.qa.adverse-ledger.lebl-id-adv-0062"",""status"":""active"",""subject_ids"":[""urn:uuid:bf4dfdef-3bf3-5d7f-88eb-12b4f2a1be0b""],""supersedes_id"":null,""toolchain"":[""adverse-ledger admission and recorded QA replay""],""witness"":{""kind"":""file"",""locator"":""backend/production/v0.3/inputs/ADVERSE_LEDGER.jsonl:LEBL-ID-ADV-0062"",""sha256"":""sha256:12631f90049891c985ee67fe19e7ab8d2885cec472d6f218cc9ed8cb2c837223""},""workflow_id"":""01a01f57-a34b-7740-9717-596b8116910c/backend-production-v0.3-r006-live""}"
"urn:uuid:b3355841-eb8d-5ebf-9997-7d8fe58b4aef","lebl.ra.qa.adverse-ledger.lebl-id-adv-0038","source","[""urn:uuid:54af0ff3-80e7-5ecc-a3e1-c2806c999896""]","pass","{""kind"":""file"",""locator"":""backend/production/v0.3/inputs/ADVERSE_LEDGER.jsonl:LEBL-ID-ADV-0038"",""sha256"":""sha256:5d60375d03efbf65158042972f82448cc81fd4f8170e15c36455189d93ffc2ab""}","[""adverse-ledger admission and recorded QA replay""]","2026-08-21T00:00:00Z","active","","","","","","","","","{""check_type"":""source"",""id"":""urn:uuid:b3355841-eb8d-5ebf-9997-7d8fe58b4aef"",""note"":""bounded Taylor-theorem replay confirmed exact assets, formulas, IDs, commands, environments, and accessibility closure"",""record_type"":""qa_event"",""recorded_at"":""2026-08-21T00:00:00Z"",""result"":""pass"",""schema_name"":""lebl.backend.record"",""schema_version"":""0.3.0"",""semantic_aliases"":[],""semantic_key"":""lebl.ra.qa.adverse-ledger.lebl-id-adv-0038"",""status"":""active"",""subject_ids"":[""urn:uuid:54af0ff3-80e7-5ecc-a3e1-c2806c999896""],""supersedes_id"":null,""toolchain"":[""adverse-ledger admission and recorded QA replay""],""witness"":{""kind"":""file"",""locator"":""backend/production/v0.3/inputs/ADVERSE_LEDGER.jsonl:LEBL-ID-ADV-0038"",""sha256"":""sha256:5d60375d03efbf65158042972f82448cc81fd4f8170e15c36455189d93ffc2ab""},""workflow_id"":""01a01f57-a34b-7740-9717-596b8116910c/backend-production-v0.3-r006-live""}"
"urn:uuid:bf5700e1-0ea5-5a1a-ac54-4e93eba1728d","lebl.ra.qa.adverse-ledger.lebl-id-adv-0052","source","[""urn:uuid:3be013f5-7f1d-5048-984e-1cb684a53ed0""]","partial","{""kind"":""file"",""locator"":""backend/production/v0.3/inputs/ADVERSE_LEDGER.jsonl:LEBL-ID-ADV-0052"",""sha256"":""sha256:76cdc8789558524bb56d370a3e6a3fb19fdc70e5caf1ccad169c663f12a47287""}","[""adverse-ledger admission and recorded QA replay""]","2026-08-21T00:00:00Z","active","","","","","","","","","{""check_type"":""source"",""id"":""urn:uuid:bf5700e1-0ea5-5a1a-ac54-4e93eba1728d"",""note"":""independent FTC-exercises audit identified the ambiguity; root applied a structure-preserving clarification and rebound the semantic-unit hash"",""record_type"":""qa_event"",""recorded_at"":""2026-08-21T00:00:00Z"",""result"":""partial"",""schema_name"":""lebl.backend.record"",""schema_version"":""0.3.0"",""semantic_aliases"":[],""semantic_key"":""lebl.ra.qa.adverse-ledger.lebl-id-adv-0052"",""status"":""active"",""subject_ids"":[""urn:uuid:3be013f5-7f1d-5048-984e-1cb684a53ed0""],""supersedes_id"":null,""toolchain"":[""adverse-ledger admission and recorded QA replay""],""witness"":{""kind"":""file"",""locator"":""backend/production/v0.3/inputs/ADVERSE_LEDGER.jsonl:LEBL-ID-ADV-0052"",""sha256"":""sha256:76cdc8789558524bb56d370a3e6a3fb19fdc70e5caf1ccad169c663f12a47287""},""workflow_id"":""01a01f57-a34b-7740-9717-596b8116910c/backend-production-v0.3-r006-live""}"
"urn:uuid:c181f8b0-f881-55bf-95a5-4f64871fad3b","lebl.ra.qa.adverse-ledger.lebl-id-adv-0060","source","[""urn:uuid:48df1653-2fd0-5e18-983c-0d327232a40e""]","pass","{""kind"":""file"",""locator"":""backend/production/v0.3/inputs/ADVERSE_LEDGER.jsonl:LEBL-ID-ADV-0060"",""sha256"":""sha256:bf2740d9f9e3195d8afa89d7c4a62b3dcdf743d836a5a73097518e6273599e33""}","[""adverse-ledger admission and recorded QA replay""]","2026-08-21T00:00:00Z","active","","","","","","","","","{""check_type"":""source"",""id"":""urn:uuid:c181f8b0-f881-55bf-95a5-4f64871fad3b"",""note"":""independent power-series replay confirmed the clarified domain and exact remaining structure"",""record_type"":""qa_event"",""recorded_at"":""2026-08-21T00:00:00Z"",""result"":""pass"",""schema_name"":""lebl.backend.record"",""schema_version"":""0.3.0"",""semantic_aliases"":[],""semantic_key"":""lebl.ra.qa.adverse-ledger.lebl-id-adv-0060"",""status"":""active"",""subject_ids"":[""urn:uuid:48df1653-2fd0-5e18-983c-0d327232a40e""],""supersedes_id"":null,""toolchain"":[""adverse-ledger admission and recorded QA replay""],""witness"":{""kind"":""file"",""locator"":""backend/production/v0.3/inputs/ADVERSE_LEDGER.jsonl:LEBL-ID-ADV-0060"",""sha256"":""sha256:bf2740d9f9e3195d8afa89d7c4a62b3dcdf743d836a5a73097518e6273599e33""},""workflow_id"":""01a01f57-a34b-7740-9717-596b8116910c/backend-production-v0.3-r006-live""}"
"urn:uuid:c1ab484f-1672-588a-8d09-58b67d137cef","lebl.ra.qa.adverse-ledger.lebl-id-adv-0089","source","[""urn:uuid:997a9f77-c53e-54e0-beb5-1dcc79a9f04d""]","partial","{""kind"":""file"",""locator"":""backend/production/v0.3/inputs/ADVERSE_LEDGER.jsonl:LEBL-ID-ADV-0089"",""sha256"":""sha256:efcf34fc160a0f9c7b57d60197a9ae1e223669e96fba4c17aa67fd48a8ef418a""}","[""adverse-ledger admission and recorded QA replay""]","2026-08-21T00:00:00Z","active","","","","","","","","","{""check_type"":""source"",""id"":""urn:uuid:c1ab484f-1672-588a-8d09-58b67d137cef"",""note"":""the added hypothesis supplies precisely the codomain needed by every later occurrence of L(X,Y), without strengthening any claim beyond the cited proposition"",""record_type"":""qa_event"",""recorded_at"":""2026-08-21T00:00:00Z"",""result"":""partial"",""schema_name"":""lebl.backend.record"",""schema_version"":""0.3.0"",""semantic_aliases"":[],""semantic_key"":""lebl.ra.qa.adverse-ledger.lebl-id-adv-0089"",""status"":""active"",""subject_ids"":[""urn:uuid:997a9f77-c53e-54e0-beb5-1dcc79a9f04d""],""supersedes_id"":null,""toolchain"":[""adverse-ledger admission and recorded QA replay""],""witness"":{""kind"":""file"",""locator"":""backend/production/v0.3/inputs/ADVERSE_LEDGER.jsonl:LEBL-ID-ADV-0089"",""sha256"":""sha256:efcf34fc160a0f9c7b57d60197a9ae1e223669e96fba4c17aa67fd48a8ef418a""},""workflow_id"":""01a01f57-a34b-7740-9717-596b8116910c/backend-production-v0.3-r006-live""}"
"urn:uuid:c663a8d5-0a31-5587-bf68-a6185e041185","lebl.ra.qa.v0.3-input-integrity.receipt","source","[""urn:uuid:2985f369-c946-5392-be8c-902d3c9215b2""]","pass","{""kind"":""file"",""locator"":""backend/production/v0.3/inputs/R006_VOLUME1_COMPLETE_CHECKPOINT_20260821.md"",""sha256"":""sha256:82cba4bdec2dad69ce471550cdf0959c8200b58a9a6836ceed603451745df06a""}","[""exact byte count, SHA-256 binding, deterministic parse, and invariant validation""]","2026-08-21T00:00:00Z","active","","","","","","","","","{""check_type"":""source"",""id"":""urn:uuid:c663a8d5-0a31-5587-bf68-a6185e041185"",""note"":""Frozen receipt input passed its exact v0.3 identity and structural gate."",""record_type"":""qa_event"",""recorded_at"":""2026-08-21T00:00:00Z"",""result"":""pass"",""schema_name"":""lebl.backend.record"",""schema_version"":""0.3.0"",""semantic_aliases"":[],""semantic_key"":""lebl.ra.qa.v0.3-input-integrity.receipt"",""status"":""active"",""subject_ids"":[""urn:uuid:2985f369-c946-5392-be8c-902d3c9215b2""],""supersedes_id"":null,""toolchain"":[""exact byte count, SHA-256 binding, deterministic parse, and invariant validation""],""witness"":{""kind"":""file"",""locator"":""backend/production/v0.3/inputs/R006_VOLUME1_COMPLETE_CHECKPOINT_20260821.md"",""sha256"":""sha256:82cba4bdec2dad69ce471550cdf0959c8200b58a9a6836ceed603451745df06a""},""workflow_id"":""01a01f57-a34b-7740-9717-596b8116910c/backend-production-v0.3-r006-live""}"
"urn:uuid:c7857b9e-5203-5d9c-abfb-37b601f3bc10","lebl.ra.qa.adverse-ledger.lebl-id-adv-0024","source","[""urn:uuid:2be2de0c-644f-5967-bb6f-58b6fcea7569""]","partial","{""kind"":""file"",""locator"":""backend/production/v0.3/inputs/ADVERSE_LEDGER.jsonl:LEBL-ID-ADV-0024"",""sha256"":""sha256:561682cf184bdb85080ee281f45221d4cf3f8abd2171df12cb1534c5f6a31793""}","[""adverse-ledger admission and recorded QA replay""]","2026-08-21T00:00:00Z","active","","","","","","","","","{""check_type"":""source"",""id"":""urn:uuid:c7857b9e-5203-5d9c-abfb-37b601f3bc10"",""note"":""independent bounded Lipschitz audit identified this as the sole protected-math delta after reader-text localization and re-derived the contradiction"",""record_type"":""qa_event"",""recorded_at"":""2026-08-21T00:00:00Z"",""result"":""partial"",""schema_name"":""lebl.backend.record"",""schema_version"":""0.3.0"",""semantic_aliases"":[],""semantic_key"":""lebl.ra.qa.adverse-ledger.lebl-id-adv-0024"",""status"":""active"",""subject_ids"":[""urn:uuid:2be2de0c-644f-5967-bb6f-58b6fcea7569""],""supersedes_id"":null,""toolchain"":[""adverse-ledger admission and recorded QA replay""],""witness"":{""kind"":""file"",""locator"":""backend/production/v0.3/inputs/ADVERSE_LEDGER.jsonl:LEBL-ID-ADV-0024"",""sha256"":""sha256:561682cf184bdb85080ee281f45221d4cf3f8abd2171df12cb1534c5f6a31793""},""workflow_id"":""01a01f57-a34b-7740-9717-596b8116910c/backend-production-v0.3-r006-live""}"
"urn:uuid:d286d21a-4f2c-5899-9506-70581e860b70","lebl.ra.qa.adverse-ledger.lebl-id-adv-0083","source","[""urn:uuid:fd5e5f5e-4d07-5d2f-ae06-4d141776b2f3""]","partial","{""kind"":""file"",""locator"":""backend/production/v0.3/inputs/ADVERSE_LEDGER.jsonl:LEBL-ID-ADV-0083"",""sha256"":""sha256:9631f268c35302aa6e04e673e242d9d1c66d2e9e9d2d36eb13ea1183b47ddcfe""}","[""adverse-ledger admission and recorded QA replay""]","2026-08-21T00:00:00Z","active","","","","","","","","","{""check_type"":""source"",""id"":""urn:uuid:d286d21a-4f2c-5899-9506-70581e860b70"",""note"":""direct algebraic replay confirms multiplication by a_k recovers the original linear relation"",""record_type"":""qa_event"",""recorded_at"":""2026-08-21T00:00:00Z"",""result"":""partial"",""schema_name"":""lebl.backend.record"",""schema_version"":""0.3.0"",""semantic_aliases"":[],""semantic_key"":""lebl.ra.qa.adverse-ledger.lebl-id-adv-0083"",""status"":""active"",""subject_ids"":[""urn:uuid:fd5e5f5e-4d07-5d2f-ae06-4d141776b2f3""],""supersedes_id"":null,""toolchain"":[""adverse-ledger admission and recorded QA replay""],""witness"":{""kind"":""file"",""locator"":""backend/production/v0.3/inputs/ADVERSE_LEDGER.jsonl:LEBL-ID-ADV-0083"",""sha256"":""sha256:9631f268c35302aa6e04e673e242d9d1c66d2e9e9d2d36eb13ea1183b47ddcfe""},""workflow_id"":""01a01f57-a34b-7740-9717-596b8116910c/backend-production-v0.3-r006-live""}"
"urn:uuid:d3938294-7f72-5d80-9572-9fcf9f887baa","lebl.ra.qa.adverse-ledger.lebl-id-adv-0074","source","[""urn:uuid:ec427a0e-286f-5800-86af-652c91e28c8e""]","partial","{""kind"":""file"",""locator"":""backend/production/v0.3/inputs/ADVERSE_LEDGER.jsonl:LEBL-ID-ADV-0074"",""sha256"":""sha256:a4cfcbb7939187563a0597ecd4282133210544a77a41743007dd39e074316f82""}","[""adverse-ledger admission and recorded QA replay""]","2026-08-21T00:00:00Z","active","","","","","","","","","{""check_type"":""source"",""id"":""urn:uuid:d3938294-7f72-5d80-9572-9fcf9f887baa"",""note"":""exercise-sequence review confirms the intended parallel instruction structure"",""record_type"":""qa_event"",""recorded_at"":""2026-08-21T00:00:00Z"",""result"":""partial"",""schema_name"":""lebl.backend.record"",""schema_version"":""0.3.0"",""semantic_aliases"":[],""semantic_key"":""lebl.ra.qa.adverse-ledger.lebl-id-adv-0074"",""status"":""active"",""subject_ids"":[""urn:uuid:ec427a0e-286f-5800-86af-652c91e28c8e""],""supersedes_id"":null,""toolchain"":[""adverse-ledger admission and recorded QA replay""],""witness"":{""kind"":""file"",""locator"":""backend/production/v0.3/inputs/ADVERSE_LEDGER.jsonl:LEBL-ID-ADV-0074"",""sha256"":""sha256:a4cfcbb7939187563a0597ecd4282133210544a77a41743007dd39e074316f82""},""workflow_id"":""01a01f57-a34b-7740-9717-596b8116910c/backend-production-v0.3-r006-live""}"
"urn:uuid:d51f6c51-7e45-55c7-863e-17cbc56fdb6d","lebl.ra.qa.adverse-ledger.lebl-id-adv-0076","source","[""urn:uuid:8b5077c5-9f15-575a-adf3-a3b8d2e63390""]","partial","{""kind"":""file"",""locator"":""backend/production/v0.3/inputs/ADVERSE_LEDGER.jsonl:LEBL-ID-ADV-0076"",""sha256"":""sha256:8a3a8ec5859fd4ebaaaa884de174facbc250e85dd1942a39ee994a1727ac3ce4""}","[""adverse-ledger admission and recorded QA replay""]","2026-08-21T00:00:00Z","active","","","","","","","","","{""check_type"":""source"",""id"":""urn:uuid:d51f6c51-7e45-55c7-863e-17cbc56fdb6d"",""note"":""fixed-point proof replay confirms the n=0 orbit aligns with every subsequent recurrence and estimate"",""record_type"":""qa_event"",""recorded_at"":""2026-08-21T00:00:00Z"",""result"":""partial"",""schema_name"":""lebl.backend.record"",""schema_version"":""0.3.0"",""semantic_aliases"":[],""semantic_key"":""lebl.ra.qa.adverse-ledger.lebl-id-adv-0076"",""status"":""active"",""subject_ids"":[""urn:uuid:8b5077c5-9f15-575a-adf3-a3b8d2e63390""],""supersedes_id"":null,""toolchain"":[""adverse-ledger admission and recorded QA replay""],""witness"":{""kind"":""file"",""locator"":""backend/production/v0.3/inputs/ADVERSE_LEDGER.jsonl:LEBL-ID-ADV-0076"",""sha256"":""sha256:8a3a8ec5859fd4ebaaaa884de174facbc250e85dd1942a39ee994a1727ac3ce4""},""workflow_id"":""01a01f57-a34b-7740-9717-596b8116910c/backend-production-v0.3-r006-live""}"
"urn:uuid:e2691743-9a40-5f9e-b474-2c6a135cb913","lebl.ra.qa.adverse-ledger.lebl-id-adv-0008","source","[""urn:uuid:6d1c2f5d-b696-5419-8c7d-2a69dd457573""]","pass","{""kind"":""file"",""locator"":""backend/production/v0.3/inputs/ADVERSE_LEDGER.jsonl:LEBL-ID-ADV-0008"",""sha256"":""sha256:8f9924f15517598453e80a541048734b33b478905b526b4c53e982ec6355c95f""}","[""adverse-ledger admission and recorded QA replay""]","2026-08-21T00:00:00Z","active","","","","","","","","","{""check_type"":""source"",""id"":""urn:uuid:e2691743-9a40-5f9e-b474-2c6a135cb913"",""note"":""logically determined trichotomy completion; bounded unit topology, formulas, and residue replay passed"",""record_type"":""qa_event"",""recorded_at"":""2026-08-21T00:00:00Z"",""result"":""pass"",""schema_name"":""lebl.backend.record"",""schema_version"":""0.3.0"",""semantic_aliases"":[],""semantic_key"":""lebl.ra.qa.adverse-ledger.lebl-id-adv-0008"",""status"":""active"",""subject_ids"":[""urn:uuid:6d1c2f5d-b696-5419-8c7d-2a69dd457573""],""supersedes_id"":null,""toolchain"":[""adverse-ledger admission and recorded QA replay""],""witness"":{""kind"":""file"",""locator"":""backend/production/v0.3/inputs/ADVERSE_LEDGER.jsonl:LEBL-ID-ADV-0008"",""sha256"":""sha256:8f9924f15517598453e80a541048734b33b478905b526b4c53e982ec6355c95f""},""workflow_id"":""01a01f57-a34b-7740-9717-596b8116910c/backend-production-v0.3-r006-live""}"
"urn:uuid:e2e25a08-b54b-57bc-a76a-c06c46736a48","lebl.ra.qa.adverse-ledger.lebl-id-adv-0063","source","[""urn:uuid:bf4dfdef-3bf3-5d7f-88eb-12b4f2a1be0b""]","pass","{""kind"":""file"",""locator"":""backend/production/v0.3/inputs/ADVERSE_LEDGER.jsonl:LEBL-ID-ADV-0063"",""sha256"":""sha256:aa55d21eeb082e0799a936d05d2dfe5f2739e8ec8d2a9ab6bf6de360fc83bc3d""}","[""adverse-ledger admission and recorded QA replay""]","2026-08-21T00:00:00Z","active","","","","","","","","","{""check_type"":""source"",""id"":""urn:uuid:e2e25a08-b54b-57bc-a76a-c06c46736a48"",""note"":""independent Picard-theorem replay confirmed the corrected logical subject and exact remaining structure"",""record_type"":""qa_event"",""recorded_at"":""2026-08-21T00:00:00Z"",""result"":""pass"",""schema_name"":""lebl.backend.record"",""schema_version"":""0.3.0"",""semantic_aliases"":[],""semantic_key"":""lebl.ra.qa.adverse-ledger.lebl-id-adv-0063"",""status"":""active"",""subject_ids"":[""urn:uuid:bf4dfdef-3bf3-5d7f-88eb-12b4f2a1be0b""],""supersedes_id"":null,""toolchain"":[""adverse-ledger admission and recorded QA replay""],""witness"":{""kind"":""file"",""locator"":""backend/production/v0.3/inputs/ADVERSE_LEDGER.jsonl:LEBL-ID-ADV-0063"",""sha256"":""sha256:aa55d21eeb082e0799a936d05d2dfe5f2739e8ec8d2a9ab6bf6de360fc83bc3d""},""workflow_id"":""01a01f57-a34b-7740-9717-596b8116910c/backend-production-v0.3-r006-live""}"
"urn:uuid:e2f6892e-de03-5e13-a9e7-1a89700a59e8","lebl.ra.qa.adverse-ledger.lebl-id-adv-0090","source","[""urn:uuid:997a9f77-c53e-54e0-beb5-1dcc79a9f04d""]","partial","{""kind"":""file"",""locator"":""backend/production/v0.3/inputs/ADVERSE_LEDGER.jsonl:LEBL-ID-ADV-0090"",""sha256"":""sha256:cb7583c62f66764ff28fa2dbc143e16220ee75904599d41eb8ddb391dc898a41""}","[""adverse-ledger admission and recorded QA replay""]","2026-08-21T00:00:00Z","active","","","","","","","","","{""check_type"":""source"",""id"":""urn:uuid:e2f6892e-de03-5e13-a9e7-1a89700a59e8"",""note"":""the correction was checked against the book's strict-inequality definition of B(0,1) and the closed-ball notation C(0,1)"",""record_type"":""qa_event"",""recorded_at"":""2026-08-21T00:00:00Z"",""result"":""partial"",""schema_name"":""lebl.backend.record"",""schema_version"":""0.3.0"",""semantic_aliases"":[],""semantic_key"":""lebl.ra.qa.adverse-ledger.lebl-id-adv-0090"",""status"":""active"",""subject_ids"":[""urn:uuid:997a9f77-c53e-54e0-beb5-1dcc79a9f04d""],""supersedes_id"":null,""toolchain"":[""adverse-ledger admission and recorded QA replay""],""witness"":{""kind"":""file"",""locator"":""backend/production/v0.3/inputs/ADVERSE_LEDGER.jsonl:LEBL-ID-ADV-0090"",""sha256"":""sha256:cb7583c62f66764ff28fa2dbc143e16220ee75904599d41eb8ddb391dc898a41""},""workflow_id"":""01a01f57-a34b-7740-9717-596b8116910c/backend-production-v0.3-r006-live""}"
"urn:uuid:e4086e16-ad04-51ce-8e8f-0d36b1767843","lebl.ra.qa.adverse-ledger.lebl-id-adv-0058","source","[""urn:uuid:f06ef48e-c08e-56db-b7dc-8bfe2f33c377""]","pass","{""kind"":""file"",""locator"":""backend/production/v0.3/inputs/ADVERSE_LEDGER.jsonl:LEBL-ID-ADV-0058"",""sha256"":""sha256:deebef05646a84a9aea0aa603afd34528bfa9733757a8505e96ffa523896778a""}","[""adverse-ledger admission and recorded QA replay""]","2026-08-21T00:00:00Z","active","","","","","","","","","{""check_type"":""source"",""id"":""urn:uuid:e4086e16-ad04-51ce-8e8f-0d36b1767843"",""note"":""bounded integral-test replay confirmed the proof remains otherwise exact"",""record_type"":""qa_event"",""recorded_at"":""2026-08-21T00:00:00Z"",""result"":""pass"",""schema_name"":""lebl.backend.record"",""schema_version"":""0.3.0"",""semantic_aliases"":[],""semantic_key"":""lebl.ra.qa.adverse-ledger.lebl-id-adv-0058"",""status"":""active"",""subject_ids"":[""urn:uuid:f06ef48e-c08e-56db-b7dc-8bfe2f33c377""],""supersedes_id"":null,""toolchain"":[""adverse-ledger admission and recorded QA replay""],""witness"":{""kind"":""file"",""locator"":""backend/production/v0.3/inputs/ADVERSE_LEDGER.jsonl:LEBL-ID-ADV-0058"",""sha256"":""sha256:deebef05646a84a9aea0aa603afd34528bfa9733757a8505e96ffa523896778a""},""workflow_id"":""01a01f57-a34b-7740-9717-596b8116910c/backend-production-v0.3-r006-live""}"
"urn:uuid:e540018c-9412-5ffe-9a68-68b63365be0d","lebl.ra.qa.adverse-ledger.lebl-id-adv-0068","source","[""urn:uuid:ab44c7ec-e8dc-5263-ab49-4a0d166f07e5""]","pass","{""kind"":""file"",""locator"":""backend/production/v0.3/inputs/ADVERSE_LEDGER.jsonl:LEBL-ID-ADV-0068"",""sha256"":""sha256:5b8fdcd71bbd8421206ed0abb0b9e5636a278defb9424806c128fa10dac395e9""}","[""adverse-ledger admission and recorded QA replay""]","2026-08-21T00:00:00Z","active","","","","","","","","","{""check_type"":""source"",""id"":""urn:uuid:e540018c-9412-5ffe-9a68-68b63365be0d"",""note"":""direct algebraic derivation and exact topology replay confirmed this is the sole protected-math correction in the unit"",""record_type"":""qa_event"",""recorded_at"":""2026-08-21T00:00:00Z"",""result"":""pass"",""schema_name"":""lebl.backend.record"",""schema_version"":""0.3.0"",""semantic_aliases"":[],""semantic_key"":""lebl.ra.qa.adverse-ledger.lebl-id-adv-0068"",""status"":""active"",""subject_ids"":[""urn:uuid:ab44c7ec-e8dc-5263-ab49-4a0d166f07e5""],""supersedes_id"":null,""toolchain"":[""adverse-ledger admission and recorded QA replay""],""witness"":{""kind"":""file"",""locator"":""backend/production/v0.3/inputs/ADVERSE_LEDGER.jsonl:LEBL-ID-ADV-0068"",""sha256"":""sha256:5b8fdcd71bbd8421206ed0abb0b9e5636a278defb9424806c128fa10dac395e9""},""workflow_id"":""01a01f57-a34b-7740-9717-596b8116910c/backend-production-v0.3-r006-live""}"
"urn:uuid:e9d73527-d028-5ad4-83ee-20e08edf1f97","lebl.ra.qa.adverse-ledger.lebl-id-adv-0022","source","[""urn:uuid:9ab75a11-3744-510c-8967-9a46bdcdc135""]","pass","{""kind"":""file"",""locator"":""backend/production/v0.3/inputs/ADVERSE_LEDGER.jsonl:LEBL-ID-ADV-0022"",""sha256"":""sha256:7010d507150f1d1352558be4bba1c982e2d07292203c6a416c2c2987a238bd47""}","[""adverse-ledger admission and recorded QA replay""]","2026-08-21T00:00:00Z","active","","","","","","","","","{""check_type"":""source"",""id"":""urn:uuid:e9d73527-d028-5ad4-83ee-20e08edf1f97"",""note"":""bounded uniform-continuity translation audit confirmed the typo and exact protected-surface parity"",""record_type"":""qa_event"",""recorded_at"":""2026-08-21T00:00:00Z"",""result"":""pass"",""schema_name"":""lebl.backend.record"",""schema_version"":""0.3.0"",""semantic_aliases"":[],""semantic_key"":""lebl.ra.qa.adverse-ledger.lebl-id-adv-0022"",""status"":""active"",""subject_ids"":[""urn:uuid:9ab75a11-3744-510c-8967-9a46bdcdc135""],""supersedes_id"":null,""toolchain"":[""adverse-ledger admission and recorded QA replay""],""witness"":{""kind"":""file"",""locator"":""backend/production/v0.3/inputs/ADVERSE_LEDGER.jsonl:LEBL-ID-ADV-0022"",""sha256"":""sha256:7010d507150f1d1352558be4bba1c982e2d07292203c6a416c2c2987a238bd47""},""workflow_id"":""01a01f57-a34b-7740-9717-596b8116910c/backend-production-v0.3-r006-live""}"
"urn:uuid:ed66c2e8-5f31-516b-a7cb-d766f088f1dd","lebl.ra.qa.adverse-ledger.lebl-id-adv-0094","source","[""urn:uuid:9a23c9d2-b16f-56b5-a3a5-a4b99a904ab6""]","partial","{""kind"":""file"",""locator"":""backend/production/v0.3/inputs/ADVERSE_LEDGER.jsonl:LEBL-ID-ADV-0094"",""sha256"":""sha256:d91e06fe1adde833426f2e8d70218d56e014e651f1a694471dca29f64f56f87c""}","[""adverse-ledger admission and recorded QA replay""]","2026-08-21T00:00:00Z","active","","","","","","","","","{""check_type"":""source"",""id"":""urn:uuid:ed66c2e8-5f31-516b-a7cb-d766f088f1dd"",""note"":""composition with the segment parametrization is defined on the full interval under the corrected subset hypothesis, so the one-variable mean-value theorem applies"",""record_type"":""qa_event"",""recorded_at"":""2026-08-21T00:00:00Z"",""result"":""partial"",""schema_name"":""lebl.backend.record"",""schema_version"":""0.3.0"",""semantic_aliases"":[],""semantic_key"":""lebl.ra.qa.adverse-ledger.lebl-id-adv-0094"",""status"":""active"",""subject_ids"":[""urn:uuid:9a23c9d2-b16f-56b5-a3a5-a4b99a904ab6""],""supersedes_id"":null,""toolchain"":[""adverse-ledger admission and recorded QA replay""],""witness"":{""kind"":""file"",""locator"":""backend/production/v0.3/inputs/ADVERSE_LEDGER.jsonl:LEBL-ID-ADV-0094"",""sha256"":""sha256:d91e06fe1adde833426f2e8d70218d56e014e651f1a694471dca29f64f56f87c""},""workflow_id"":""01a01f57-a34b-7740-9717-596b8116910c/backend-production-v0.3-r006-live""}"
"urn:uuid:f0defc98-1929-5fe1-96ff-02de9b2bdf29","lebl.ra.qa.v0.3-input-integrity.terminology","source","[""urn:uuid:75357f76-02d5-5f2e-9e97-dc9c65eaf5c3"",""urn:uuid:1db73992-5b59-5bf0-a104-a65210ba182f"",""urn:uuid:a8785412-139f-5096-90c0-7b4405e4ec3c"",""urn:uuid:eede27e8-e1bb-5b54-83b1-2239bd102307"",""urn:uuid:24a03373-086f-53a7-b065-96e941d46a51"",""urn:uuid:253f5c13-a415-5c99-8632-e9df11a15e92"",""urn:uuid:75e2a3eb-2262-5943-88de-36fcd9bac079"",""urn:uuid:6c5437a0-735f-5ec6-840d-c0d2f2b6acc7"",""urn:uuid:5b5ab1c2-74dc-57ac-a92c-a0a6df07a427"",""urn:uuid:6534b57d-507e-5a10-b07d-33cd3c88b79c"",""urn:uuid:bc48b1fd-2b09-5a74-bfc2-f9bc9cc0805d"",""urn:uuid:8829d3a6-118f-5270-a15f-9702fd4a3c49"",""urn:uuid:0f054e97-5998-579b-b506-fd33896c49e9"",""urn:uuid:572e66a0-e8b1-53fa-9846-96ce12f2c6ea"",""urn:uuid:d88ccbd9-18a3-54bc-bc80-634b37d7c320"",""urn:uuid:ac2d74bd-26d9-5161-9c85-0c004e3d2759"",""urn:uuid:b3a03aeb-34a1-5774-8187-f2dd501fa4cd"",""urn:uuid:e43077d8-2ed2-566b-8506-9802c0318b67"",""urn:uuid:3632bbab-7269-57e9-a6be-ccba771b2013"",""urn:uuid:0fffdb4b-ac31-5b11-b0ef-e0cff33dce5e"",""urn:uuid:76c28612-bdf2-53a3-b243-6e49e0cacf71"",""urn:uuid:09f42525-1112-52b8-b79d-ceeb4f3b9838"",""urn:uuid:a6a66bae-6324-5b48-b045-5f12b923fbe4"",""urn:uuid:10b79e3e-377d-584d-8f2e-873a743659b5"",""urn:uuid:e206e8b5-126b-5ab6-8d9d-ae609b5ca152"",""urn:uuid:5a0a3582-89fa-5dfe-8733-b990bc1e911f"",""urn:uuid:6106e5e9-a2e4-5ca5-906a-ac8b45699d68"",""urn:uuid:c4cd9ba2-4d72-5f96-bf0f-317d3e9a82e9"",""urn:uuid:eb13bce5-ecb6-5466-ba64-550131802180"",""urn:uuid:ff87641e-6833-55f6-bf32-9b4a81e92b47"",""urn:uuid:142ba2a5-cb97-5fa5-be7b-23fad32bcd8d"",""urn:uuid:9b738c22-5577-5d8e-84c2-91a7528f786b"",""urn:uuid:d657d74c-cbcf-5244-b5d8-46639ced0d19"",""urn:uuid:c79b9456-735a-5d1f-9c0f-8be90f2011a0"",""urn:uuid:d010bd95-df75-576d-99d6-d81fb4cb33eb"",""urn:uuid:757bfd20-2f62-5a82-9fe8-0d9df72921c7"",""urn:uuid:2cf113f7-4d05-59ad-9812-9e5fdf00038d"",""urn:uuid:00584d1e-7e6f-5dfe-a6ec-c5eba197a0dd"",""urn:uuid:ac93c665-a826-5b7f-924c-d4d63e5092fe"",""urn:uuid:d8bee69e-2232-5326-b3a2-fcb197e3c814"",""urn:uuid:8e45d469-6799-510b-8c08-acd8adc56e76"",""urn:uuid:ad768599-5cc4-50f7-b363-45e13d15b90d"",""urn:uuid:4dc10eb5-39ad-50cf-a5d3-531093d7d88c"",""urn:uuid:12c10861-7fcb-5f49-a869-8978cff77852"",""urn:uuid:8c7bec6d-ebdd-5c24-bf7c-3084c55f3bc2"",""urn:uuid:0dbf8220-2fcf-5bcd-8e35-0e6f158ca55f"",""urn:uuid:413c133b-b604-544d-b484-c4afc9bcbb8e"",""urn:uuid:d59e6059-f5c1-58a1-94f6-dd2f20624711"",""urn:uuid:f176a00d-5f04-55b6-bc82-81c682afe251"",""urn:uuid:1167e56d-02f0-50a9-9378-a6e9227b6b16"",""urn:uuid:2be63f1c-0f68-56cf-be11-a16455447e88"",""urn:uuid:40a69357-b406-5378-a490-c0b9a745eb09"",""urn:uuid:95223dd1-700c-52ba-98cb-c5eff15b2971"",""urn:uuid:7c119883-35c7-52ca-beba-9baa8da74d66"",""urn:uuid:f84051bd-74d3-5487-ac06-94d17e742c22"",""urn:uuid:8374ca1c-59a3-5503-9e76-c4fd80d81f36"",""urn:uuid:921a3054-881b-59b3-b59b-601f0ae78b5d"",""urn:uuid:f95e81cb-5dbd-5b5a-8db0-76ace7358a9b"",""urn:uuid:fcf2e275-f1b6-58d9-aee6-6cde2fee0613"",""urn:uuid:d62d4732-de97-5c5c-9d8b-9e25887c7843"",""urn:uuid:501b121b-76f9-56e1-bcb0-8b81c743198d"",""urn:uuid:743b628c-74e3-59f2-9ba0-aa3de68bc57f"",""urn:uuid:71907072-1fd8-5e17-b52f-29f65b784ac9"",""urn:uuid:17937ee8-ada7-5fd2-af91-ef8673e4e744"",""urn:uuid:759c6f9a-1890-57f3-b996-484f9e77738a"",""urn:uuid:e65809ab-3aa5-56c5-ac89-45ff1ba2e020"",""urn:uuid:89c71989-db49-51bc-9102-fbbdf49fc556"",""urn:uuid:d0ae91ae-db10-5e82-b920-3d417f9b6609"",""urn:uuid:6849a90b-2e82-5566-afdc-8161f5e65674"",""urn:uuid:b9e4123d-a809-5e8e-b3a2-83c9728d0170"",""urn:uuid:4d1b8e0c-9189-5b93-a52b-7d06ca2e5db5"",""urn:uuid:7d2e684a-f490-55ed-a1b0-3703c22aba26"",""urn:uuid:d269167a-929b-53a0-a14e-721075d19470"",""urn:uuid:6d64501a-4a00-5f4f-af5f-7570607c997b"",""urn:uuid:c259d78d-0b93-5061-af07-7e3c245639a2"",""urn:uuid:338bbd3c-a6f1-521c-aa10-5b823eb620c1"",""urn:uuid:f9c77ee3-846d-5d96-830b-699d354700ac"",""urn:uuid:86e9e8da-7637-56fa-929e-2576fad505cc"",""urn:uuid:c9788435-eb07-55b8-8a3f-94ec3b2dd88b"",""urn:uuid:66c32daa-2858-5093-9a87-59d8e84ac5a3"",""urn:uuid:5bb3c627-186f-577c-a10c-1c8522df5c18"",""urn:uuid:ec769dfb-c336-5f39-b5f7-f12da62d878f"",""urn:uuid:4c86ab43-3d2f-593a-978f-550850e07842"",""urn:uuid:99e177b4-ef32-5546-bdc7-7b4e75a2215d"",""urn:uuid:de2b62cb-8d55-5d21-8d8d-9be765faeab0"",""urn:uuid:356f28ae-35dc-54c6-a812-ded643af01e8"",""urn:uuid:2751b4d4-50b3-572d-9476-39b5d268c0d8"",""urn:uuid:f22b414a-ac31-5713-8d6a-c137871a9148"",""urn:uuid:342bde32-d599-53b4-9454-897e41ffe2d1"",""urn:uuid:74b47f8c-8fc3-5f74-86f3-08b9b974a4dd"",""urn:uuid:a4fb6cac-df52-5a17-95ce-87a13016870f"",""urn:uuid:21a1ee39-2065-513e-832f-e41d722fe007"",""urn:uuid:b6a01761-693b-5856-b021-4dbb0f3047d7"",""urn:uuid:174d95b3-0c64-5f32-8461-c2022dcfdeee"",""urn:uuid:15446605-c33e-5c2d-a158-4bbbd5cadc82"",""urn:uuid:1cf89d4a-8714-5261-8bf6-2128d93b5033"",""urn:uuid:b7f12eff-2916-5458-88e8-3d7060d9d693"",""urn:uuid:e2c16edf-f5f6-51aa-8f64-bc674428af90"",""urn:uuid:1f8026c8-a15e-5552-a574-999b4229d431"",""urn:uuid:cd88d200-50c9-526b-a17d-4377eaa9f6f7"",""urn:uuid:e3dd92bf-036a-5c59-957a-24d8f3533c47"",""urn:uuid:4cfce4a7-4d8b-5bdc-b698-1755fbe4e5e7"",""urn:uuid:baa09916-ff17-5cac-9204-49692daf7d7b"",""urn:uuid:f2111e98-bc6e-5aa3-9ee5-cfa374655276"",""urn:uuid:227affdf-a99f-5281-8561-89bd1d2cad62"",""urn:uuid:6753810b-dd0a-5891-9b04-7e642703c43a"",""urn:uuid:0d9ea3c7-c888-5106-a1a1-db602a412bc9"",""urn:uuid:0ba7b197-cac8-5766-b5dc-d936c3121e28"",""urn:uuid:68d2615b-6846-5bfa-b3f5-fb656ce7a243"",""urn:uuid:adf72811-bb77-5680-9254-95b73b92e860"",""urn:uuid:143b7115-be9d-50b8-b543-1d80360101b3"",""urn:uuid:7b555cb9-17f6-55fa-a1de-e726eaabca37"",""urn:uuid:572eb03d-9b1c-5d24-948c-6965f89d6569"",""urn:uuid:d642d6bd-2bc0-5ba5-a73d-b39b192c1d0e"",""urn:uuid:ade3d68e-bced-5d90-a688-20fde4030fbe"",""urn:uuid:10cedf9b-66b7-59ba-a96a-915ec11a50a9"",""urn:uuid:b7f2d6fc-fc08-5ca5-8272-acb9f84cd012"",""urn:uuid:8032b5e6-a2a5-5c8f-b960-c958488cade2"",""urn:uuid:ed1d652c-0d2c-555a-adb5-5fa817417dab"",""urn:uuid:75d6df61-bb1b-53d0-81e0-5750927408ef"",""urn:uuid:247a24c8-087c-56c9-82d1-0dc74d41472e"",""urn:uuid:427a69ac-bb28-5331-8fb2-ce443a6deddb"",""urn:uuid:f1d48312-ddd4-5e6c-ad0a-aaeac4a96fa1"",""urn:uuid:2ea96b6a-0d95-5c32-a119-911c7042fa96"",""urn:uuid:c6a210aa-59bb-5a18-b969-98f41294cadb"",""urn:uuid:78058517-87d7-52a9-8892-4f404a14a5b8"",""urn:uuid:140aabe4-0db2-53b4-ae60-757ae891bf96"",""urn:uuid:8f85fa5a-b960-5b17-838c-0cb9dbff8346"",""urn:uuid:2c229033-b310-5d59-a301-833bc4720352"",""urn:uuid:8e281877-bb42-5266-a3f1-55af6b0f2dde"",""urn:uuid:44875d0a-c1a3-5dde-8472-a69f222c41a4"",""urn:uuid:ecee1044-cd72-568a-9beb-0644abd1adef"",""urn:uuid:42f565fc-b8cb-51fa-abbe-f90b5e4cda2c"",""urn:uuid:c700e57f-a1de-50a2-9109-4e5c5100ace8"",""urn:uuid:052a5c7d-fbc7-530b-9fb1-a898cd93c873"",""urn:uuid:e202d43a-2ccf-5147-8a65-f53201f191f7"",""urn:uuid:ecbf6e3b-d2a4-516b-a192-4a586d31f09c"",""urn:uuid:fe46ff56-bf4f-54ae-8efc-8bac343054cf"",""urn:uuid:a7ce8cd2-5dbf-5b94-aa96-e27b7990f8f7"",""urn:uuid:5fb497e9-e140-5b82-9ebb-15905abc620a"",""urn:uuid:47b77fc3-a70e-596c-ae2c-39325fbd785e"",""urn:uuid:887bb2ec-0740-54ea-a88f-2695b6de3b7d"",""urn:uuid:1c71e50a-da29-50ad-86de-c2eed1fe0388"",""urn:uuid:641fe4d6-264c-515b-9dec-fe2121fef720"",""urn:uuid:67b55e59-986a-56b9-8b4b-1f649eba5392"",""urn:uuid:9bef8395-8b41-5348-8218-c30b26a53a39"",""urn:uuid:752c6954-a8f4-5291-88b7-e960fbd0a462"",""urn:uuid:33872702-4843-5b55-b3ee-1b832601f193"",""urn:uuid:3382ace7-267c-5c23-a42a-778908dd7757"",""urn:uuid:ca08308c-7fed-5c57-a4e9-cdaa078d8204"",""urn:uuid:2b2d73ae-2378-5325-90b7-c16685cb2d37"",""urn:uuid:53e46372-4d05-5246-bc71-2dbaf4b2c6d7"",""urn:uuid:38f1a4f3-ac80-5269-b791-a3c060035cc1"",""urn:uuid:60e458d5-1c66-5f43-a7a1-0546a1a9b40f"",""urn:uuid:05f2a87d-0c28-55c0-8d68-55afc01b89ad"",""urn:uuid:b418b08e-020a-5513-99dc-796a925d5de1"",""urn:uuid:4f5d04fe-17c6-5e1c-8aa3-5c8beae41316"",""urn:uuid:6fbd625c-b766-59c0-9535-8db6a7e9d9dd"",""urn:uuid:ded45a68-f285-5b60-a22c-5fb7b60dd890"",""urn:uuid:f7e1031b-500a-52b7-8d1e-be5ac81b9d8b"",""urn:uuid:9eb12450-8f8b-506c-9c36-7fd605b51cf8"",""urn:uuid:0ba19e7c-f08b-5446-8368-3d76156d19c2"",""urn:uuid:fb381a4a-e1c9-5814-ba76-908a4655b52a"",""urn:uuid:ea88b33d-4fea-5904-a410-11728846337d"",""urn:uuid:f84f6d32-2d81-59c3-8b11-5fa306720847"",""urn:uuid:4e122a75-fe96-57cb-a3a4-7d0db53f4d43"",""urn:uuid:b0ccd608-94f8-5cf2-aa5e-dff1c9355e30"",""urn:uuid:f768cfd5-2580-5cbc-b11c-2762f92aa1ee"",""urn:uuid:c3398e90-d3a5-5306-aafa-105483a35696"",""urn:uuid:676ebcfd-142d-519a-9a28-f86fc6d6086d"",""urn:uuid:4702709c-2c5a-5a7b-87cf-43ac32fc238e"",""urn:uuid:9042fa3c-150a-54ad-870f-f9c63483ebfb"",""urn:uuid:ec0e8dde-a4a7-577c-b770-f68cc1d685da"",""urn:uuid:c67e66a7-f9f4-5618-beb9-3eb13f2ac65c"",""urn:uuid:91f20e5b-f5b7-557a-a81d-03c19777b556"",""urn:uuid:dce1451f-1e8d-5ab7-871a-30a00e858c1f"",""urn:uuid:bc81fe4b-57b7-5efc-a8c3-8695bcea7fc2"",""urn:uuid:3c519971-27cc-5549-b5ba-587df320b767"",""urn:uuid:2308bf3a-a3a5-5b16-b43b-48fa914b3503"",""urn:uuid:d59d77a6-f3b5-5769-8074-c13aac1499d1"",""urn:uuid:c7fdae53-2c8f-5499-914a-3899105c5820"",""urn:uuid:eb4b91a8-38a6-56f0-aff1-aa2f2e7df284"",""urn:uuid:4c0c1a2c-685c-5bc7-aa66-2435f2726c77"",""urn:uuid:709b8784-49e7-5e13-bec1-d3f7aee7f6d8"",""urn:uuid:66f5e2bc-8180-59d1-89e2-278aa4b0ffc7"",""urn:uuid:971574c5-32b6-5cad-b8c0-2ac74b766632"",""urn:uuid:63d165d3-211e-5831-a9eb-49f41fe6ad32"",""urn:uuid:6316df19-afe2-5dee-a1e4-608e9653a766"",""urn:uuid:0cc23b12-c899-50bd-8af5-e1f88d2b0b40"",""urn:uuid:cc118cdd-9e0c-546d-bb27-bdc190508383"",""urn:uuid:7039911a-973e-514a-a519-b7a216940b1e"",""urn:uuid:2d8d942e-3440-5fa5-b333-f1a457f3ac02"",""urn:uuid:447c6c5d-b560-5426-a2f6-8dd5e9ef2d1b"",""urn:uuid:07627480-c836-5e11-8b0c-73f33f666e86"",""urn:uuid:b3b2ea04-3b35-564e-9c01-ae432ebd9de9"",""urn:uuid:33644870-eebf-5fdb-82db-5cb56684d9ce"",""urn:uuid:11f783d3-0803-55af-abe0-036446dc7e72"",""urn:uuid:6e5a6775-21e4-5cd1-bcf9-bac5cdee1d53"",""urn:uuid:b8e81c21-2fe3-50f4-97d1-b49c9d9a1b4c"",""urn:uuid:fed53c64-e26d-591f-9d9f-5b4d97f6bffa"",""urn:uuid:54e21443-8d6f-5e01-9497-65e4f24716d4"",""urn:uuid:dc28c73e-c31f-5d8b-9306-4642b3cdba49"",""urn:uuid:ae35a174-2524-5443-bffb-86b04ef9ed59"",""urn:uuid:c3a94a17-a149-5e32-8c57-d2f41b4c7663"",""urn:uuid:3c54038f-cb48-570e-9142-88a8ee06621c"",""urn:uuid:3ee4e936-68f9-525b-83cb-fcbf768f76aa"",""urn:uuid:438010de-55a1-5a30-8c81-3633af404f34"",""urn:uuid:6d4e0460-ca2a-50cf-99ef-d780f48948aa"",""urn:uuid:c1c13935-c1bf-5735-b94f-c4e327d84a76"",""urn:uuid:acfc9fe4-42f5-5e53-ad93-af0ca4eb018e"",""urn:uuid:b91fc043-fe80-53a0-9e9f-ad0cd86db4ed"",""urn:uuid:7f3390f3-48a1-5528-a3d9-8844bcf2858c"",""urn:uuid:52336178-5bb5-58e8-8b81-df9079f05b4a"",""urn:uuid:25fb903b-2a2d-59bf-aaa9-3ea83e6cc031"",""urn:uuid:f6e2ce03-8d07-52a6-bb9d-faccb9496967"",""urn:uuid:6d2afc83-ce1c-53d6-803d-13237543d4df"",""urn:uuid:f41acb51-384e-5485-8787-726bd43dcbdd"",""urn:uuid:a167a3f5-77eb-52b3-aa2c-9c71f6372ec1"",""urn:uuid:fa3bc3d0-5e23-5a82-87d8-1e0a82310b4d"",""urn:uuid:d5138530-0f45-5092-8a28-6d3c620a8668"",""urn:uuid:a6927635-ffc8-58d5-b263-2db819574ccf"",""urn:uuid:c58e7c8d-d99f-5d57-b78c-4fadc4ef5d47"",""urn:uuid:7e2595bb-73d8-589b-b8cd-41b3a9400223"",""urn:uuid:4dc268f5-8200-5b65-bcf9-f45cf33f1e56"",""urn:uuid:749a845d-d732-536d-94f8-685509736d14"",""urn:uuid:b64ca165-27c4-5166-88b4-3201801f1f82"",""urn:uuid:4044c440-0f49-5a2d-a8ae-62d2e93b4792"",""urn:uuid:4f557f41-6652-54a0-bcba-084276a53de8"",""urn:uuid:e758b407-815a-5379-a57a-dd0afd8ce4f5"",""urn:uuid:a3bda879-5688-59cc-ae50-414c2854d1af"",""urn:uuid:5d802a87-1a2a-527e-b8fb-7694fa061032"",""urn:uuid:d6cba0c2-6dc0-5f35-816a-77608dd6ff3b"",""urn:uuid:407a57dd-145c-5bb1-8268-7d54a76ee757"",""urn:uuid:42275bcd-6310-5480-915d-7ccc19df729f"",""urn:uuid:560aa0e0-591e-5bc1-a91c-8b98b7ff0dbf"",""urn:uuid:2ad2c66c-1410-5454-80d6-39eb3475f863"",""urn:uuid:d5e3b366-71d1-58ce-ad5c-2d22cf6f20e0"",""urn:uuid:637f2ab5-cfb6-5056-aa95-06eee711c04a"",""urn:uuid:6146104e-66b8-5fff-bd63-862ef905ff72"",""urn:uuid:33033851-f7e6-5497-b1fc-da7157c6cc30"",""urn:uuid:1c3f902c-afff-5dc1-85ca-eb4283824239"",""urn:uuid:35124fd3-6925-5e12-8f98-f1e0caa84a7b"",""urn:uuid:50e4855b-ea23-5300-b07c-9d2de8cac6ce"",""urn:uuid:d3a9d861-cbd8-5c82-9bd3-67fde5796d39"",""urn:uuid:3a9f6271-7f7b-546e-aa2d-19ae9e77e604"",""urn:uuid:eb840cd5-2861-5497-80b8-25c70685c950"",""urn:uuid:5acf1744-e791-5f29-b7d6-444e9b676a14"",""urn:uuid:4735180b-cc85-501d-bad6-809c289fa400"",""urn:uuid:be2ebf40-7007-5395-88a8-f02d83792c6d"",""urn:uuid:23863771-113d-5083-8099-454558da4e88"",""urn:uuid:8f3e474e-fc4a-5db2-922e-b088a6583d91"",""urn:uuid:d23de1fd-2c42-5bb7-ade8-aa3d4fab3e6b"",""urn:uuid:8865990a-eacb-5ac5-8c42-585605d374a5"",""urn:uuid:31b1c3e7-5e92-56cd-8d9f-3ee24719a3c1"",""urn:uuid:5290553f-ec9e-5a62-ada9-296260d682f5"",""urn:uuid:791b2332-e520-55b1-a940-e2f259224d04"",""urn:uuid:c286de02-ac03-5eee-9844-a59c938f1a9b"",""urn:uuid:7a795318-ceb6-550b-83bf-2dea470fdb0c"",""urn:uuid:cf43c711-acf1-511d-94be-d6167973cd34"",""urn:uuid:48c8630e-bd10-5adc-9b05-b70702194cf7"",""urn:uuid:82c4c881-236d-5190-b866-07d7e551840e"",""urn:uuid:034c7159-a6b5-5260-9a44-e6168f5e43f6"",""urn:uuid:1a6b5c3a-9f20-53a5-a76a-062bae76d628"",""urn:uuid:d75b3481-153b-5481-9b2d-156a20d405ff"",""urn:uuid:e7ed287f-ba7e-5b9f-9c90-cb4c2d7e5294"",""urn:uuid:fd147966-89ed-50a9-8570-ce776273ebcb"",""urn:uuid:80197d86-5482-5a0b-94d2-15ee46b18b02"",""urn:uuid:9710b115-bd1e-5546-93e2-f30c788f8e5c"",""urn:uuid:2f7eac1a-4820-5871-9f3c-f0207079dc4b"",""urn:uuid:1887752f-15ac-5367-a41b-b9971d1b3c66"",""urn:uuid:6f297cbb-6279-5ffa-bd85-e43403983a59"",""urn:uuid:f526bd6f-c422-5dd3-a70d-68d6c5082964"",""urn:uuid:31164515-f75f-5c11-93e6-9019328ea71d"",""urn:uuid:d8ada5c4-29d1-5086-b90d-a5a49ed829fe"",""urn:uuid:b55a9bd4-617c-5c8b-948d-f17617cf22c8"",""urn:uuid:33238e7a-5a06-5a8c-bdc2-792d81970ffc"",""urn:uuid:fd90bd0b-063d-5b3c-9639-a90ac7c10deb"",""urn:uuid:4e8d9c54-3aab-5109-be85-4c0199179a13"",""urn:uuid:73fb7999-31c4-5d46-a686-a579eb672d34"",""urn:uuid:d64ca32a-58a9-59c4-ab89-7a305ec9c94c"",""urn:uuid:dc91cf5c-8093-56ac-83aa-ff9410b0e976"",""urn:uuid:d05204ed-0928-5fac-8ae1-982d0f606d0e"",""urn:uuid:8c54d4c4-749b-52f4-a2ff-8b7eeffd5708"",""urn:uuid:3e4a049c-01d1-5987-b4e0-2d3c451a58ec"",""urn:uuid:3832a451-ef84-513c-b9ec-ab2fe6b5ed9b"",""urn:uuid:021e00f3-4115-5a64-b89b-df7a1aa20354"",""urn:uuid:984f6308-e945-5774-b413-d71585fa42de"",""urn:uuid:b9f68c56-ce05-5db7-b311-492e8a8b4d2c"",""urn:uuid:e87ae62e-301f-5e1e-a6a3-70dec0f1c4e8"",""urn:uuid:4433618c-ae7f-5463-b9e2-95794951a84c"",""urn:uuid:2eb80822-941e-5246-a8eb-84daf71d50ea"",""urn:uuid:55bb9e4a-094b-5b93-bbd6-ccb69cfcb3d0"",""urn:uuid:dc834ae2-abbe-52bf-ab24-ba47706e56cf"",""urn:uuid:2a321e55-b63d-5ca5-ba6d-d573a9ce09e6"",""urn:uuid:fc7f9acc-8f6e-5c7b-b885-7fc795504abc"",""urn:uuid:20dfb735-e042-5b88-ac08-60804fa1a2a9"",""urn:uuid:b7111016-aee6-5bea-9b58-35c20fae0dd5"",""urn:uuid:351dd54c-b843-5ae6-bad5-5bd787ea516b"",""urn:uuid:8975e3c3-2b61-58e9-af3e-77a02b66acff"",""urn:uuid:fa936be9-fc39-5532-b98d-7787fa9b8196"",""urn:uuid:9f57c875-e008-5579-b622-c4df0caab871"",""urn:uuid:da17ab24-5670-5b5b-b85b-f4d531e48814"",""urn:uuid:ffac3ea6-1564-51f3-b6c9-ebb88ecf6310"",""urn:uuid:e7324109-cba3-5439-b151-f70145bec42c"",""urn:uuid:606e9ddf-d727-5ef8-a040-503fb08c40b4"",""urn:uuid:21c30823-9a50-5da1-ae5b-c4c5dbd1ade1"",""urn:uuid:88bab9b1-b43b-57e7-bc49-bb32aaf627b2"",""urn:uuid:e4c11169-e747-50f7-a84e-f28df16cee7b"",""urn:uuid:62a96b85-bdf8-5c82-96cd-67c78e18dd81"",""urn:uuid:6f93c5c8-10ce-557f-8709-6885e2174f58"",""urn:uuid:f5f08ad9-8884-577a-94a9-e723a9c610cd"",""urn:uuid:520172e7-8292-5cf7-a666-c9c9168f03a3"",""urn:uuid:2ee2d34a-3b41-5f58-a1e5-5138104d38c8"",""urn:uuid:32927c38-e5d0-501f-a5c8-130c9dfa92b9"",""urn:uuid:aa28376c-62a2-511f-b565-b7763dd42962"",""urn:uuid:24d8d18b-4166-5373-9917-98d243c08e76"",""urn:uuid:b9bb7da8-269d-59a1-9f17-d0cac57cffbd"",""urn:uuid:80e54e3d-96ce-5af0-8536-d77862a2ab63"",""urn:uuid:9728b67a-3d69-58e4-a270-1f87a3f7d5a1"",""urn:uuid:2936d55d-1bca-5913-ab8a-ef11dda87ed3"",""urn:uuid:f3f961f7-7678-5471-afd3-2ca25a47ebc6"",""urn:uuid:b48442e9-d077-5705-8489-116977642a2c"",""urn:uuid:338da77c-ac41-5893-8930-18a144475a4b"",""urn:uuid:0ee0b303-2c83-5c0b-9238-c6d5278ba9cd"",""urn:uuid:95c307e0-24dc-5e6c-b240-5d7185fcb0a8"",""urn:uuid:1fbec07c-be1e-538b-9497-e42ac22da08c"",""urn:uuid:fb42279e-b613-59ef-ac7a-1563e6f7bb40"",""urn:uuid:83875123-ce4c-5797-8146-385e4f33f947"",""urn:uuid:b5eaea43-cc9f-5e66-81b9-bb1070abe1f9"",""urn:uuid:71abf4e1-cd23-557a-aa95-81d38af69e18"",""urn:uuid:29c3f791-ab72-5e5d-abb9-d59ba36902fd"",""urn:uuid:7ed577fa-cfca-5e03-938c-ba0c9e924312"",""urn:uuid:9684d87b-4e81-53e4-8a68-379b668c0599"",""urn:uuid:fa015717-fef7-5e17-b2a1-49b640b7fa7f"",""urn:uuid:06d19307-2210-5607-9cdd-83d85c6efda7"",""urn:uuid:03568127-f5b7-5465-829d-0ef42eb45dae"",""urn:uuid:381970aa-4718-5247-936e-d66ed3c29428"",""urn:uuid:4c0a5a8b-7b59-5177-8434-b16689f11fc1"",""urn:uuid:300777a9-e65c-559d-9403-8e0dbabfe098"",""urn:uuid:7aab8c2a-5da2-542d-9796-56798067e8ac"",""urn:uuid:22545a3e-91f1-53d4-bda1-dfe8c8ea9275"",""urn:uuid:67dcef05-e113-50c0-ad48-6cb732154d63"",""urn:uuid:742523f9-d320-50da-9a7c-9d5757f627e3"",""urn:uuid:177dde95-f6ef-5220-943a-9666bb22fa65"",""urn:uuid:557199ac-b3b1-5a39-a0f4-6a5470bc1c90"",""urn:uuid:c09e7ba0-68ef-5da0-8aa7-c316765db63c"",""urn:uuid:d72eeb04-a0f9-5bac-a65f-0919aa4105f6"",""urn:uuid:be384ac0-ebb6-5c60-a314-3b37483758e0"",""urn:uuid:bcd59507-dfb1-5c98-b17c-f9d481a24949"",""urn:uuid:ef686a49-e6ca-51b6-ba8b-bc518284c95a"",""urn:uuid:6342bd04-b9f9-52bd-beed-48e23c26f770"",""urn:uuid:e0063d3c-6672-52aa-a930-dd102a4e8963"",""urn:uuid:9977c455-dc88-53e6-b0ac-02a2d5a721ad"",""urn:uuid:a0356dc5-d581-5be9-84f4-9616e63a68a7"",""urn:uuid:99f13aaa-c29b-5063-9d5f-56b3fb980a38"",""urn:uuid:db69dc55-9e8f-5da5-85b6-1abf3eff388b"",""urn:uuid:c8010a22-9f9e-56a2-9dad-a8a51d52c6f9"",""urn:uuid:2aa6ee9f-37c8-52fd-a226-70d8827bc7d1"",""urn:uuid:5a053af9-277c-56fb-a783-585f69c257b5"",""urn:uuid:0f8f844e-ed87-5ef7-a3bf-14f88dcd71d4"",""urn:uuid:a95c40ab-45cf-5dcd-89fa-b253b616268c"",""urn:uuid:006a77f9-3182-517f-b459-ff6e437d9ac9"",""urn:uuid:4b6386c7-faa4-5e64-a24a-167e1e45647a"",""urn:uuid:6385995b-d311-5eab-90d1-502f2f827798"",""urn:uuid:a4e2f50d-2619-5f1e-8d58-dde30b853a80"",""urn:uuid:f265e996-6c1f-55c8-8182-ff495125732b"",""urn:uuid:48327155-473c-525c-8eea-ad3cc3fc6ea8"",""urn:uuid:86307d2f-2f63-5923-9aa4-d34ae7d61857"",""urn:uuid:29d68eca-ddc8-54a6-8fcb-81159eeee8e3"",""urn:uuid:2fe76229-57ca-5746-8ee0-8ec04a45d999"",""urn:uuid:3cde77b1-0310-593a-9057-c307d9b86497"",""urn:uuid:673291a9-360f-595f-b21d-b79632e4c451"",""urn:uuid:107e0149-6095-5941-91fb-65473992318b"",""urn:uuid:1380a46e-af5b-5a3f-a806-1fe3948ac028"",""urn:uuid:5b477002-9884-55c4-9b09-7db80c17dd77"",""urn:uuid:e7c1c39a-194d-5331-8593-3fe3d2bddff1"",""urn:uuid:1a51b0eb-9227-5e86-a673-c55b058f318e"",""urn:uuid:bb45275b-fa32-51ea-be5b-5ac3068be40a"",""urn:uuid:8f255716-483e-5e4c-a41d-2cf62a3eb128"",""urn:uuid:46d2f16d-8fbc-5cd2-b525-e3812c9203ec"",""urn:uuid:ac6f1c21-915f-5936-84f4-6ae0dd0029cd"",""urn:uuid:8fc3fc50-19d3-55cd-b2ee-8e80d508bafd"",""urn:uuid:5ab8c8e3-f1ac-5186-bdc2-59c68d9f692b"",""urn:uuid:4958af93-562d-5c3f-8461-ccff28e34239"",""urn:uuid:df07d93c-9a9b-53e9-9873-d04233420181"",""urn:uuid:a9f9d98e-3e34-5f10-bb98-a462301e39a2"",""urn:uuid:a9830a3d-9400-5dcf-b158-d12eef39f87e"",""urn:uuid:e5087044-e311-58a9-9518-e6260d08f6d2"",""urn:uuid:f67786ad-a4a0-5cd0-8e01-cde1cede36f8"",""urn:uuid:25f0b1cf-8bba-5e7b-954b-bab2c5082b52"",""urn:uuid:4fe98911-a101-5572-8f1c-d3981338d7dc"",""urn:uuid:d868d878-fedd-54ad-9750-ed89942a266f"",""urn:uuid:1d859d1c-1c9a-5ed0-b217-18d84ab9d31c"",""urn:uuid:9c558521-85f6-5273-aeaf-bf3e82984c44"",""urn:uuid:6109a363-4e80-5718-afa1-d649701a315f"",""urn:uuid:9e15d01f-a36c-55ca-8056-a65965ff25f3"",""urn:uuid:acb7239d-3871-5c98-b89b-340f10bf7869"",""urn:uuid:746acd25-7e97-5e85-b109-bbf9edd60e4c"",""urn:uuid:07eea9eb-33f5-56ef-841a-5680868459df"",""urn:uuid:f1281f63-da28-50c3-a446-7e461e09bfba"",""urn:uuid:df94c782-e62f-58cd-b928-91f4738cc655"",""urn:uuid:336568ed-4c35-520a-abeb-12c044735254"",""urn:uuid:f2f7f88b-df96-5c80-bba1-e3dad387a798"",""urn:uuid:f4d012d6-0e83-5857-86e4-66a62d79af28"",""urn:uuid:0cdcca87-80b3-50de-aaf9-fc1dcdde862d"",""urn:uuid:876e27e5-eae8-52df-8fb4-d5db01f34dd1"",""urn:uuid:b20380de-6bf8-551e-b3c9-5bf691e3214d"",""urn:uuid:9f10435e-1300-5a26-8247-67186ab1602a"",""urn:uuid:2329aaa4-fa2f-5272-9a96-8d6ff11fe543"",""urn:uuid:107efdd7-ac5e-59dd-bd12-ac00236a367f"",""urn:uuid:93e0b5cf-4d02-59da-a380-309dc07af62d"",""urn:uuid:4d9e7323-db40-5b1c-bb4b-a5cc5f7b5964"",""urn:uuid:1cbd0b5c-f479-5f99-814b-01da0b478871"",""urn:uuid:e689d7fb-5d95-563f-97df-47a0c760070f"",""urn:uuid:d77b6015-ecd1-5170-8626-cd655d8ce5db"",""urn:uuid:7cb84a41-5343-5e6f-9cfd-918a318eb4de"",""urn:uuid:27d51352-baf7-51c1-becf-3a4f2e30396a"",""urn:uuid:67b0e3a7-29be-5a6f-bb6e-8bd67164d3ce"",""urn:uuid:eae52a1b-c601-5ce1-a2fa-be9ef79a3623"",""urn:uuid:1a1d5f41-ecc2-50b0-8fb6-b16125bc9e43"",""urn:uuid:74dfdcc9-64c6-5bd4-a865-3a4cb1f2b517"",""urn:uuid:e9c85d27-cd9c-5926-9ec8-de58c4e2555e"",""urn:uuid:ed1d3fb2-4783-5ea8-a5d2-ea13c2956306"",""urn:uuid:eb8a3b33-588a-5145-a090-52d5c6c8af5b"",""urn:uuid:e7119ce5-3f28-57ce-a720-768aeda10771"",""urn:uuid:390fb8a0-a5a9-5b34-8b3e-52ae4b351275"",""urn:uuid:a98cb44d-9deb-5223-94a5-0f2874610652"",""urn:uuid:39385c61-31b6-5651-99c7-bf73d1ed728b"",""urn:uuid:a385d19b-9f21-5ee4-8ae7-b1088396558e"",""urn:uuid:22f9ddff-4033-5336-91da-7c5a52741453"",""urn:uuid:bd84730f-da6e-5e00-a3b2-44010f3c30d4"",""urn:uuid:c7696154-d63e-5ba9-91e4-caffe532a8c9"",""urn:uuid:a5a8a5ee-d1e4-5bfd-864e-1422d8a62023"",""urn:uuid:718635bb-6f37-5941-bb26-b717b290ee31"",""urn:uuid:bde83178-8af0-593e-bee3-3cf5b40ff562"",""urn:uuid:28d71dda-9c2e-5b76-812f-77e653321a1c"",""urn:uuid:ff921163-a50f-5687-96cb-aac7c3fe6c99"",""urn:uuid:04e5ff9f-3af1-54e4-9908-96de6922d761"",""urn:uuid:136ea3c2-ea6b-528b-b837-c9ef0248379d"",""urn:uuid:73950d71-0858-5db5-bd16-4fb7c63c5dbc""]","pass","{""kind"":""file"",""locator"":""backend/production/v0.3/inputs/TERMINOLOGY.csv"",""sha256"":""sha256:edf93094bcf3e19941799183293629aaa09b41ec05d2f30a6cf846271c8e9ddc""}","[""exact byte count, SHA-256 binding, deterministic parse, and invariant validation""]","2026-08-21T00:00:00Z","active","","","","","","","","","{""check_type"":""source"",""id"":""urn:uuid:f0defc98-1929-5fe1-96ff-02de9b2bdf29"",""note"":""Frozen terminology input passed its exact v0.3 identity and structural gate."",""record_type"":""qa_event"",""recorded_at"":""2026-08-21T00:00:00Z"",""result"":""pass"",""schema_name"":""lebl.backend.record"",""schema_version"":""0.3.0"",""semantic_aliases"":[],""semantic_key"":""lebl.ra.qa.v0.3-input-integrity.terminology"",""status"":""active"",""subject_ids"":[""urn:uuid:75357f76-02d5-5f2e-9e97-dc9c65eaf5c3"",""urn:uuid:1db73992-5b59-5bf0-a104-a65210ba182f"",""urn:uuid:a8785412-139f-5096-90c0-7b4405e4ec3c"",""urn:uuid:eede27e8-e1bb-5b54-83b1-2239bd102307"",""urn:uuid:24a03373-086f-53a7-b065-96e941d46a51"",""urn:uuid:253f5c13-a415-5c99-8632-e9df11a15e92"",""urn:uuid:75e2a3eb-2262-5943-88de-36fcd9bac079"",""urn:uuid:6c5437a0-735f-5ec6-840d-c0d2f2b6acc7"",""urn:uuid:5b5ab1c2-74dc-57ac-a92c-a0a6df07a427"",""urn:uuid:6534b57d-507e-5a10-b07d-33cd3c88b79c"",""urn:uuid:bc48b1fd-2b09-5a74-bfc2-f9bc9cc0805d"",""urn:uuid:8829d3a6-118f-5270-a15f-9702fd4a3c49"",""urn:uuid:0f054e97-5998-579b-b506-fd33896c49e9"",""urn:uuid:572e66a0-e8b1-53fa-9846-96ce12f2c6ea"",""urn:uuid:d88ccbd9-18a3-54bc-bc80-634b37d7c320"",""urn:uuid:ac2d74bd-26d9-5161-9c85-0c004e3d2759"",""urn:uuid:b3a03aeb-34a1-5774-8187-f2dd501fa4cd"",""urn:uuid:e43077d8-2ed2-566b-8506-9802c0318b67"",""urn:uuid:3632bbab-7269-57e9-a6be-ccba771b2013"",""urn:uuid:0fffdb4b-ac31-5b11-b0ef-e0cff33dce5e"",""urn:uuid:76c28612-bdf2-53a3-b243-6e49e0cacf71"",""urn:uuid:09f42525-1112-52b8-b79d-ceeb4f3b9838"",""urn:uuid:a6a66bae-6324-5b48-b045-5f12b923fbe4"",""urn:uuid:10b79e3e-377d-584d-8f2e-873a743659b5"",""urn:uuid:e206e8b5-126b-5ab6-8d9d-ae609b5ca152"",""urn:uuid:5a0a3582-89fa-5dfe-8733-b990bc1e911f"",""urn:uuid:6106e5e9-a2e4-5ca5-906a-ac8b45699d68"",""urn:uuid:c4cd9ba2-4d72-5f96-bf0f-317d3e9a82e9"",""urn:uuid:eb13bce5-ecb6-5466-ba64-550131802180"",""urn:uuid:ff87641e-6833-55f6-bf32-9b4a81e92b47"",""urn:uuid:142ba2a5-cb97-5fa5-be7b-23fad32bcd8d"",""urn:uuid:9b738c22-5577-5d8e-84c2-91a7528f786b"",""urn:uuid:d657d74c-cbcf-5244-b5d8-46639ced0d19"",""urn:uuid:c79b9456-735a-5d1f-9c0f-8be90f2011a0"",""urn:uuid:d010bd95-df75-576d-99d6-d81fb4cb33eb"",""urn:uuid:757bfd20-2f62-5a82-9fe8-0d9df72921c7"",""urn:uuid:2cf113f7-4d05-59ad-9812-9e5fdf00038d"",""urn:uuid:00584d1e-7e6f-5dfe-a6ec-c5eba197a0dd"",""urn:uuid:ac93c665-a826-5b7f-924c-d4d63e5092fe"",""urn:uuid:d8bee69e-2232-5326-b3a2-fcb197e3c814"",""urn:uuid:8e45d469-6799-510b-8c08-acd8adc56e76"",""urn:uuid:ad768599-5cc4-50f7-b363-45e13d15b90d"",""urn:uuid:4dc10eb5-39ad-50cf-a5d3-531093d7d88c"",""urn:uuid:12c10861-7fcb-5f49-a869-8978cff77852"",""urn:uuid:8c7bec6d-ebdd-5c24-bf7c-3084c55f3bc2"",""urn:uuid:0dbf8220-2fcf-5bcd-8e35-0e6f158ca55f"",""urn:uuid:413c133b-b604-544d-b484-c4afc9bcbb8e"",""urn:uuid:d59e6059-f5c1-58a1-94f6-dd2f20624711"",""urn:uuid:f176a00d-5f04-55b6-bc82-81c682afe251"",""urn:uuid:1167e56d-02f0-50a9-9378-a6e9227b6b16"",""urn:uuid:2be63f1c-0f68-56cf-be11-a16455447e88"",""urn:uuid:40a69357-b406-5378-a490-c0b9a745eb09"",""urn:uuid:95223dd1-700c-52ba-98cb-c5eff15b2971"",""urn:uuid:7c119883-35c7-52ca-beba-9baa8da74d66"",""urn:uuid:f84051bd-74d3-5487-ac06-94d17e742c22"",""urn:uuid:8374ca1c-59a3-5503-9e76-c4fd80d81f36"",""urn:uuid:921a3054-881b-59b3-b59b-601f0ae78b5d"",""urn:uuid:f95e81cb-5dbd-5b5a-8db0-76ace7358a9b"",""urn:uuid:fcf2e275-f1b6-58d9-aee6-6cde2fee0613"",""urn:uuid:d62d4732-de97-5c5c-9d8b-9e25887c7843"",""urn:uuid:501b121b-76f9-56e1-bcb0-8b81c743198d"",""urn:uuid:743b628c-74e3-59f2-9ba0-aa3de68bc57f"",""urn:uuid:71907072-1fd8-5e17-b52f-29f65b784ac9"",""urn:uuid:17937ee8-ada7-5fd2-af91-ef8673e4e744"",""urn:uuid:759c6f9a-1890-57f3-b996-484f9e77738a"",""urn:uuid:e65809ab-3aa5-56c5-ac89-45ff1ba2e020"",""urn:uuid:89c71989-db49-51bc-9102-fbbdf49fc556"",""urn:uuid:d0ae91ae-db10-5e82-b920-3d417f9b6609"",""urn:uuid:6849a90b-2e82-5566-afdc-8161f5e65674"",""urn:uuid:b9e4123d-a809-5e8e-b3a2-83c9728d0170"",""urn:uuid:4d1b8e0c-9189-5b93-a52b-7d06ca2e5db5"",""urn:uuid:7d2e684a-f490-55ed-a1b0-3703c22aba26"",""urn:uuid:d269167a-929b-53a0-a14e-721075d19470"",""urn:uuid:6d64501a-4a00-5f4f-af5f-7570607c997b"",""urn:uuid:c259d78d-0b93-5061-af07-7e3c245639a2"",""urn:uuid:338bbd3c-a6f1-521c-aa10-5b823eb620c1"",""urn:uuid:f9c77ee3-846d-5d96-830b-699d354700ac"",""urn:uuid:86e9e8da-7637-56fa-929e-2576fad505cc"",""urn:uuid:c9788435-eb07-55b8-8a3f-94ec3b2dd88b"",""urn:uuid:66c32daa-2858-5093-9a87-59d8e84ac5a3"",""urn:uuid:5bb3c627-186f-577c-a10c-1c8522df5c18"",""urn:uuid:ec769dfb-c336-5f39-b5f7-f12da62d878f"",""urn:uuid:4c86ab43-3d2f-593a-978f-550850e07842"",""urn:uuid:99e177b4-ef32-5546-bdc7-7b4e75a2215d"",""urn:uuid:de2b62cb-8d55-5d21-8d8d-9be765faeab0"",""urn:uuid:356f28ae-35dc-54c6-a812-ded643af01e8"",""urn:uuid:2751b4d4-50b3-572d-9476-39b5d268c0d8"",""urn:uuid:f22b414a-ac31-5713-8d6a-c137871a9148"",""urn:uuid:342bde32-d599-53b4-9454-897e41ffe2d1"",""urn:uuid:74b47f8c-8fc3-5f74-86f3-08b9b974a4dd"",""urn:uuid:a4fb6cac-df52-5a17-95ce-87a13016870f"",""urn:uuid:21a1ee39-2065-513e-832f-e41d722fe007"",""urn:uuid:b6a01761-693b-5856-b021-4dbb0f3047d7"",""urn:uuid:174d95b3-0c64-5f32-8461-c2022dcfdeee"",""urn:uuid:15446605-c33e-5c2d-a158-4bbbd5cadc82"",""urn:uuid:1cf89d4a-8714-5261-8bf6-2128d93b5033"",""urn:uuid:b7f12eff-2916-5458-88e8-3d7060d9d693"",""urn:uuid:e2c16edf-f5f6-51aa-8f64-bc674428af90"",""urn:uuid:1f8026c8-a15e-5552-a574-999b4229d431"",""urn:uuid:cd88d200-50c9-526b-a17d-4377eaa9f6f7"",""urn:uuid:e3dd92bf-036a-5c59-957a-24d8f3533c47"",""urn:uuid:4cfce4a7-4d8b-5bdc-b698-1755fbe4e5e7"",""urn:uuid:baa09916-ff17-5cac-9204-49692daf7d7b"",""urn:uuid:f2111e98-bc6e-5aa3-9ee5-cfa374655276"",""urn:uuid:227affdf-a99f-5281-8561-89bd1d2cad62"",""urn:uuid:6753810b-dd0a-5891-9b04-7e642703c43a"",""urn:uuid:0d9ea3c7-c888-5106-a1a1-db602a412bc9"",""urn:uuid:0ba7b197-cac8-5766-b5dc-d936c3121e28"",""urn:uuid:68d2615b-6846-5bfa-b3f5-fb656ce7a243"",""urn:uuid:adf72811-bb77-5680-9254-95b73b92e860"",""urn:uuid:143b7115-be9d-50b8-b543-1d80360101b3"",""urn:uuid:7b555cb9-17f6-55fa-a1de-e726eaabca37"",""urn:uuid:572eb03d-9b1c-5d24-948c-6965f89d6569"",""urn:uuid:d642d6bd-2bc0-5ba5-a73d-b39b192c1d0e"",""urn:uuid:ade3d68e-bced-5d90-a688-20fde4030fbe"",""urn:uuid:10cedf9b-66b7-59ba-a96a-915ec11a50a9"",""urn:uuid:b7f2d6fc-fc08-5ca5-8272-acb9f84cd012"",""urn:uuid:8032b5e6-a2a5-5c8f-b960-c958488cade2"",""urn:uuid:ed1d652c-0d2c-555a-adb5-5fa817417dab"",""urn:uuid:75d6df61-bb1b-53d0-81e0-5750927408ef"",""urn:uuid:247a24c8-087c-56c9-82d1-0dc74d41472e"",""urn:uuid:427a69ac-bb28-5331-8fb2-ce443a6deddb"",""urn:uuid:f1d48312-ddd4-5e6c-ad0a-aaeac4a96fa1"",""urn:uuid:2ea96b6a-0d95-5c32-a119-911c7042fa96"",""urn:uuid:c6a210aa-59bb-5a18-b969-98f41294cadb"",""urn:uuid:78058517-87d7-52a9-8892-4f404a14a5b8"",""urn:uuid:140aabe4-0db2-53b4-ae60-757ae891bf96"",""urn:uuid:8f85fa5a-b960-5b17-838c-0cb9dbff8346"",""urn:uuid:2c229033-b310-5d59-a301-833bc4720352"",""urn:uuid:8e281877-bb42-5266-a3f1-55af6b0f2dde"",""urn:uuid:44875d0a-c1a3-5dde-8472-a69f222c41a4"",""urn:uuid:ecee1044-cd72-568a-9beb-0644abd1adef"",""urn:uuid:42f565fc-b8cb-51fa-abbe-f90b5e4cda2c"",""urn:uuid:c700e57f-a1de-50a2-9109-4e5c5100ace8"",""urn:uuid:052a5c7d-fbc7-530b-9fb1-a898cd93c873"",""urn:uuid:e202d43a-2ccf-5147-8a65-f53201f191f7"",""urn:uuid:ecbf6e3b-d2a4-516b-a192-4a586d31f09c"",""urn:uuid:fe46ff56-bf4f-54ae-8efc-8bac343054cf"",""urn:uuid:a7ce8cd2-5dbf-5b94-aa96-e27b7990f8f7"",""urn:uuid:5fb497e9-e140-5b82-9ebb-15905abc620a"",""urn:uuid:47b77fc3-a70e-596c-ae2c-39325fbd785e"",""urn:uuid:887bb2ec-0740-54ea-a88f-2695b6de3b7d"",""urn:uuid:1c71e50a-da29-50ad-86de-c2eed1fe0388"",""urn:uuid:641fe4d6-264c-515b-9dec-fe2121fef720"",""urn:uuid:67b55e59-986a-56b9-8b4b-1f649eba5392"",""urn:uuid:9bef8395-8b41-5348-8218-c30b26a53a39"",""urn:uuid:752c6954-a8f4-5291-88b7-e960fbd0a462"",""urn:uuid:33872702-4843-5b55-b3ee-1b832601f193"",""urn:uuid:3382ace7-267c-5c23-a42a-778908dd7757"",""urn:uuid:ca08308c-7fed-5c57-a4e9-cdaa078d8204"",""urn:uuid:2b2d73ae-2378-5325-90b7-c16685cb2d37"",""urn:uuid:53e46372-4d05-5246-bc71-2dbaf4b2c6d7"",""urn:uuid:38f1a4f3-ac80-5269-b791-a3c060035cc1"",""urn:uuid:60e458d5-1c66-5f43-a7a1-0546a1a9b40f"",""urn:uuid:05f2a87d-0c28-55c0-8d68-55afc01b89ad"",""urn:uuid:b418b08e-020a-5513-99dc-796a925d5de1"",""urn:uuid:4f5d04fe-17c6-5e1c-8aa3-5c8beae41316"",""urn:uuid:6fbd625c-b766-59c0-9535-8db6a7e9d9dd"",""urn:uuid:ded45a68-f285-5b60-a22c-5fb7b60dd890"",""urn:uuid:f7e1031b-500a-52b7-8d1e-be5ac81b9d8b"",""urn:uuid:9eb12450-8f8b-506c-9c36-7fd605b51cf8"",""urn:uuid:0ba19e7c-f08b-5446-8368-3d76156d19c2"",""urn:uuid:fb381a4a-e1c9-5814-ba76-908a4655b52a"",""urn:uuid:ea88b33d-4fea-5904-a410-11728846337d"",""urn:uuid:f84f6d32-2d81-59c3-8b11-5fa306720847"",""urn:uuid:4e122a75-fe96-57cb-a3a4-7d0db53f4d43"",""urn:uuid:b0ccd608-94f8-5cf2-aa5e-dff1c9355e30"",""urn:uuid:f768cfd5-2580-5cbc-b11c-2762f92aa1ee"",""urn:uuid:c3398e90-d3a5-5306-aafa-105483a35696"",""urn:uuid:676ebcfd-142d-519a-9a28-f86fc6d6086d"",""urn:uuid:4702709c-2c5a-5a7b-87cf-43ac32fc238e"",""urn:uuid:9042fa3c-150a-54ad-870f-f9c63483ebfb"",""urn:uuid:ec0e8dde-a4a7-577c-b770-f68cc1d685da"",""urn:uuid:c67e66a7-f9f4-5618-beb9-3eb13f2ac65c"",""urn:uuid:91f20e5b-f5b7-557a-a81d-03c19777b556"",""urn:uuid:dce1451f-1e8d-5ab7-871a-30a00e858c1f"",""urn:uuid:bc81fe4b-57b7-5efc-a8c3-8695bcea7fc2"",""urn:uuid:3c519971-27cc-5549-b5ba-587df320b767"",""urn:uuid:2308bf3a-a3a5-5b16-b43b-48fa914b3503"",""urn:uuid:d59d77a6-f3b5-5769-8074-c13aac1499d1"",""urn:uuid:c7fdae53-2c8f-5499-914a-3899105c5820"",""urn:uuid:eb4b91a8-38a6-56f0-aff1-aa2f2e7df284"",""urn:uuid:4c0c1a2c-685c-5bc7-aa66-2435f2726c77"",""urn:uuid:709b8784-49e7-5e13-bec1-d3f7aee7f6d8"",""urn:uuid:66f5e2bc-8180-59d1-89e2-278aa4b0ffc7"",""urn:uuid:971574c5-32b6-5cad-b8c0-2ac74b766632"",""urn:uuid:63d165d3-211e-5831-a9eb-49f41fe6ad32"",""urn:uuid:6316df19-afe2-5dee-a1e4-608e9653a766"",""urn:uuid:0cc23b12-c899-50bd-8af5-e1f88d2b0b40"",""urn:uuid:cc118cdd-9e0c-546d-bb27-bdc190508383"",""urn:uuid:7039911a-973e-514a-a519-b7a216940b1e"",""urn:uuid:2d8d942e-3440-5fa5-b333-f1a457f3ac02"",""urn:uuid:447c6c5d-b560-5426-a2f6-8dd5e9ef2d1b"",""urn:uuid:07627480-c836-5e11-8b0c-73f33f666e86"",""urn:uuid:b3b2ea04-3b35-564e-9c01-ae432ebd9de9"",""urn:uuid:33644870-eebf-5fdb-82db-5cb56684d9ce"",""urn:uuid:11f783d3-0803-55af-abe0-036446dc7e72"",""urn:uuid:6e5a6775-21e4-5cd1-bcf9-bac5cdee1d53"",""urn:uuid:b8e81c21-2fe3-50f4-97d1-b49c9d9a1b4c"",""urn:uuid:fed53c64-e26d-591f-9d9f-5b4d97f6bffa"",""urn:uuid:54e21443-8d6f-5e01-9497-65e4f24716d4"",""urn:uuid:dc28c73e-c31f-5d8b-9306-4642b3cdba49"",""urn:uuid:ae35a174-2524-5443-bffb-86b04ef9ed59"",""urn:uuid:c3a94a17-a149-5e32-8c57-d2f41b4c7663"",""urn:uuid:3c54038f-cb48-570e-9142-88a8ee06621c"",""urn:uuid:3ee4e936-68f9-525b-83cb-fcbf768f76aa"",""urn:uuid:438010de-55a1-5a30-8c81-3633af404f34"",""urn:uuid:6d4e0460-ca2a-50cf-99ef-d780f48948aa"",""urn:uuid:c1c13935-c1bf-5735-b94f-c4e327d84a76"",""urn:uuid:acfc9fe4-42f5-5e53-ad93-af0ca4eb018e"",""urn:uuid:b91fc043-fe80-53a0-9e9f-ad0cd86db4ed"",""urn:uuid:7f3390f3-48a1-5528-a3d9-8844bcf2858c"",""urn:uuid:52336178-5bb5-58e8-8b81-df9079f05b4a"",""urn:uuid:25fb903b-2a2d-59bf-aaa9-3ea83e6cc031"",""urn:uuid:f6e2ce03-8d07-52a6-bb9d-faccb9496967"",""urn:uuid:6d2afc83-ce1c-53d6-803d-13237543d4df"",""urn:uuid:f41acb51-384e-5485-8787-726bd43dcbdd"",""urn:uuid:a167a3f5-77eb-52b3-aa2c-9c71f6372ec1"",""urn:uuid:fa3bc3d0-5e23-5a82-87d8-1e0a82310b4d"",""urn:uuid:d5138530-0f45-5092-8a28-6d3c620a8668"",""urn:uuid:a6927635-ffc8-58d5-b263-2db819574ccf"",""urn:uuid:c58e7c8d-d99f-5d57-b78c-4fadc4ef5d47"",""urn:uuid:7e2595bb-73d8-589b-b8cd-41b3a9400223"",""urn:uuid:4dc268f5-8200-5b65-bcf9-f45cf33f1e56"",""urn:uuid:749a845d-d732-536d-94f8-685509736d14"",""urn:uuid:b64ca165-27c4-5166-88b4-3201801f1f82"",""urn:uuid:4044c440-0f49-5a2d-a8ae-62d2e93b4792"",""urn:uuid:4f557f41-6652-54a0-bcba-084276a53de8"",""urn:uuid:e758b407-815a-5379-a57a-dd0afd8ce4f5"",""urn:uuid:a3bda879-5688-59cc-ae50-414c2854d1af"",""urn:uuid:5d802a87-1a2a-527e-b8fb-7694fa061032"",""urn:uuid:d6cba0c2-6dc0-5f35-816a-77608dd6ff3b"",""urn:uuid:407a57dd-145c-5bb1-8268-7d54a76ee757"",""urn:uuid:42275bcd-6310-5480-915d-7ccc19df729f"",""urn:uuid:560aa0e0-591e-5bc1-a91c-8b98b7ff0dbf"",""urn:uuid:2ad2c66c-1410-5454-80d6-39eb3475f863"",""urn:uuid:d5e3b366-71d1-58ce-ad5c-2d22cf6f20e0"",""urn:uuid:637f2ab5-cfb6-5056-aa95-06eee711c04a"",""urn:uuid:6146104e-66b8-5fff-bd63-862ef905ff72"",""urn:uuid:33033851-f7e6-5497-b1fc-da7157c6cc30"",""urn:uuid:1c3f902c-afff-5dc1-85ca-eb4283824239"",""urn:uuid:35124fd3-6925-5e12-8f98-f1e0caa84a7b"",""urn:uuid:50e4855b-ea23-5300-b07c-9d2de8cac6ce"",""urn:uuid:d3a9d861-cbd8-5c82-9bd3-67fde5796d39"",""urn:uuid:3a9f6271-7f7b-546e-aa2d-19ae9e77e604"",""urn:uuid:eb840cd5-2861-5497-80b8-25c70685c950"",""urn:uuid:5acf1744-e791-5f29-b7d6-444e9b676a14"",""urn:uuid:4735180b-cc85-501d-bad6-809c289fa400"",""urn:uuid:be2ebf40-7007-5395-88a8-f02d83792c6d"",""urn:uuid:23863771-113d-5083-8099-454558da4e88"",""urn:uuid:8f3e474e-fc4a-5db2-922e-b088a6583d91"",""urn:uuid:d23de1fd-2c42-5bb7-ade8-aa3d4fab3e6b"",""urn:uuid:8865990a-eacb-5ac5-8c42-585605d374a5"",""urn:uuid:31b1c3e7-5e92-56cd-8d9f-3ee24719a3c1"",""urn:uuid:5290553f-ec9e-5a62-ada9-296260d682f5"",""urn:uuid:791b2332-e520-55b1-a940-e2f259224d04"",""urn:uuid:c286de02-ac03-5eee-9844-a59c938f1a9b"",""urn:uuid:7a795318-ceb6-550b-83bf-2dea470fdb0c"",""urn:uuid:cf43c711-acf1-511d-94be-d6167973cd34"",""urn:uuid:48c8630e-bd10-5adc-9b05-b70702194cf7"",""urn:uuid:82c4c881-236d-5190-b866-07d7e551840e"",""urn:uuid:034c7159-a6b5-5260-9a44-e6168f5e43f6"",""urn:uuid:1a6b5c3a-9f20-53a5-a76a-062bae76d628"",""urn:uuid:d75b3481-153b-5481-9b2d-156a20d405ff"",""urn:uuid:e7ed287f-ba7e-5b9f-9c90-cb4c2d7e5294"",""urn:uuid:fd147966-89ed-50a9-8570-ce776273ebcb"",""urn:uuid:80197d86-5482-5a0b-94d2-15ee46b18b02"",""urn:uuid:9710b115-bd1e-5546-93e2-f30c788f8e5c"",""urn:uuid:2f7eac1a-4820-5871-9f3c-f0207079dc4b"",""urn:uuid:1887752f-15ac-5367-a41b-b9971d1b3c66"",""urn:uuid:6f297cbb-6279-5ffa-bd85-e43403983a59"",""urn:uuid:f526bd6f-c422-5dd3-a70d-68d6c5082964"",""urn:uuid:31164515-f75f-5c11-93e6-9019328ea71d"",""urn:uuid:d8ada5c4-29d1-5086-b90d-a5a49ed829fe"",""urn:uuid:b55a9bd4-617c-5c8b-948d-f17617cf22c8"",""urn:uuid:33238e7a-5a06-5a8c-bdc2-792d81970ffc"",""urn:uuid:fd90bd0b-063d-5b3c-9639-a90ac7c10deb"",""urn:uuid:4e8d9c54-3aab-5109-be85-4c0199179a13"",""urn:uuid:73fb7999-31c4-5d46-a686-a579eb672d34"",""urn:uuid:d64ca32a-58a9-59c4-ab89-7a305ec9c94c"",""urn:uuid:dc91cf5c-8093-56ac-83aa-ff9410b0e976"",""urn:uuid:d05204ed-0928-5fac-8ae1-982d0f606d0e"",""urn:uuid:8c54d4c4-749b-52f4-a2ff-8b7eeffd5708"",""urn:uuid:3e4a049c-01d1-5987-b4e0-2d3c451a58ec"",""urn:uuid:3832a451-ef84-513c-b9ec-ab2fe6b5ed9b"",""urn:uuid:021e00f3-4115-5a64-b89b-df7a1aa20354"",""urn:uuid:984f6308-e945-5774-b413-d71585fa42de"",""urn:uuid:b9f68c56-ce05-5db7-b311-492e8a8b4d2c"",""urn:uuid:e87ae62e-301f-5e1e-a6a3-70dec0f1c4e8"",""urn:uuid:4433618c-ae7f-5463-b9e2-95794951a84c"",""urn:uuid:2eb80822-941e-5246-a8eb-84daf71d50ea"",""urn:uuid:55bb9e4a-094b-5b93-bbd6-ccb69cfcb3d0"",""urn:uuid:dc834ae2-abbe-52bf-ab24-ba47706e56cf"",""urn:uuid:2a321e55-b63d-5ca5-ba6d-d573a9ce09e6"",""urn:uuid:fc7f9acc-8f6e-5c7b-b885-7fc795504abc"",""urn:uuid:20dfb735-e042-5b88-ac08-60804fa1a2a9"",""urn:uuid:b7111016-aee6-5bea-9b58-35c20fae0dd5"",""urn:uuid:351dd54c-b843-5ae6-bad5-5bd787ea516b"",""urn:uuid:8975e3c3-2b61-58e9-af3e-77a02b66acff"",""urn:uuid:fa936be9-fc39-5532-b98d-7787fa9b8196"",""urn:uuid:9f57c875-e008-5579-b622-c4df0caab871"",""urn:uuid:da17ab24-5670-5b5b-b85b-f4d531e48814"",""urn:uuid:ffac3ea6-1564-51f3-b6c9-ebb88ecf6310"",""urn:uuid:e7324109-cba3-5439-b151-f70145bec42c"",""urn:uuid:606e9ddf-d727-5ef8-a040-503fb08c40b4"",""urn:uuid:21c30823-9a50-5da1-ae5b-c4c5dbd1ade1"",""urn:uuid:88bab9b1-b43b-57e7-bc49-bb32aaf627b2"",""urn:uuid:e4c11169-e747-50f7-a84e-f28df16cee7b"",""urn:uuid:62a96b85-bdf8-5c82-96cd-67c78e18dd81"",""urn:uuid:6f93c5c8-10ce-557f-8709-6885e2174f58"",""urn:uuid:f5f08ad9-8884-577a-94a9-e723a9c610cd"",""urn:uuid:520172e7-8292-5cf7-a666-c9c9168f03a3"",""urn:uuid:2ee2d34a-3b41-5f58-a1e5-5138104d38c8"",""urn:uuid:32927c38-e5d0-501f-a5c8-130c9dfa92b9"",""urn:uuid:aa28376c-62a2-511f-b565-b7763dd42962"",""urn:uuid:24d8d18b-4166-5373-9917-98d243c08e76"",""urn:uuid:b9bb7da8-269d-59a1-9f17-d0cac57cffbd"",""urn:uuid:80e54e3d-96ce-5af0-8536-d77862a2ab63"",""urn:uuid:9728b67a-3d69-58e4-a270-1f87a3f7d5a1"",""urn:uuid:2936d55d-1bca-5913-ab8a-ef11dda87ed3"",""urn:uuid:f3f961f7-7678-5471-afd3-2ca25a47ebc6"",""urn:uuid:b48442e9-d077-5705-8489-116977642a2c"",""urn:uuid:338da77c-ac41-5893-8930-18a144475a4b"",""urn:uuid:0ee0b303-2c83-5c0b-9238-c6d5278ba9cd"",""urn:uuid:95c307e0-24dc-5e6c-b240-5d7185fcb0a8"",""urn:uuid:1fbec07c-be1e-538b-9497-e42ac22da08c"",""urn:uuid:fb42279e-b613-59ef-ac7a-1563e6f7bb40"",""urn:uuid:83875123-ce4c-5797-8146-385e4f33f947"",""urn:uuid:b5eaea43-cc9f-5e66-81b9-bb1070abe1f9"",""urn:uuid:71abf4e1-cd23-557a-aa95-81d38af69e18"",""urn:uuid:29c3f791-ab72-5e5d-abb9-d59ba36902fd"",""urn:uuid:7ed577fa-cfca-5e03-938c-ba0c9e924312"",""urn:uuid:9684d87b-4e81-53e4-8a68-379b668c0599"",""urn:uuid:fa015717-fef7-5e17-b2a1-49b640b7fa7f"",""urn:uuid:06d19307-2210-5607-9cdd-83d85c6efda7"",""urn:uuid:03568127-f5b7-5465-829d-0ef42eb45dae"",""urn:uuid:381970aa-4718-5247-936e-d66ed3c29428"",""urn:uuid:4c0a5a8b-7b59-5177-8434-b16689f11fc1"",""urn:uuid:300777a9-e65c-559d-9403-8e0dbabfe098"",""urn:uuid:7aab8c2a-5da2-542d-9796-56798067e8ac"",""urn:uuid:22545a3e-91f1-53d4-bda1-dfe8c8ea9275"",""urn:uuid:67dcef05-e113-50c0-ad48-6cb732154d63"",""urn:uuid:742523f9-d320-50da-9a7c-9d5757f627e3"",""urn:uuid:177dde95-f6ef-5220-943a-9666bb22fa65"",""urn:uuid:557199ac-b3b1-5a39-a0f4-6a5470bc1c90"",""urn:uuid:c09e7ba0-68ef-5da0-8aa7-c316765db63c"",""urn:uuid:d72eeb04-a0f9-5bac-a65f-0919aa4105f6"",""urn:uuid:be384ac0-ebb6-5c60-a314-3b37483758e0"",""urn:uuid:bcd59507-dfb1-5c98-b17c-f9d481a24949"",""urn:uuid:ef686a49-e6ca-51b6-ba8b-bc518284c95a"",""urn:uuid:6342bd04-b9f9-52bd-beed-48e23c26f770"",""urn:uuid:e0063d3c-6672-52aa-a930-dd102a4e8963"",""urn:uuid:9977c455-dc88-53e6-b0ac-02a2d5a721ad"",""urn:uuid:a0356dc5-d581-5be9-84f4-9616e63a68a7"",""urn:uuid:99f13aaa-c29b-5063-9d5f-56b3fb980a38"",""urn:uuid:db69dc55-9e8f-5da5-85b6-1abf3eff388b"",""urn:uuid:c8010a22-9f9e-56a2-9dad-a8a51d52c6f9"",""urn:uuid:2aa6ee9f-37c8-52fd-a226-70d8827bc7d1"",""urn:uuid:5a053af9-277c-56fb-a783-585f69c257b5"",""urn:uuid:0f8f844e-ed87-5ef7-a3bf-14f88dcd71d4"",""urn:uuid:a95c40ab-45cf-5dcd-89fa-b253b616268c"",""urn:uuid:006a77f9-3182-517f-b459-ff6e437d9ac9"",""urn:uuid:4b6386c7-faa4-5e64-a24a-167e1e45647a"",""urn:uuid:6385995b-d311-5eab-90d1-502f2f827798"",""urn:uuid:a4e2f50d-2619-5f1e-8d58-dde30b853a80"",""urn:uuid:f265e996-6c1f-55c8-8182-ff495125732b"",""urn:uuid:48327155-473c-525c-8eea-ad3cc3fc6ea8"",""urn:uuid:86307d2f-2f63-5923-9aa4-d34ae7d61857"",""urn:uuid:29d68eca-ddc8-54a6-8fcb-81159eeee8e3"",""urn:uuid:2fe76229-57ca-5746-8ee0-8ec04a45d999"",""urn:uuid:3cde77b1-0310-593a-9057-c307d9b86497"",""urn:uuid:673291a9-360f-595f-b21d-b79632e4c451"",""urn:uuid:107e0149-6095-5941-91fb-65473992318b"",""urn:uuid:1380a46e-af5b-5a3f-a806-1fe3948ac028"",""urn:uuid:5b477002-9884-55c4-9b09-7db80c17dd77"",""urn:uuid:e7c1c39a-194d-5331-8593-3fe3d2bddff1"",""urn:uuid:1a51b0eb-9227-5e86-a673-c55b058f318e"",""urn:uuid:bb45275b-fa32-51ea-be5b-5ac3068be40a"",""urn:uuid:8f255716-483e-5e4c-a41d-2cf62a3eb128"",""urn:uuid:46d2f16d-8fbc-5cd2-b525-e3812c9203ec"",""urn:uuid:ac6f1c21-915f-5936-84f4-6ae0dd0029cd"",""urn:uuid:8fc3fc50-19d3-55cd-b2ee-8e80d508bafd"",""urn:uuid:5ab8c8e3-f1ac-5186-bdc2-59c68d9f692b"",""urn:uuid:4958af93-562d-5c3f-8461-ccff28e34239"",""urn:uuid:df07d93c-9a9b-53e9-9873-d04233420181"",""urn:uuid:a9f9d98e-3e34-5f10-bb98-a462301e39a2"",""urn:uuid:a9830a3d-9400-5dcf-b158-d12eef39f87e"",""urn:uuid:e5087044-e311-58a9-9518-e6260d08f6d2"",""urn:uuid:f67786ad-a4a0-5cd0-8e01-cde1cede36f8"",""urn:uuid:25f0b1cf-8bba-5e7b-954b-bab2c5082b52"",""urn:uuid:4fe98911-a101-5572-8f1c-d3981338d7dc"",""urn:uuid:d868d878-fedd-54ad-9750-ed89942a266f"",""urn:uuid:1d859d1c-1c9a-5ed0-b217-18d84ab9d31c"",""urn:uuid:9c558521-85f6-5273-aeaf-bf3e82984c44"",""urn:uuid:6109a363-4e80-5718-afa1-d649701a315f"",""urn:uuid:9e15d01f-a36c-55ca-8056-a65965ff25f3"",""urn:uuid:acb7239d-3871-5c98-b89b-340f10bf7869"",""urn:uuid:746acd25-7e97-5e85-b109-bbf9edd60e4c"",""urn:uuid:07eea9eb-33f5-56ef-841a-5680868459df"",""urn:uuid:f1281f63-da28-50c3-a446-7e461e09bfba"",""urn:uuid:df94c782-e62f-58cd-b928-91f4738cc655"",""urn:uuid:336568ed-4c35-520a-abeb-12c044735254"",""urn:uuid:f2f7f88b-df96-5c80-bba1-e3dad387a798"",""urn:uuid:f4d012d6-0e83-5857-86e4-66a62d79af28"",""urn:uuid:0cdcca87-80b3-50de-aaf9-fc1dcdde862d"",""urn:uuid:876e27e5-eae8-52df-8fb4-d5db01f34dd1"",""urn:uuid:b20380de-6bf8-551e-b3c9-5bf691e3214d"",""urn:uuid:9f10435e-1300-5a26-8247-67186ab1602a"",""urn:uuid:2329aaa4-fa2f-5272-9a96-8d6ff11fe543"",""urn:uuid:107efdd7-ac5e-59dd-bd12-ac00236a367f"",""urn:uuid:93e0b5cf-4d02-59da-a380-309dc07af62d"",""urn:uuid:4d9e7323-db40-5b1c-bb4b-a5cc5f7b5964"",""urn:uuid:1cbd0b5c-f479-5f99-814b-01da0b478871"",""urn:uuid:e689d7fb-5d95-563f-97df-47a0c760070f"",""urn:uuid:d77b6015-ecd1-5170-8626-cd655d8ce5db"",""urn:uuid:7cb84a41-5343-5e6f-9cfd-918a318eb4de"",""urn:uuid:27d51352-baf7-51c1-becf-3a4f2e30396a"",""urn:uuid:67b0e3a7-29be-5a6f-bb6e-8bd67164d3ce"",""urn:uuid:eae52a1b-c601-5ce1-a2fa-be9ef79a3623"",""urn:uuid:1a1d5f41-ecc2-50b0-8fb6-b16125bc9e43"",""urn:uuid:74dfdcc9-64c6-5bd4-a865-3a4cb1f2b517"",""urn:uuid:e9c85d27-cd9c-5926-9ec8-de58c4e2555e"",""urn:uuid:ed1d3fb2-4783-5ea8-a5d2-ea13c2956306"",""urn:uuid:eb8a3b33-588a-5145-a090-52d5c6c8af5b"",""urn:uuid:e7119ce5-3f28-57ce-a720-768aeda10771"",""urn:uuid:390fb8a0-a5a9-5b34-8b3e-52ae4b351275"",""urn:uuid:a98cb44d-9deb-5223-94a5-0f2874610652"",""urn:uuid:39385c61-31b6-5651-99c7-bf73d1ed728b"",""urn:uuid:a385d19b-9f21-5ee4-8ae7-b1088396558e"",""urn:uuid:22f9ddff-4033-5336-91da-7c5a52741453"",""urn:uuid:bd84730f-da6e-5e00-a3b2-44010f3c30d4"",""urn:uuid:c7696154-d63e-5ba9-91e4-caffe532a8c9"",""urn:uuid:a5a8a5ee-d1e4-5bfd-864e-1422d8a62023"",""urn:uuid:718635bb-6f37-5941-bb26-b717b290ee31"",""urn:uuid:bde83178-8af0-593e-bee3-3cf5b40ff562"",""urn:uuid:28d71dda-9c2e-5b76-812f-77e653321a1c"",""urn:uuid:ff921163-a50f-5687-96cb-aac7c3fe6c99"",""urn:uuid:04e5ff9f-3af1-54e4-9908-96de6922d761"",""urn:uuid:136ea3c2-ea6b-528b-b837-c9ef0248379d"",""urn:uuid:73950d71-0858-5db5-bd16-4fb7c63c5dbc""],""supersedes_id"":null,""toolchain"":[""exact byte count, SHA-256 binding, deterministic parse, and invariant validation""],""witness"":{""kind"":""file"",""locator"":""backend/production/v0.3/inputs/TERMINOLOGY.csv"",""sha256"":""sha256:edf93094bcf3e19941799183293629aaa09b41ec05d2f30a6cf846271c8e9ddc""},""workflow_id"":""01a01f57-a34b-7740-9717-596b8116910c/backend-production-v0.3-r006-live""}"
"urn:uuid:f33e8469-c633-5ce8-bac9-2a29bd9df26a","lebl.ra.qa.adverse-ledger.lebl-id-adv-0011","source","[""urn:uuid:6b252441-3578-5244-8607-87d0203dcbf0""]","partial","{""kind"":""file"",""locator"":""backend/production/v0.3/inputs/ADVERSE_LEDGER.jsonl:LEBL-ID-ADV-0011"",""sha256"":""sha256:9a68ccbb8ccbafb3fbe6f4de705b1bbc3c70c61d16687d5dd966e17aa67fbff8""}","[""adverse-ledger admission and recorded QA replay""]","2026-08-21T00:00:00Z","active","","","","","","","","","{""check_type"":""source"",""id"":""urn:uuid:f33e8469-c633-5ce8-bac9-2a29bd9df26a"",""note"":""counterexample re-derived independently during bounded convergence-test audit; proof formulas and topology unchanged"",""record_type"":""qa_event"",""recorded_at"":""2026-08-21T00:00:00Z"",""result"":""partial"",""schema_name"":""lebl.backend.record"",""schema_version"":""0.3.0"",""semantic_aliases"":[],""semantic_key"":""lebl.ra.qa.adverse-ledger.lebl-id-adv-0011"",""status"":""active"",""subject_ids"":[""urn:uuid:6b252441-3578-5244-8607-87d0203dcbf0""],""supersedes_id"":null,""toolchain"":[""adverse-ledger admission and recorded QA replay""],""witness"":{""kind"":""file"",""locator"":""backend/production/v0.3/inputs/ADVERSE_LEDGER.jsonl:LEBL-ID-ADV-0011"",""sha256"":""sha256:9a68ccbb8ccbafb3fbe6f4de705b1bbc3c70c61d16687d5dd966e17aa67fbff8""},""workflow_id"":""01a01f57-a34b-7740-9717-596b8116910c/backend-production-v0.3-r006-live""}"
"urn:uuid:f37d23e5-da4c-512c-bf6b-e553619d8fd6","lebl.ra.qa.adverse-ledger.lebl-id-adv-0093","source","[""urn:uuid:bf502a97-8591-513d-9d57-1a8fe7bb0721""]","partial","{""kind"":""file"",""locator"":""backend/production/v0.3/inputs/ADVERSE_LEDGER.jsonl:LEBL-ID-ADV-0093"",""sha256"":""sha256:9c3849f817b6ca9b1b44a20132f7a9cd5cfc8bafccaf53f3277c56d31eb78e37""}","[""adverse-ledger admission and recorded QA replay""]","2026-08-21T00:00:00Z","active","","","","","","","","","{""check_type"":""source"",""id"":""urn:uuid:f37d23e5-da4c-512c-bf6b-e553619d8fd6"",""note"":""the repaired expression is algebraically identical to the differentiability remainder used throughout the proof and all display topology otherwise matches"",""record_type"":""qa_event"",""recorded_at"":""2026-08-21T00:00:00Z"",""result"":""partial"",""schema_name"":""lebl.backend.record"",""schema_version"":""0.3.0"",""semantic_aliases"":[],""semantic_key"":""lebl.ra.qa.adverse-ledger.lebl-id-adv-0093"",""status"":""active"",""subject_ids"":[""urn:uuid:bf502a97-8591-513d-9d57-1a8fe7bb0721""],""supersedes_id"":null,""toolchain"":[""adverse-ledger admission and recorded QA replay""],""witness"":{""kind"":""file"",""locator"":""backend/production/v0.3/inputs/ADVERSE_LEDGER.jsonl:LEBL-ID-ADV-0093"",""sha256"":""sha256:9c3849f817b6ca9b1b44a20132f7a9cd5cfc8bafccaf53f3277c56d31eb78e37""},""workflow_id"":""01a01f57-a34b-7740-9717-596b8116910c/backend-production-v0.3-r006-live""}"
"urn:uuid:f839f666-698c-52d2-a714-8d57c54ab0ea","lebl.ra.qa.adverse-ledger.lebl-id-adv-0036","source","[""urn:uuid:f6b90b3c-7203-5bb2-877b-6c71d7842611""]","pass","{""kind"":""file"",""locator"":""backend/production/v0.3/inputs/ADVERSE_LEDGER.jsonl:LEBL-ID-ADV-0036"",""sha256"":""sha256:36049a295eaec5b210bbbf43ba4bb61114b49b9dbd060cd28d6f152286123348""}","[""adverse-ledger admission and recorded QA replay""]","2026-08-21T00:00:00Z","active","","","","","","","","","{""check_type"":""source"",""id"":""urn:uuid:f839f666-698c-52d2-a714-8d57c54ab0ea"",""note"":""bounded derivative-exercises replay confirmed exact protected and structural surfaces"",""record_type"":""qa_event"",""recorded_at"":""2026-08-21T00:00:00Z"",""result"":""pass"",""schema_name"":""lebl.backend.record"",""schema_version"":""0.3.0"",""semantic_aliases"":[],""semantic_key"":""lebl.ra.qa.adverse-ledger.lebl-id-adv-0036"",""status"":""active"",""subject_ids"":[""urn:uuid:f6b90b3c-7203-5bb2-877b-6c71d7842611""],""supersedes_id"":null,""toolchain"":[""adverse-ledger admission and recorded QA replay""],""witness"":{""kind"":""file"",""locator"":""backend/production/v0.3/inputs/ADVERSE_LEDGER.jsonl:LEBL-ID-ADV-0036"",""sha256"":""sha256:36049a295eaec5b210bbbf43ba4bb61114b49b9dbd060cd28d6f152286123348""},""workflow_id"":""01a01f57-a34b-7740-9717-596b8116910c/backend-production-v0.3-r006-live""}"
"urn:uuid:f95065c3-6077-5588-ad3f-64e1bea75ca3","lebl.ra.qa.adverse-ledger.lebl-id-adv-0012","source","[""urn:uuid:39c312ec-759e-5900-8a0e-234276d1765a""]","pass","{""kind"":""file"",""locator"":""backend/production/v0.3/inputs/ADVERSE_LEDGER.jsonl:LEBL-ID-ADV-0012"",""sha256"":""sha256:c7990b7500acf1affd8831de33cf809d003368193653ef434af912fc519a7bc9""}","[""adverse-ledger admission and recorded QA replay""]","2026-08-21T00:00:00Z","active","","","","","","","","","{""check_type"":""source"",""id"":""urn:uuid:f95065c3-6077-5588-ad3f-64e1bea75ca3"",""note"":""bounded figure-description audit confirmed the intended spatial relation and preserved asset/caption/label keys"",""record_type"":""qa_event"",""recorded_at"":""2026-08-21T00:00:00Z"",""result"":""pass"",""schema_name"":""lebl.backend.record"",""schema_version"":""0.3.0"",""semantic_aliases"":[],""semantic_key"":""lebl.ra.qa.adverse-ledger.lebl-id-adv-0012"",""status"":""active"",""subject_ids"":[""urn:uuid:39c312ec-759e-5900-8a0e-234276d1765a""],""supersedes_id"":null,""toolchain"":[""adverse-ledger admission and recorded QA replay""],""witness"":{""kind"":""file"",""locator"":""backend/production/v0.3/inputs/ADVERSE_LEDGER.jsonl:LEBL-ID-ADV-0012"",""sha256"":""sha256:c7990b7500acf1affd8831de33cf809d003368193653ef434af912fc519a7bc9""},""workflow_id"":""01a01f57-a34b-7740-9717-596b8116910c/backend-production-v0.3-r006-live""}"
"urn:uuid:fa12693e-e779-53f7-9ddb-8239e151d4af","lebl.ra.qa.adverse-ledger.lebl-id-adv-0075","source","[""urn:uuid:8b5077c5-9f15-575a-adf3-a3b8d2e63390""]","pass","{""kind"":""file"",""locator"":""backend/production/v0.3/inputs/ADVERSE_LEDGER.jsonl:LEBL-ID-ADV-0075"",""sha256"":""sha256:079210d89595bf18a800f9f9dcd89451e249707f8dd4ac9da3e75ea42a5acb97""}","[""adverse-ledger admission and recorded QA replay""]","2026-08-21T00:00:00Z","active","","","","","","","","","{""check_type"":""source"",""id"":""urn:uuid:fa12693e-e779-53f7-9ddb-8239e151d4af"",""note"":""independent fixed-point proof audit confirmed that the corrected bound is exactly the hypothesis used by the geometric-series argument"",""record_type"":""qa_event"",""recorded_at"":""2026-08-21T00:00:00Z"",""result"":""pass"",""schema_name"":""lebl.backend.record"",""schema_version"":""0.3.0"",""semantic_aliases"":[],""semantic_key"":""lebl.ra.qa.adverse-ledger.lebl-id-adv-0075"",""status"":""active"",""subject_ids"":[""urn:uuid:8b5077c5-9f15-575a-adf3-a3b8d2e63390""],""supersedes_id"":null,""toolchain"":[""adverse-ledger admission and recorded QA replay""],""witness"":{""kind"":""file"",""locator"":""backend/production/v0.3/inputs/ADVERSE_LEDGER.jsonl:LEBL-ID-ADV-0075"",""sha256"":""sha256:079210d89595bf18a800f9f9dcd89451e249707f8dd4ac9da3e75ea42a5acb97""},""workflow_id"":""01a01f57-a34b-7740-9717-596b8116910c/backend-production-v0.3-r006-live""}"
"urn:uuid:fa7b3bb5-e875-5677-8d47-1f6716790819","lebl.ra.qa.adverse-ledger.lebl-id-adv-0061","source","[""urn:uuid:c868ae96-c663-52fb-92bb-174e811cc813""]","pass","{""kind"":""file"",""locator"":""backend/production/v0.3/inputs/ADVERSE_LEDGER.jsonl:LEBL-ID-ADV-0061"",""sha256"":""sha256:8b155b69ad92d77569516158ebb77dd77d3a451fce92137d1ddde48d734b54bb""}","[""adverse-ledger admission and recorded QA replay""]","2026-08-21T00:00:00Z","active","","","","","","","","","{""check_type"":""source"",""id"":""urn:uuid:fa7b3bb5-e875-5677-8d47-1f6716790819"",""note"":""independent exercises replay confirmed the added x quantifier and exact remaining structure"",""record_type"":""qa_event"",""recorded_at"":""2026-08-21T00:00:00Z"",""result"":""pass"",""schema_name"":""lebl.backend.record"",""schema_version"":""0.3.0"",""semantic_aliases"":[],""semantic_key"":""lebl.ra.qa.adverse-ledger.lebl-id-adv-0061"",""status"":""active"",""subject_ids"":[""urn:uuid:c868ae96-c663-52fb-92bb-174e811cc813""],""supersedes_id"":null,""toolchain"":[""adverse-ledger admission and recorded QA replay""],""witness"":{""kind"":""file"",""locator"":""backend/production/v0.3/inputs/ADVERSE_LEDGER.jsonl:LEBL-ID-ADV-0061"",""sha256"":""sha256:8b155b69ad92d77569516158ebb77dd77d3a451fce92137d1ddde48d734b54bb""},""workflow_id"":""01a01f57-a34b-7740-9717-596b8116910c/backend-production-v0.3-r006-live""}"
"urn:uuid:fbc2217d-1ff5-5393-aac0-c497c61a15db","lebl.ra.qa.adverse-ledger.lebl-id-adv-0034","source","[""urn:uuid:16871195-c52d-50d1-a2cf-3a5e063ab8bd""]","pass","{""kind"":""file"",""locator"":""backend/production/v0.3/inputs/ADVERSE_LEDGER.jsonl:LEBL-ID-ADV-0034"",""sha256"":""sha256:d31a8182af98dc2f784e4fe377a42a42b7e5c2ffc404cd633bc8b3ae057f5b77""}","[""adverse-ledger admission and recorded QA replay""]","2026-08-21T00:00:00Z","active","","","","","","","","","{""check_type"":""source"",""id"":""urn:uuid:fbc2217d-1ff5-5393-aac0-c497c61a15db"",""note"":""independent bounded Darboux audit confirmed exact commands, environments, IDs, assets, comments, braces, and 85 protected-math spans"",""record_type"":""qa_event"",""recorded_at"":""2026-08-21T00:00:00Z"",""result"":""pass"",""schema_name"":""lebl.backend.record"",""schema_version"":""0.3.0"",""semantic_aliases"":[],""semantic_key"":""lebl.ra.qa.adverse-ledger.lebl-id-adv-0034"",""status"":""active"",""subject_ids"":[""urn:uuid:16871195-c52d-50d1-a2cf-3a5e063ab8bd""],""supersedes_id"":null,""toolchain"":[""adverse-ledger admission and recorded QA replay""],""witness"":{""kind"":""file"",""locator"":""backend/production/v0.3/inputs/ADVERSE_LEDGER.jsonl:LEBL-ID-ADV-0034"",""sha256"":""sha256:d31a8182af98dc2f784e4fe377a42a42b7e5c2ffc404cd633bc8b3ae057f5b77""},""workflow_id"":""01a01f57-a34b-7740-9717-596b8116910c/backend-production-v0.3-r006-live""}"
"urn:uuid:fc5762c3-1d74-57ca-ba57-65c99e1f457d","lebl.ra.qa.adverse-ledger.lebl-id-adv-0064","source","[""urn:uuid:18497c05-32c8-53b0-bd14-c356d7dbd1f7""]","pass","{""kind"":""file"",""locator"":""backend/production/v0.3/inputs/ADVERSE_LEDGER.jsonl:LEBL-ID-ADV-0064"",""sha256"":""sha256:7345c70bd3565af4c4f660fe3f9bd2684b03aad9c4b636fb37b7c6ae855ce50e""}","[""adverse-ledger admission and recorded QA replay""]","2026-08-21T00:00:00Z","active","","","","","","","","","{""check_type"":""source"",""id"":""urn:uuid:fc5762c3-1d74-57ca-ba57-65c99e1f457d"",""note"":""directly verified from the displayed definition of the discrete metric and bounded structural replay"",""record_type"":""qa_event"",""recorded_at"":""2026-08-21T00:00:00Z"",""result"":""pass"",""schema_name"":""lebl.backend.record"",""schema_version"":""0.3.0"",""semantic_aliases"":[],""semantic_key"":""lebl.ra.qa.adverse-ledger.lebl-id-adv-0064"",""status"":""active"",""subject_ids"":[""urn:uuid:18497c05-32c8-53b0-bd14-c356d7dbd1f7""],""supersedes_id"":null,""toolchain"":[""adverse-ledger admission and recorded QA replay""],""witness"":{""kind"":""file"",""locator"":""backend/production/v0.3/inputs/ADVERSE_LEDGER.jsonl:LEBL-ID-ADV-0064"",""sha256"":""sha256:7345c70bd3565af4c4f660fe3f9bd2684b03aad9c4b636fb37b7c6ae855ce50e""},""workflow_id"":""01a01f57-a34b-7740-9717-596b8116910c/backend-production-v0.3-r006-live""}"
"urn:uuid:fdb5e879-4ba8-5ef3-b9a8-c972753fc253","lebl.ra.qa.adverse-ledger.lebl-id-adv-0006","source","[""urn:uuid:3d785131-bde9-5325-b269-0fb7da706bd6""]","pass","{""kind"":""file"",""locator"":""backend/production/v0.3/inputs/ADVERSE_LEDGER.jsonl:LEBL-ID-ADV-0006"",""sha256"":""sha256:4f409cbc7fe19426fb908fcbd5662e22b97f8a5ebbd84345941389bf2125e9b1""}","[""adverse-ledger admission and recorded QA replay""]","2026-08-21T00:00:00Z","active","","","","","","","","","{""check_type"":""source"",""id"":""urn:uuid:fdb5e879-4ba8-5ef3-b9a8-c972753fc253"",""note"":""deterministic sentence-structure correction; bounded unit topology and mathematics replay passed"",""record_type"":""qa_event"",""recorded_at"":""2026-08-21T00:00:00Z"",""result"":""pass"",""schema_name"":""lebl.backend.record"",""schema_version"":""0.3.0"",""semantic_aliases"":[],""semantic_key"":""lebl.ra.qa.adverse-ledger.lebl-id-adv-0006"",""status"":""active"",""subject_ids"":[""urn:uuid:3d785131-bde9-5325-b269-0fb7da706bd6""],""supersedes_id"":null,""toolchain"":[""adverse-ledger admission and recorded QA replay""],""witness"":{""kind"":""file"",""locator"":""backend/production/v0.3/inputs/ADVERSE_LEDGER.jsonl:LEBL-ID-ADV-0006"",""sha256"":""sha256:4f409cbc7fe19426fb908fcbd5662e22b97f8a5ebbd84345941389bf2125e9b1""},""workflow_id"":""01a01f57-a34b-7740-9717-596b8116910c/backend-production-v0.3-r006-live""}"
"urn:uuid:fe366ee2-bd27-54ed-a886-86bc199a5e53","lebl.ra.qa.adverse-ledger.lebl-id-adv-0039","source","[""urn:uuid:54af0ff3-80e7-5ecc-a3e1-c2806c999896""]","pass","{""kind"":""file"",""locator"":""backend/production/v0.3/inputs/ADVERSE_LEDGER.jsonl:LEBL-ID-ADV-0039"",""sha256"":""sha256:f4c63a21e65d2862e0b2c79eedf3eb0acb14015231453d949656f44b4a9162b3""}","[""adverse-ledger admission and recorded QA replay""]","2026-08-21T00:00:00Z","active","","","","","","","","","{""check_type"":""source"",""id"":""urn:uuid:fe366ee2-bd27-54ed-a886-86bc199a5e53"",""note"":""bounded Taylor-theorem replay confirmed exact structural and mathematical surfaces"",""record_type"":""qa_event"",""recorded_at"":""2026-08-21T00:00:00Z"",""result"":""pass"",""schema_name"":""lebl.backend.record"",""schema_version"":""0.3.0"",""semantic_aliases"":[],""semantic_key"":""lebl.ra.qa.adverse-ledger.lebl-id-adv-0039"",""status"":""active"",""subject_ids"":[""urn:uuid:54af0ff3-80e7-5ecc-a3e1-c2806c999896""],""supersedes_id"":null,""toolchain"":[""adverse-ledger admission and recorded QA replay""],""witness"":{""kind"":""file"",""locator"":""backend/production/v0.3/inputs/ADVERSE_LEDGER.jsonl:LEBL-ID-ADV-0039"",""sha256"":""sha256:f4c63a21e65d2862e0b2c79eedf3eb0acb14015231453d949656f44b4a9162b3""},""workflow_id"":""01a01f57-a34b-7740-9717-596b8116910c/backend-production-v0.3-r006-live""}"
"urn:uuid:015a1e03-107d-5bf5-a995-bd63a536420f","lebl.ra.qa.manifest-topology.ra.v1.sequences-series.limsup-liminf-bw.bolzano-weierstrass","topology","[""urn:uuid:d1feaaaa-c779-55b2-bcbc-1e4b3cf85906""]","pass","{""kind"":""file"",""locator"":""backend/production/v0.3/inputs/TRANSLATION_MANIFEST.jsonl:ra.v1.sequences-series.limsup-liminf-bw.bolzano-weierstrass"",""sha256"":""sha256:a4811e2f867c290223f8f4518046770515bb7b6f4382f2423feb95444bdb1042""}","[""bounded exact semantic-unit replay by ra_bolzano_weierstrass""]","2026-08-21T00:00:00Z","active","","","","","","","","","{""check_type"":""topology"",""id"":""urn:uuid:015a1e03-107d-5bf5-a995-bd63a536420f"",""note"":""All reader prose in the 94-source-line semantic unit is translated; the target uses 93 lines because of prose reflow with no loss. Commands 98/98, environment events 12/12, stable labels/references 7/7, 56 inline-math and three display-math regions, and 84 balanced brace pairs remain exact. Reader-facing English residue is zero and no source correction was required."",""record_type"":""qa_event"",""recorded_at"":""2026-08-21T00:00:00Z"",""result"":""pass"",""schema_name"":""lebl.backend.record"",""schema_version"":""0.3.0"",""semantic_aliases"":[],""semantic_key"":""lebl.ra.qa.manifest-topology.ra.v1.sequences-series.limsup-liminf-bw.bolzano-weierstrass"",""status"":""active"",""subject_ids"":[""urn:uuid:d1feaaaa-c779-55b2-bcbc-1e4b3cf85906""],""supersedes_id"":null,""toolchain"":[""bounded exact semantic-unit replay by ra_bolzano_weierstrass""],""witness"":{""kind"":""file"",""locator"":""backend/production/v0.3/inputs/TRANSLATION_MANIFEST.jsonl:ra.v1.sequences-series.limsup-liminf-bw.bolzano-weierstrass"",""sha256"":""sha256:a4811e2f867c290223f8f4518046770515bb7b6f4382f2423feb95444bdb1042""},""workflow_id"":""01a01f57-a34b-7740-9717-596b8116910c/backend-production-v0.3-r006-live""}"
"urn:uuid:02c2ff3b-543b-5a1f-a747-6d9725ec57d1","lebl.ra.qa.manifest-topology.ra.v1.riemann-integral.definition-examples","topology","[""urn:uuid:9bcd2e4f-c3a1-56ce-af36-7d94c43bbb1b""]","pass","{""kind"":""file"",""locator"":""backend/production/v0.3/inputs/TRANSLATION_MANIFEST.jsonl:ra.v1.riemann-integral.definition-examples"",""sha256"":""sha256:43c65db587911a96b80be3ea02ad8539adea566680893e6ad0b212229efa5965""}","[""bounded exact semantic-unit translation replay by r006_riemann_integral plus root duplicate-equality correction and strict PDF integration replay""]","2026-08-21T00:00:00Z","active","","","","","","","","","{""check_type"":""topology"",""id"":""urn:uuid:02c2ff3b-543b-5a1f-a747-6d9725ec57d1"",""note"":""All 237 lines are translated. Before ADV-0047, ordered commands 287/287, environment tokens 52/52, 12 IDs/xrefs, two assets, seven comments, 66 inline-math spans, 14 displays, braces, and blank-line topology remain exact after reader-text localization. The redundant equality sign is removed with a nonblank comment line so the multline environment remains valid; reader-facing English residue is zero."",""record_type"":""qa_event"",""recorded_at"":""2026-08-21T00:00:00Z"",""result"":""pass"",""schema_name"":""lebl.backend.record"",""schema_version"":""0.3.0"",""semantic_aliases"":[],""semantic_key"":""lebl.ra.qa.manifest-topology.ra.v1.riemann-integral.definition-examples"",""status"":""active"",""subject_ids"":[""urn:uuid:9bcd2e4f-c3a1-56ce-af36-7d94c43bbb1b""],""supersedes_id"":null,""toolchain"":[""bounded exact semantic-unit translation replay by r006_riemann_integral plus root duplicate-equality correction and strict PDF integration replay""],""witness"":{""kind"":""file"",""locator"":""backend/production/v0.3/inputs/TRANSLATION_MANIFEST.jsonl:ra.v1.riemann-integral.definition-examples"",""sha256"":""sha256:43c65db587911a96b80be3ea02ad8539adea566680893e6ad0b212229efa5965""},""workflow_id"":""01a01f57-a34b-7740-9717-596b8116910c/backend-production-v0.3-r006-live""}"
"urn:uuid:02d3d618-32e0-57bf-ac97-6f7bdf4227a4","lebl.ra.qa.manifest-topology.ra.v1.sequences-series.limsup-liminf-bw.infinite-limits","topology","[""urn:uuid:6b4fa0fe-6f3a-5040-9b76-43f55e5e08fc""]","pass","{""kind"":""file"",""locator"":""backend/production/v0.3/inputs/TRANSLATION_MANIFEST.jsonl:ra.v1.sequences-series.limsup-liminf-bw.infinite-limits"",""sha256"":""sha256:b0f2bd389c412c33500e58c01787644bd441dcd9a6d1e9795a3aaf11f674733a""}","[""bounded exact semantic-unit replay by ra_infinite_limits""]","2026-08-21T00:00:00Z","active","","","","","","","","","{""check_type"":""topology"",""id"":""urn:uuid:02d3d618-32e0-57bf-ac97-6f7bdf4227a4"",""note"":""All 134 semantic lines are translated. Commands 272/272, environment events 30/30, stable identifiers/references 8/8, 75 inline-math regions, six display-math blocks, one comment, and 128 balanced brace pairs remain exact. Reader-facing English residue is zero and no source correction was required."",""record_type"":""qa_event"",""recorded_at"":""2026-08-21T00:00:00Z"",""result"":""pass"",""schema_name"":""lebl.backend.record"",""schema_version"":""0.3.0"",""semantic_aliases"":[],""semantic_key"":""lebl.ra.qa.manifest-topology.ra.v1.sequences-series.limsup-liminf-bw.infinite-limits"",""status"":""active"",""subject_ids"":[""urn:uuid:6b4fa0fe-6f3a-5040-9b76-43f55e5e08fc""],""supersedes_id"":null,""toolchain"":[""bounded exact semantic-unit replay by ra_infinite_limits""],""witness"":{""kind"":""file"",""locator"":""backend/production/v0.3/inputs/TRANSLATION_MANIFEST.jsonl:ra.v1.sequences-series.limsup-liminf-bw.infinite-limits"",""sha256"":""sha256:b0f2bd389c412c33500e58c01787644bd441dcd9a6d1e9795a3aaf11f674733a""},""workflow_id"":""01a01f57-a34b-7740-9717-596b8116910c/backend-production-v0.3-r006-live""}"
"urn:uuid:031add54-c3e8-541a-bdfe-8803993241aa","lebl.ra.qa.manifest-topology.ra.v2.analysis-vector-spaces.norms","topology","[""urn:uuid:71914fea-5ba3-58df-a2f0-587227a0b938""]","pass","{""kind"":""file"",""locator"":""backend/production/v0.3/inputs/TRANSLATION_MANIFEST.jsonl:ra.v2.analysis-vector-spaces.norms"",""sha256"":""sha256:281d4b4fde1c5beb0aaf822d2d2200e1971f5c1a6116c2cef6700140fc53ee21""}","[""independent bounded structural, mathematical, terminology, and residue replay""]","2026-08-21T00:00:00Z","active","","","","","","","","","{""check_type"":""topology"",""id"":""urn:uuid:031add54-c3e8-541a-bdfe-8803993241aa"",""note"":""Norms, normed vector spaces, dot products, the Euclidean and operator norms, Cauchy--Schwarz, finite-dimensional norm estimates, continuity, and the general linear group are fully localized. The ordered 647-command stream, ninety environment tokens, 207 inline-math spans, thirty displays, IDs, references, and comments retain exact topology; reader-facing English residue and mojibake are zero."",""record_type"":""qa_event"",""recorded_at"":""2026-08-21T00:00:00Z"",""result"":""pass"",""schema_name"":""lebl.backend.record"",""schema_version"":""0.3.0"",""semantic_aliases"":[],""semantic_key"":""lebl.ra.qa.manifest-topology.ra.v2.analysis-vector-spaces.norms"",""status"":""active"",""subject_ids"":[""urn:uuid:71914fea-5ba3-58df-a2f0-587227a0b938""],""supersedes_id"":null,""toolchain"":[""independent bounded structural, mathematical, terminology, and residue replay""],""witness"":{""kind"":""file"",""locator"":""backend/production/v0.3/inputs/TRANSLATION_MANIFEST.jsonl:ra.v2.analysis-vector-spaces.norms"",""sha256"":""sha256:281d4b4fde1c5beb0aaf822d2d2200e1971f5c1a6116c2cef6700140fc53ee21""},""workflow_id"":""01a01f57-a34b-7740-9717-596b8116910c/backend-production-v0.3-r006-live""}"
"urn:uuid:05448e68-8ac5-5056-b49f-9b63dd249298","lebl.ra.qa.manifest-topology.ra.v1.intro.basic-set-theory.exercises","topology","[""urn:uuid:5d545ba2-e395-59cd-85bb-93e658fcfedf""]","pass","{""kind"":""file"",""locator"":""backend/production/v0.3/inputs/TRANSLATION_MANIFEST.jsonl:ra.v1.intro.basic-set-theory.exercises"",""sha256"":""sha256:34cbaac4ee8c77753642f368ec9bc41d05b25616547663dc2e531b82dfc59b13""}","[""bounded exact unit replay by ra_intro_exercises""]","2026-08-21T00:00:00Z","active","","","","","","","","","{""check_type"":""topology"",""id"":""urn:uuid:05448e68-8ac5-5056-b49f-9b63dd249298"",""note"":""All 27 exercises preserved; 103 inline formulas, three display formulas, 78 environment tokens, 310 commands, 19 items, identifiers, comments, and order exact; no reader-facing English residue or source correction."",""record_type"":""qa_event"",""recorded_at"":""2026-08-21T00:00:00Z"",""result"":""pass"",""schema_name"":""lebl.backend.record"",""schema_version"":""0.3.0"",""semantic_aliases"":[],""semantic_key"":""lebl.ra.qa.manifest-topology.ra.v1.intro.basic-set-theory.exercises"",""status"":""active"",""subject_ids"":[""urn:uuid:5d545ba2-e395-59cd-85bb-93e658fcfedf""],""supersedes_id"":null,""toolchain"":[""bounded exact unit replay by ra_intro_exercises""],""witness"":{""kind"":""file"",""locator"":""backend/production/v0.3/inputs/TRANSLATION_MANIFEST.jsonl:ra.v1.intro.basic-set-theory.exercises"",""sha256"":""sha256:34cbaac4ee8c77753642f368ec9bc41d05b25616547663dc2e531b82dfc59b13""},""workflow_id"":""01a01f57-a34b-7740-9717-596b8116910c/backend-production-v0.3-r006-live""}"
"urn:uuid:098b7a70-632d-5c2f-a2c8-94a86763ef2f","lebl.ra.qa.manifest-topology.ra.v1.continuous-functions.limits-at-infinity.compositions","topology","[""urn:uuid:8f0ab7fa-1596-5fa3-b492-64d58e22acbc""]","pass","{""kind"":""file"",""locator"":""backend/production/v0.3/inputs/TRANSLATION_MANIFEST.jsonl:ra.v1.continuous-functions.limits-at-infinity.compositions"",""sha256"":""sha256:59f7bf4d321a3a6510a517d6958020e74da7c1e26700561c32d8833bc14be2f5""}","[""independent bounded exact semantic-unit replay by r006_compositions_audit""]","2026-08-21T00:00:00Z","active","","","","","","","","","{""check_type"":""topology"",""id"":""urn:uuid:098b7a70-632d-5c2f-a2c8-94a86763ef2f"",""note"":""All 46 lines are translated. Ordered commands 66/66, environment and brace topology, one label, two cross-references, and 20 protected-math segments remain exact after reader-text localization. Reader-facing English residue is zero and no source correction was required."",""record_type"":""qa_event"",""recorded_at"":""2026-08-21T00:00:00Z"",""result"":""pass"",""schema_name"":""lebl.backend.record"",""schema_version"":""0.3.0"",""semantic_aliases"":[],""semantic_key"":""lebl.ra.qa.manifest-topology.ra.v1.continuous-functions.limits-at-infinity.compositions"",""status"":""active"",""subject_ids"":[""urn:uuid:8f0ab7fa-1596-5fa3-b492-64d58e22acbc""],""supersedes_id"":null,""toolchain"":[""independent bounded exact semantic-unit replay by r006_compositions_audit""],""witness"":{""kind"":""file"",""locator"":""backend/production/v0.3/inputs/TRANSLATION_MANIFEST.jsonl:ra.v1.continuous-functions.limits-at-infinity.compositions"",""sha256"":""sha256:59f7bf4d321a3a6510a517d6958020e74da7c1e26700561c32d8833bc14be2f5""},""workflow_id"":""01a01f57-a34b-7740-9717-596b8116910c/backend-production-v0.3-r006-live""}"
"urn:uuid:0a35cfeb-d3ca-50ef-8ced-fccd3d2c50cb","lebl.ra.qa.manifest-topology.ra.v2.several-variables.linear-combinations-dimension","topology","[""urn:uuid:fd5e5f5e-4d07-5d2f-ae06-4d141776b2f3""]","pass","{""kind"":""file"",""locator"":""backend/production/v0.3/inputs/TRANSLATION_MANIFEST.jsonl:ra.v2.several-variables.linear-combinations-dimension"",""sha256"":""sha256:e2313eba49267d6137f89fbd681b4712f7e83175ef745cb3b8f9fe7eea177c77""}","[""bounded structural and mathematical replay plus ADV-0083 correction""]","2026-08-21T00:00:00Z","active","","","","","","","","","{""check_type"":""topology"",""id"":""urn:uuid:0a35cfeb-d3ca-50ef-8ced-fccd3d2c50cb"",""note"":""Linear combinations, span, independence, bases, dimension, the standard basis, and the dimension proposition and proof are fully localized. The 401-command stream, sixty environment tokens, 231 inline-math spans, IDs, references, glossary hooks, and braces retain topology; ADV-0083 corrects the final denominator when solving for x_k. Reader-facing English residue and mojibake are zero."",""record_type"":""qa_event"",""recorded_at"":""2026-08-21T00:00:00Z"",""result"":""pass"",""schema_name"":""lebl.backend.record"",""schema_version"":""0.3.0"",""semantic_aliases"":[],""semantic_key"":""lebl.ra.qa.manifest-topology.ra.v2.several-variables.linear-combinations-dimension"",""status"":""active"",""subject_ids"":[""urn:uuid:fd5e5f5e-4d07-5d2f-ae06-4d141776b2f3""],""supersedes_id"":null,""toolchain"":[""bounded structural and mathematical replay plus ADV-0083 correction""],""witness"":{""kind"":""file"",""locator"":""backend/production/v0.3/inputs/TRANSLATION_MANIFEST.jsonl:ra.v2.several-variables.linear-combinations-dimension"",""sha256"":""sha256:e2313eba49267d6137f89fbd681b4712f7e83175ef745cb3b8f9fe7eea177c77""},""workflow_id"":""01a01f57-a34b-7740-9717-596b8116910c/backend-production-v0.3-r006-live""}"
"urn:uuid:0b279a5d-f397-5faa-a8a0-bf4108861ca3","lebl.ra.qa.manifest-topology.ra.v1.real-numbers.intervals-size-r","topology","[""urn:uuid:0f253bac-3e2c-5e0f-ac96-01c95264a866""]","pass","{""kind"":""file"",""locator"":""backend/production/v0.3/inputs/TRANSLATION_MANIFEST.jsonl:ra.v1.real-numbers.intervals-size-r"",""sha256"":""sha256:6f28ce4c9b23ae815a2fc65e3ae12396c56b0fb90e43276129b364211ea0ad1c""}","[""bounded exact unit replay by ra_basic_exercises plus terminology-normalization replay""]","2026-08-21T00:00:00Z","active","","","","","","","","","{""check_type"":""topology"",""id"":""urn:uuid:0b279a5d-f397-5faa-a8a0-bf4108861ca3"",""note"":""163 lines, 223 commands, 14 environment events, two items, two labels, one reference, five glossary IDs, nine index events, 135 inline formulas, three displayed-math environments, and comments remain exact. Countability/subset terminology is canonicalized; the omitted equality case in the source proof is supplied and logged as LEBL-ID-ADV-0007."",""record_type"":""qa_event"",""recorded_at"":""2026-08-21T00:00:00Z"",""result"":""pass"",""schema_name"":""lebl.backend.record"",""schema_version"":""0.3.0"",""semantic_aliases"":[],""semantic_key"":""lebl.ra.qa.manifest-topology.ra.v1.real-numbers.intervals-size-r"",""status"":""active"",""subject_ids"":[""urn:uuid:0f253bac-3e2c-5e0f-ac96-01c95264a866""],""supersedes_id"":null,""toolchain"":[""bounded exact unit replay by ra_basic_exercises plus terminology-normalization replay""],""witness"":{""kind"":""file"",""locator"":""backend/production/v0.3/inputs/TRANSLATION_MANIFEST.jsonl:ra.v1.real-numbers.intervals-size-r"",""sha256"":""sha256:6f28ce4c9b23ae815a2fc65e3ae12396c56b0fb90e43276129b364211ea0ad1c""},""workflow_id"":""01a01f57-a34b-7740-9717-596b8116910c/backend-production-v0.3-r006-live""}"
"urn:uuid:0b755fc9-d225-55bf-a021-80dd9f1d7075","lebl.ra.qa.manifest-topology.ra.v1.functions-limits.interchange-integral","topology","[""urn:uuid:c38a61c6-f277-58a0-b365-c84e70a32d99""]","pass","{""kind"":""file"",""locator"":""backend/production/v0.3/inputs/TRANSLATION_MANIFEST.jsonl:ra.v1.functions-limits.interchange-integral"",""sha256"":""sha256:f6d652eb1a295e71269ba4d85180c3fac50efe04a25118642a1fe2a488f313b3""}","[""independent bounded exact semantic-unit replay plus two final root repairs""]","2026-08-21T00:00:00Z","active","","","","","","","","","{""check_type"":""topology"",""id"":""urn:uuid:0b755fc9-d225-55bf-a021-80dd9f1d7075"",""note"":""All reader-facing prose is translated. Ordered commands 252/252, environment tokens 54/54, protected mathematics, IDs, references, comments, and semantic topology retain parity. Reader-facing English residue and mojibake are zero."",""record_type"":""qa_event"",""recorded_at"":""2026-08-21T00:00:00Z"",""result"":""pass"",""schema_name"":""lebl.backend.record"",""schema_version"":""0.3.0"",""semantic_aliases"":[],""semantic_key"":""lebl.ra.qa.manifest-topology.ra.v1.functions-limits.interchange-integral"",""status"":""active"",""subject_ids"":[""urn:uuid:c38a61c6-f277-58a0-b365-c84e70a32d99""],""supersedes_id"":null,""toolchain"":[""independent bounded exact semantic-unit replay plus two final root repairs""],""witness"":{""kind"":""file"",""locator"":""backend/production/v0.3/inputs/TRANSLATION_MANIFEST.jsonl:ra.v1.functions-limits.interchange-integral"",""sha256"":""sha256:f6d652eb1a295e71269ba4d85180c3fac50efe04a25118642a1fe2a488f313b3""},""workflow_id"":""01a01f57-a34b-7740-9717-596b8116910c/backend-production-v0.3-r006-live""}"
"urn:uuid:0c65dd86-6c82-5014-8653-35e61c4e6180","lebl.ra.qa.manifest-topology.ra.v1.logarithms-exponentials.exercises","topology","[""urn:uuid:7d18f466-c47f-5b58-b647-1b10e3a6a0b7""]","pass","{""kind"":""file"",""locator"":""backend/production/v0.3/inputs/TRANSLATION_MANIFEST.jsonl:ra.v1.logarithms-exponentials.exercises"",""sha256"":""sha256:1444d54619383d45c136c12b479215e89e4cd12c9c33aeffbd038fa459f5bc82""}","[""independent bounded exact semantic-unit replay by r006_logexp_exercises_audit plus final protected-math repair""]","2026-08-21T00:00:00Z","active","","","","","","","","","{""check_type"":""topology"",""id"":""urn:uuid:0c65dd86-6c82-5014-8653-35e61c4e6180"",""note"":""All 167 lines are translated. Ordered commands 208/208, environment tokens 58/58, all IDs, links, five indexes, 12 equations, three comments, 152 brace pairs, and protected mathematics remain exact outside ADV-0054. Reader-facing English residue and mojibake are zero."",""record_type"":""qa_event"",""recorded_at"":""2026-08-21T00:00:00Z"",""result"":""pass"",""schema_name"":""lebl.backend.record"",""schema_version"":""0.3.0"",""semantic_aliases"":[],""semantic_key"":""lebl.ra.qa.manifest-topology.ra.v1.logarithms-exponentials.exercises"",""status"":""active"",""subject_ids"":[""urn:uuid:7d18f466-c47f-5b58-b647-1b10e3a6a0b7""],""supersedes_id"":null,""toolchain"":[""independent bounded exact semantic-unit replay by r006_logexp_exercises_audit plus final protected-math repair""],""witness"":{""kind"":""file"",""locator"":""backend/production/v0.3/inputs/TRANSLATION_MANIFEST.jsonl:ra.v1.logarithms-exponentials.exercises"",""sha256"":""sha256:1444d54619383d45c136c12b479215e89e4cd12c9c33aeffbd038fa459f5bc82""},""workflow_id"":""01a01f57-a34b-7740-9717-596b8116910c/backend-production-v0.3-r006-live""}"
"urn:uuid:0cbab6c4-f782-55cc-b67c-4e2ce9a713dc","lebl.ra.qa.manifest-topology.ra.v1.real-numbers.supremum-infimum-calculus","topology","[""urn:uuid:802c58bd-fbcc-538c-bf3f-e1fe853d5a20""]","pass","{""kind"":""file"",""locator"":""backend/production/v0.3/inputs/TRANSLATION_MANIFEST.jsonl:ra.v1.real-numbers.supremum-infimum-calculus"",""sha256"":""sha256:f8433c434d915bf13129e7a07d70960461fe146879dba7ce233b5961b8c430c2""}","[""bounded exact unit replay by ra_basic_exercises""]","2026-08-21T00:00:00Z","active","","","","","","","","","{""check_type"":""topology"",""id"":""urn:uuid:0cbab6c4-f782-55cc-b67c-4e2ce9a713dc"",""note"":""129 lines, 228 commands, 24 environment events, 10 list items, three labels, two glossary IDs, 98 inline formulas, four math environments, and directives preserved; no source correction."",""record_type"":""qa_event"",""recorded_at"":""2026-08-21T00:00:00Z"",""result"":""pass"",""schema_name"":""lebl.backend.record"",""schema_version"":""0.3.0"",""semantic_aliases"":[],""semantic_key"":""lebl.ra.qa.manifest-topology.ra.v1.real-numbers.supremum-infimum-calculus"",""status"":""active"",""subject_ids"":[""urn:uuid:802c58bd-fbcc-538c-bf3f-e1fe853d5a20""],""supersedes_id"":null,""toolchain"":[""bounded exact unit replay by ra_basic_exercises""],""witness"":{""kind"":""file"",""locator"":""backend/production/v0.3/inputs/TRANSLATION_MANIFEST.jsonl:ra.v1.real-numbers.supremum-infimum-calculus"",""sha256"":""sha256:f8433c434d915bf13129e7a07d70960461fe146879dba7ce233b5961b8c430c2""},""workflow_id"":""01a01f57-a34b-7740-9717-596b8116910c/backend-production-v0.3-r006-live""}"
"urn:uuid:0e29083e-d52d-5556-a558-4fd782e6724c","lebl.ra.qa.manifest-topology.ra.v1.riemann-properties.linearity-monotonicity","topology","[""urn:uuid:d55d3893-afc0-5386-8d83-371e86292b77""]","pass","{""kind"":""file"",""locator"":""backend/production/v0.3/inputs/TRANSLATION_MANIFEST.jsonl:ra.v1.riemann-properties.linearity-monotonicity"",""sha256"":""sha256:19d38398671f6f3cc8c053ce23990458560d1b1c304a4554a06c26ff4ee65bb9""}","[""independent bounded exact semantic-unit replay by r006_linearity_audit""]","2026-08-21T00:00:00Z","active","","","","","","","","","{""check_type"":""topology"",""id"":""urn:uuid:0e29083e-d52d-5556-a558-4fd782e6724c"",""note"":""All reader-facing prose is translated. Ordered commands 238/238, environment tokens 40/40, seven labels/xrefs, four comments, 90 brace pairs, 36 inline-math spans, and 13 displays remain exact after reader-text localization. ADV-0049 clarifies the final equality statement; reader-facing English residue is zero."",""record_type"":""qa_event"",""recorded_at"":""2026-08-21T00:00:00Z"",""result"":""pass"",""schema_name"":""lebl.backend.record"",""schema_version"":""0.3.0"",""semantic_aliases"":[],""semantic_key"":""lebl.ra.qa.manifest-topology.ra.v1.riemann-properties.linearity-monotonicity"",""status"":""active"",""subject_ids"":[""urn:uuid:d55d3893-afc0-5386-8d83-371e86292b77""],""supersedes_id"":null,""toolchain"":[""independent bounded exact semantic-unit replay by r006_linearity_audit""],""witness"":{""kind"":""file"",""locator"":""backend/production/v0.3/inputs/TRANSLATION_MANIFEST.jsonl:ra.v1.riemann-properties.linearity-monotonicity"",""sha256"":""sha256:19d38398671f6f3cc8c053ce23990458560d1b1c304a4554a06c26ff4ee65bb9""},""workflow_id"":""01a01f57-a34b-7740-9717-596b8116910c/backend-production-v0.3-r006-live""}"
"urn:uuid:0f5717e5-ba1f-56a0-8559-45ad04b18f82","lebl.ra.qa.manifest-topology.ra.v1.sequences-series.more-on-series.alternating-series-test","topology","[""urn:uuid:727aa567-3d79-5ce7-9f35-6aae66f62e2b""]","pass","{""kind"":""file"",""locator"":""backend/production/v0.3/inputs/TRANSLATION_MANIFEST.jsonl:ra.v1.sequences-series.more-on-series.alternating-series-test"",""sha256"":""sha256:aa6e9b1cd1408a70b139ec5fc28c08e084f6395607d4b09da415855827b661c8""}","[""bounded exact semantic-unit replay by ra_series_exercises_audit""]","2026-08-21T00:00:00Z","active","","","","","","","","","{""check_type"":""topology"",""id"":""urn:uuid:0f5717e5-ba1f-56a0-8559-45ad04b18f82"",""note"":""All 85 lines are translated. Commands 97/97, environment pairs 8/8, one comment, one figure reference, the stable figure asset and label, 37 protected-math regions after one reader-text localization, and 98 balanced brace pairs remain exact. Figure accessibility prose is Indonesian; reader-facing English residue is zero and no source correction was required."",""record_type"":""qa_event"",""recorded_at"":""2026-08-21T00:00:00Z"",""result"":""pass"",""schema_name"":""lebl.backend.record"",""schema_version"":""0.3.0"",""semantic_aliases"":[],""semantic_key"":""lebl.ra.qa.manifest-topology.ra.v1.sequences-series.more-on-series.alternating-series-test"",""status"":""active"",""subject_ids"":[""urn:uuid:727aa567-3d79-5ce7-9f35-6aae66f62e2b""],""supersedes_id"":null,""toolchain"":[""bounded exact semantic-unit replay by ra_series_exercises_audit""],""witness"":{""kind"":""file"",""locator"":""backend/production/v0.3/inputs/TRANSLATION_MANIFEST.jsonl:ra.v1.sequences-series.more-on-series.alternating-series-test"",""sha256"":""sha256:aa6e9b1cd1408a70b139ec5fc28c08e084f6395607d4b09da415855827b661c8""},""workflow_id"":""01a01f57-a34b-7740-9717-596b8116910c/backend-production-v0.3-r006-live""}"
"urn:uuid:0f91dbbd-65da-5888-8f42-ab8f8aeb5ceb","lebl.ra.qa.manifest-topology.ra.v1.real-numbers.basic-properties.exercises","topology","[""urn:uuid:6d50832d-e7da-5a20-9070-822460348a4b""]","pass","{""kind"":""file"",""locator"":""backend/production/v0.3/inputs/TRANSLATION_MANIFEST.jsonl:ra.v1.real-numbers.basic-properties.exercises"",""sha256"":""sha256:ac0964afa7b0234e080e7e374cbb2b9f19806723c59963cb655c68d96b5016d2""}","[""bounded exact unit replay by ra_basic_exercises""]","2026-08-21T00:00:00Z","active","","","","","","","","","{""check_type"":""topology"",""id"":""urn:uuid:0f91dbbd-65da-5888-8f42-ab8f8aeb5ceb"",""note"":""All 14 exercises and 7 items preserved; 160 commands, 36 environment events, 10 labels/references, 89 inline formulas, one display formula, comments, and page directives exact. Terminology is normalized to terhitung and himpunan bagian; literal dog and door remain mathematical lexical-order data; no source correction."",""record_type"":""qa_event"",""recorded_at"":""2026-08-21T00:00:00Z"",""result"":""pass"",""schema_name"":""lebl.backend.record"",""schema_version"":""0.3.0"",""semantic_aliases"":[],""semantic_key"":""lebl.ra.qa.manifest-topology.ra.v1.real-numbers.basic-properties.exercises"",""status"":""active"",""subject_ids"":[""urn:uuid:6d50832d-e7da-5a20-9070-822460348a4b""],""supersedes_id"":null,""toolchain"":[""bounded exact unit replay by ra_basic_exercises""],""witness"":{""kind"":""file"",""locator"":""backend/production/v0.3/inputs/TRANSLATION_MANIFEST.jsonl:ra.v1.real-numbers.basic-properties.exercises"",""sha256"":""sha256:ac0964afa7b0234e080e7e374cbb2b9f19806723c59963cb655c68d96b5016d2""},""workflow_id"":""01a01f57-a34b-7740-9717-596b8116910c/backend-production-v0.3-r006-live""}"
"urn:uuid:105bd5d6-e001-51a6-8cc6-5e411bca3a9b","lebl.ra.qa.manifest-topology.ra.v1.sequences-series.series.ratio-test","topology","[""urn:uuid:277e45e5-87c8-50d4-9df1-f88fb12d81d9""]","pass","{""kind"":""file"",""locator"":""backend/production/v0.3/inputs/TRANSLATION_MANIFEST.jsonl:ra.v1.sequences-series.series.ratio-test"",""sha256"":""sha256:6d5b37e39c02530642f151a8d382b8f0aa65fdd1049c8a8a75d590ada8180ea9""}","[""bounded exact semantic-unit replay by ra_series_tests_audit plus parent post-polish hash replay""]","2026-08-21T00:00:00Z","active","","","","","","","","","{""check_type"":""topology"",""id"":""urn:uuid:105bd5d6-e001-51a6-8cc6-5e411bca3a9b"",""note"":""All 125 lines are translated. Commands 168/168, environment pairs 14/14, three references, and 41 protected-math regions after one reader-text localization remain exact. Reader-facing English residue is zero and no source correction was required."",""record_type"":""qa_event"",""recorded_at"":""2026-08-21T00:00:00Z"",""result"":""pass"",""schema_name"":""lebl.backend.record"",""schema_version"":""0.3.0"",""semantic_aliases"":[],""semantic_key"":""lebl.ra.qa.manifest-topology.ra.v1.sequences-series.series.ratio-test"",""status"":""active"",""subject_ids"":[""urn:uuid:277e45e5-87c8-50d4-9df1-f88fb12d81d9""],""supersedes_id"":null,""toolchain"":[""bounded exact semantic-unit replay by ra_series_tests_audit plus parent post-polish hash replay""],""witness"":{""kind"":""file"",""locator"":""backend/production/v0.3/inputs/TRANSLATION_MANIFEST.jsonl:ra.v1.sequences-series.series.ratio-test"",""sha256"":""sha256:6d5b37e39c02530642f151a8d382b8f0aa65fdd1049c8a8a75d590ada8180ea9""},""workflow_id"":""01a01f57-a34b-7740-9717-596b8116910c/backend-production-v0.3-r006-live""}"
"urn:uuid:12ad10f5-dce5-5789-89c5-be1ac5733f40","lebl.ra.qa.manifest-topology.ra.v1.sequences-series.limit-facts.inequalities","topology","[""urn:uuid:7f287ebd-b151-5c33-b342-d94e6f23ff12""]","pass","{""kind"":""file"",""locator"":""backend/production/v0.3/inputs/TRANSLATION_MANIFEST.jsonl:ra.v1.sequences-series.limit-facts.inequalities"",""sha256"":""sha256:581baf2f5ee8620a79f83babcd9e3e64f99c6ea5456502f149a6d6e40daba9ea""}","[""bounded exact unit replay by ra_monotone_sequences plus parent terminology-normalization hash replay""]","2026-08-21T00:00:00Z","active","","","","","","","","","{""check_type"":""topology"",""id"":""urn:uuid:12ad10f5-dce5-5789-89c5-be1ac5733f40"",""note"":""All 178 lines are translated. Commands 238/238, environment events 46/46, labels 5/5, stable references/assets 6/6, 78 protected-math segments, 150 balanced brace pairs, and two comments remain exact. The initial translator's pertidaksamaan wording was normalized to the established ketaksamaan family; reader-facing English residue is zero and no source correction was required."",""record_type"":""qa_event"",""recorded_at"":""2026-08-21T00:00:00Z"",""result"":""pass"",""schema_name"":""lebl.backend.record"",""schema_version"":""0.3.0"",""semantic_aliases"":[],""semantic_key"":""lebl.ra.qa.manifest-topology.ra.v1.sequences-series.limit-facts.inequalities"",""status"":""active"",""subject_ids"":[""urn:uuid:7f287ebd-b151-5c33-b342-d94e6f23ff12""],""supersedes_id"":null,""toolchain"":[""bounded exact unit replay by ra_monotone_sequences plus parent terminology-normalization hash replay""],""witness"":{""kind"":""file"",""locator"":""backend/production/v0.3/inputs/TRANSLATION_MANIFEST.jsonl:ra.v1.sequences-series.limit-facts.inequalities"",""sha256"":""sha256:581baf2f5ee8620a79f83babcd9e3e64f99c6ea5456502f149a6d6e40daba9ea""},""workflow_id"":""01a01f57-a34b-7740-9717-596b8116910c/backend-production-v0.3-r006-live""}"
"urn:uuid:13a735aa-3948-5c7d-a0e2-fed47f2ab563","lebl.ra.qa.manifest-topology.ra.v1.real-numbers.intervals-size-r.exercises","topology","[""urn:uuid:2fbb1bce-6e2d-5f70-9c99-e9c4ca688b84""]","pass","{""kind"":""file"",""locator"":""backend/production/v0.3/inputs/TRANSLATION_MANIFEST.jsonl:ra.v1.real-numbers.intervals-size-r.exercises"",""sha256"":""sha256:1b5bee946a704da5ffe85b9a343736288b57785bc8010d9856e7f71d65202d6b""}","[""bounded exact unit replay by ra_basic_exercises""]","2026-08-21T00:00:00Z","active","","","","","","","","","{""check_type"":""topology"",""id"":""urn:uuid:13a735aa-3948-5c7d-a0e2-fed47f2ab563"",""note"":""All 10 exercises, five items, four difficulty labels, 85 commands, 24 environment events, one label, three references, one index event, 46 inline formulas, comment, and section page break remain exact; no source correction."",""record_type"":""qa_event"",""recorded_at"":""2026-08-21T00:00:00Z"",""result"":""pass"",""schema_name"":""lebl.backend.record"",""schema_version"":""0.3.0"",""semantic_aliases"":[],""semantic_key"":""lebl.ra.qa.manifest-topology.ra.v1.real-numbers.intervals-size-r.exercises"",""status"":""active"",""subject_ids"":[""urn:uuid:2fbb1bce-6e2d-5f70-9c99-e9c4ca688b84""],""supersedes_id"":null,""toolchain"":[""bounded exact unit replay by ra_basic_exercises""],""witness"":{""kind"":""file"",""locator"":""backend/production/v0.3/inputs/TRANSLATION_MANIFEST.jsonl:ra.v1.real-numbers.intervals-size-r.exercises"",""sha256"":""sha256:1b5bee946a704da5ffe85b9a343736288b57785bc8010d9856e7f71d65202d6b""},""workflow_id"":""01a01f57-a34b-7740-9717-596b8116910c/backend-production-v0.3-r006-live""}"
"urn:uuid:160fe6bc-2346-5685-bf0c-b2e7ebf0359b","lebl.ra.qa.manifest-topology.ra.v2.derivative.jacobian","topology","[""urn:uuid:8f722384-e145-51a8-b5b4-a8bd09dedc8d""]","pass","{""kind"":""file"",""locator"":""backend/production/v0.3/inputs/TRANSLATION_MANIFEST.jsonl:ra.v2.derivative.jacobian"",""sha256"":""sha256:88368081625bfab924a8b053aec3927a76766a76bf74c9e04ee4836dba77926f""}","[""bounded structural, mathematical, and residue replay""]","2026-08-21T00:00:00Z","active","","","","","","","","","{""check_type"":""topology"",""id"":""urn:uuid:160fe6bc-2346-5685-bf0c-b2e7ebf0359b"",""note"":""The Jacobian determinant, critical points, local volume scaling, and the Peano surface example are fully localized. The ordered 41-command stream, eight environment tokens, nine protected-math spans, three IDs and references, comments, and braces retain exact topology. Reader-facing English residue and mojibake are zero."",""record_type"":""qa_event"",""recorded_at"":""2026-08-21T00:00:00Z"",""result"":""pass"",""schema_name"":""lebl.backend.record"",""schema_version"":""0.3.0"",""semantic_aliases"":[],""semantic_key"":""lebl.ra.qa.manifest-topology.ra.v2.derivative.jacobian"",""status"":""active"",""subject_ids"":[""urn:uuid:8f722384-e145-51a8-b5b4-a8bd09dedc8d""],""supersedes_id"":null,""toolchain"":[""bounded structural, mathematical, and residue replay""],""witness"":{""kind"":""file"",""locator"":""backend/production/v0.3/inputs/TRANSLATION_MANIFEST.jsonl:ra.v2.derivative.jacobian"",""sha256"":""sha256:88368081625bfab924a8b053aec3927a76766a76bf74c9e04ee4836dba77926f""},""workflow_id"":""01a01f57-a34b-7740-9717-596b8116910c/backend-production-v0.3-r006-live""}"
"urn:uuid:16dc6ab7-1df1-5c4d-8971-5f83f49fb878","lebl.ra.qa.manifest-topology.ra.v1.intro.about-analysis","topology","[""urn:uuid:0d309b4b-5ed5-591e-ae01-0f9998b6e636""]","pass","{""kind"":""file"",""locator"":""backend/production/v0.3/inputs/TRANSLATION_MANIFEST.jsonl:ra.v1.intro.about-analysis"",""sha256"":""sha256:fc747be56c7ad495b7a5032d6f9ab0657b67a934c55a30d20bcb7e938a3087f6""}","[""qa/verify_ra_unit_0001.py""]","2026-08-21T00:00:00Z","active","","","","","","","","","{""check_type"":""topology"",""id"":""urn:uuid:16dc6ab7-1df1-5c4d-8971-5f83f49fb878"",""note"":""All formulas and LaTeX command/reference/environment sequences match the authority unit."",""record_type"":""qa_event"",""recorded_at"":""2026-08-21T00:00:00Z"",""result"":""pass"",""schema_name"":""lebl.backend.record"",""schema_version"":""0.3.0"",""semantic_aliases"":[],""semantic_key"":""lebl.ra.qa.manifest-topology.ra.v1.intro.about-analysis"",""status"":""active"",""subject_ids"":[""urn:uuid:0d309b4b-5ed5-591e-ae01-0f9998b6e636""],""supersedes_id"":null,""toolchain"":[""qa/verify_ra_unit_0001.py""],""witness"":{""kind"":""file"",""locator"":""backend/production/v0.3/inputs/TRANSLATION_MANIFEST.jsonl:ra.v1.intro.about-analysis"",""sha256"":""sha256:fc747be56c7ad495b7a5032d6f9ab0657b67a934c55a30d20bcb7e938a3087f6""},""workflow_id"":""01a01f57-a34b-7740-9717-596b8116910c/backend-production-v0.3-r006-live""}"
"urn:uuid:18069ddc-1f9b-5128-ac7f-5a61b04e0284","lebl.ra.qa.manifest-topology.ra.v1.metric-spaces.compactness-sequential-heine-borel","topology","[""urn:uuid:dde1b024-05c1-5532-9f80-f2b44bfe900f""]","pass","{""kind"":""file"",""locator"":""backend/production/v0.3/inputs/TRANSLATION_MANIFEST.jsonl:ra.v1.metric-spaces.compactness-sequential-heine-borel"",""sha256"":""sha256:babdb7c2cba2fb3b62d25d50bc4ffe47f3a17a62664d6cf25c2ffed64008a4fb""}","[""independent bounded compactness-part-two audit plus final root ambiguity and naturalness repairs""]","2026-08-21T00:00:00Z","active","","","","","","","","","{""check_type"":""topology"",""id"":""urn:uuid:18069ddc-1f9b-5128-ac7f-5a61b04e0284"",""note"":""Equivalence of compactness and sequential compactness, closed subsets of compact spaces, Heine--Borel, total boundedness, relative compactness, examples, proofs, and accessibility text are fully localized. The 212-command sequence, 26 environment tokens, 138 inline-math spans, displays, and sixteen IDs/references/assets retain exact parity; reader-facing English residue and mojibake are zero."",""record_type"":""qa_event"",""recorded_at"":""2026-08-21T00:00:00Z"",""result"":""pass"",""schema_name"":""lebl.backend.record"",""schema_version"":""0.3.0"",""semantic_aliases"":[],""semantic_key"":""lebl.ra.qa.manifest-topology.ra.v1.metric-spaces.compactness-sequential-heine-borel"",""status"":""active"",""subject_ids"":[""urn:uuid:dde1b024-05c1-5532-9f80-f2b44bfe900f""],""supersedes_id"":null,""toolchain"":[""independent bounded compactness-part-two audit plus final root ambiguity and naturalness repairs""],""witness"":{""kind"":""file"",""locator"":""backend/production/v0.3/inputs/TRANSLATION_MANIFEST.jsonl:ra.v1.metric-spaces.compactness-sequential-heine-borel"",""sha256"":""sha256:babdb7c2cba2fb3b62d25d50bc4ffe47f3a17a62664d6cf25c2ffed64008a4fb""},""workflow_id"":""01a01f57-a34b-7740-9717-596b8116910c/backend-production-v0.3-r006-live""}"
"urn:uuid:185b1657-bc49-5e32-8f78-beadd2134422","lebl.ra.qa.manifest-topology.ra.v2.analysis-vector-spaces.exercises","topology","[""urn:uuid:997a9f77-c53e-54e0-beb5-1dcc79a9f04d""]","pass","{""kind"":""file"",""locator"":""backend/production/v0.3/inputs/TRANSLATION_MANIFEST.jsonl:ra.v2.analysis-vector-spaces.exercises"",""sha256"":""sha256:ff7f27a96e558d2e32f7581e25bdb814767121ea152daa9da9e28d6c9effb35e""}","[""bounded full exercise translation, independent mathematical review, and structural replay plus ADV-0087 through ADV-0092""]","2026-08-21T00:00:00Z","active","","","","","","","","","{""check_type"":""topology"",""id"":""urn:uuid:185b1657-bc49-5e32-8f78-beadd2134422"",""note"":""All nineteen exercises, the spectral-radius note, and every enumerated subproblem are fully localized. The ordered 421-command stream, 84 environment tokens, seven IDs and references, three index hooks, seven displays, comments, and braces retain topology; the sole added protected-math span explicitly introduces the previously undefined codomain Y. ADV-0087 through ADV-0092 repair the source's two prose fragments, missing codomain, open-ball convex-hull error, omitted positive lower bound, and matrix-size ambiguity. Reader-facing English residue and mojibake are zero."",""record_type"":""qa_event"",""recorded_at"":""2026-08-21T00:00:00Z"",""result"":""pass"",""schema_name"":""lebl.backend.record"",""schema_version"":""0.3.0"",""semantic_aliases"":[],""semantic_key"":""lebl.ra.qa.manifest-topology.ra.v2.analysis-vector-spaces.exercises"",""status"":""active"",""subject_ids"":[""urn:uuid:997a9f77-c53e-54e0-beb5-1dcc79a9f04d""],""supersedes_id"":null,""toolchain"":[""bounded full exercise translation, independent mathematical review, and structural replay plus ADV-0087 through ADV-0092""],""witness"":{""kind"":""file"",""locator"":""backend/production/v0.3/inputs/TRANSLATION_MANIFEST.jsonl:ra.v2.analysis-vector-spaces.exercises"",""sha256"":""sha256:ff7f27a96e558d2e32f7581e25bdb814767121ea152daa9da9e28d6c9effb35e""},""workflow_id"":""01a01f57-a34b-7740-9717-596b8116910c/backend-production-v0.3-r006-live""}"
"urn:uuid:19515322-401e-52f9-afbf-65022960d3a5","lebl.ra.qa.manifest-topology.ra.v1.continuous-functions.limits.exercises","topology","[""urn:uuid:fa161314-4a7c-580b-b878-3b18f83716a2""]","pass","{""kind"":""file"",""locator"":""backend/production/v0.3/inputs/TRANSLATION_MANIFEST.jsonl:ra.v1.continuous-functions.limits.exercises"",""sha256"":""sha256:f52c3ee3f6ade6e4a4ff181392f41c34c8a4ebe92a1be8c60ac2259a58584d11""}","[""bounded exact semantic-unit translation replay by ra_series_exercises_audit""]","2026-08-21T00:00:00Z","active","","","","","","","","","{""check_type"":""topology"",""id"":""urn:uuid:19515322-401e-52f9-afbf-65022960d3a5"",""note"":""All 16 exercises, one tabular, one enumeration, and two items are translated. Commands 175/175, environment events 36/36, four labels, 11 xrefs, one exact separator comment, 93 protected-math regions, and 83 balanced brace pairs remain exact. Reader-facing English residue is zero and no source correction was required."",""record_type"":""qa_event"",""recorded_at"":""2026-08-21T00:00:00Z"",""result"":""pass"",""schema_name"":""lebl.backend.record"",""schema_version"":""0.3.0"",""semantic_aliases"":[],""semantic_key"":""lebl.ra.qa.manifest-topology.ra.v1.continuous-functions.limits.exercises"",""status"":""active"",""subject_ids"":[""urn:uuid:fa161314-4a7c-580b-b878-3b18f83716a2""],""supersedes_id"":null,""toolchain"":[""bounded exact semantic-unit translation replay by ra_series_exercises_audit""],""witness"":{""kind"":""file"",""locator"":""backend/production/v0.3/inputs/TRANSLATION_MANIFEST.jsonl:ra.v1.continuous-functions.limits.exercises"",""sha256"":""sha256:f52c3ee3f6ade6e4a4ff181392f41c34c8a4ebe92a1be8c60ac2259a58584d11""},""workflow_id"":""01a01f57-a34b-7740-9717-596b8116910c/backend-production-v0.3-r006-live""}"
"urn:uuid:204da7bf-4cee-5dcf-ba8e-e2ef71d24297","lebl.ra.qa.manifest-topology.ra.v1.real-numbers.construction.exercises","topology","[""urn:uuid:9c5f1db6-ac33-5a4d-9adb-27e085266c45""]","pass","{""kind"":""file"",""locator"":""backend/production/v0.3/inputs/TRANSLATION_MANIFEST.jsonl:ra.v1.real-numbers.construction.exercises"",""sha256"":""sha256:0a1d701c91281933fc01c3444b8d8ad26586425155ef1f7c3f2385198f2a8ec9""}","[""bounded exact unit replay by ra_basic_exercises""]","2026-08-21T00:00:00Z","active","","","","","","","","","{""check_type"":""topology"",""id"":""urn:uuid:204da7bf-4cee-5dcf-ba8e-e2ef71d24297"",""note"":""All 17 exercises and seven subitems preserved; 210 commands, 46 environment events, six labels, six references, URL, 96 inline formulas, three displays, comments, samepage grouping, and section page break exact. Terminology is normalized to himpunan bagian; no source correction."",""record_type"":""qa_event"",""recorded_at"":""2026-08-21T00:00:00Z"",""result"":""pass"",""schema_name"":""lebl.backend.record"",""schema_version"":""0.3.0"",""semantic_aliases"":[],""semantic_key"":""lebl.ra.qa.manifest-topology.ra.v1.real-numbers.construction.exercises"",""status"":""active"",""subject_ids"":[""urn:uuid:9c5f1db6-ac33-5a4d-9adb-27e085266c45""],""supersedes_id"":null,""toolchain"":[""bounded exact unit replay by ra_basic_exercises""],""witness"":{""kind"":""file"",""locator"":""backend/production/v0.3/inputs/TRANSLATION_MANIFEST.jsonl:ra.v1.real-numbers.construction.exercises"",""sha256"":""sha256:0a1d701c91281933fc01c3444b8d8ad26586425155ef1f7c3f2385198f2a8ec9""},""workflow_id"":""01a01f57-a34b-7740-9717-596b8116910c/backend-production-v0.3-r006-live""}"
"urn:uuid:21c20884-dbcb-5377-9079-edd1dae823b3","lebl.ra.qa.manifest-topology.ra.v1.continuous-functions.limits.sequential-limits","topology","[""urn:uuid:674c29ba-8653-54fe-97ff-2cbfc0dc2b49""]","pass","{""kind"":""file"",""locator"":""backend/production/v0.3/inputs/TRANSLATION_MANIFEST.jsonl:ra.v1.continuous-functions.limits.sequential-limits"",""sha256"":""sha256:768f5b48e41c5c72b94e00bd378f981895aa25b2b6a5ed3074b50e8e154b5d85""}","[""bounded exact semantic-unit translation replay by ra_series_tests_audit""]","2026-08-21T00:00:00Z","active","","","","","","","","","{""check_type"":""topology"",""id"":""urn:uuid:21c20884-dbcb-5377-9079-edd1dae823b3"",""note"":""All reader prose is translated. Commands 388/388, environment pairs 24/24, eight labels, eight xrefs, one figure asset, two exact comments, 155 protected-math regions after four reader-text localizations, and 218 balanced brace pairs remain exact. Accessibility prose is Indonesian; reader-facing English residue is zero and no source correction was required."",""record_type"":""qa_event"",""recorded_at"":""2026-08-21T00:00:00Z"",""result"":""pass"",""schema_name"":""lebl.backend.record"",""schema_version"":""0.3.0"",""semantic_aliases"":[],""semantic_key"":""lebl.ra.qa.manifest-topology.ra.v1.continuous-functions.limits.sequential-limits"",""status"":""active"",""subject_ids"":[""urn:uuid:674c29ba-8653-54fe-97ff-2cbfc0dc2b49""],""supersedes_id"":null,""toolchain"":[""bounded exact semantic-unit translation replay by ra_series_tests_audit""],""witness"":{""kind"":""file"",""locator"":""backend/production/v0.3/inputs/TRANSLATION_MANIFEST.jsonl:ra.v1.continuous-functions.limits.sequential-limits"",""sha256"":""sha256:768f5b48e41c5c72b94e00bd378f981895aa25b2b6a5ed3074b50e8e154b5d85""},""workflow_id"":""01a01f57-a34b-7740-9717-596b8116910c/backend-production-v0.3-r006-live""}"
"urn:uuid:221a153d-fa7d-59f9-8472-ce7ab650bc36","lebl.ra.qa.manifest-topology.ra.v1.continuous-functions.continuity.exercises","topology","[""urn:uuid:d201dccf-a0cd-5ff1-96fb-e8f29b934141""]","pass","{""kind"":""file"",""locator"":""backend/production/v0.3/inputs/TRANSLATION_MANIFEST.jsonl:ra.v1.continuous-functions.continuity.exercises"",""sha256"":""sha256:ef61d3ad546c66caa74998a73a3fcb00ab1607f3e2547c1951b2d691f699ecf4""}","[""bounded exact semantic-unit translation and post-correction replay by ra_series_front_audit2""]","2026-08-21T00:00:00Z","active","","","","","","","","","{""check_type"":""topology"",""id"":""urn:uuid:221a153d-fa7d-59f9-8472-ce7ab650bc36"",""note"":""All 19 exercises are translated. Commands 261/261, environment events 52/52, four labels, one xref, one separator comment, and 91 balanced brace pairs remain exact. Protected math is exact after declared ADV-0019 adds the necessary a<b condition; ADV-0020 normalizes one source grammar omission. Reader-facing English residue is zero."",""record_type"":""qa_event"",""recorded_at"":""2026-08-21T00:00:00Z"",""result"":""pass"",""schema_name"":""lebl.backend.record"",""schema_version"":""0.3.0"",""semantic_aliases"":[],""semantic_key"":""lebl.ra.qa.manifest-topology.ra.v1.continuous-functions.continuity.exercises"",""status"":""active"",""subject_ids"":[""urn:uuid:d201dccf-a0cd-5ff1-96fb-e8f29b934141""],""supersedes_id"":null,""toolchain"":[""bounded exact semantic-unit translation and post-correction replay by ra_series_front_audit2""],""witness"":{""kind"":""file"",""locator"":""backend/production/v0.3/inputs/TRANSLATION_MANIFEST.jsonl:ra.v1.continuous-functions.continuity.exercises"",""sha256"":""sha256:ef61d3ad546c66caa74998a73a3fcb00ab1607f3e2547c1951b2d691f699ecf4""},""workflow_id"":""01a01f57-a34b-7740-9717-596b8116910c/backend-production-v0.3-r006-live""}"
"urn:uuid:23186cbb-aea3-5505-ab61-a2ae8140e6ba","lebl.ra.qa.manifest-topology.ra.v1.continuous-functions.uniform-continuity.exercises","topology","[""urn:uuid:f0bf3009-b561-5e98-a737-e39ab057cd2d""]","pass","{""kind"":""file"",""locator"":""backend/production/v0.3/inputs/TRANSLATION_MANIFEST.jsonl:ra.v1.continuous-functions.uniform-continuity.exercises"",""sha256"":""sha256:210ca92f2c04c039d39ce2103b41effae3e824b57a9aff6d54bc0ee56d57f03a""}","[""independent bounded exact semantic-unit replay by r006_uniform_exercises_audit plus final root copyedit hash replay""]","2026-08-21T00:00:00Z","active","","","","","","","","","{""check_type"":""topology"",""id"":""urn:uuid:23186cbb-aea3-5505-ab61-a2ae8140e6ba"",""note"":""All 17 exercises are translated. Ordered commands 257/257, environment tokens 52/52, protected math 108/108, braces 190/190, square brackets 42/42, the cross-reference, comment, and page-break boundary remain exact. ADV-0025 normalizes 'fund' to 'find'; reader-facing English residue is zero."",""record_type"":""qa_event"",""recorded_at"":""2026-08-21T00:00:00Z"",""result"":""pass"",""schema_name"":""lebl.backend.record"",""schema_version"":""0.3.0"",""semantic_aliases"":[],""semantic_key"":""lebl.ra.qa.manifest-topology.ra.v1.continuous-functions.uniform-continuity.exercises"",""status"":""active"",""subject_ids"":[""urn:uuid:f0bf3009-b561-5e98-a737-e39ab057cd2d""],""supersedes_id"":null,""toolchain"":[""independent bounded exact semantic-unit replay by r006_uniform_exercises_audit plus final root copyedit hash replay""],""witness"":{""kind"":""file"",""locator"":""backend/production/v0.3/inputs/TRANSLATION_MANIFEST.jsonl:ra.v1.continuous-functions.uniform-continuity.exercises"",""sha256"":""sha256:210ca92f2c04c039d39ce2103b41effae3e824b57a9aff6d54bc0ee56d57f03a""},""workflow_id"":""01a01f57-a34b-7740-9717-596b8116910c/backend-production-v0.3-r006-live""}"
"urn:uuid:23ef3c0e-f341-58ae-b6e3-b02e1c36ced1","lebl.ra.qa.manifest-topology.ra.v1.logarithms-exponentials.exponential","topology","[""urn:uuid:3e77fced-eddc-54cf-8578-c407389dd7cf""]","pass","{""kind"":""file"",""locator"":""backend/production/v0.3/inputs/TRANSLATION_MANIFEST.jsonl:ra.v1.logarithms-exponentials.exponential"",""sha256"":""sha256:a7da761b2b7e22213a286f4e1214127ba2de2f4dd2975b7d2246578eb06d8b64""}","[""independent bounded exact semantic-unit replay by r006_integral_test_audit""]","2026-08-21T00:00:00Z","active","","","","","","","","","{""check_type"":""topology"",""id"":""urn:uuid:23ef3c0e-f341-58ae-b6e3-b02e1c36ced1"",""note"":""All 191 lines are translated. Forty environment tokens, 22 IDs/xrefs, three glossary IDs, the expfig asset, comments, braces, and protected mathematics retain exact ordered parity outside ADV-0053. Figure accessibility is complete and reader-facing English residue is zero."",""record_type"":""qa_event"",""recorded_at"":""2026-08-21T00:00:00Z"",""result"":""pass"",""schema_name"":""lebl.backend.record"",""schema_version"":""0.3.0"",""semantic_aliases"":[],""semantic_key"":""lebl.ra.qa.manifest-topology.ra.v1.logarithms-exponentials.exponential"",""status"":""active"",""subject_ids"":[""urn:uuid:3e77fced-eddc-54cf-8578-c407389dd7cf""],""supersedes_id"":null,""toolchain"":[""independent bounded exact semantic-unit replay by r006_integral_test_audit""],""witness"":{""kind"":""file"",""locator"":""backend/production/v0.3/inputs/TRANSLATION_MANIFEST.jsonl:ra.v1.logarithms-exponentials.exponential"",""sha256"":""sha256:a7da761b2b7e22213a286f4e1214127ba2de2f4dd2975b7d2246578eb06d8b64""},""workflow_id"":""01a01f57-a34b-7740-9717-596b8116910c/backend-production-v0.3-r006-live""}"
"urn:uuid:2831952f-bd84-5ef7-874a-62f8642d70e8","lebl.ra.qa.manifest-topology.ra.v1.metric-spaces.compactness-exercises","topology","[""urn:uuid:1f82f187-7173-5327-a801-29c18b499739""]","pass","{""kind"":""file"",""locator"":""backend/production/v0.3/inputs/TRANSLATION_MANIFEST.jsonl:ra.v1.metric-spaces.compactness-exercises"",""sha256"":""sha256:6e6f920395f18dfea1532ff90846efda539539ec97506e4658af77da364be8b6""}","[""independent bounded compactness-exercises audit plus final root naturalness repair""]","2026-08-21T00:00:00Z","active","","","","","","","","","{""check_type"":""topology"",""id"":""urn:uuid:2831952f-bd84-5ef7-874a-62f8642d70e8"",""note"":""All twenty exercises and twelve enumerated subitems are fully localized. The 170-command sequence, 50 environment tokens, 87 inline-math spans, seven labels, eight references, and all index entries retain exact parity; reader-facing English residue, mojibake, mathematical drift, and missing content are zero."",""record_type"":""qa_event"",""recorded_at"":""2026-08-21T00:00:00Z"",""result"":""pass"",""schema_name"":""lebl.backend.record"",""schema_version"":""0.3.0"",""semantic_aliases"":[],""semantic_key"":""lebl.ra.qa.manifest-topology.ra.v1.metric-spaces.compactness-exercises"",""status"":""active"",""subject_ids"":[""urn:uuid:1f82f187-7173-5327-a801-29c18b499739""],""supersedes_id"":null,""toolchain"":[""independent bounded compactness-exercises audit plus final root naturalness repair""],""witness"":{""kind"":""file"",""locator"":""backend/production/v0.3/inputs/TRANSLATION_MANIFEST.jsonl:ra.v1.metric-spaces.compactness-exercises"",""sha256"":""sha256:6e6f920395f18dfea1532ff90846efda539539ec97506e4658af77da364be8b6""},""workflow_id"":""01a01f57-a34b-7740-9717-596b8116910c/backend-production-v0.3-r006-live""}"
"urn:uuid:29dcacf8-acba-5369-886b-37d91455476c","lebl.ra.qa.manifest-topology.ra.v1.derivative.chain-rule","topology","[""urn:uuid:583e0cd8-9ff4-57ff-8bd8-55a4b6ec5483""]","pass","{""kind"":""file"",""locator"":""backend/production/v0.3/inputs/TRANSLATION_MANIFEST.jsonl:ra.v1.derivative.chain-rule"",""sha256"":""sha256:1420330c45d0c21777538705ca9844722af70a667ac63d391538810b1378e940""}","[""bounded exact semantic-unit translation replay by r006_chain_rule""]","2026-08-21T00:00:00Z","active","","","","","","","","","{""check_type"":""topology"",""id"":""urn:uuid:29dcacf8-acba-5369-886b-37d91455476c"",""note"":""All 75 lines are translated. Command topology, environments, labels, references, 35 inline-math spans, and six display blocks remain exact after reader-text localization. Reader-facing English residue is zero and no source correction was required."",""record_type"":""qa_event"",""recorded_at"":""2026-08-21T00:00:00Z"",""result"":""pass"",""schema_name"":""lebl.backend.record"",""schema_version"":""0.3.0"",""semantic_aliases"":[],""semantic_key"":""lebl.ra.qa.manifest-topology.ra.v1.derivative.chain-rule"",""status"":""active"",""subject_ids"":[""urn:uuid:583e0cd8-9ff4-57ff-8bd8-55a4b6ec5483""],""supersedes_id"":null,""toolchain"":[""bounded exact semantic-unit translation replay by r006_chain_rule""],""witness"":{""kind"":""file"",""locator"":""backend/production/v0.3/inputs/TRANSLATION_MANIFEST.jsonl:ra.v1.derivative.chain-rule"",""sha256"":""sha256:1420330c45d0c21777538705ca9844722af70a667ac63d391538810b1378e940""},""workflow_id"":""01a01f57-a34b-7740-9717-596b8116910c/backend-production-v0.3-r006-live""}"
"urn:uuid:2a603210-eaae-550a-98b8-c1a774f6166b","lebl.ra.qa.manifest-topology.ra.v1.improper-integrals.foundations","topology","[""urn:uuid:34e28bfb-c451-5dee-92b6-28da4d6ffbfe""]","pass","{""kind"":""file"",""locator"":""backend/production/v0.3/inputs/TRANSLATION_MANIFEST.jsonl:ra.v1.improper-integrals.foundations"",""sha256"":""sha256:84442c6d5a9cb80a112e8d9407b975853a3e7f15b2b09a520bb057fd3f832fe0""}","[""independent bounded exact semantic-unit replay and final replay by r006_improper_foundations_audit""]","2026-08-21T00:00:00Z","active","","","","","","","","","{""check_type"":""topology"",""id"":""urn:uuid:2a603210-eaae-550a-98b8-c1a774f6166b"",""note"":""All reader-facing prose is translated. Twenty-nine environment pairs, 18 displays, four labels, five references, 172 brace pairs, and all 345 source commands retain ordered parity outside the declared domain and scope repairs in ADV-0055 through ADV-0057. Reader-facing English residue and mojibake are zero."",""record_type"":""qa_event"",""recorded_at"":""2026-08-21T00:00:00Z"",""result"":""pass"",""schema_name"":""lebl.backend.record"",""schema_version"":""0.3.0"",""semantic_aliases"":[],""semantic_key"":""lebl.ra.qa.manifest-topology.ra.v1.improper-integrals.foundations"",""status"":""active"",""subject_ids"":[""urn:uuid:34e28bfb-c451-5dee-92b6-28da4d6ffbfe""],""supersedes_id"":null,""toolchain"":[""independent bounded exact semantic-unit replay and final replay by r006_improper_foundations_audit""],""witness"":{""kind"":""file"",""locator"":""backend/production/v0.3/inputs/TRANSLATION_MANIFEST.jsonl:ra.v1.improper-integrals.foundations"",""sha256"":""sha256:84442c6d5a9cb80a112e8d9407b975853a3e7f15b2b09a520bb057fd3f832fe0""},""workflow_id"":""01a01f57-a34b-7740-9717-596b8116910c/backend-production-v0.3-r006-live""}"
"urn:uuid:2b18df2d-d8bf-58bc-bed3-b6a1ea20b0e8","lebl.ra.qa.manifest-topology.ra.v2.reader.chrome-license","topology","[""urn:uuid:7f8e66cf-3109-5f23-9844-9c908f758dc1""]","pass","{""kind"":""file"",""locator"":""backend/production/v0.3/inputs/TRANSLATION_MANIFEST.jsonl:ra.v2.reader.chrome-license"",""sha256"":""sha256:75a323852429229a095a4c6908eb4cd2c281ac24bd05e93e02f7d3896ca84d12""}","[""two bounded read-only driver audits plus shared first-pass footnote bootstrap repair""]","2026-08-21T00:00:00Z","active","","","","","","","","","{""check_type"":""topology"",""id"":""urn:uuid:2b18df2d-d8bf-58bc-bed3-b6a1ea20b0e8"",""note"":""Localizes PDF metadata, title page, standard chrome, license/change/nonendorsement notice, copyright label, bibliography framing, notation title/headers, the shared wrapping notation-table layout, catalog language id-ID, correct author diacritics, and the Indonesian ij Unicode extraction override. A numeric first-pass fallback prevents the perpage footnote counter from exceeding the nine fnsymbol values before page-break data exists. A Volume II build remains pending until contiguous content translation reaches that reader."",""record_type"":""qa_event"",""recorded_at"":""2026-08-21T00:00:00Z"",""result"":""pass"",""schema_name"":""lebl.backend.record"",""schema_version"":""0.3.0"",""semantic_aliases"":[],""semantic_key"":""lebl.ra.qa.manifest-topology.ra.v2.reader.chrome-license"",""status"":""active"",""subject_ids"":[""urn:uuid:7f8e66cf-3109-5f23-9844-9c908f758dc1""],""supersedes_id"":null,""toolchain"":[""two bounded read-only driver audits plus shared first-pass footnote bootstrap repair""],""witness"":{""kind"":""file"",""locator"":""backend/production/v0.3/inputs/TRANSLATION_MANIFEST.jsonl:ra.v2.reader.chrome-license"",""sha256"":""sha256:75a323852429229a095a4c6908eb4cd2c281ac24bd05e93e02f7d3896ca84d12""},""workflow_id"":""01a01f57-a34b-7740-9717-596b8116910c/backend-production-v0.3-r006-live""}"
"urn:uuid:2d955a6f-bffc-530b-8384-e41ee75c3c39","lebl.ra.qa.manifest-topology.ra.v1.sequences-series.series.cauchy-series","topology","[""urn:uuid:fd9928a9-f5b3-5c74-9a7a-afb15ee64c4f""]","pass","{""kind"":""file"",""locator"":""backend/production/v0.3/inputs/TRANSLATION_MANIFEST.jsonl:ra.v1.sequences-series.series.cauchy-series"",""sha256"":""sha256:b7f96effb4ff7bb291e34fb1f6cf1560906029dcd040152e5a0f60e2429bb545""}","[""bounded exact semantic-unit replay by ra_series_front_audit2 plus parent post-polish hash replay""]","2026-08-21T00:00:00Z","active","","","","","","","","","{""check_type"":""topology"",""id"":""urn:uuid:2d955a6f-bffc-530b-8384-e41ee75c3c39"",""note"":""All 37 lines are translated. Commands 52/52, environment pairs 5/5, the stable proposition label, 16 protected-math regions, and 32 balanced brace pairs remain exact. Reader-facing English residue is zero and no source correction was required."",""record_type"":""qa_event"",""recorded_at"":""2026-08-21T00:00:00Z"",""result"":""pass"",""schema_name"":""lebl.backend.record"",""schema_version"":""0.3.0"",""semantic_aliases"":[],""semantic_key"":""lebl.ra.qa.manifest-topology.ra.v1.sequences-series.series.cauchy-series"",""status"":""active"",""subject_ids"":[""urn:uuid:fd9928a9-f5b3-5c74-9a7a-afb15ee64c4f""],""supersedes_id"":null,""toolchain"":[""bounded exact semantic-unit replay by ra_series_front_audit2 plus parent post-polish hash replay""],""witness"":{""kind"":""file"",""locator"":""backend/production/v0.3/inputs/TRANSLATION_MANIFEST.jsonl:ra.v1.sequences-series.series.cauchy-series"",""sha256"":""sha256:b7f96effb4ff7bb291e34fb1f6cf1560906029dcd040152e5a0f60e2429bb545""},""workflow_id"":""01a01f57-a34b-7740-9717-596b8116910c/backend-production-v0.3-r006-live""}"
"urn:uuid:31da93b3-d7fb-521d-9fe7-5a89addbcf45","lebl.ra.qa.manifest-topology.ra.v1.picard.theorem","topology","[""urn:uuid:bf4dfdef-3bf3-5d7f-88eb-12b4f2a1be0b""]","pass","{""kind"":""file"",""locator"":""backend/production/v0.3/inputs/TRANSLATION_MANIFEST.jsonl:ra.v1.picard.theorem"",""sha256"":""sha256:5de25f88f2b06d42692098447357da41b17431596cee0952da231d2b62620862""}","[""independent bounded exact semantic-unit replay by r006_picard_theorem_audit after ADV-0062 and ADV-0063""]","2026-08-21T00:00:00Z","active","","","","","","","","","{""check_type"":""topology"",""id"":""urn:uuid:31da93b3-d7fb-521d-9fe7-5a89addbcf45"",""note"":""All 295 lines are translated. Twenty-two environment pairs, 205 brace pairs, three labels, ten cross-references, one hyperlink, and 96 protected-math spans retain parity outside ADV-0062 and ADV-0063. Reader-facing English residue and mojibake are zero."",""record_type"":""qa_event"",""recorded_at"":""2026-08-21T00:00:00Z"",""result"":""pass"",""schema_name"":""lebl.backend.record"",""schema_version"":""0.3.0"",""semantic_aliases"":[],""semantic_key"":""lebl.ra.qa.manifest-topology.ra.v1.picard.theorem"",""status"":""active"",""subject_ids"":[""urn:uuid:bf4dfdef-3bf3-5d7f-88eb-12b4f2a1be0b""],""supersedes_id"":null,""toolchain"":[""independent bounded exact semantic-unit replay by r006_picard_theorem_audit after ADV-0062 and ADV-0063""],""witness"":{""kind"":""file"",""locator"":""backend/production/v0.3/inputs/TRANSLATION_MANIFEST.jsonl:ra.v1.picard.theorem"",""sha256"":""sha256:5de25f88f2b06d42692098447357da41b17431596cee0952da231d2b62620862""},""workflow_id"":""01a01f57-a34b-7740-9717-596b8116910c/backend-production-v0.3-r006-live""}"
"urn:uuid:3345045b-d1c5-5826-8dde-ab036442b0dd","lebl.ra.qa.manifest-topology.ra.v1.riemann-properties.more-integrable-functions","topology","[""urn:uuid:248b46e9-2aec-509f-a567-661f75e87778""]","pass","{""kind"":""file"",""locator"":""backend/production/v0.3/inputs/TRANSLATION_MANIFEST.jsonl:ra.v1.riemann-properties.more-integrable-functions"",""sha256"":""sha256:769a431748c6723b82f66dae73cfff78fde98749e177d639296ecee0427c16de""}","[""bounded exact semantic-unit translation replay by root""]","2026-08-21T00:00:00Z","active","","","","","","","","","{""check_type"":""topology"",""id"":""urn:uuid:3345045b-d1c5-5826-8dde-ab036442b0dd"",""note"":""All 37 lines are translated. The 31 ordered commands, 13 protected-math spans, 13 brace pairs, line topology, and following anchor remain exact. Reader-facing English residue is zero and no source correction was required."",""record_type"":""qa_event"",""recorded_at"":""2026-08-21T00:00:00Z"",""result"":""pass"",""schema_name"":""lebl.backend.record"",""schema_version"":""0.3.0"",""semantic_aliases"":[],""semantic_key"":""lebl.ra.qa.manifest-topology.ra.v1.riemann-properties.more-integrable-functions"",""status"":""active"",""subject_ids"":[""urn:uuid:248b46e9-2aec-509f-a567-661f75e87778""],""supersedes_id"":null,""toolchain"":[""bounded exact semantic-unit translation replay by root""],""witness"":{""kind"":""file"",""locator"":""backend/production/v0.3/inputs/TRANSLATION_MANIFEST.jsonl:ra.v1.riemann-properties.more-integrable-functions"",""sha256"":""sha256:769a431748c6723b82f66dae73cfff78fde98749e177d639296ecee0427c16de""},""workflow_id"":""01a01f57-a34b-7740-9717-596b8116910c/backend-production-v0.3-r006-live""}"
"urn:uuid:34cd06bc-1f35-5b35-b435-00ea0ec68a7e","lebl.ra.qa.manifest-topology.ra.v1.derivative.inverse-function-theorem.exercises","topology","[""urn:uuid:63708803-214f-5a25-84c4-6946233f282c""]","pass","{""kind"":""file"",""locator"":""backend/production/v0.3/inputs/TRANSLATION_MANIFEST.jsonl:ra.v1.derivative.inverse-function-theorem.exercises"",""sha256"":""sha256:f2c9526dc9f50802d8c428782a2e17c930c8c84d7b280fbdd14d5a72b416a70e""}","[""independent bounded exact semantic-unit replay by r006_taylor_exercises plus root word-order polish and refreshed hash replay""]","2026-08-21T00:00:00Z","active","","","","","","","","","{""check_type"":""topology"",""id"":""urn:uuid:34cd06bc-1f35-5b35-b435-00ea0ec68a7e"",""note"":""All 77 lines are translated. Commands 84/84, environments 20/20, protected math 64/64, four IDs/xrefs, 33 brace pairs, the source comment, and blank-line topology remain exact. ADV-0044 normalizes one comma splice; reader-facing English residue is zero."",""record_type"":""qa_event"",""recorded_at"":""2026-08-21T00:00:00Z"",""result"":""pass"",""schema_name"":""lebl.backend.record"",""schema_version"":""0.3.0"",""semantic_aliases"":[],""semantic_key"":""lebl.ra.qa.manifest-topology.ra.v1.derivative.inverse-function-theorem.exercises"",""status"":""active"",""subject_ids"":[""urn:uuid:63708803-214f-5a25-84c4-6946233f282c""],""supersedes_id"":null,""toolchain"":[""independent bounded exact semantic-unit replay by r006_taylor_exercises plus root word-order polish and refreshed hash replay""],""witness"":{""kind"":""file"",""locator"":""backend/production/v0.3/inputs/TRANSLATION_MANIFEST.jsonl:ra.v1.derivative.inverse-function-theorem.exercises"",""sha256"":""sha256:f2c9526dc9f50802d8c428782a2e17c930c8c84d7b280fbdd14d5a72b416a70e""},""workflow_id"":""01a01f57-a34b-7740-9717-596b8116910c/backend-production-v0.3-r006-live""}"
"urn:uuid:35002191-149a-5d3f-b799-e671e2dfc889","lebl.ra.qa.manifest-topology.ra.v1.intro.basic-set-theory.functions","topology","[""urn:uuid:7f928d37-20cd-5886-b39b-bf4e0bd6a96a""]","pass","{""kind"":""file"",""locator"":""backend/production/v0.3/inputs/TRANSLATION_MANIFEST.jsonl:ra.v1.intro.basic-set-theory.functions"",""sha256"":""sha256:6d6470a314cc80e1e1d9180ec45e6b90292ec612432029a2448aabe339a722ff""}","[""bounded unit replay by ra_functions plus parent semantic-text/source-correction replay""]","2026-08-21T00:00:00Z","active","","","","","","","","","{""check_type"":""topology"",""id"":""urn:uuid:35002191-149a-5d3f-b799-e671e2dfc889"",""note"":""Commands, environments, IDs/assets, comments, and formula structure preserved; English text inside the range set-builder localized; source object-type defect at authority lines 904-908 corrected and logged as LEBL-ID-ADV-0002; final wording uses natural `himpunan beranggota tunggal`."",""record_type"":""qa_event"",""recorded_at"":""2026-08-21T00:00:00Z"",""result"":""pass"",""schema_name"":""lebl.backend.record"",""schema_version"":""0.3.0"",""semantic_aliases"":[],""semantic_key"":""lebl.ra.qa.manifest-topology.ra.v1.intro.basic-set-theory.functions"",""status"":""active"",""subject_ids"":[""urn:uuid:7f928d37-20cd-5886-b39b-bf4e0bd6a96a""],""supersedes_id"":null,""toolchain"":[""bounded unit replay by ra_functions plus parent semantic-text/source-correction replay""],""witness"":{""kind"":""file"",""locator"":""backend/production/v0.3/inputs/TRANSLATION_MANIFEST.jsonl:ra.v1.intro.basic-set-theory.functions"",""sha256"":""sha256:6d6470a314cc80e1e1d9180ec45e6b90292ec612432029a2448aabe339a722ff""},""workflow_id"":""01a01f57-a34b-7740-9717-596b8116910c/backend-production-v0.3-r006-live""}"
"urn:uuid:386626b7-7a3a-50df-ab06-32100c79eb11","lebl.ra.qa.manifest-topology.ra.v1.riemann-integral.exercises","topology","[""urn:uuid:1d4fc966-6b2d-56b2-a4a7-ca0f332cb60c""]","pass","{""kind"":""file"",""locator"":""backend/production/v0.3/inputs/TRANSLATION_MANIFEST.jsonl:ra.v1.riemann-integral.exercises"",""sha256"":""sha256:92d82ea20eab6460c7bbdf71a56716f8e592e5c159b8c07ec1a2525526b9cb9f""}","[""bounded exact semantic-unit translation replay by r006_riemann_intro_exercises""]","2026-08-21T00:00:00Z","active","","","","","","","","","{""check_type"":""topology"",""id"":""urn:uuid:386626b7-7a3a-50df-ab06-32100c79eb11"",""note"":""All 160 lines are translated. Forty-six environment tokens, the 226-command multiset, eight IDs/xrefs, four comments, 96 brace pairs, 85 inline-math spans, five displays, and section boundary remain exact after reader-text localization. ADV-0048 records a preserved self-containment omission; reader-facing English residue is zero."",""record_type"":""qa_event"",""recorded_at"":""2026-08-21T00:00:00Z"",""result"":""pass"",""schema_name"":""lebl.backend.record"",""schema_version"":""0.3.0"",""semantic_aliases"":[],""semantic_key"":""lebl.ra.qa.manifest-topology.ra.v1.riemann-integral.exercises"",""status"":""active"",""subject_ids"":[""urn:uuid:1d4fc966-6b2d-56b2-a4a7-ca0f332cb60c""],""supersedes_id"":null,""toolchain"":[""bounded exact semantic-unit translation replay by r006_riemann_intro_exercises""],""witness"":{""kind"":""file"",""locator"":""backend/production/v0.3/inputs/TRANSLATION_MANIFEST.jsonl:ra.v1.riemann-integral.exercises"",""sha256"":""sha256:92d82ea20eab6460c7bbdf71a56716f8e592e5c159b8c07ec1a2525526b9cb9f""},""workflow_id"":""01a01f57-a34b-7740-9717-596b8116910c/backend-production-v0.3-r006-live""}"
"urn:uuid:3a986d31-35f0-527a-b948-0fad308e9809","lebl.ra.qa.manifest-topology.ra.v1.derivative.definition-basic-properties","topology","[""urn:uuid:a2e4c4f6-f89c-57fa-86b6-6c0737f03429""]","pass","{""kind"":""file"",""locator"":""backend/production/v0.3/inputs/TRANSLATION_MANIFEST.jsonl:ra.v1.derivative.definition-basic-properties"",""sha256"":""sha256:c026842d55dc66d5bf64337782d276a12c40512302dcbf3aef9fdddd9f317bd4""}","[""independent bounded exact semantic-unit replay by r006_derivative_basic_audit plus final root inline-math parity replay""]","2026-08-21T00:00:00Z","active","","","","","","","","","{""check_type"":""topology"",""id"":""urn:uuid:3a986d31-35f0-527a-b948-0fad308e9809"",""note"":""All 325 ordered command names, 68 environment tokens, four labels, five cross-references, two assets, one glossary ID, one URL, two list items, 20 displays, 103 inline-math spans, and 225 brace pairs remain exact after reader-text localization. Both accessibility descriptions are Indonesian. ADV-0029 and ADV-0030 normalize two source copyedits; reader-facing English residue is zero."",""record_type"":""qa_event"",""recorded_at"":""2026-08-21T00:00:00Z"",""result"":""pass"",""schema_name"":""lebl.backend.record"",""schema_version"":""0.3.0"",""semantic_aliases"":[],""semantic_key"":""lebl.ra.qa.manifest-topology.ra.v1.derivative.definition-basic-properties"",""status"":""active"",""subject_ids"":[""urn:uuid:a2e4c4f6-f89c-57fa-86b6-6c0737f03429""],""supersedes_id"":null,""toolchain"":[""independent bounded exact semantic-unit replay by r006_derivative_basic_audit plus final root inline-math parity replay""],""witness"":{""kind"":""file"",""locator"":""backend/production/v0.3/inputs/TRANSLATION_MANIFEST.jsonl:ra.v1.derivative.definition-basic-properties"",""sha256"":""sha256:c026842d55dc66d5bf64337782d276a12c40512302dcbf3aef9fdddd9f317bd4""},""workflow_id"":""01a01f57-a34b-7740-9717-596b8116910c/backend-production-v0.3-r006-live""}"
"urn:uuid:3b396bf5-a2df-55d4-9980-6eb2dcf6a72c","lebl.ra.qa.manifest-topology.ra.v1.picard.exercises","topology","[""urn:uuid:fdd88948-b072-58d3-a1a1-d0b1df00a026""]","pass","{""kind"":""file"",""locator"":""backend/production/v0.3/inputs/TRANSLATION_MANIFEST.jsonl:ra.v1.picard.exercises"",""sha256"":""sha256:d0bb86f980173cb2a8c805fbbc7fda7bd25b806fdbb10697896670ccf53efb2e""}","[""independent bounded exact semantic-unit replay by r006_picard_examples_exercises_audit""]","2026-08-21T00:00:00Z","active","","","","","","","","","{""check_type"":""topology"",""id"":""urn:uuid:3b396bf5-a2df-55d4-9980-6eb2dcf6a72c"",""note"":""All 98 lines are translated. Commands, environments, protected mathematics, IDs, references, comments, and semantic topology retain parity. Reader-facing English residue and mojibake are zero."",""record_type"":""qa_event"",""recorded_at"":""2026-08-21T00:00:00Z"",""result"":""pass"",""schema_name"":""lebl.backend.record"",""schema_version"":""0.3.0"",""semantic_aliases"":[],""semantic_key"":""lebl.ra.qa.manifest-topology.ra.v1.picard.exercises"",""status"":""active"",""subject_ids"":[""urn:uuid:fdd88948-b072-58d3-a1a1-d0b1df00a026""],""supersedes_id"":null,""toolchain"":[""independent bounded exact semantic-unit replay by r006_picard_examples_exercises_audit""],""witness"":{""kind"":""file"",""locator"":""backend/production/v0.3/inputs/TRANSLATION_MANIFEST.jsonl:ra.v1.picard.exercises"",""sha256"":""sha256:d0bb86f980173cb2a8c805fbbc7fda7bd25b806fdbb10697896670ccf53efb2e""},""workflow_id"":""01a01f57-a34b-7740-9717-596b8116910c/backend-production-v0.3-r006-live""}"
"urn:uuid:3c281fff-4412-5740-8f39-68ce656af905","lebl.ra.qa.manifest-topology.ra.v1.sequences-series.series.exercises","topology","[""urn:uuid:ac5dd45e-0ab8-571a-9274-37a0aced8b48""]","pass","{""kind"":""file"",""locator"":""backend/production/v0.3/inputs/TRANSLATION_MANIFEST.jsonl:ra.v1.sequences-series.series.exercises"",""sha256"":""sha256:4c5829e65ca69481b720b4bac26afdb9e986bc791904ff0a33ad8aadbfb90335""}","[""bounded exact semantic-unit replay by ra_series_exercises_audit plus fresh seven-unit replay by ra_series_tests_audit""]","2026-08-21T00:00:00Z","active","","","","","","","","","{""check_type"":""topology"",""id"":""urn:uuid:3c281fff-4412-5740-8f39-68ce656af905"",""note"":""All 17 exercises are translated. Commands 315/315, environment pairs 29/29, five stable IDs, three references, one comment, and 79 protected-math regions after two reader-text localizations remain exact. Reader-facing English residue is zero and no source correction was required."",""record_type"":""qa_event"",""recorded_at"":""2026-08-21T00:00:00Z"",""result"":""pass"",""schema_name"":""lebl.backend.record"",""schema_version"":""0.3.0"",""semantic_aliases"":[],""semantic_key"":""lebl.ra.qa.manifest-topology.ra.v1.sequences-series.series.exercises"",""status"":""active"",""subject_ids"":[""urn:uuid:ac5dd45e-0ab8-571a-9274-37a0aced8b48""],""supersedes_id"":null,""toolchain"":[""bounded exact semantic-unit replay by ra_series_exercises_audit plus fresh seven-unit replay by ra_series_tests_audit""],""witness"":{""kind"":""file"",""locator"":""backend/production/v0.3/inputs/TRANSLATION_MANIFEST.jsonl:ra.v1.sequences-series.series.exercises"",""sha256"":""sha256:4c5829e65ca69481b720b4bac26afdb9e986bc791904ff0a33ad8aadbfb90335""},""workflow_id"":""01a01f57-a34b-7740-9717-596b8116910c/backend-production-v0.3-r006-live""}"
"urn:uuid:3d173fd2-bc5e-5f40-8e7f-f27b2f6cbecd","lebl.ra.qa.manifest-topology.ra.v1.metric-spaces.cluster-function-limits","topology","[""urn:uuid:9871b870-dc3e-56c3-a4b9-88e786e38fb8""]","pass","{""kind"":""file"",""locator"":""backend/production/v0.3/inputs/TRANSLATION_MANIFEST.jsonl:ra.v1.metric-spaces.cluster-function-limits"",""sha256"":""sha256:6e0759aa1e0a259fc35dbc2aa240ef6952bf030a9c4966065f228327fb703d55""}","[""independent bounded function-limit audit plus ADV-0071 replay""]","2026-08-21T00:00:00Z","active","","","","","","","","","{""check_type"":""topology"",""id"":""urn:uuid:3d173fd2-bc5e-5f40-8e7f-f27b2f6cbecd"",""note"":""Cluster points, metric-space function limits, uniqueness, sequential characterization, and their relation to continuity are fully localized. Environment, math, IDs, glossary, and index topology retain parity outside the added domain-membership command required by ADV-0071; reader-facing English residue and mojibake are zero."",""record_type"":""qa_event"",""recorded_at"":""2026-08-21T00:00:00Z"",""result"":""pass"",""schema_name"":""lebl.backend.record"",""schema_version"":""0.3.0"",""semantic_aliases"":[],""semantic_key"":""lebl.ra.qa.manifest-topology.ra.v1.metric-spaces.cluster-function-limits"",""status"":""active"",""subject_ids"":[""urn:uuid:9871b870-dc3e-56c3-a4b9-88e786e38fb8""],""supersedes_id"":null,""toolchain"":[""independent bounded function-limit audit plus ADV-0071 replay""],""witness"":{""kind"":""file"",""locator"":""backend/production/v0.3/inputs/TRANSLATION_MANIFEST.jsonl:ra.v1.metric-spaces.cluster-function-limits"",""sha256"":""sha256:6e0759aa1e0a259fc35dbc2aa240ef6952bf030a9c4966065f228327fb703d55""},""workflow_id"":""01a01f57-a34b-7740-9717-596b8116910c/backend-production-v0.3-r006-live""}"
"urn:uuid:3e2e22c4-a8fd-57b5-83b0-a4c78eed9551","lebl.ra.qa.manifest-topology.ra.v2.derivative.partial-derivatives","topology","[""urn:uuid:cda4106c-5d70-591d-a55b-545e9fa09425""]","pass","{""kind"":""file"",""locator"":""backend/production/v0.3/inputs/TRANSLATION_MANIFEST.jsonl:ra.v2.derivative.partial-derivatives"",""sha256"":""sha256:297a4ead2cc0e6b49b9a355055294715f9c8e9a5d1c377bb6872d9a465753d5f""}","[""bounded structural, mathematical, accessibility, and residue replay""]","2026-08-21T00:00:00Z","active","","","","","","","","","{""check_type"":""topology"",""id"":""urn:uuid:3e2e22c4-a8fd-57b5-83b0-a4c78eed9551"",""note"":""Partial derivatives, coordinate derivatives, the derivative matrix, examples, and the relation between total and partial differentiability are fully localized. The ordered 170-command stream, 26 environment tokens, 41 protected-math spans, four IDs and references, the figure asset, comments, and braces retain exact topology. Reader-facing English residue and mojibake are zero."",""record_type"":""qa_event"",""recorded_at"":""2026-08-21T00:00:00Z"",""result"":""pass"",""schema_name"":""lebl.backend.record"",""schema_version"":""0.3.0"",""semantic_aliases"":[],""semantic_key"":""lebl.ra.qa.manifest-topology.ra.v2.derivative.partial-derivatives"",""status"":""active"",""subject_ids"":[""urn:uuid:cda4106c-5d70-591d-a55b-545e9fa09425""],""supersedes_id"":null,""toolchain"":[""bounded structural, mathematical, accessibility, and residue replay""],""witness"":{""kind"":""file"",""locator"":""backend/production/v0.3/inputs/TRANSLATION_MANIFEST.jsonl:ra.v2.derivative.partial-derivatives"",""sha256"":""sha256:297a4ead2cc0e6b49b9a355055294715f9c8e9a5d1c377bb6872d9a465753d5f""},""workflow_id"":""01a01f57-a34b-7740-9717-596b8116910c/backend-production-v0.3-r006-live""}"
"urn:uuid:3f4f806c-b358-5e68-9331-91f3a1c86b5f","lebl.ra.qa.manifest-topology.ra.v1.functions-limits.uniform-convergence","topology","[""urn:uuid:3342bfa1-56e7-5f86-89ad-330731408a74""]","pass","{""kind"":""file"",""locator"":""backend/production/v0.3/inputs/TRANSLATION_MANIFEST.jsonl:ra.v1.functions-limits.uniform-convergence"",""sha256"":""sha256:ecff4c89da5574760948bfff0d065f1f7736eda106a35ac656eb71c3875ce350""}","[""independent bounded exact semantic-unit replay plus final root repair replay""]","2026-08-21T00:00:00Z","active","","","","","","","","","{""check_type"":""topology"",""id"":""urn:uuid:3f4f806c-b358-5e68-9331-91f3a1c86b5f"",""note"":""All reader-facing prose is translated. Ordered commands 368/368, environment tokens 50/50, protected mathematics, IDs, references, comments, and topology retain parity. Reader-facing English residue and mojibake are zero."",""record_type"":""qa_event"",""recorded_at"":""2026-08-21T00:00:00Z"",""result"":""pass"",""schema_name"":""lebl.backend.record"",""schema_version"":""0.3.0"",""semantic_aliases"":[],""semantic_key"":""lebl.ra.qa.manifest-topology.ra.v1.functions-limits.uniform-convergence"",""status"":""active"",""subject_ids"":[""urn:uuid:3342bfa1-56e7-5f86-89ad-330731408a74""],""supersedes_id"":null,""toolchain"":[""independent bounded exact semantic-unit replay plus final root repair replay""],""witness"":{""kind"":""file"",""locator"":""backend/production/v0.3/inputs/TRANSLATION_MANIFEST.jsonl:ra.v1.functions-limits.uniform-convergence"",""sha256"":""sha256:ecff4c89da5574760948bfff0d065f1f7736eda106a35ac656eb71c3875ce350""},""workflow_id"":""01a01f57-a34b-7740-9717-596b8116910c/backend-production-v0.3-r006-live""}"
"urn:uuid:3fa8d8c2-84be-511b-b318-97adee70d1b2","lebl.ra.qa.manifest-topology.ra.v1.continuous-functions.continuity.definition-basic-properties","topology","[""urn:uuid:32bbfa4a-36d4-504d-ae7f-b2b932067cc6""]","pass","{""kind"":""file"",""locator"":""backend/production/v0.3/inputs/TRANSLATION_MANIFEST.jsonl:ra.v1.continuous-functions.continuity.definition-basic-properties"",""sha256"":""sha256:64e9d62f8e1fbed877b5488a561e801a17dd992de77a736152902ff57a61aafc""}","[""bounded exact semantic-unit translation replay by ra_series_tests_audit""]","2026-08-21T00:00:00Z","active","","","","","","","","","{""check_type"":""topology"",""id"":""urn:uuid:3fa8d8c2-84be-511b-b318-97adee70d1b2"",""note"":""All 275 lines are translated. Commands 390/390, 41 ordered environment tokens, eight labels, 11 xrefs, four index entries, one figure asset, four exact comments, 166 protected-math regions, and 198 balanced brace pairs remain exact. Accessibility prose is Indonesian; reader-facing English residue is zero and no source correction was required."",""record_type"":""qa_event"",""recorded_at"":""2026-08-21T00:00:00Z"",""result"":""pass"",""schema_name"":""lebl.backend.record"",""schema_version"":""0.3.0"",""semantic_aliases"":[],""semantic_key"":""lebl.ra.qa.manifest-topology.ra.v1.continuous-functions.continuity.definition-basic-properties"",""status"":""active"",""subject_ids"":[""urn:uuid:32bbfa4a-36d4-504d-ae7f-b2b932067cc6""],""supersedes_id"":null,""toolchain"":[""bounded exact semantic-unit translation replay by ra_series_tests_audit""],""witness"":{""kind"":""file"",""locator"":""backend/production/v0.3/inputs/TRANSLATION_MANIFEST.jsonl:ra.v1.continuous-functions.continuity.definition-basic-properties"",""sha256"":""sha256:64e9d62f8e1fbed877b5488a561e801a17dd992de77a736152902ff57a61aafc""},""workflow_id"":""01a01f57-a34b-7740-9717-596b8116910c/backend-production-v0.3-r006-live""}"
"urn:uuid:3ff7d464-500f-576c-9cad-7ad2867a1e59","lebl.ra.qa.manifest-topology.ra.v1.continuous-functions.monotone-continuity.continuity-of-inverse-functions","topology","[""urn:uuid:7e41849b-cc90-593f-8edf-08227e59f3d6""]","pass","{""kind"":""file"",""locator"":""backend/production/v0.3/inputs/TRANSLATION_MANIFEST.jsonl:ra.v1.continuous-functions.monotone-continuity.continuity-of-inverse-functions"",""sha256"":""sha256:4db098bebfd5bd99609e809bf81b9f858635149e9b7bea8890d5db354e6f020b""}","[""bounded exact semantic-unit translation replay by r006_inverse_continuity""]","2026-08-21T00:00:00Z","active","","","","","","","","","{""check_type"":""topology"",""id"":""urn:uuid:3ff7d464-500f-576c-9cad-7ad2867a1e59"",""note"":""All 96 lines are translated. Control sequences 96/96, structural tokens 25/25, inline math 61/61, and 52 brace pairs remain exact. Reader-facing English residue is zero and no source correction was required."",""record_type"":""qa_event"",""recorded_at"":""2026-08-21T00:00:00Z"",""result"":""pass"",""schema_name"":""lebl.backend.record"",""schema_version"":""0.3.0"",""semantic_aliases"":[],""semantic_key"":""lebl.ra.qa.manifest-topology.ra.v1.continuous-functions.monotone-continuity.continuity-of-inverse-functions"",""status"":""active"",""subject_ids"":[""urn:uuid:7e41849b-cc90-593f-8edf-08227e59f3d6""],""supersedes_id"":null,""toolchain"":[""bounded exact semantic-unit translation replay by r006_inverse_continuity""],""witness"":{""kind"":""file"",""locator"":""backend/production/v0.3/inputs/TRANSLATION_MANIFEST.jsonl:ra.v1.continuous-functions.monotone-continuity.continuity-of-inverse-functions"",""sha256"":""sha256:4db098bebfd5bd99609e809bf81b9f858635149e9b7bea8890d5db354e6f020b""},""workflow_id"":""01a01f57-a34b-7740-9717-596b8116910c/backend-production-v0.3-r006-live""}"
"urn:uuid:4133a611-3042-5a04-bd4a-c97259c4fc8e","lebl.ra.qa.manifest-topology.ra.v1.sequences-series.limit-facts.algebraic-operations","topology","[""urn:uuid:fd92226d-b32f-5644-aa99-e92705c2ec0b""]","pass","{""kind"":""file"",""locator"":""backend/production/v0.3/inputs/TRANSLATION_MANIFEST.jsonl:ra.v1.sequences-series.limit-facts.algebraic-operations"",""sha256"":""sha256:b853d57c83543cda3278122a8bd1c52233e0e1d216cc4edd85b8220c13b26a79""}","[""bounded exact unit replay by ra_algebraic_operations""]","2026-08-21T00:00:00Z","active","","","","","","","","","{""check_type"":""topology"",""id"":""urn:uuid:4133a611-3042-5a04-bd4a-c97259c4fc8e"",""note"":""All 292 lines are translated. Commands 581/581, environment events 60/60, labels 5/5, cross-references 8/8, inline mathematics 90/90, and 19 display equations after explicit reader-text localization remain exact. Reader-facing English residue is zero and no source correction was required."",""record_type"":""qa_event"",""recorded_at"":""2026-08-21T00:00:00Z"",""result"":""pass"",""schema_name"":""lebl.backend.record"",""schema_version"":""0.3.0"",""semantic_aliases"":[],""semantic_key"":""lebl.ra.qa.manifest-topology.ra.v1.sequences-series.limit-facts.algebraic-operations"",""status"":""active"",""subject_ids"":[""urn:uuid:fd92226d-b32f-5644-aa99-e92705c2ec0b""],""supersedes_id"":null,""toolchain"":[""bounded exact unit replay by ra_algebraic_operations""],""witness"":{""kind"":""file"",""locator"":""backend/production/v0.3/inputs/TRANSLATION_MANIFEST.jsonl:ra.v1.sequences-series.limit-facts.algebraic-operations"",""sha256"":""sha256:b853d57c83543cda3278122a8bd1c52233e0e1d216cc4edd85b8220c13b26a79""},""workflow_id"":""01a01f57-a34b-7740-9717-596b8116910c/backend-production-v0.3-r006-live""}"
"urn:uuid:422a7578-98ae-55b3-a110-837761efb75a","lebl.ra.qa.manifest-topology.ra.v1.functions-limits.interchange-derivative","topology","[""urn:uuid:8c5b2609-bc4a-59a4-9953-87a448c83ff6""]","pass","{""kind"":""file"",""locator"":""backend/production/v0.3/inputs/TRANSLATION_MANIFEST.jsonl:ra.v1.functions-limits.interchange-derivative"",""sha256"":""sha256:bbead4f908cf180482210737fabb6698f67414e6d5e5b88bbec3d15866449429""}","[""independent bounded exact semantic-unit replay plus final root repair replay""]","2026-08-21T00:00:00Z","active","","","","","","","","","{""check_type"":""topology"",""id"":""urn:uuid:422a7578-98ae-55b3-a110-837761efb75a"",""note"":""All 129 lines are translated. Ordered commands 148/148, environment tokens 22/22, protected mathematics, IDs, references, comments, and topology retain parity. Reader-facing English residue and mojibake are zero."",""record_type"":""qa_event"",""recorded_at"":""2026-08-21T00:00:00Z"",""result"":""pass"",""schema_name"":""lebl.backend.record"",""schema_version"":""0.3.0"",""semantic_aliases"":[],""semantic_key"":""lebl.ra.qa.manifest-topology.ra.v1.functions-limits.interchange-derivative"",""status"":""active"",""subject_ids"":[""urn:uuid:8c5b2609-bc4a-59a4-9953-87a448c83ff6""],""supersedes_id"":null,""toolchain"":[""independent bounded exact semantic-unit replay plus final root repair replay""],""witness"":{""kind"":""file"",""locator"":""backend/production/v0.3/inputs/TRANSLATION_MANIFEST.jsonl:ra.v1.functions-limits.interchange-derivative"",""sha256"":""sha256:bbead4f908cf180482210737fabb6698f67414e6d5e5b88bbec3d15866449429""},""workflow_id"":""01a01f57-a34b-7740-9717-596b8116910c/backend-production-v0.3-r006-live""}"
"urn:uuid:43322fba-5100-5df3-b89d-c77add8153d9","lebl.ra.qa.manifest-topology.ra.v1.continuous-functions.monotone-continuity.exercises","topology","[""urn:uuid:42820b3e-fb8d-5b2e-aed4-ba8b3a245b4e""]","pass","{""kind"":""file"",""locator"":""backend/production/v0.3/inputs/TRANSLATION_MANIFEST.jsonl:ra.v1.continuous-functions.monotone-continuity.exercises"",""sha256"":""sha256:16da1b4469031867cc6a9c932287597dd65e184039d99ef273ab1f4c376002c8""}","[""bounded exact semantic-unit translation replay by r006_monotone_exercises""]","2026-08-21T00:00:00Z","active","","","","","","","","","{""check_type"":""topology"",""id"":""urn:uuid:43322fba-5100-5df3-b89d-c77add8153d9"",""note"":""The final 113-source-line exercise unit is fully translated through EOF. All 65 protected-math spans, 42 structural tokens, comments, and brace balance remain exact. Reader-facing English residue is zero and no source correction was required."",""record_type"":""qa_event"",""recorded_at"":""2026-08-21T00:00:00Z"",""result"":""pass"",""schema_name"":""lebl.backend.record"",""schema_version"":""0.3.0"",""semantic_aliases"":[],""semantic_key"":""lebl.ra.qa.manifest-topology.ra.v1.continuous-functions.monotone-continuity.exercises"",""status"":""active"",""subject_ids"":[""urn:uuid:42820b3e-fb8d-5b2e-aed4-ba8b3a245b4e""],""supersedes_id"":null,""toolchain"":[""bounded exact semantic-unit translation replay by r006_monotone_exercises""],""witness"":{""kind"":""file"",""locator"":""backend/production/v0.3/inputs/TRANSLATION_MANIFEST.jsonl:ra.v1.continuous-functions.monotone-continuity.exercises"",""sha256"":""sha256:16da1b4469031867cc6a9c932287597dd65e184039d99ef273ab1f4c376002c8""},""workflow_id"":""01a01f57-a34b-7740-9717-596b8116910c/backend-production-v0.3-r006-live""}"
"urn:uuid:43a2f040-76a2-5667-babc-84f8a668ccf5","lebl.ra.qa.manifest-topology.ra.v1.functions-limits.interchange-exercises","topology","[""urn:uuid:c868ae96-c663-52fb-92bb-174e811cc813""]","pass","{""kind"":""file"",""locator"":""backend/production/v0.3/inputs/TRANSLATION_MANIFEST.jsonl:ra.v1.functions-limits.interchange-exercises"",""sha256"":""sha256:943e426daa1fbaf4e4fb9be26a9246cbe923cb3faad0155dd636e0333414e5b9""}","[""independent bounded exact semantic-unit replay after ADV-0061""]","2026-08-21T00:00:00Z","active","","","","","","","","","{""check_type"":""topology"",""id"":""urn:uuid:43a2f040-76a2-5667-babc-84f8a668ccf5"",""note"":""All reader-facing prose is translated. Environments, IDs, references, comments, protected mathematics, and semantic topology retain parity outside the explicit missing-variable correction in ADV-0061. Reader-facing English residue and mojibake are zero."",""record_type"":""qa_event"",""recorded_at"":""2026-08-21T00:00:00Z"",""result"":""pass"",""schema_name"":""lebl.backend.record"",""schema_version"":""0.3.0"",""semantic_aliases"":[],""semantic_key"":""lebl.ra.qa.manifest-topology.ra.v1.functions-limits.interchange-exercises"",""status"":""active"",""subject_ids"":[""urn:uuid:c868ae96-c663-52fb-92bb-174e811cc813""],""supersedes_id"":null,""toolchain"":[""independent bounded exact semantic-unit replay after ADV-0061""],""witness"":{""kind"":""file"",""locator"":""backend/production/v0.3/inputs/TRANSLATION_MANIFEST.jsonl:ra.v1.functions-limits.interchange-exercises"",""sha256"":""sha256:943e426daa1fbaf4e4fb9be26a9246cbe923cb3faad0155dd636e0333414e5b9""},""workflow_id"":""01a01f57-a34b-7740-9717-596b8116910c/backend-production-v0.3-r006-live""}"
"urn:uuid:456a9ea1-57aa-5cef-bd71-08b01519efbb","lebl.ra.qa.manifest-topology.ra.v1.sequences-series.more-on-series.exercises","topology","[""urn:uuid:71a1b53b-7ab6-5ac0-b670-808842ab0782""]","pass","{""kind"":""file"",""locator"":""backend/production/v0.3/inputs/TRANSLATION_MANIFEST.jsonl:ra.v1.sequences-series.more-on-series.exercises"",""sha256"":""sha256:3423223164f2d73e4f6494026ded357459711d9354ec59f41937effbd95763d1""}","[""bounded exact semantic-unit translation replay by ra_series_exercises_audit""]","2026-08-21T00:00:00Z","active","","","","","","","","","{""check_type"":""topology"",""id"":""urn:uuid:456a9ea1-57aa-5cef-bd71-08b01519efbb"",""note"":""All 15 exercises, six enumerations, 14 items, three equation blocks, one samepage, and one exnote are translated. Commands 265/265, environment events 52/52, two stable IDs, three xrefs, one exact href, six comments, 82 protected-math regions, and 175 balanced brace pairs remain exact. Reader-facing English residue is zero and no source correction was required."",""record_type"":""qa_event"",""recorded_at"":""2026-08-21T00:00:00Z"",""result"":""pass"",""schema_name"":""lebl.backend.record"",""schema_version"":""0.3.0"",""semantic_aliases"":[],""semantic_key"":""lebl.ra.qa.manifest-topology.ra.v1.sequences-series.more-on-series.exercises"",""status"":""active"",""subject_ids"":[""urn:uuid:71a1b53b-7ab6-5ac0-b670-808842ab0782""],""supersedes_id"":null,""toolchain"":[""bounded exact semantic-unit translation replay by ra_series_exercises_audit""],""witness"":{""kind"":""file"",""locator"":""backend/production/v0.3/inputs/TRANSLATION_MANIFEST.jsonl:ra.v1.sequences-series.more-on-series.exercises"",""sha256"":""sha256:3423223164f2d73e4f6494026ded357459711d9354ec59f41937effbd95763d1""},""workflow_id"":""01a01f57-a34b-7740-9717-596b8116910c/backend-production-v0.3-r006-live""}"
"urn:uuid:48e5cbe4-a324-56d9-ada0-8a6bc1b67653","lebl.ra.qa.manifest-topology.ra.v1.sequences-series.more-on-series.power-series","topology","[""urn:uuid:46258053-8995-5d95-ba66-96e1a0ca7f57""]","pass","{""kind"":""file"",""locator"":""backend/production/v0.3/inputs/TRANSLATION_MANIFEST.jsonl:ra.v1.sequences-series.more-on-series.power-series"",""sha256"":""sha256:6855f6da4dff5723233644496f84e76f99d435b4bffe39cdc1a7d1a35209c4ae""}","[""bounded exact semantic-unit translation replay and post-correction replay by ra_series_tests_audit""]","2026-08-21T00:00:00Z","active","","","","","","","","","{""check_type"":""topology"",""id"":""urn:uuid:48e5cbe4-a324-56d9-ada0-8a6bc1b67653"",""note"":""All reader prose is translated. Environment events 60/60, five labels, four xrefs, six indexes, one comment, and all non-correction math remain exact. Declared ADV-0014 handles x=0 separately and restores the ratio-test absolute value; ADV-0015 fixes a source accessibility typo. The exact command/math deltas are bound in the final replay, and reader-facing English residue is zero."",""record_type"":""qa_event"",""recorded_at"":""2026-08-21T00:00:00Z"",""result"":""pass"",""schema_name"":""lebl.backend.record"",""schema_version"":""0.3.0"",""semantic_aliases"":[],""semantic_key"":""lebl.ra.qa.manifest-topology.ra.v1.sequences-series.more-on-series.power-series"",""status"":""active"",""subject_ids"":[""urn:uuid:46258053-8995-5d95-ba66-96e1a0ca7f57""],""supersedes_id"":null,""toolchain"":[""bounded exact semantic-unit translation replay and post-correction replay by ra_series_tests_audit""],""witness"":{""kind"":""file"",""locator"":""backend/production/v0.3/inputs/TRANSLATION_MANIFEST.jsonl:ra.v1.sequences-series.more-on-series.power-series"",""sha256"":""sha256:6855f6da4dff5723233644496f84e76f99d435b4bffe39cdc1a7d1a35209c4ae""},""workflow_id"":""01a01f57-a34b-7740-9717-596b8116910c/backend-production-v0.3-r006-live""}"
"urn:uuid:49316b66-eae4-505e-b7f5-c113fbf3c1ba","lebl.ra.qa.manifest-topology.ra.v1.sequences-series.sequences-limits.monotone-sequences","topology","[""urn:uuid:0606e584-e38d-51a0-a41d-1fba7f906911""]","pass","{""kind"":""file"",""locator"":""backend/production/v0.3/inputs/TRANSLATION_MANIFEST.jsonl:ra.v1.sequences-series.sequences-limits.monotone-sequences"",""sha256"":""sha256:5a7b701956b8cdc37414648fbd0f88e452a0304d4eab52b5338b1c5448f94899""}","[""bounded exact unit replay by ra_monotone_sequences and parent raw-slice hash replay""]","2026-08-21T00:00:00Z","active","","","","","","","","","{""check_type"":""topology"",""id"":""urn:uuid:49316b66-eae4-505e-b7f5-c113fbf3c1ba"",""note"":""All 146 lines are translated. Commands 172/172, environment events 30/30, labels 3/3, references 5/5, 56 protected-math segments after explicit text localization, 140 opening and closing braces, the figure asset ID, caption, and accessibility description remain structurally exact. Reader-facing English residue is zero and no source correction was required."",""record_type"":""qa_event"",""recorded_at"":""2026-08-21T00:00:00Z"",""result"":""pass"",""schema_name"":""lebl.backend.record"",""schema_version"":""0.3.0"",""semantic_aliases"":[],""semantic_key"":""lebl.ra.qa.manifest-topology.ra.v1.sequences-series.sequences-limits.monotone-sequences"",""status"":""active"",""subject_ids"":[""urn:uuid:0606e584-e38d-51a0-a41d-1fba7f906911""],""supersedes_id"":null,""toolchain"":[""bounded exact unit replay by ra_monotone_sequences and parent raw-slice hash replay""],""witness"":{""kind"":""file"",""locator"":""backend/production/v0.3/inputs/TRANSLATION_MANIFEST.jsonl:ra.v1.sequences-series.sequences-limits.monotone-sequences"",""sha256"":""sha256:5a7b701956b8cdc37414648fbd0f88e452a0304d4eab52b5338b1c5448f94899""},""workflow_id"":""01a01f57-a34b-7740-9717-596b8116910c/backend-production-v0.3-r006-live""}"
"urn:uuid:4cde1d24-807a-5038-a465-bf433a523449","lebl.ra.qa.manifest-topology.ra.v1.sequences-series.cauchy-sequences","topology","[""urn:uuid:7b8a0aed-9845-5e79-b1c7-5941dfe8743d""]","pass","{""kind"":""file"",""locator"":""backend/production/v0.3/inputs/TRANSLATION_MANIFEST.jsonl:ra.v1.sequences-series.cauchy-sequences"",""sha256"":""sha256:e83517f3f5dcd2dd8d325e940882d909a791896740d0cc49e9eca0126109a39b""}","[""bounded exact semantic-unit replay by ra_cauchy_sequences""]","2026-08-21T00:00:00Z","active","","","","","","","","","{""check_type"":""topology"",""id"":""urn:uuid:4cde1d24-807a-5038-a465-bf433a523449"",""note"":""All reader prose is translated. Commands 304/304, environment events 24/24, one label, nine references, 93 protected-math spans after one reader-text localization, 31 exact comment lines, 470 balanced brace pairs, and 33 percent signs remain exact. Reader-facing English residue is zero and no source correction was required."",""record_type"":""qa_event"",""recorded_at"":""2026-08-21T00:00:00Z"",""result"":""pass"",""schema_name"":""lebl.backend.record"",""schema_version"":""0.3.0"",""semantic_aliases"":[],""semantic_key"":""lebl.ra.qa.manifest-topology.ra.v1.sequences-series.cauchy-sequences"",""status"":""active"",""subject_ids"":[""urn:uuid:7b8a0aed-9845-5e79-b1c7-5941dfe8743d""],""supersedes_id"":null,""toolchain"":[""bounded exact semantic-unit replay by ra_cauchy_sequences""],""witness"":{""kind"":""file"",""locator"":""backend/production/v0.3/inputs/TRANSLATION_MANIFEST.jsonl:ra.v1.sequences-series.cauchy-sequences"",""sha256"":""sha256:e83517f3f5dcd2dd8d325e940882d909a791896740d0cc49e9eca0126109a39b""},""workflow_id"":""01a01f57-a34b-7740-9717-596b8116910c/backend-production-v0.3-r006-live""}"
"urn:uuid:4dc790f0-732a-5bf4-91f5-a60206dbe348","lebl.ra.qa.manifest-topology.ra.v1.sequences-series.series.absolute-convergence","topology","[""urn:uuid:a88ea0a1-fef5-5c8f-a71a-63717c1b153e""]","pass","{""kind"":""file"",""locator"":""backend/production/v0.3/inputs/TRANSLATION_MANIFEST.jsonl:ra.v1.sequences-series.series.absolute-convergence"",""sha256"":""sha256:33aa4af8c103ae57badbac31f36107ab54630e8ee1e19f53360efba58f5205fa""}","[""bounded exact semantic-unit replay by ra_series_basic_absolute_audit plus fresh seven-unit replay by ra_series_tests_audit""]","2026-08-21T00:00:00Z","active","","","","","","","","","{""check_type"":""topology"",""id"":""urn:uuid:4dc790f0-732a-5bf4-91f5-a60206dbe348"",""note"":""All reader prose is translated. Commands 87/87, environment pairs 10/10, 27 protected-math regions, and balanced braces remain exact. Reader-facing English residue is zero and no source correction was required."",""record_type"":""qa_event"",""recorded_at"":""2026-08-21T00:00:00Z"",""result"":""pass"",""schema_name"":""lebl.backend.record"",""schema_version"":""0.3.0"",""semantic_aliases"":[],""semantic_key"":""lebl.ra.qa.manifest-topology.ra.v1.sequences-series.series.absolute-convergence"",""status"":""active"",""subject_ids"":[""urn:uuid:a88ea0a1-fef5-5c8f-a71a-63717c1b153e""],""supersedes_id"":null,""toolchain"":[""bounded exact semantic-unit replay by ra_series_basic_absolute_audit plus fresh seven-unit replay by ra_series_tests_audit""],""witness"":{""kind"":""file"",""locator"":""backend/production/v0.3/inputs/TRANSLATION_MANIFEST.jsonl:ra.v1.sequences-series.series.absolute-convergence"",""sha256"":""sha256:33aa4af8c103ae57badbac31f36107ab54630e8ee1e19f53360efba58f5205fa""},""workflow_id"":""01a01f57-a34b-7740-9717-596b8116910c/backend-production-v0.3-r006-live""}"
"urn:uuid:4e613ea6-c797-5baa-b457-2ad73d343b01","lebl.ra.qa.manifest-topology.ra.v1.derivative.taylor.exercises","topology","[""urn:uuid:f523812d-ad23-5250-97a8-88617ac2101e""]","pass","{""kind"":""file"",""locator"":""backend/production/v0.3/inputs/TRANSLATION_MANIFEST.jsonl:ra.v1.derivative.taylor.exercises"",""sha256"":""sha256:ff136b06be008bc1bebfdae5d5cee086e1dfdf98ef2aeb7189c650bfe31bd1ac""}","[""bounded exact semantic-unit translation replay by r006_taylor_exercises""]","2026-08-21T00:00:00Z","active","","","","","","","","","{""check_type"":""topology"",""id"":""urn:uuid:4e613ea6-c797-5baa-b457-2ad73d343b01"",""note"":""All 101 lines are translated. Ordered commands 104/104, environment tokens 26/26, protected math 83/83, two IDs/xrefs, the comment, 52 brace pairs, and blank-line topology remain exact. ADV-0040 and ADV-0041 normalize two source copy-edit defects; reader-facing English residue is zero."",""record_type"":""qa_event"",""recorded_at"":""2026-08-21T00:00:00Z"",""result"":""pass"",""schema_name"":""lebl.backend.record"",""schema_version"":""0.3.0"",""semantic_aliases"":[],""semantic_key"":""lebl.ra.qa.manifest-topology.ra.v1.derivative.taylor.exercises"",""status"":""active"",""subject_ids"":[""urn:uuid:f523812d-ad23-5250-97a8-88617ac2101e""],""supersedes_id"":null,""toolchain"":[""bounded exact semantic-unit translation replay by r006_taylor_exercises""],""witness"":{""kind"":""file"",""locator"":""backend/production/v0.3/inputs/TRANSLATION_MANIFEST.jsonl:ra.v1.derivative.taylor.exercises"",""sha256"":""sha256:ff136b06be008bc1bebfdae5d5cee086e1dfdf98ef2aeb7189c650bfe31bd1ac""},""workflow_id"":""01a01f57-a34b-7740-9717-596b8116910c/backend-production-v0.3-r006-live""}"
"urn:uuid:4ecece8a-4821-530a-bf53-7e8b7d5cdb3e","lebl.ra.qa.manifest-topology.ra.v1.metric-spaces.euclidean-convergence","topology","[""urn:uuid:74817b67-f33a-5770-8d87-c4ca97aa92fd""]","pass","{""kind"":""file"",""locator"":""backend/production/v0.3/inputs/TRANSLATION_MANIFEST.jsonl:ra.v1.metric-spaces.euclidean-convergence"",""sha256"":""sha256:4a0a921a5432e4d7829d0df9e397ea831e693c0940ed1ef2be85eb82164fd7ba""}","[""independent bounded Euclidean-convergence audit plus final root naturalness repair""]","2026-08-21T00:00:00Z","active","","","","","","","","","{""check_type"":""topology"",""id"":""urn:uuid:4ecece8a-4821-530a-bf53-7e8b7d5cdb3e"",""note"":""Componentwise convergence in Euclidean space, its proof, and the complex-number example are fully localized. The 106-command sequence, fourteen environment tokens, 35 inline-math spans, four displays, one label, and 78 brace pairs retain exact parity; reader-facing English residue and mojibake are zero."",""record_type"":""qa_event"",""recorded_at"":""2026-08-21T00:00:00Z"",""result"":""pass"",""schema_name"":""lebl.backend.record"",""schema_version"":""0.3.0"",""semantic_aliases"":[],""semantic_key"":""lebl.ra.qa.manifest-topology.ra.v1.metric-spaces.euclidean-convergence"",""status"":""active"",""subject_ids"":[""urn:uuid:74817b67-f33a-5770-8d87-c4ca97aa92fd""],""supersedes_id"":null,""toolchain"":[""independent bounded Euclidean-convergence audit plus final root naturalness repair""],""witness"":{""kind"":""file"",""locator"":""backend/production/v0.3/inputs/TRANSLATION_MANIFEST.jsonl:ra.v1.metric-spaces.euclidean-convergence"",""sha256"":""sha256:4a0a921a5432e4d7829d0df9e397ea831e693c0940ed1ef2be85eb82164fd7ba""},""workflow_id"":""01a01f57-a34b-7740-9717-596b8116910c/backend-production-v0.3-r006-live""}"
"urn:uuid:4f2a0bc5-d9a3-56da-a384-0453728a7c17","lebl.ra.qa.manifest-topology.ra.v1.intro.about-book","topology","[""urn:uuid:939707be-b74a-5a95-bd95-8c735b1e833b""]","pass","{""kind"":""file"",""locator"":""backend/production/v0.3/inputs/TRANSLATION_MANIFEST.jsonl:ra.v1.intro.about-book"",""sha256"":""sha256:c8fcbb24a882c32635bb1d98b508b986c39259ef905e68246422fcc1491a41b6""}","[""qa/verify_ra_unit_0001.py""]","2026-08-21T00:00:00Z","active","","","","","","","","","{""check_type"":""topology"",""id"":""urn:uuid:4f2a0bc5-d9a3-56da-a384-0453728a7c17"",""note"":""Includes both-volume continuation used by the combined reader; titles of cited works remain in their source language."",""record_type"":""qa_event"",""recorded_at"":""2026-08-21T00:00:00Z"",""result"":""pass"",""schema_name"":""lebl.backend.record"",""schema_version"":""0.3.0"",""semantic_aliases"":[],""semantic_key"":""lebl.ra.qa.manifest-topology.ra.v1.intro.about-book"",""status"":""active"",""subject_ids"":[""urn:uuid:939707be-b74a-5a95-bd95-8c735b1e833b""],""supersedes_id"":null,""toolchain"":[""qa/verify_ra_unit_0001.py""],""witness"":{""kind"":""file"",""locator"":""backend/production/v0.3/inputs/TRANSLATION_MANIFEST.jsonl:ra.v1.intro.about-book"",""sha256"":""sha256:c8fcbb24a882c32635bb1d98b508b986c39259ef905e68246422fcc1491a41b6""},""workflow_id"":""01a01f57-a34b-7740-9717-596b8116910c/backend-production-v0.3-r006-live""}"
"urn:uuid:4fee6653-4c6e-5fff-8ad1-bc77ec9a5287","lebl.ra.qa.manifest-topology.ra.v1.continuous-functions.limits.function-limits","topology","[""urn:uuid:8630be08-2901-5602-9626-c0cf026a12f8""]","pass","{""kind"":""file"",""locator"":""backend/production/v0.3/inputs/TRANSLATION_MANIFEST.jsonl:ra.v1.continuous-functions.limits.function-limits"",""sha256"":""sha256:92d72d0cc640aa339005659ab5487ca31f9ff793344479e70af8586f4c6efc4b""}","[""bounded exact semantic-unit replay by ra_series_front_audit2 plus parent accessibility/register hash replay""]","2026-08-21T00:00:00Z","active","","","","","","","","","{""check_type"":""topology"",""id"":""urn:uuid:4fee6653-4c6e-5fff-8ad1-bc77ec9a5287"",""note"":""All 125 lines are translated. Commands 194/194, environment pairs 18/18, stable label/xref/glossary/index/asset/comment topology, 94 ordered protected-math regions after reader-text localization, and 111 balanced brace pairs remain exact. Figure accessibility prose is Indonesian; reader-facing English residue is zero and no source correction was required."",""record_type"":""qa_event"",""recorded_at"":""2026-08-21T00:00:00Z"",""result"":""pass"",""schema_name"":""lebl.backend.record"",""schema_version"":""0.3.0"",""semantic_aliases"":[],""semantic_key"":""lebl.ra.qa.manifest-topology.ra.v1.continuous-functions.limits.function-limits"",""status"":""active"",""subject_ids"":[""urn:uuid:8630be08-2901-5602-9626-c0cf026a12f8""],""supersedes_id"":null,""toolchain"":[""bounded exact semantic-unit replay by ra_series_front_audit2 plus parent accessibility/register hash replay""],""witness"":{""kind"":""file"",""locator"":""backend/production/v0.3/inputs/TRANSLATION_MANIFEST.jsonl:ra.v1.continuous-functions.limits.function-limits"",""sha256"":""sha256:92d72d0cc640aa339005659ab5487ca31f9ff793344479e70af8586f4c6efc4b""},""workflow_id"":""01a01f57-a34b-7740-9717-596b8116910c/backend-production-v0.3-r006-live""}"
"urn:uuid:4ff7fc55-0846-5e4e-897f-738128b5208f","lebl.ra.qa.manifest-topology.ra.v1.sequences-series.series.definition","topology","[""urn:uuid:c027b2f0-36d6-5759-a86d-6f7f70be8412""]","pass","{""kind"":""file"",""locator"":""backend/production/v0.3/inputs/TRANSLATION_MANIFEST.jsonl:ra.v1.sequences-series.series.definition"",""sha256"":""sha256:a5c7e494eb234dc962fc4ca168a2b2f64ab0beec19792a85366fcbb502236a1e""}","[""bounded exact semantic-unit replay by ra_series_front_audit2 plus parent post-polish hash replay""]","2026-08-21T00:00:00Z","active","","","","","","","","","{""check_type"":""topology"",""id"":""urn:uuid:4ff7fc55-0846-5e4e-897f-738128b5208f"",""note"":""All 182 lines are translated. Commands 169/169, environment pairs 22/22, three stable IDs, two references, two comments, 39 protected-math regions after reader-text localization, and 150 balanced brace pairs remain exact. Figure accessibility prose is Indonesian; reader-facing English residue is zero and no source correction was required."",""record_type"":""qa_event"",""recorded_at"":""2026-08-21T00:00:00Z"",""result"":""pass"",""schema_name"":""lebl.backend.record"",""schema_version"":""0.3.0"",""semantic_aliases"":[],""semantic_key"":""lebl.ra.qa.manifest-topology.ra.v1.sequences-series.series.definition"",""status"":""active"",""subject_ids"":[""urn:uuid:c027b2f0-36d6-5759-a86d-6f7f70be8412""],""supersedes_id"":null,""toolchain"":[""bounded exact semantic-unit replay by ra_series_front_audit2 plus parent post-polish hash replay""],""witness"":{""kind"":""file"",""locator"":""backend/production/v0.3/inputs/TRANSLATION_MANIFEST.jsonl:ra.v1.sequences-series.series.definition"",""sha256"":""sha256:a5c7e494eb234dc962fc4ca168a2b2f64ab0beec19792a85366fcbb502236a1e""},""workflow_id"":""01a01f57-a34b-7740-9717-596b8116910c/backend-production-v0.3-r006-live""}"
"urn:uuid:50b4adef-1ad4-5eb5-a584-06fd053eebf7","lebl.ra.qa.manifest-topology.ra.v1.continuous-functions.uniform-continuity.lipschitz","topology","[""urn:uuid:2be2de0c-644f-5967-bb6f-58b6fcea7569""]","pass","{""kind"":""file"",""locator"":""backend/production/v0.3/inputs/TRANSLATION_MANIFEST.jsonl:ra.v1.continuous-functions.uniform-continuity.lipschitz"",""sha256"":""sha256:ffce2bfa3b280fafe40ae64cca471e447adb019ed5dcb6c7ed619154e2d51737""}","[""independent bounded exact semantic-unit replay by r006_lipschitz_audit""]","2026-08-21T00:00:00Z","active","","","","","","","","","{""check_type"":""topology"",""id"":""urn:uuid:50b4adef-1ad4-5eb5-a584-06fd053eebf7"",""note"":""Ordered commands 169/169, environment pairs 14/14, six labels/references, two assets, four comments, 68 protected-math spans, and 125 brace pairs remain exact after reader-text localization and declared ADV-0024 f-to-g correction. ADV-0023 selects a positive Lipschitz witness before division. Accessibility prose is Indonesian and English residue is zero."",""record_type"":""qa_event"",""recorded_at"":""2026-08-21T00:00:00Z"",""result"":""pass"",""schema_name"":""lebl.backend.record"",""schema_version"":""0.3.0"",""semantic_aliases"":[],""semantic_key"":""lebl.ra.qa.manifest-topology.ra.v1.continuous-functions.uniform-continuity.lipschitz"",""status"":""active"",""subject_ids"":[""urn:uuid:2be2de0c-644f-5967-bb6f-58b6fcea7569""],""supersedes_id"":null,""toolchain"":[""independent bounded exact semantic-unit replay by r006_lipschitz_audit""],""witness"":{""kind"":""file"",""locator"":""backend/production/v0.3/inputs/TRANSLATION_MANIFEST.jsonl:ra.v1.continuous-functions.uniform-continuity.lipschitz"",""sha256"":""sha256:ffce2bfa3b280fafe40ae64cca471e447adb019ed5dcb6c7ed619154e2d51737""},""workflow_id"":""01a01f57-a34b-7740-9717-596b8116910c/backend-production-v0.3-r006-live""}"
"urn:uuid:510d961c-bf62-56f0-9e7c-f00cb0404bff","lebl.ra.qa.manifest-topology.ra.v1.metric-spaces.picard-theorem-metric-proof","topology","[""urn:uuid:666ea759-7223-57f5-bb58-684b9f0b40f9""]","pass","{""kind"":""file"",""locator"":""backend/production/v0.3/inputs/TRANSLATION_MANIFEST.jsonl:ra.v1.metric-spaces.picard-theorem-metric-proof"",""sha256"":""sha256:384e9c7e76a90758bb05095888df63b5f486bc9b03e03a96844ae5f0c3c3d397""}","[""independent full Picard subsection audit plus final language repairs""]","2026-08-21T00:00:00Z","active","","","","","","","","","{""check_type"":""topology"",""id"":""urn:uuid:510d961c-bf62-56f0-9e7c-f00cb0404bff"",""note"":""The ODE motivation, integral formulation, Picard existence-and-uniqueness theorem, complete function-space construction, contraction proof, FTC conclusion, indexes, and references are fully localized. The 230-command sequence, 36 environment tokens, 84 inline-math spans, thirteen displays, IDs, comments, and braces retain exact parity; reader-facing English residue and mojibake are zero."",""record_type"":""qa_event"",""recorded_at"":""2026-08-21T00:00:00Z"",""result"":""pass"",""schema_name"":""lebl.backend.record"",""schema_version"":""0.3.0"",""semantic_aliases"":[],""semantic_key"":""lebl.ra.qa.manifest-topology.ra.v1.metric-spaces.picard-theorem-metric-proof"",""status"":""active"",""subject_ids"":[""urn:uuid:666ea759-7223-57f5-bb58-684b9f0b40f9""],""supersedes_id"":null,""toolchain"":[""independent full Picard subsection audit plus final language repairs""],""witness"":{""kind"":""file"",""locator"":""backend/production/v0.3/inputs/TRANSLATION_MANIFEST.jsonl:ra.v1.metric-spaces.picard-theorem-metric-proof"",""sha256"":""sha256:384e9c7e76a90758bb05095888df63b5f486bc9b03e03a96844ae5f0c3c3d397""},""workflow_id"":""01a01f57-a34b-7740-9717-596b8116910c/backend-production-v0.3-r006-live""}"
"urn:uuid:531bf395-ca91-5557-a4be-fdf3bcc470af","lebl.ra.qa.manifest-topology.ra.v1.sequences-series.limsup-liminf-bw.using-liminf-limsup","topology","[""urn:uuid:7938200f-b272-515c-b59a-45c20bb3bce7""]","pass","{""kind"":""file"",""locator"":""backend/production/v0.3/inputs/TRANSLATION_MANIFEST.jsonl:ra.v1.sequences-series.limsup-liminf-bw.using-liminf-limsup"",""sha256"":""sha256:a4093ac512dd64be91477ecb38196917e4c04ed73aace40d793c0e7ce27d390c""}","[""bounded exact semantic-unit replay by ra_liminf_limsup_usage_audit plus parent naturalness hash replay""]","2026-08-21T00:00:00Z","active","","","","","","","","","{""check_type"":""topology"",""id"":""urn:uuid:531bf395-ca91-5557-a4be-fdf3bcc470af"",""note"":""All 117 semantic lines are translated. Commands 202/202, environment events 26/26, labels 3/3, references 4/4, 47 protected-math regions after one reader-text localization, and 113 balanced brace pairs remain exact. Two stylistic calques were smoothed without changing topology or mathematics; reader-facing English residue is zero and no source correction was required."",""record_type"":""qa_event"",""recorded_at"":""2026-08-21T00:00:00Z"",""result"":""pass"",""schema_name"":""lebl.backend.record"",""schema_version"":""0.3.0"",""semantic_aliases"":[],""semantic_key"":""lebl.ra.qa.manifest-topology.ra.v1.sequences-series.limsup-liminf-bw.using-liminf-limsup"",""status"":""active"",""subject_ids"":[""urn:uuid:7938200f-b272-515c-b59a-45c20bb3bce7""],""supersedes_id"":null,""toolchain"":[""bounded exact semantic-unit replay by ra_liminf_limsup_usage_audit plus parent naturalness hash replay""],""witness"":{""kind"":""file"",""locator"":""backend/production/v0.3/inputs/TRANSLATION_MANIFEST.jsonl:ra.v1.sequences-series.limsup-liminf-bw.using-liminf-limsup"",""sha256"":""sha256:a4093ac512dd64be91477ecb38196917e4c04ed73aace40d793c0e7ce27d390c""},""workflow_id"":""01a01f57-a34b-7740-9717-596b8116910c/backend-production-v0.3-r006-live""}"
"urn:uuid:53f3f80b-fd09-5351-bf2e-c9f13e8b7e09","lebl.ra.qa.manifest-topology.ra.v1.metric-spaces.convergence-topology","topology","[""urn:uuid:41c7a396-a90b-502e-85f3-1d57007123e8""]","pass","{""kind"":""file"",""locator"":""backend/production/v0.3/inputs/TRANSLATION_MANIFEST.jsonl:ra.v1.metric-spaces.convergence-topology"",""sha256"":""sha256:6d36a0c3f2c49d697c0fc22f61317bd4838b156b1dd7eefe3aec4c5972c59e32""}","[""independent bounded convergence-topology audit plus final root proof-register repair""]","2026-08-21T00:00:00Z","active","","","","","","","","","{""check_type"":""topology"",""id"":""urn:uuid:53f3f80b-fd09-5351-bf2e-c9f13e8b7e09"",""note"":""The neighborhood characterization of convergence, closed-set limit theorem, and closure-by-sequences theorem and proofs are fully localized. The 74-command sequence, twelve environment tokens, 56 math spans, three labels, three references, and 41 brace pairs retain exact parity; reader-facing English residue and mojibake are zero."",""record_type"":""qa_event"",""recorded_at"":""2026-08-21T00:00:00Z"",""result"":""pass"",""schema_name"":""lebl.backend.record"",""schema_version"":""0.3.0"",""semantic_aliases"":[],""semantic_key"":""lebl.ra.qa.manifest-topology.ra.v1.metric-spaces.convergence-topology"",""status"":""active"",""subject_ids"":[""urn:uuid:41c7a396-a90b-502e-85f3-1d57007123e8""],""supersedes_id"":null,""toolchain"":[""independent bounded convergence-topology audit plus final root proof-register repair""],""witness"":{""kind"":""file"",""locator"":""backend/production/v0.3/inputs/TRANSLATION_MANIFEST.jsonl:ra.v1.metric-spaces.convergence-topology"",""sha256"":""sha256:6d36a0c3f2c49d697c0fc22f61317bd4838b156b1dd7eefe3aec4c5972c59e32""},""workflow_id"":""01a01f57-a34b-7740-9717-596b8116910c/backend-production-v0.3-r006-live""}"
"urn:uuid:567917b6-ba8e-53bc-a7fb-0810c72bf061","lebl.ra.qa.manifest-topology.ra.v1.real-numbers.maxima-minima","topology","[""urn:uuid:43a0a24a-1885-5cbc-b75b-49489a717ade""]","pass","{""kind"":""file"",""locator"":""backend/production/v0.3/inputs/TRANSLATION_MANIFEST.jsonl:ra.v1.real-numbers.maxima-minima"",""sha256"":""sha256:2310b92fc83e6b9fd8322f27559e5d94241994c9c05436b19dd0e50c81a69ebe""}","[""bounded exact unit replay by ra_basic_exercises""]","2026-08-21T00:00:00Z","active","","","","","","","","","{""check_type"":""topology"",""id"":""urn:uuid:567917b6-ba8e-53bc-a7fb-0810c72bf061"",""note"":""22 lines, 33 commands, two environments, one exercise reference, two glossary IDs, two index events, ten inline formulas, and the align block preserved; no source correction."",""record_type"":""qa_event"",""recorded_at"":""2026-08-21T00:00:00Z"",""result"":""pass"",""schema_name"":""lebl.backend.record"",""schema_version"":""0.3.0"",""semantic_aliases"":[],""semantic_key"":""lebl.ra.qa.manifest-topology.ra.v1.real-numbers.maxima-minima"",""status"":""active"",""subject_ids"":[""urn:uuid:43a0a24a-1885-5cbc-b75b-49489a717ade""],""supersedes_id"":null,""toolchain"":[""bounded exact unit replay by ra_basic_exercises""],""witness"":{""kind"":""file"",""locator"":""backend/production/v0.3/inputs/TRANSLATION_MANIFEST.jsonl:ra.v1.real-numbers.maxima-minima"",""sha256"":""sha256:2310b92fc83e6b9fd8322f27559e5d94241994c9c05436b19dd0e50c81a69ebe""},""workflow_id"":""01a01f57-a34b-7740-9717-596b8116910c/backend-production-v0.3-r006-live""}"
"urn:uuid:589d0438-504b-5551-8a9e-1800c7d44edd","lebl.ra.qa.manifest-topology.ra.v1.continuous-functions.continuity.discontinuous-functions","topology","[""urn:uuid:32056342-6788-5bc3-9c6b-2d68a22f08c1""]","pass","{""kind"":""file"",""locator"":""backend/production/v0.3/inputs/TRANSLATION_MANIFEST.jsonl:ra.v1.continuous-functions.continuity.discontinuous-functions"",""sha256"":""sha256:0dca4d545b4521a482a88c8a741119e71515a88fb64a76d5cf06ced84460e549""}","[""bounded semantic-unit translation replay plus complete Volume I PDF visual gate""]","2026-08-21T00:00:00Z","active","","","","","","","","","{""check_type"":""topology"",""id"":""urn:uuid:589d0438-504b-5551-8a9e-1800c7d44edd"",""note"":""All 177 lines are translated; IDs, references, assets, comments, and mathematical meaning are preserved. ADV-0017 removes two spurious interval restrictions and ADV-0018 corrects the coprimality wording. The popcorn-function condition is intentionally typeset as a two-line aligned case using the equivalent standard phrase `relatif prima`, eliminating hard clipping on PDF page 136. Accessibility prose is Indonesian and reader-facing English residue is zero."",""record_type"":""qa_event"",""recorded_at"":""2026-08-21T00:00:00Z"",""result"":""pass"",""schema_name"":""lebl.backend.record"",""schema_version"":""0.3.0"",""semantic_aliases"":[],""semantic_key"":""lebl.ra.qa.manifest-topology.ra.v1.continuous-functions.continuity.discontinuous-functions"",""status"":""active"",""subject_ids"":[""urn:uuid:32056342-6788-5bc3-9c6b-2d68a22f08c1""],""supersedes_id"":null,""toolchain"":[""bounded semantic-unit translation replay plus complete Volume I PDF visual gate""],""witness"":{""kind"":""file"",""locator"":""backend/production/v0.3/inputs/TRANSLATION_MANIFEST.jsonl:ra.v1.continuous-functions.continuity.discontinuous-functions"",""sha256"":""sha256:0dca4d545b4521a482a88c8a741119e71515a88fb64a76d5cf06ced84460e549""},""workflow_id"":""01a01f57-a34b-7740-9717-596b8116910c/backend-production-v0.3-r006-live""}"
"urn:uuid:58dc5e8f-ecbf-5342-a9a6-381f364108c1","lebl.ra.qa.manifest-topology.ra.v1.derivative.mean-value.applications","topology","[""urn:uuid:1c7fb31c-f936-5801-8352-8354326ed5c8""]","pass","{""kind"":""file"",""locator"":""backend/production/v0.3/inputs/TRANSLATION_MANIFEST.jsonl:ra.v1.derivative.mean-value.applications"",""sha256"":""sha256:27a5b8b844e8701a7f921c6882812092b17780e76ef86c70519ebc2e6de98f06""}","[""bounded exact semantic-unit translation replay by r006_mvt_applications""]","2026-08-21T00:00:00Z","active","","","","","","","","","{""check_type"":""topology"",""id"":""urn:uuid:58dc5e8f-ecbf-5342-a9a6-381f364108c1"",""note"":""All 168 lines are translated. The 114 mathematical spans, 42 structural tokens, 17 references/IDs, comments, and brace balance remain exact. Reader-facing English residue is zero and no source correction was required."",""record_type"":""qa_event"",""recorded_at"":""2026-08-21T00:00:00Z"",""result"":""pass"",""schema_name"":""lebl.backend.record"",""schema_version"":""0.3.0"",""semantic_aliases"":[],""semantic_key"":""lebl.ra.qa.manifest-topology.ra.v1.derivative.mean-value.applications"",""status"":""active"",""subject_ids"":[""urn:uuid:1c7fb31c-f936-5801-8352-8354326ed5c8""],""supersedes_id"":null,""toolchain"":[""bounded exact semantic-unit translation replay by r006_mvt_applications""],""witness"":{""kind"":""file"",""locator"":""backend/production/v0.3/inputs/TRANSLATION_MANIFEST.jsonl:ra.v1.derivative.mean-value.applications"",""sha256"":""sha256:27a5b8b844e8701a7f921c6882812092b17780e76ef86c70519ebc2e6de98f06""},""workflow_id"":""01a01f57-a34b-7740-9717-596b8116910c/backend-production-v0.3-r006-live""}"
"urn:uuid:59c22672-bb2f-52a9-8a04-7eb627982f40","lebl.ra.qa.manifest-topology.ra.v1.continuous-functions.continuity.composition","topology","[""urn:uuid:2eef93b3-7f3f-55f0-9a62-569b27928de3""]","pass","{""kind"":""file"",""locator"":""backend/production/v0.3/inputs/TRANSLATION_MANIFEST.jsonl:ra.v1.continuous-functions.continuity.composition"",""sha256"":""sha256:b70c49a700ff66ff62f787037fc36f032d3112916280354a5b0025a1953f328a""}","[""bounded exact semantic-unit translation replay by ra_series_front_audit2""]","2026-08-21T00:00:00Z","active","","","","","","","","","{""check_type"":""topology"",""id"":""urn:uuid:59c22672-bb2f-52a9-8a04-7eb627982f40"",""note"":""All 41 lines are translated. Commands 61/61, environment pairs 3/3, one label, 41 ordered protected-math regions, and 28 balanced brace pairs remain exact. The target naturally normalizes a source spacing typo recorded in LEBL-ID-ADV-0016; reader-facing English residue is zero."",""record_type"":""qa_event"",""recorded_at"":""2026-08-21T00:00:00Z"",""result"":""pass"",""schema_name"":""lebl.backend.record"",""schema_version"":""0.3.0"",""semantic_aliases"":[],""semantic_key"":""lebl.ra.qa.manifest-topology.ra.v1.continuous-functions.continuity.composition"",""status"":""active"",""subject_ids"":[""urn:uuid:2eef93b3-7f3f-55f0-9a62-569b27928de3""],""supersedes_id"":null,""toolchain"":[""bounded exact semantic-unit translation replay by ra_series_front_audit2""],""witness"":{""kind"":""file"",""locator"":""backend/production/v0.3/inputs/TRANSLATION_MANIFEST.jsonl:ra.v1.continuous-functions.continuity.composition"",""sha256"":""sha256:b70c49a700ff66ff62f787037fc36f032d3112916280354a5b0025a1953f328a""},""workflow_id"":""01a01f57-a34b-7740-9717-596b8116910c/backend-production-v0.3-r006-live""}"
"urn:uuid:5efb15d4-782e-5880-bbf3-a36d07079e73","lebl.ra.qa.manifest-topology.ra.v1.intro.basic-set-theory.cardinality","topology","[""urn:uuid:2837e60f-acf7-5e86-a501-8f62652409ba""]","pass","{""kind"":""file"",""locator"":""backend/production/v0.3/inputs/TRANSLATION_MANIFEST.jsonl:ra.v1.intro.basic-set-theory.cardinality"",""sha256"":""sha256:81a913874d03b8c34d0f75c122197148c49c268522c4942608903f35492fe151""}","[""bounded exact unit replay by ra_cardinality""]","2026-08-21T00:00:00Z","active","","","","","","","","","{""check_type"":""topology"",""id"":""urn:uuid:5efb15d4-782e-5880-bbf3-a36d07079e73"",""note"":""Commands, 161 inline formulas, display math, environments, identifiers, comments, and braces preserved; no reader-facing English residue or source correction."",""record_type"":""qa_event"",""recorded_at"":""2026-08-21T00:00:00Z"",""result"":""pass"",""schema_name"":""lebl.backend.record"",""schema_version"":""0.3.0"",""semantic_aliases"":[],""semantic_key"":""lebl.ra.qa.manifest-topology.ra.v1.intro.basic-set-theory.cardinality"",""status"":""active"",""subject_ids"":[""urn:uuid:2837e60f-acf7-5e86-a501-8f62652409ba""],""supersedes_id"":null,""toolchain"":[""bounded exact unit replay by ra_cardinality""],""witness"":{""kind"":""file"",""locator"":""backend/production/v0.3/inputs/TRANSLATION_MANIFEST.jsonl:ra.v1.intro.basic-set-theory.cardinality"",""sha256"":""sha256:81a913874d03b8c34d0f75c122197148c49c268522c4942608903f35492fe151""},""workflow_id"":""01a01f57-a34b-7740-9717-596b8116910c/backend-production-v0.3-r006-live""}"
"urn:uuid:607f10ed-0661-5af7-8a85-cc23629cb110","lebl.ra.qa.manifest-topology.ra.v1.riemann-integral.opening","topology","[""urn:uuid:0ca6e51d-4663-5814-83e2-289fa2803f20""]","pass","{""kind"":""file"",""locator"":""backend/production/v0.3/inputs/TRANSLATION_MANIFEST.jsonl:ra.v1.riemann-integral.opening"",""sha256"":""sha256:7f6b22c08db1b866062091052e5493830bd5da5528f291778f68ea5b60d9b1f3""}","[""bounded exact semantic-unit translation replay by root""]","2026-08-21T00:00:00Z","active","","","","","","","","","{""check_type"":""topology"",""id"":""urn:uuid:607f10ed-0661-5af7-8a85-cc23629cb110"",""note"":""All 26 lines are translated. The 13 ordered LaTeX commands, 15 brace pairs, labels, URLs, comments, line topology, and next-section boundary remain exact. Reader-facing English residue is zero and no source correction was required."",""record_type"":""qa_event"",""recorded_at"":""2026-08-21T00:00:00Z"",""result"":""pass"",""schema_name"":""lebl.backend.record"",""schema_version"":""0.3.0"",""semantic_aliases"":[],""semantic_key"":""lebl.ra.qa.manifest-topology.ra.v1.riemann-integral.opening"",""status"":""active"",""subject_ids"":[""urn:uuid:0ca6e51d-4663-5814-83e2-289fa2803f20""],""supersedes_id"":null,""toolchain"":[""bounded exact semantic-unit translation replay by root""],""witness"":{""kind"":""file"",""locator"":""backend/production/v0.3/inputs/TRANSLATION_MANIFEST.jsonl:ra.v1.riemann-integral.opening"",""sha256"":""sha256:7f6b22c08db1b866062091052e5493830bd5da5528f291778f68ea5b60d9b1f3""},""workflow_id"":""01a01f57-a34b-7740-9717-596b8116910c/backend-production-v0.3-r006-live""}"
"urn:uuid:61a59b1f-9416-58c5-b0a5-fde566cc712b","lebl.ra.qa.manifest-topology.ra.v1.sequences-series.limit-facts.exercises","topology","[""urn:uuid:c5778dd5-30df-542c-b0d2-e1e3964e6022""]","pass","{""kind"":""file"",""locator"":""backend/production/v0.3/inputs/TRANSLATION_MANIFEST.jsonl:ra.v1.sequences-series.limit-facts.exercises"",""sha256"":""sha256:9ef8e2069a307d04a0151d3a6fdfafb14f589b6f8a842d84c3789c085c151332""}","[""bounded exact semantic-unit replay by ra_limit_facts_exercises_audit""]","2026-08-21T00:00:00Z","active","","","","","","","","","{""check_type"":""topology"",""id"":""urn:uuid:61a59b1f-9416-58c5-b0a5-fde566cc712b"",""note"":""All 16 exercises are translated. Commands 248/248, environment events 54/54, two labels, eight references/hyperref keys, 72 protected-math fragments after exactly two reader-text localizations, one comment, and 183 balanced brace pairs remain exact. Reader-facing English residue is zero and no source correction was required."",""record_type"":""qa_event"",""recorded_at"":""2026-08-21T00:00:00Z"",""result"":""pass"",""schema_name"":""lebl.backend.record"",""schema_version"":""0.3.0"",""semantic_aliases"":[],""semantic_key"":""lebl.ra.qa.manifest-topology.ra.v1.sequences-series.limit-facts.exercises"",""status"":""active"",""subject_ids"":[""urn:uuid:c5778dd5-30df-542c-b0d2-e1e3964e6022""],""supersedes_id"":null,""toolchain"":[""bounded exact semantic-unit replay by ra_limit_facts_exercises_audit""],""witness"":{""kind"":""file"",""locator"":""backend/production/v0.3/inputs/TRANSLATION_MANIFEST.jsonl:ra.v1.sequences-series.limit-facts.exercises"",""sha256"":""sha256:9ef8e2069a307d04a0151d3a6fdfafb14f589b6f8a842d84c3789c085c151332""},""workflow_id"":""01a01f57-a34b-7740-9717-596b8116910c/backend-production-v0.3-r006-live""}"
"urn:uuid:6235bc3e-28d2-5408-b903-2bb803a36edf","lebl.ra.qa.manifest-topology.ra.v1.continuous-functions.limits-at-infinity.finite-limit","topology","[""urn:uuid:c910552d-d536-578d-b4bc-df784fcfe304""]","pass","{""kind"":""file"",""locator"":""backend/production/v0.3/inputs/TRANSLATION_MANIFEST.jsonl:ra.v1.continuous-functions.limits-at-infinity.finite-limit"",""sha256"":""sha256:017b8ea12dde0e3dfc4c23559e15928fc18bd05c14b49cc43edff08265328d33""}","[""bounded exact semantic-unit translation replay by r006_limits_infinity""]","2026-08-21T00:00:00Z","active","","","","","","","","","{""check_type"":""topology"",""id"":""urn:uuid:6235bc3e-28d2-5408-b903-2bb803a36edf"",""note"":""All 152 lines are translated. Ordered commands 235/235, IDs/references 8/8, environment tokens 28/28, and 111 normalized mathematical units remain exact. Reader-facing English residue is zero and no source correction was required."",""record_type"":""qa_event"",""recorded_at"":""2026-08-21T00:00:00Z"",""result"":""pass"",""schema_name"":""lebl.backend.record"",""schema_version"":""0.3.0"",""semantic_aliases"":[],""semantic_key"":""lebl.ra.qa.manifest-topology.ra.v1.continuous-functions.limits-at-infinity.finite-limit"",""status"":""active"",""subject_ids"":[""urn:uuid:c910552d-d536-578d-b4bc-df784fcfe304""],""supersedes_id"":null,""toolchain"":[""bounded exact semantic-unit translation replay by r006_limits_infinity""],""witness"":{""kind"":""file"",""locator"":""backend/production/v0.3/inputs/TRANSLATION_MANIFEST.jsonl:ra.v1.continuous-functions.limits-at-infinity.finite-limit"",""sha256"":""sha256:017b8ea12dde0e3dfc4c23559e15928fc18bd05c14b49cc43edff08265328d33""},""workflow_id"":""01a01f57-a34b-7740-9717-596b8116910c/backend-production-v0.3-r006-live""}"
"urn:uuid:633f1bc5-7aa2-58fa-9cab-72ba0f8e7725","lebl.ra.qa.manifest-topology.ra.v1.fundamental-theorem.second-form","topology","[""urn:uuid:415347de-13ca-5e87-9968-1cfa1286683d""]","pass","{""kind"":""file"",""locator"":""backend/production/v0.3/inputs/TRANSLATION_MANIFEST.jsonl:ra.v1.fundamental-theorem.second-form"",""sha256"":""sha256:e62c108f83b7e072ada4d8755f2b2556cba3e7e3de0d17f2d88a9024e0866b83""}","[""bounded exact semantic-unit translation replay by r006_ftc_second_form""]","2026-08-21T00:00:00Z","active","","","","","","","","","{""check_type"":""topology"",""id"":""urn:uuid:633f1bc5-7aa2-58fa-9cab-72ba0f8e7725"",""note"":""All 129 lines are translated. Ordered commands 120/120, environment tokens 26/26, 74 protected-math spans, two labels, brace counts, and blank-line topology remain exact after reader-text localization. Reader-facing English residue is zero; minor source grammar was naturally localized without mathematical change."",""record_type"":""qa_event"",""recorded_at"":""2026-08-21T00:00:00Z"",""result"":""pass"",""schema_name"":""lebl.backend.record"",""schema_version"":""0.3.0"",""semantic_aliases"":[],""semantic_key"":""lebl.ra.qa.manifest-topology.ra.v1.fundamental-theorem.second-form"",""status"":""active"",""subject_ids"":[""urn:uuid:415347de-13ca-5e87-9968-1cfa1286683d""],""supersedes_id"":null,""toolchain"":[""bounded exact semantic-unit translation replay by r006_ftc_second_form""],""witness"":{""kind"":""file"",""locator"":""backend/production/v0.3/inputs/TRANSLATION_MANIFEST.jsonl:ra.v1.fundamental-theorem.second-form"",""sha256"":""sha256:e62c108f83b7e072ada4d8755f2b2556cba3e7e3de0d17f2d88a9024e0866b83""},""workflow_id"":""01a01f57-a34b-7740-9717-596b8116910c/backend-production-v0.3-r006-live""}"
"urn:uuid:68f2df4b-3fce-50ea-9b89-aa5cf6b513d9","lebl.ra.qa.manifest-topology.ra.v1.continuous-functions.limits-at-infinity.infinite-limit","topology","[""urn:uuid:a270f909-e582-52fa-839e-5f16a15a38fc""]","pass","{""kind"":""file"",""locator"":""backend/production/v0.3/inputs/TRANSLATION_MANIFEST.jsonl:ra.v1.continuous-functions.limits-at-infinity.infinite-limit"",""sha256"":""sha256:1d30b51312ac55edc5c5ec21d509c4c4a28cc6e825b831124eef1a11ecd73dcf""}","[""independent bounded exact semantic-unit replay by r006_infinite_limit_audit""]","2026-08-21T00:00:00Z","active","","","","","","","","","{""check_type"":""topology"",""id"":""urn:uuid:68f2df4b-3fce-50ea-9b89-aa5cf6b513d9"",""note"":""Ordered commands 64/64, environment tokens 12/12, 27 protected-math segments, the lemma reference, one comment, and four index entries remain exact after localization. ADV-0026 corrects the source's contextually impossible repeated noun 'sequences' to 'functions'; reader-facing English residue is zero."",""record_type"":""qa_event"",""recorded_at"":""2026-08-21T00:00:00Z"",""result"":""pass"",""schema_name"":""lebl.backend.record"",""schema_version"":""0.3.0"",""semantic_aliases"":[],""semantic_key"":""lebl.ra.qa.manifest-topology.ra.v1.continuous-functions.limits-at-infinity.infinite-limit"",""status"":""active"",""subject_ids"":[""urn:uuid:a270f909-e582-52fa-839e-5f16a15a38fc""],""supersedes_id"":null,""toolchain"":[""independent bounded exact semantic-unit replay by r006_infinite_limit_audit""],""witness"":{""kind"":""file"",""locator"":""backend/production/v0.3/inputs/TRANSLATION_MANIFEST.jsonl:ra.v1.continuous-functions.limits-at-infinity.infinite-limit"",""sha256"":""sha256:1d30b51312ac55edc5c5ec21d509c4c4a28cc6e825b831124eef1a11ecd73dcf""},""workflow_id"":""01a01f57-a34b-7740-9717-596b8116910c/backend-production-v0.3-r006-live""}"
"urn:uuid:6e36cf04-dfee-5056-81ef-08852ca1b0e6","lebl.ra.qa.manifest-topology.ra.v1.metric-spaces.euclidean-metric","topology","[""urn:uuid:64831c22-a1a4-5c2d-915e-d410f9280474""]","pass","{""kind"":""file"",""locator"":""backend/production/v0.3/inputs/TRANSLATION_MANIFEST.jsonl:ra.v1.metric-spaces.euclidean-metric"",""sha256"":""sha256:913e0b44e42c0f460aef6d41bd152f8b68d4954067ec6f5ce22bfd6523ebcbc1""}","[""bounded translation replay plus independent Euclidean-unit audit""]","2026-08-21T00:00:00Z","active","","","","","","","","","{""check_type"":""topology"",""id"":""urn:uuid:6e36cf04-dfee-5056-81ef-08852ca1b0e6"",""note"":""Euclidean n-space, the Cauchy--Schwarz lemma and proof, and the standard Euclidean metric are fully localized. The 153-command sequence, twenty environment tokens, eighteen inline-math spans, five displays, glossary binding, URLs, comments, and 89 brace pairs retain exact parity; reader-facing English residue is zero."",""record_type"":""qa_event"",""recorded_at"":""2026-08-21T00:00:00Z"",""result"":""pass"",""schema_name"":""lebl.backend.record"",""schema_version"":""0.3.0"",""semantic_aliases"":[],""semantic_key"":""lebl.ra.qa.manifest-topology.ra.v1.metric-spaces.euclidean-metric"",""status"":""active"",""subject_ids"":[""urn:uuid:64831c22-a1a4-5c2d-915e-d410f9280474""],""supersedes_id"":null,""toolchain"":[""bounded translation replay plus independent Euclidean-unit audit""],""witness"":{""kind"":""file"",""locator"":""backend/production/v0.3/inputs/TRANSLATION_MANIFEST.jsonl:ra.v1.metric-spaces.euclidean-metric"",""sha256"":""sha256:913e0b44e42c0f460aef6d41bd152f8b68d4954067ec6f5ce22bfd6523ebcbc1""},""workflow_id"":""01a01f57-a34b-7740-9717-596b8116910c/backend-production-v0.3-r006-live""}"
"urn:uuid:6f44b8ae-6d07-5d4b-9f5a-4096806fec8b","lebl.ra.qa.manifest-topology.ra.v1.picard.intro-first-order-ode","topology","[""urn:uuid:7cd72268-919e-5a0f-bf8d-a231a51cfd04""]","pass","{""kind"":""file"",""locator"":""backend/production/v0.3/inputs/TRANSLATION_MANIFEST.jsonl:ra.v1.picard.intro-first-order-ode"",""sha256"":""sha256:c12a16424923675acdfc417be40eb684d2fe93de95fe4bab5c2775c0f1ff641d""}","[""independent bounded exact semantic-unit replay by r006_picard_intro_audit plus final root repair""]","2026-08-21T00:00:00Z","active","","","","","","","","","{""check_type"":""topology"",""id"":""urn:uuid:6f44b8ae-6d07-5d4b-9f5a-4096806fec8b"",""note"":""All reader-facing prose is translated while commands, environments, protected mathematics, IDs, references, comments, and semantic topology retain parity. The final phrasing repair removes a redundant construction; reader-facing English residue is zero."",""record_type"":""qa_event"",""recorded_at"":""2026-08-21T00:00:00Z"",""result"":""pass"",""schema_name"":""lebl.backend.record"",""schema_version"":""0.3.0"",""semantic_aliases"":[],""semantic_key"":""lebl.ra.qa.manifest-topology.ra.v1.picard.intro-first-order-ode"",""status"":""active"",""subject_ids"":[""urn:uuid:7cd72268-919e-5a0f-bf8d-a231a51cfd04""],""supersedes_id"":null,""toolchain"":[""independent bounded exact semantic-unit replay by r006_picard_intro_audit plus final root repair""],""witness"":{""kind"":""file"",""locator"":""backend/production/v0.3/inputs/TRANSLATION_MANIFEST.jsonl:ra.v1.picard.intro-first-order-ode"",""sha256"":""sha256:c12a16424923675acdfc417be40eb684d2fe93de95fe4bab5c2775c0f1ff641d""},""workflow_id"":""01a01f57-a34b-7740-9717-596b8116910c/backend-production-v0.3-r006-live""}"
"urn:uuid:6f7d14e0-ffaa-586f-82b0-ed715b6089a1","lebl.ra.qa.manifest-topology.ra.v1.fundamental-theorem.change-of-variables","topology","[""urn:uuid:bcf6a6c9-a4b4-5c1e-ba58-230dc7588475""]","pass","{""kind"":""file"",""locator"":""backend/production/v0.3/inputs/TRANSLATION_MANIFEST.jsonl:ra.v1.fundamental-theorem.change-of-variables"",""sha256"":""sha256:2684f7bea652137d868c76b114a5db14acad15d0fc520e9990295c489a143fe6""}","[""independent bounded exact semantic-unit replay by r006_change_variables_audit""]","2026-08-21T00:00:00Z","active","","","","","","","","","{""check_type"":""topology"",""id"":""urn:uuid:6f7d14e0-ffaa-586f-82b0-ed715b6089a1"",""note"":""All 113 lines are translated. Ordered commands 110/110, environment tokens 22/22, two xrefs, six comments, 29 inline-math spans, seven math environments, and 61 brace pairs remain exact after reader-text localization. Reader-facing English residue is zero; minor source grammar was naturally localized without mathematical change."",""record_type"":""qa_event"",""recorded_at"":""2026-08-21T00:00:00Z"",""result"":""pass"",""schema_name"":""lebl.backend.record"",""schema_version"":""0.3.0"",""semantic_aliases"":[],""semantic_key"":""lebl.ra.qa.manifest-topology.ra.v1.fundamental-theorem.change-of-variables"",""status"":""active"",""subject_ids"":[""urn:uuid:bcf6a6c9-a4b4-5c1e-ba58-230dc7588475""],""supersedes_id"":null,""toolchain"":[""independent bounded exact semantic-unit replay by r006_change_variables_audit""],""witness"":{""kind"":""file"",""locator"":""backend/production/v0.3/inputs/TRANSLATION_MANIFEST.jsonl:ra.v1.fundamental-theorem.change-of-variables"",""sha256"":""sha256:2684f7bea652137d868c76b114a5db14acad15d0fc520e9990295c489a143fe6""},""workflow_id"":""01a01f57-a34b-7740-9717-596b8116910c/backend-production-v0.3-r006-live""}"
"urn:uuid:72e55582-63f5-57c0-8610-10b1f5304481","lebl.ra.qa.manifest-topology.ra.v1.derivative.inverse-function-theorem","topology","[""urn:uuid:5bcbc34d-9943-572d-9a58-0f00e0c0c62f""]","pass","{""kind"":""file"",""locator"":""backend/production/v0.3/inputs/TRANSLATION_MANIFEST.jsonl:ra.v1.derivative.inverse-function-theorem"",""sha256"":""sha256:83de341664125dd0a4d241cd0db92ad238b8a3f7e2e92268358d0135b695c950""}","[""independent bounded exact semantic-unit replay by r006_inverse_theorem_audit""]","2026-08-21T00:00:00Z","active","","","","","","","","","{""check_type"":""topology"",""id"":""urn:uuid:72e55582-63f5-57c0-8610-10b1f5304481"",""note"":""All reader-facing prose and accessibility descriptions are translated. Thirty-six environment tokens, four labels, 15 cross-references, three hyperref IDs, two assets, three comment openers, and 148 brace pairs remain exact. Outside ADV-0042 and ADV-0043, 210 commands and 113 protected-math segments remain exact after reader-text localization; reader-facing English residue is zero."",""record_type"":""qa_event"",""recorded_at"":""2026-08-21T00:00:00Z"",""result"":""pass"",""schema_name"":""lebl.backend.record"",""schema_version"":""0.3.0"",""semantic_aliases"":[],""semantic_key"":""lebl.ra.qa.manifest-topology.ra.v1.derivative.inverse-function-theorem"",""status"":""active"",""subject_ids"":[""urn:uuid:5bcbc34d-9943-572d-9a58-0f00e0c0c62f""],""supersedes_id"":null,""toolchain"":[""independent bounded exact semantic-unit replay by r006_inverse_theorem_audit""],""witness"":{""kind"":""file"",""locator"":""backend/production/v0.3/inputs/TRANSLATION_MANIFEST.jsonl:ra.v1.derivative.inverse-function-theorem"",""sha256"":""sha256:83de341664125dd0a4d241cd0db92ad238b8a3f7e2e92268358d0135b695c950""},""workflow_id"":""01a01f57-a34b-7740-9717-596b8116910c/backend-production-v0.3-r006-live""}"
"urn:uuid:74d0b7d7-7413-5ef8-846d-04239795af11","lebl.ra.qa.manifest-topology.ra.v1.metric-spaces.uniform-continuity","topology","[""urn:uuid:f7238a10-37f0-5ac5-8b16-77cff97f2e0a""]","pass","{""kind"":""file"",""locator"":""backend/production/v0.3/inputs/TRANSLATION_MANIFEST.jsonl:ra.v1.metric-spaces.uniform-continuity"",""sha256"":""sha256:3ac369d9a198027e863e9eba5a8c150af109f3736873f8658e703ffb0f32398a""}","[""independent bounded uniform-continuity audit""]","2026-08-21T00:00:00Z","active","","","","","","","","","{""check_type"":""topology"",""id"":""urn:uuid:74d0b7d7-7413-5ef8-846d-04239795af11"",""note"":""Uniform continuity, compact-domain theorem, continuity of parameterized integrals, Lipschitz functions, proofs, indexes, and comments are fully localized. The 142-command sequence, 22 environment tokens, 65 inline-math spans, and five displays retain exact mathematical parity; reader-facing English residue and mojibake are zero."",""record_type"":""qa_event"",""recorded_at"":""2026-08-21T00:00:00Z"",""result"":""pass"",""schema_name"":""lebl.backend.record"",""schema_version"":""0.3.0"",""semantic_aliases"":[],""semantic_key"":""lebl.ra.qa.manifest-topology.ra.v1.metric-spaces.uniform-continuity"",""status"":""active"",""subject_ids"":[""urn:uuid:f7238a10-37f0-5ac5-8b16-77cff97f2e0a""],""supersedes_id"":null,""toolchain"":[""independent bounded uniform-continuity audit""],""witness"":{""kind"":""file"",""locator"":""backend/production/v0.3/inputs/TRANSLATION_MANIFEST.jsonl:ra.v1.metric-spaces.uniform-continuity"",""sha256"":""sha256:3ac369d9a198027e863e9eba5a8c150af109f3736873f8658e703ffb0f32398a""},""workflow_id"":""01a01f57-a34b-7740-9717-596b8116910c/backend-production-v0.3-r006-live""}"
"urn:uuid:74dbd1b9-9ffb-5b7f-81f9-c0aa0ca178a0","lebl.ra.qa.manifest-topology.ra.v2.derivative.gradients-curves-directional","topology","[""urn:uuid:7d704713-a161-5246-ade4-669650781a0a""]","pass","{""kind"":""file"",""locator"":""backend/production/v0.3/inputs/TRANSLATION_MANIFEST.jsonl:ra.v2.derivative.gradients-curves-directional"",""sha256"":""sha256:f29b9a23149c0fb5e502c829d01759c15398daaac31d1aa6ce9af240032b33a7""}","[""bounded structural, mathematical, accessibility, and residue replay""]","2026-08-21T00:00:00Z","active","","","","","","","","","{""check_type"":""topology"",""id"":""urn:uuid:74dbd1b9-9ffb-5b7f-81f9-c0aa0ca178a0"",""note"":""Gradients, differentiable curves, tangent vectors, directional derivatives, level sets, and normal vectors are fully localized. The ordered 182-command stream, 20 environment tokens, 48 protected-math spans, five IDs and references, the figure caption and alternative text, comments, and braces retain exact topology. Reader-facing English residue and mojibake are zero."",""record_type"":""qa_event"",""recorded_at"":""2026-08-21T00:00:00Z"",""result"":""pass"",""schema_name"":""lebl.backend.record"",""schema_version"":""0.3.0"",""semantic_aliases"":[],""semantic_key"":""lebl.ra.qa.manifest-topology.ra.v2.derivative.gradients-curves-directional"",""status"":""active"",""subject_ids"":[""urn:uuid:7d704713-a161-5246-ade4-669650781a0a""],""supersedes_id"":null,""toolchain"":[""bounded structural, mathematical, accessibility, and residue replay""],""witness"":{""kind"":""file"",""locator"":""backend/production/v0.3/inputs/TRANSLATION_MANIFEST.jsonl:ra.v2.derivative.gradients-curves-directional"",""sha256"":""sha256:f29b9a23149c0fb5e502c829d01759c15398daaac31d1aa6ce9af240032b33a7""},""workflow_id"":""01a01f57-a34b-7740-9717-596b8116910c/backend-production-v0.3-r006-live""}"
"urn:uuid:789d69fe-6e58-541e-b714-be662c386379","lebl.ra.qa.manifest-topology.ra.v1.metric-spaces.sequences","topology","[""urn:uuid:b4b4c374-0e53-560b-8db8-bf5e1eaa7834""]","pass","{""kind"":""file"",""locator"":""backend/production/v0.3/inputs/TRANSLATION_MANIFEST.jsonl:ra.v1.metric-spaces.sequences"",""sha256"":""sha256:b5d7e866499f770580d1dc22c35dd875407b49694622993caea7f7ab40d2ee35""}","[""independent bounded sequences audit plus final root naturalness repairs""]","2026-08-21T00:00:00Z","active","","","","","","","","","{""check_type"":""topology"",""id"":""urn:uuid:789d69fe-6e58-541e-b714-be662c386379"",""note"":""Metric-space sequences, boundedness, subsequences, convergence, uniqueness, component propositions, the function-space example, and figure accessibility text are fully localized. Ordered commands, 34 environment tokens, 68 inline-math spans, five display blocks, thirteen IDs/references/glossary/assets, and 118 brace pairs retain exact parity; reader-facing English residue and mojibake are zero."",""record_type"":""qa_event"",""recorded_at"":""2026-08-21T00:00:00Z"",""result"":""pass"",""schema_name"":""lebl.backend.record"",""schema_version"":""0.3.0"",""semantic_aliases"":[],""semantic_key"":""lebl.ra.qa.manifest-topology.ra.v1.metric-spaces.sequences"",""status"":""active"",""subject_ids"":[""urn:uuid:b4b4c374-0e53-560b-8db8-bf5e1eaa7834""],""supersedes_id"":null,""toolchain"":[""independent bounded sequences audit plus final root naturalness repairs""],""witness"":{""kind"":""file"",""locator"":""backend/production/v0.3/inputs/TRANSLATION_MANIFEST.jsonl:ra.v1.metric-spaces.sequences"",""sha256"":""sha256:b5d7e866499f770580d1dc22c35dd875407b49694622993caea7f7ab40d2ee35""},""workflow_id"":""01a01f57-a34b-7740-9717-596b8116910c/backend-production-v0.3-r006-live""}"
"urn:uuid:7aa6beb1-11ae-5e10-a551-4e9736b3608f","lebl.ra.qa.manifest-topology.ra.v1.sequences-series.sequences-limits.basics","topology","[""urn:uuid:ce36a958-940c-5cb8-b84e-cf6dd28e88f3""]","pass","{""kind"":""file"",""locator"":""backend/production/v0.3/inputs/TRANSLATION_MANIFEST.jsonl:ra.v1.sequences-series.sequences-limits.basics"",""sha256"":""sha256:c4d98ca95ec972b8179d1a5c8db8d643d4eafeceb83d49e86100b9d956f05e52""}","[""bounded exact unit replay by ra_basic_exercises and parent hash replay""]","2026-08-21T00:00:00Z","active","","","","","","","","","{""check_type"":""topology"",""id"":""urn:uuid:7aa6beb1-11ae-5e10-a551-4e9736b3608f"",""note"":""All reader prose in the 282-line unit is translated. Command sequence 372/372, environment events 54/54, labels 4/4, references 3/3, hyperref IDs 1/1, glossary IDs 2/2, index events 9/9, comments/directives 19/19, inline protected math 101/101, display math 13/13 after explicit text localization, braces, one asset ID, and the 13-line accessibility description are preserved. The convergence-cutoff clarification is logged as LEBL-ID-ADV-0009."",""record_type"":""qa_event"",""recorded_at"":""2026-08-21T00:00:00Z"",""result"":""pass"",""schema_name"":""lebl.backend.record"",""schema_version"":""0.3.0"",""semantic_aliases"":[],""semantic_key"":""lebl.ra.qa.manifest-topology.ra.v1.sequences-series.sequences-limits.basics"",""status"":""active"",""subject_ids"":[""urn:uuid:ce36a958-940c-5cb8-b84e-cf6dd28e88f3""],""supersedes_id"":null,""toolchain"":[""bounded exact unit replay by ra_basic_exercises and parent hash replay""],""witness"":{""kind"":""file"",""locator"":""backend/production/v0.3/inputs/TRANSLATION_MANIFEST.jsonl:ra.v1.sequences-series.sequences-limits.basics"",""sha256"":""sha256:c4d98ca95ec972b8179d1a5c8db8d643d4eafeceb83d49e86100b9d956f05e52""},""workflow_id"":""01a01f57-a34b-7740-9717-596b8116910c/backend-production-v0.3-r006-live""}"
"urn:uuid:7ac50b31-5a08-5be2-b7d4-f491f306951d","lebl.ra.qa.manifest-topology.ra.v1.continuous-functions.uniform-continuity.definition-theorem","topology","[""urn:uuid:9ab75a11-3744-510c-8967-9a46bdcdc135""]","pass","{""kind"":""file"",""locator"":""backend/production/v0.3/inputs/TRANSLATION_MANIFEST.jsonl:ra.v1.continuous-functions.uniform-continuity.definition-theorem"",""sha256"":""sha256:1aab2d840105a3509f35e7c462e1be5edf48d336a275271ea8fd651b38da799e""}","[""bounded exact semantic-unit translation replay by r006_uniform""]","2026-08-21T00:00:00Z","active","","","","","","","","","{""check_type"":""topology"",""id"":""urn:uuid:7ac50b31-5a08-5be2-b7d4-f491f306951d"",""note"":""Commands 222/222, environment tokens 26/26, inline math 89/89, seven display equations, two labels, one hyperref, and brace balance remain exact. ADV-0022 normalizes the source spelling error 'continuouity'; reader-facing English residue is zero."",""record_type"":""qa_event"",""recorded_at"":""2026-08-21T00:00:00Z"",""result"":""pass"",""schema_name"":""lebl.backend.record"",""schema_version"":""0.3.0"",""semantic_aliases"":[],""semantic_key"":""lebl.ra.qa.manifest-topology.ra.v1.continuous-functions.uniform-continuity.definition-theorem"",""status"":""active"",""subject_ids"":[""urn:uuid:9ab75a11-3744-510c-8967-9a46bdcdc135""],""supersedes_id"":null,""toolchain"":[""bounded exact semantic-unit translation replay by r006_uniform""],""witness"":{""kind"":""file"",""locator"":""backend/production/v0.3/inputs/TRANSLATION_MANIFEST.jsonl:ra.v1.continuous-functions.uniform-continuity.definition-theorem"",""sha256"":""sha256:1aab2d840105a3509f35e7c462e1be5edf48d336a275271ea8fd651b38da799e""},""workflow_id"":""01a01f57-a34b-7740-9717-596b8116910c/backend-production-v0.3-r006-live""}"
"urn:uuid:7c2e924c-fc28-580c-9cfc-8476a610a326","lebl.ra.qa.manifest-topology.ra.v1.reader.chrome-license","topology","[""urn:uuid:0b0eab53-d3ad-5ea3-8601-a2ef84432794""]","pass","{""kind"":""file"",""locator"":""backend/production/v0.3/inputs/TRANSLATION_MANIFEST.jsonl:ra.v1.reader.chrome-license"",""sha256"":""sha256:e514b6b170d8c6f3a32cfd26de745370cde9c63c2f51cd913931f83cc0e40571""}","[""bounded driver audits plus qa/R006_ID_TRANSLATION_CHECKPOINT_20260820.md and strict clean-pass integration build""]","2026-08-21T00:00:00Z","active","","","","","","","","","{""check_type"":""topology"",""id"":""urn:uuid:7c2e924c-fc28-580c-9cfc-8476a610a326"",""note"":""Localizes PDF metadata, title page, theorem/reference chrome, license and derivative notice, copyright label, further-reading framing, notation title/headers, and a wrapping notation-table layout; adds Indonesian Babel, catalog language id-ID, the exact upstream footnote compatibility fix logged as LEBL-ID-ADV-0001, correct diacritics in author metadata, and an ij glyph-to-Unicode override so Indonesian copy/search yields two characters rather than U+0133. A numeric first-pass fallback prevents the perpage footnote counter from exceeding the nine fnsymbol values before page-break data exists; converged passes retain pagewise symbols."",""record_type"":""qa_event"",""recorded_at"":""2026-08-21T00:00:00Z"",""result"":""pass"",""schema_name"":""lebl.backend.record"",""schema_version"":""0.3.0"",""semantic_aliases"":[],""semantic_key"":""lebl.ra.qa.manifest-topology.ra.v1.reader.chrome-license"",""status"":""active"",""subject_ids"":[""urn:uuid:0b0eab53-d3ad-5ea3-8601-a2ef84432794""],""supersedes_id"":null,""toolchain"":[""bounded driver audits plus qa/R006_ID_TRANSLATION_CHECKPOINT_20260820.md and strict clean-pass integration build""],""witness"":{""kind"":""file"",""locator"":""backend/production/v0.3/inputs/TRANSLATION_MANIFEST.jsonl:ra.v1.reader.chrome-license"",""sha256"":""sha256:e514b6b170d8c6f3a32cfd26de745370cde9c63c2f51cd913931f83cc0e40571""},""workflow_id"":""01a01f57-a34b-7740-9717-596b8116910c/backend-production-v0.3-r006-live""}"
"urn:uuid:7c70ab99-382c-5e77-868c-49cbb13dec16","lebl.ra.qa.manifest-topology.ra.v2.several-variables.convexity","topology","[""urn:uuid:c5df943b-002b-508f-8996-4545abe13552""]","pass","{""kind"":""file"",""locator"":""backend/production/v0.3/inputs/TRANSLATION_MANIFEST.jsonl:ra.v2.several-variables.convexity"",""sha256"":""sha256:aee2631e9faf1cb0146829b869231c619149ea7282113d6dd932ad53edab4e24""}","[""bounded structural, mathematical, accessibility, and residue replay plus ADV-0082 correction""]","2026-08-21T00:00:00Z","active","","","","","","","","","{""check_type"":""topology"",""id"":""urn:uuid:7c70ab99-382c-5e77-868c-49cbb13dec16"",""note"":""Convex sets and combinations, intersections, convex hulls, preservation by linear maps, examples, proof, figure caption, and full accessibility description are localized. Environment, ID, reference, asset, comment, and math-span counts retain parity; the sole command-content delta is ADV-0082's correction of the function-space domain. Reader-facing English residue is zero."",""record_type"":""qa_event"",""recorded_at"":""2026-08-21T00:00:00Z"",""result"":""pass"",""schema_name"":""lebl.backend.record"",""schema_version"":""0.3.0"",""semantic_aliases"":[],""semantic_key"":""lebl.ra.qa.manifest-topology.ra.v2.several-variables.convexity"",""status"":""active"",""subject_ids"":[""urn:uuid:c5df943b-002b-508f-8996-4545abe13552""],""supersedes_id"":null,""toolchain"":[""bounded structural, mathematical, accessibility, and residue replay plus ADV-0082 correction""],""witness"":{""kind"":""file"",""locator"":""backend/production/v0.3/inputs/TRANSLATION_MANIFEST.jsonl:ra.v2.several-variables.convexity"",""sha256"":""sha256:aee2631e9faf1cb0146829b869231c619149ea7282113d6dd932ad53edab4e24""},""workflow_id"":""01a01f57-a34b-7740-9717-596b8116910c/backend-production-v0.3-r006-live""}"
"urn:uuid:7e8bb9f7-ecc9-545a-a774-5f30a3dac48a","lebl.ra.qa.manifest-topology.ra.v1.derivative.mean-value.theorem","topology","[""urn:uuid:1fa8b22b-112e-56e5-8c26-75cfdc375563""]","pass","{""kind"":""file"",""locator"":""backend/production/v0.3/inputs/TRANSLATION_MANIFEST.jsonl:ra.v1.derivative.mean-value.theorem"",""sha256"":""sha256:0f0997a4143db9f8c03b53a4cebd3e9838eadcbe0942a158c396c91d1f6b0ccd""}","[""bounded exact semantic-unit translation replay by r006_mean_value""]","2026-08-21T00:00:00Z","active","","","","","","","","","{""check_type"":""topology"",""id"":""urn:uuid:7e8bb9f7-ecc9-545a-a774-5f30a3dac48a"",""note"":""All 105 lines are translated. Protected math 36/36, ordered commands 86/86, environments 16/16, seven IDs/references/assets, and blank-line topology remain exact. ADV-0033 normalizes one source-language comparison; reader-facing English residue is zero."",""record_type"":""qa_event"",""recorded_at"":""2026-08-21T00:00:00Z"",""result"":""pass"",""schema_name"":""lebl.backend.record"",""schema_version"":""0.3.0"",""semantic_aliases"":[],""semantic_key"":""lebl.ra.qa.manifest-topology.ra.v1.derivative.mean-value.theorem"",""status"":""active"",""subject_ids"":[""urn:uuid:1fa8b22b-112e-56e5-8c26-75cfdc375563""],""supersedes_id"":null,""toolchain"":[""bounded exact semantic-unit translation replay by r006_mean_value""],""witness"":{""kind"":""file"",""locator"":""backend/production/v0.3/inputs/TRANSLATION_MANIFEST.jsonl:ra.v1.derivative.mean-value.theorem"",""sha256"":""sha256:0f0997a4143db9f8c03b53a4cebd3e9838eadcbe0942a158c396c91d1f6b0ccd""},""workflow_id"":""01a01f57-a34b-7740-9717-596b8116910c/backend-production-v0.3-r006-live""}"
"urn:uuid:7eeb820d-d2e3-5da0-9bff-74ae98996f49","lebl.ra.qa.manifest-topology.ra.v1.metric-spaces.cauchy-completeness","topology","[""urn:uuid:48e3127e-e94d-5ffc-9a18-36486f33d2ed""]","pass","{""kind"":""file"",""locator"":""backend/production/v0.3/inputs/TRANSLATION_MANIFEST.jsonl:ra.v1.metric-spaces.cauchy-completeness"",""sha256"":""sha256:ed6ef8187929899d6cc8f0917e6284d6c2c937861adad18e5b181f126a87a827""}","[""independent bounded Cauchy-completeness audit""]","2026-08-21T00:00:00Z","active","","","","","","","","","{""check_type"":""topology"",""id"":""urn:uuid:7eeb820d-d2e3-5da0-9bff-74ae98996f49"",""note"":""Cauchy sequences, complete metric spaces, convergence/completeness implications, examples, propositions, and proofs are fully localized. The 120-command sequence, 22 environment tokens, 49 inline-math spans, three display blocks, labels, and references retain exact parity; reader-facing English residue and mojibake are zero."",""record_type"":""qa_event"",""recorded_at"":""2026-08-21T00:00:00Z"",""result"":""pass"",""schema_name"":""lebl.backend.record"",""schema_version"":""0.3.0"",""semantic_aliases"":[],""semantic_key"":""lebl.ra.qa.manifest-topology.ra.v1.metric-spaces.cauchy-completeness"",""status"":""active"",""subject_ids"":[""urn:uuid:48e3127e-e94d-5ffc-9a18-36486f33d2ed""],""supersedes_id"":null,""toolchain"":[""independent bounded Cauchy-completeness audit""],""witness"":{""kind"":""file"",""locator"":""backend/production/v0.3/inputs/TRANSLATION_MANIFEST.jsonl:ra.v1.metric-spaces.cauchy-completeness"",""sha256"":""sha256:ed6ef8187929899d6cc8f0917e6284d6c2c937861adad18e5b181f126a87a827""},""workflow_id"":""01a01f57-a34b-7740-9717-596b8116910c/backend-production-v0.3-r006-live""}"
"urn:uuid:805d5e00-d118-522b-8e8e-286c13e3e31c","lebl.ra.qa.manifest-topology.ra.v1.picard.examples","topology","[""urn:uuid:b9c92fbc-addc-517e-8c7f-35333036c1b4""]","pass","{""kind"":""file"",""locator"":""backend/production/v0.3/inputs/TRANSLATION_MANIFEST.jsonl:ra.v1.picard.examples"",""sha256"":""sha256:042620dde0578bac3a69d968f86a46d3e482419f33ab2993b55f83392b05f684""}","[""independent bounded exact semantic-unit replay by r006_picard_examples_exercises_audit plus final strict-span wording repair""]","2026-08-21T00:00:00Z","active","","","","","","","","","{""check_type"":""topology"",""id"":""urn:uuid:805d5e00-d118-522b-8e8e-286c13e3e31c"",""note"":""All 174 lines are translated. Commands, environments, protected mathematics, IDs, references, comments, and semantic topology retain parity. The strict interval condition is stated naturally and exactly; reader-facing English residue is zero."",""record_type"":""qa_event"",""recorded_at"":""2026-08-21T00:00:00Z"",""result"":""pass"",""schema_name"":""lebl.backend.record"",""schema_version"":""0.3.0"",""semantic_aliases"":[],""semantic_key"":""lebl.ra.qa.manifest-topology.ra.v1.picard.examples"",""status"":""active"",""subject_ids"":[""urn:uuid:b9c92fbc-addc-517e-8c7f-35333036c1b4""],""supersedes_id"":null,""toolchain"":[""independent bounded exact semantic-unit replay by r006_picard_examples_exercises_audit plus final strict-span wording repair""],""witness"":{""kind"":""file"",""locator"":""backend/production/v0.3/inputs/TRANSLATION_MANIFEST.jsonl:ra.v1.picard.examples"",""sha256"":""sha256:042620dde0578bac3a69d968f86a46d3e482419f33ab2993b55f83392b05f684""},""workflow_id"":""01a01f57-a34b-7740-9717-596b8116910c/backend-production-v0.3-r006-live""}"
"urn:uuid:80789af2-737c-54f7-a878-df858d58395d","lebl.ra.qa.manifest-topology.ra.v1.functions-limits.pointwise-convergence","topology","[""urn:uuid:4b28bbb0-9c15-5f73-ab80-761307f0e5c1""]","pass","{""kind"":""file"",""locator"":""backend/production/v0.3/inputs/TRANSLATION_MANIFEST.jsonl:ra.v1.functions-limits.pointwise-convergence"",""sha256"":""sha256:cedaa55f22695d3f25090beb713f01d3fc61001a49d2302691c919ea81d60ece""}","[""independent bounded exact semantic-unit replay plus final root repair replay""]","2026-08-21T00:00:00Z","active","","","","","","","","","{""check_type"":""topology"",""id"":""urn:uuid:80789af2-737c-54f7-a878-df858d58395d"",""note"":""All reader-facing prose is translated. Ordered commands 150/150, environment tokens 32/32, protected mathematics, IDs, references, comments, and topology retain parity. Reader-facing English residue and mojibake are zero."",""record_type"":""qa_event"",""recorded_at"":""2026-08-21T00:00:00Z"",""result"":""pass"",""schema_name"":""lebl.backend.record"",""schema_version"":""0.3.0"",""semantic_aliases"":[],""semantic_key"":""lebl.ra.qa.manifest-topology.ra.v1.functions-limits.pointwise-convergence"",""status"":""active"",""subject_ids"":[""urn:uuid:4b28bbb0-9c15-5f73-ab80-761307f0e5c1""],""supersedes_id"":null,""toolchain"":[""independent bounded exact semantic-unit replay plus final root repair replay""],""witness"":{""kind"":""file"",""locator"":""backend/production/v0.3/inputs/TRANSLATION_MANIFEST.jsonl:ra.v1.functions-limits.pointwise-convergence"",""sha256"":""sha256:cedaa55f22695d3f25090beb713f01d3fc61001a49d2302691c919ea81d60ece""},""workflow_id"":""01a01f57-a34b-7740-9717-596b8116910c/backend-production-v0.3-r006-live""}"
"urn:uuid:82dae32d-7196-5854-bd26-649c2d0724f5","lebl.ra.qa.manifest-topology.ra.v1.sequences-series.limsup-liminf-bw.exercises","topology","[""urn:uuid:f0f60925-8984-5c65-9056-d4a49e38e1b9""]","pass","{""kind"":""file"",""locator"":""backend/production/v0.3/inputs/TRANSLATION_MANIFEST.jsonl:ra.v1.sequences-series.limsup-liminf-bw.exercises"",""sha256"":""sha256:a9e59ba98fb1b9047179a0d15a4bd14a8c73de7c9fd652dfe45e94f8d1e9c4b6""}","[""bounded exact semantic-unit replay by ra_limsup_section_exercises""]","2026-08-21T00:00:00Z","active","","","","","","","","","{""check_type"":""topology"",""id"":""urn:uuid:82dae32d-7196-5854-bd26-649c2d0724f5"",""note"":""All 20 exercises, 10 enumerations, and 23 items are translated. Commands 445/445, environment events 80/80, stable identifiers/references 11/11, 123 inline-math and eight display-math regions after two reader-text localizations, one comment, and 270 balanced brace pairs remain exact. Reader-facing English residue is zero and no source correction was required."",""record_type"":""qa_event"",""recorded_at"":""2026-08-21T00:00:00Z"",""result"":""pass"",""schema_name"":""lebl.backend.record"",""schema_version"":""0.3.0"",""semantic_aliases"":[],""semantic_key"":""lebl.ra.qa.manifest-topology.ra.v1.sequences-series.limsup-liminf-bw.exercises"",""status"":""active"",""subject_ids"":[""urn:uuid:f0f60925-8984-5c65-9056-d4a49e38e1b9""],""supersedes_id"":null,""toolchain"":[""bounded exact semantic-unit replay by ra_limsup_section_exercises""],""witness"":{""kind"":""file"",""locator"":""backend/production/v0.3/inputs/TRANSLATION_MANIFEST.jsonl:ra.v1.sequences-series.limsup-liminf-bw.exercises"",""sha256"":""sha256:a9e59ba98fb1b9047179a0d15a4bd14a8c73de7c9fd652dfe45e94f8d1e9c4b6""},""workflow_id"":""01a01f57-a34b-7740-9717-596b8116910c/backend-production-v0.3-r006-live""}"
"urn:uuid:84053f88-9d06-57ea-a864-5068eb67ccd9","lebl.ra.qa.manifest-topology.ra.v1.sequences-series.sequences-limits.subsequences","topology","[""urn:uuid:435d76fa-71cb-5b5d-ab60-4761e29ed6f5""]","pass","{""kind"":""file"",""locator"":""backend/production/v0.3/inputs/TRANSLATION_MANIFEST.jsonl:ra.v1.sequences-series.sequences-limits.subsequences"",""sha256"":""sha256:112e39a0756a339d989aef715783e22253045c96fc9c814972cb9a6a60235e7e""}","[""bounded exact unit replay by ra_monotone_sequences""]","2026-08-21T00:00:00Z","active","","","","","","","","","{""check_type"":""topology"",""id"":""urn:uuid:84053f88-9d06-57ea-a864-5068eb67ccd9"",""note"":""All 76 lines are translated. Commands 89/89, environment events 16/16, one label, three stable reference/glossary keys, 42 protected-math segments, and 103 opening/closing braces remain exact. Adjacent boundaries are untouched, reader-facing English residue is zero, and no source correction was required."",""record_type"":""qa_event"",""recorded_at"":""2026-08-21T00:00:00Z"",""result"":""pass"",""schema_name"":""lebl.backend.record"",""schema_version"":""0.3.0"",""semantic_aliases"":[],""semantic_key"":""lebl.ra.qa.manifest-topology.ra.v1.sequences-series.sequences-limits.subsequences"",""status"":""active"",""subject_ids"":[""urn:uuid:435d76fa-71cb-5b5d-ab60-4761e29ed6f5""],""supersedes_id"":null,""toolchain"":[""bounded exact unit replay by ra_monotone_sequences""],""witness"":{""kind"":""file"",""locator"":""backend/production/v0.3/inputs/TRANSLATION_MANIFEST.jsonl:ra.v1.sequences-series.sequences-limits.subsequences"",""sha256"":""sha256:112e39a0756a339d989aef715783e22253045c96fc9c814972cb9a6a60235e7e""},""workflow_id"":""01a01f57-a34b-7740-9717-596b8116910c/backend-production-v0.3-r006-live""}"
"urn:uuid:85135f96-8570-5f64-b647-c54f9a9cb462","lebl.ra.qa.manifest-topology.ra.v1.metric-spaces.continuity","topology","[""urn:uuid:bcb9c5a5-4cdc-5911-b7f0-15b6d5e35c98""]","pass","{""kind"":""file"",""locator"":""backend/production/v0.3/inputs/TRANSLATION_MANIFEST.jsonl:ra.v1.metric-spaces.continuity"",""sha256"":""sha256:c229a069f9949e33a2355a88f9c2a2c987a8a5084f830a95af52bf9fa2b3358f""}","[""independent bounded continuity translation replay""]","2026-08-21T00:00:00Z","active","","","","","","","","","{""check_type"":""topology"",""id"":""urn:uuid:85135f96-8570-5f64-b647-c54f9a9cb462"",""note"":""Metric-space continuity, its sequential characterization and proof, polynomial and separate-limit examples, complex-valued functions, and figure accessibility text are fully localized. The 145-command sequence, sixteen environment tokens, 89 inline-math spans, displays, comments, and eight IDs/references/assets retain exact parity; reader-facing English residue and mojibake are zero."",""record_type"":""qa_event"",""recorded_at"":""2026-08-21T00:00:00Z"",""result"":""pass"",""schema_name"":""lebl.backend.record"",""schema_version"":""0.3.0"",""semantic_aliases"":[],""semantic_key"":""lebl.ra.qa.manifest-topology.ra.v1.metric-spaces.continuity"",""status"":""active"",""subject_ids"":[""urn:uuid:bcb9c5a5-4cdc-5911-b7f0-15b6d5e35c98""],""supersedes_id"":null,""toolchain"":[""independent bounded continuity translation replay""],""witness"":{""kind"":""file"",""locator"":""backend/production/v0.3/inputs/TRANSLATION_MANIFEST.jsonl:ra.v1.metric-spaces.continuity"",""sha256"":""sha256:c229a069f9949e33a2355a88f9c2a2c987a8a5084f830a95af52bf9fa2b3358f""},""workflow_id"":""01a01f57-a34b-7740-9717-596b8116910c/backend-production-v0.3-r006-live""}"
"urn:uuid:863d7b8b-3617-5ae5-b47f-42f55e36df7e","lebl.ra.qa.manifest-topology.ra.v1.sequences-series.cauchy-sequences.exercises","topology","[""urn:uuid:589367ac-9c70-5147-bde3-45f1cbdc6f3a""]","pass","{""kind"":""file"",""locator"":""backend/production/v0.3/inputs/TRANSLATION_MANIFEST.jsonl:ra.v1.sequences-series.cauchy-sequences.exercises"",""sha256"":""sha256:538e7fb9ddd11af9d925589b6d58f1ead5a0a2973d95c705a79c7c4dd213f082""}","[""bounded exact semantic-unit replay by ra_cauchy_exercises_audit plus parent naturalness hash replay""]","2026-08-21T00:00:00Z","active","","","","","","","","","{""check_type"":""topology"",""id"":""urn:uuid:863d7b8b-3617-5ae5-b47f-42f55e36df7e"",""note"":""All nine exercises are translated. Commands 122/122, environment events 24/24, one hyperref, 57 protected-math regions, one separator comment, and 80 balanced brace pairs remain exact. Four minor calques were smoothed without topology or math changes; reader-facing English residue is zero and no source correction was required."",""record_type"":""qa_event"",""recorded_at"":""2026-08-21T00:00:00Z"",""result"":""pass"",""schema_name"":""lebl.backend.record"",""schema_version"":""0.3.0"",""semantic_aliases"":[],""semantic_key"":""lebl.ra.qa.manifest-topology.ra.v1.sequences-series.cauchy-sequences.exercises"",""status"":""active"",""subject_ids"":[""urn:uuid:589367ac-9c70-5147-bde3-45f1cbdc6f3a""],""supersedes_id"":null,""toolchain"":[""bounded exact semantic-unit replay by ra_cauchy_exercises_audit plus parent naturalness hash replay""],""witness"":{""kind"":""file"",""locator"":""backend/production/v0.3/inputs/TRANSLATION_MANIFEST.jsonl:ra.v1.sequences-series.cauchy-sequences.exercises"",""sha256"":""sha256:538e7fb9ddd11af9d925589b6d58f1ead5a0a2973d95c705a79c7c4dd213f082""},""workflow_id"":""01a01f57-a34b-7740-9717-596b8116910c/backend-production-v0.3-r006-live""}"
"urn:uuid:8ba65316-258e-51fa-b0e1-aa8e85ee7b5b","lebl.ra.qa.manifest-topology.ra.v1.intro.relations-equivalence-classes","topology","[""urn:uuid:5d76c92d-7645-58a7-b511-627d122b36ae""]","pass","{""kind"":""file"",""locator"":""backend/production/v0.3/inputs/TRANSLATION_MANIFEST.jsonl:ra.v1.intro.relations-equivalence-classes"",""sha256"":""sha256:96abe1e2af3b67bb0ccde790a2bc46508992dea4a658be6ee0b9e4264d8d7abe""}","[""bounded exact unit replay by ra_relations""]","2026-08-21T00:00:00Z","active","","","","","","","","","{""check_type"":""topology"",""id"":""urn:uuid:8ba65316-258e-51fa-b0e1-aa8e85ee7b5b"",""note"":""Commands, environments, labels, glossary key, comments, and all 67 mathematical spans preserved; no reader-facing English residue or source correction."",""record_type"":""qa_event"",""recorded_at"":""2026-08-21T00:00:00Z"",""result"":""pass"",""schema_name"":""lebl.backend.record"",""schema_version"":""0.3.0"",""semantic_aliases"":[],""semantic_key"":""lebl.ra.qa.manifest-topology.ra.v1.intro.relations-equivalence-classes"",""status"":""active"",""subject_ids"":[""urn:uuid:5d76c92d-7645-58a7-b511-627d122b36ae""],""supersedes_id"":null,""toolchain"":[""bounded exact unit replay by ra_relations""],""witness"":{""kind"":""file"",""locator"":""backend/production/v0.3/inputs/TRANSLATION_MANIFEST.jsonl:ra.v1.intro.relations-equivalence-classes"",""sha256"":""sha256:96abe1e2af3b67bb0ccde790a2bc46508992dea4a658be6ee0b9e4264d8d7abe""},""workflow_id"":""01a01f57-a34b-7740-9717-596b8116910c/backend-production-v0.3-r006-live""}"
"urn:uuid:8de70d92-c549-57a0-8c0b-9703c6227173","lebl.ra.qa.manifest-topology.ra.v1.logarithms-exponentials.logarithm","topology","[""urn:uuid:b4ecd3e6-f415-5f9b-a575-3bb9824b2c39""]","pass","{""kind"":""file"",""locator"":""backend/production/v0.3/inputs/TRANSLATION_MANIFEST.jsonl:ra.v1.logarithms-exponentials.logarithm"",""sha256"":""sha256:1573be377847d0520c06d12996bfe15e6aa762f2638a90910f9f56a01f8dc933""}","[""independent bounded exact semantic-unit replay by r006_integral_properties_exercises plus root terminology and accessibility polish and refreshed hash replay""]","2026-08-21T00:00:00Z","active","","","","","","","","","{""check_type"":""topology"",""id"":""urn:uuid:8de70d92-c549-57a0-8c0b-9703c6227173"",""note"":""All 182 lines are translated. Ordered commands 175/175, environment tokens 32/32, 26 ID/xref destinations, three index hooks, one glossary ID, one asset, 78 protected-math spans, two comments, 146 brace pairs, and blank-line topology remain exact after reader-text localization. Terminology is standardized to logaritma alami and the figure description is explicit; reader-facing English residue is zero."",""record_type"":""qa_event"",""recorded_at"":""2026-08-21T00:00:00Z"",""result"":""pass"",""schema_name"":""lebl.backend.record"",""schema_version"":""0.3.0"",""semantic_aliases"":[],""semantic_key"":""lebl.ra.qa.manifest-topology.ra.v1.logarithms-exponentials.logarithm"",""status"":""active"",""subject_ids"":[""urn:uuid:b4ecd3e6-f415-5f9b-a575-3bb9824b2c39""],""supersedes_id"":null,""toolchain"":[""independent bounded exact semantic-unit replay by r006_integral_properties_exercises plus root terminology and accessibility polish and refreshed hash replay""],""witness"":{""kind"":""file"",""locator"":""backend/production/v0.3/inputs/TRANSLATION_MANIFEST.jsonl:ra.v1.logarithms-exponentials.logarithm"",""sha256"":""sha256:1573be377847d0520c06d12996bfe15e6aa762f2638a90910f9f56a01f8dc933""},""workflow_id"":""01a01f57-a34b-7740-9717-596b8116910c/backend-production-v0.3-r006-live""}"
"urn:uuid:914d8825-3757-5978-bb29-39226a2b451f","lebl.ra.qa.manifest-topology.ra.v1.derivative.mean-value.rolle","topology","[""urn:uuid:4c3f52ca-7c43-5dce-8d0d-56e372886789""]","pass","{""kind"":""file"",""locator"":""backend/production/v0.3/inputs/TRANSLATION_MANIFEST.jsonl:ra.v1.derivative.mean-value.rolle"",""sha256"":""sha256:b16524daba95fb863d3edc96e9bb6ff01d0eb29224cc0a6fd7ac5b3c9a599a41""}","[""independent bounded exact semantic-unit replay by r006_rolle""]","2026-08-21T00:00:00Z","active","","","","","","","","","{""check_type"":""topology"",""id"":""urn:uuid:914d8825-3757-5978-bb29-39226a2b451f"",""note"":""All reader-facing prose is translated. Ordered commands, environments, braces, IDs, references, assets, and 35 protected-math spans remain exact after the sole declared interval correction. ADV-0032 restricts the derivative-zero assertion in the constant case to the differentiability domain (a,b); reader-facing English residue is zero."",""record_type"":""qa_event"",""recorded_at"":""2026-08-21T00:00:00Z"",""result"":""pass"",""schema_name"":""lebl.backend.record"",""schema_version"":""0.3.0"",""semantic_aliases"":[],""semantic_key"":""lebl.ra.qa.manifest-topology.ra.v1.derivative.mean-value.rolle"",""status"":""active"",""subject_ids"":[""urn:uuid:4c3f52ca-7c43-5dce-8d0d-56e372886789""],""supersedes_id"":null,""toolchain"":[""independent bounded exact semantic-unit replay by r006_rolle""],""witness"":{""kind"":""file"",""locator"":""backend/production/v0.3/inputs/TRANSLATION_MANIFEST.jsonl:ra.v1.derivative.mean-value.rolle"",""sha256"":""sha256:b16524daba95fb863d3edc96e9bb6ff01d0eb29224cc0a6fd7ac5b3c9a599a41""},""workflow_id"":""01a01f57-a34b-7740-9717-596b8116910c/backend-production-v0.3-r006-live""}"
"urn:uuid:9245dd85-4d70-5df6-a35f-7eda072e3fbe","lebl.ra.qa.manifest-topology.ra.v1.derivative.opening","topology","[""urn:uuid:0fdb7dc0-7c92-579e-97e7-002626473054""]","pass","{""kind"":""file"",""locator"":""backend/production/v0.3/inputs/TRANSLATION_MANIFEST.jsonl:ra.v1.derivative.opening"",""sha256"":""sha256:2ca4f28a21c7be1ab9aeed1585d989af37e9f843a8f8b0c9c70fb650b7372a3e""}","[""independent bounded exact semantic-unit replay by r006_derivative_basic_audit""]","2026-08-21T00:00:00Z","active","","","","","","","","","{""check_type"":""topology"",""id"":""urn:uuid:9245dd85-4d70-5df6-a35f-7eda072e3fbe"",""note"":""All 20 lines are translated. The five ordered commands and ten brace tokens remain exact; there are no protected-math spans or reader-facing English residue and no source correction was required."",""record_type"":""qa_event"",""recorded_at"":""2026-08-21T00:00:00Z"",""result"":""pass"",""schema_name"":""lebl.backend.record"",""schema_version"":""0.3.0"",""semantic_aliases"":[],""semantic_key"":""lebl.ra.qa.manifest-topology.ra.v1.derivative.opening"",""status"":""active"",""subject_ids"":[""urn:uuid:0fdb7dc0-7c92-579e-97e7-002626473054""],""supersedes_id"":null,""toolchain"":[""independent bounded exact semantic-unit replay by r006_derivative_basic_audit""],""witness"":{""kind"":""file"",""locator"":""backend/production/v0.3/inputs/TRANSLATION_MANIFEST.jsonl:ra.v1.derivative.opening"",""sha256"":""sha256:2ca4f28a21c7be1ab9aeed1585d989af37e9f843a8f8b0c9c70fb650b7372a3e""},""workflow_id"":""01a01f57-a34b-7740-9717-596b8116910c/backend-production-v0.3-r006-live""}"
"urn:uuid:93bee55a-23be-53b4-9fc1-45711e7f4bc2","lebl.ra.qa.manifest-topology.ra.v1.real-numbers.absolute-value-bounded-functions","topology","[""urn:uuid:3d785131-bde9-5325-b269-0fb7da706bd6""]","pass","{""kind"":""file"",""locator"":""backend/production/v0.3/inputs/TRANSLATION_MANIFEST.jsonl:ra.v1.real-numbers.absolute-value-bounded-functions"",""sha256"":""sha256:e8ae5e9dd216b17e8cd729bf3078905f6658a295bedacb87079c57d4d38a53a3""}","[""bounded exact unit replay by ra_basic_exercises""]","2026-08-21T00:00:00Z","active","","","","","","","","","{""check_type"":""topology"",""id"":""urn:uuid:93bee55a-23be-53b4-9fc1-45711e7f4bc2"",""note"":""288 lines, 396 commands, 64 environment events, 12 labels, 15 references, 137 inline formulas, 16 displayed-math environments, the boundedfunc asset, and its accessibility description are preserved/localized. A dangling source comma is corrected to a colon and logged as LEBL-ID-ADV-0006."",""record_type"":""qa_event"",""recorded_at"":""2026-08-21T00:00:00Z"",""result"":""pass"",""schema_name"":""lebl.backend.record"",""schema_version"":""0.3.0"",""semantic_aliases"":[],""semantic_key"":""lebl.ra.qa.manifest-topology.ra.v1.real-numbers.absolute-value-bounded-functions"",""status"":""active"",""subject_ids"":[""urn:uuid:3d785131-bde9-5325-b269-0fb7da706bd6""],""supersedes_id"":null,""toolchain"":[""bounded exact unit replay by ra_basic_exercises""],""witness"":{""kind"":""file"",""locator"":""backend/production/v0.3/inputs/TRANSLATION_MANIFEST.jsonl:ra.v1.real-numbers.absolute-value-bounded-functions"",""sha256"":""sha256:e8ae5e9dd216b17e8cd729bf3078905f6658a295bedacb87079c57d4d38a53a3""},""workflow_id"":""01a01f57-a34b-7740-9717-596b8116910c/backend-production-v0.3-r006-live""}"
"urn:uuid:93c19e21-4a22-5a4e-92b6-687c19504076","lebl.ra.qa.manifest-topology.ra.v1.sequences-series.sequences-limits.exercises","topology","[""urn:uuid:7bc0ec22-80d7-56b5-ae9b-a7b0fbe6b8a9""]","pass","{""kind"":""file"",""locator"":""backend/production/v0.3/inputs/TRANSLATION_MANIFEST.jsonl:ra.v1.sequences-series.sequences-limits.exercises"",""sha256"":""sha256:0dc59080320150d70dff2ec95b97abb7546a8793e5747c46c068dc698c1f0f05""}","[""bounded exact unit replay by parent""]","2026-08-21T00:00:00Z","active","","","","","","","","","{""check_type"":""topology"",""id"":""urn:uuid:93c19e21-4a22-5a4e-92b6-687c19504076"",""note"":""All 23 exercises and four list items are translated. Commands 271/271, environment events 60/60, seven stable label/reference targets, 61 inline protected-math spans after four explicit `text` localizations, one source comment, and 152 opening/closing braces remain exact. Difficulty labels are localized, reader-facing English residue is zero, and no source correction was required."",""record_type"":""qa_event"",""recorded_at"":""2026-08-21T00:00:00Z"",""result"":""pass"",""schema_name"":""lebl.backend.record"",""schema_version"":""0.3.0"",""semantic_aliases"":[],""semantic_key"":""lebl.ra.qa.manifest-topology.ra.v1.sequences-series.sequences-limits.exercises"",""status"":""active"",""subject_ids"":[""urn:uuid:7bc0ec22-80d7-56b5-ae9b-a7b0fbe6b8a9""],""supersedes_id"":null,""toolchain"":[""bounded exact unit replay by parent""],""witness"":{""kind"":""file"",""locator"":""backend/production/v0.3/inputs/TRANSLATION_MANIFEST.jsonl:ra.v1.sequences-series.sequences-limits.exercises"",""sha256"":""sha256:0dc59080320150d70dff2ec95b97abb7546a8793e5747c46c068dc698c1f0f05""},""workflow_id"":""01a01f57-a34b-7740-9717-596b8116910c/backend-production-v0.3-r006-live""}"
"urn:uuid:973ebbc6-07fa-5a41-aca9-7fadeb3428b1","lebl.ra.qa.manifest-topology.ra.v1.sequences-series.limit-facts.recursively-defined-sequences","topology","[""urn:uuid:3be96112-43d1-5060-bcab-2acd5131779c""]","pass","{""kind"":""file"",""locator"":""backend/production/v0.3/inputs/TRANSLATION_MANIFEST.jsonl:ra.v1.sequences-series.limit-facts.recursively-defined-sequences"",""sha256"":""sha256:7b50e932d8d219eb5fea0cd48ccbff141a26664dade71cf71b2fd88bf6213dc3""}","[""bounded exact unit replay by parent""]","2026-08-21T00:00:00Z","active","","","","","","","","","{""check_type"":""topology"",""id"":""urn:uuid:973ebbc6-07fa-5a41-aca9-7fadeb3428b1"",""note"":""All 99 lines are translated. Commands 64/64, environment events 14/14, stable identifiers/references 3/3, inline mathematics 42/42, and 58 balanced brace pairs remain exact. Reader-facing English residue is zero and no source correction was required."",""record_type"":""qa_event"",""recorded_at"":""2026-08-21T00:00:00Z"",""result"":""pass"",""schema_name"":""lebl.backend.record"",""schema_version"":""0.3.0"",""semantic_aliases"":[],""semantic_key"":""lebl.ra.qa.manifest-topology.ra.v1.sequences-series.limit-facts.recursively-defined-sequences"",""status"":""active"",""subject_ids"":[""urn:uuid:3be96112-43d1-5060-bcab-2acd5131779c""],""supersedes_id"":null,""toolchain"":[""bounded exact unit replay by parent""],""witness"":{""kind"":""file"",""locator"":""backend/production/v0.3/inputs/TRANSLATION_MANIFEST.jsonl:ra.v1.sequences-series.limit-facts.recursively-defined-sequences"",""sha256"":""sha256:7b50e932d8d219eb5fea0cd48ccbff141a26664dade71cf71b2fd88bf6213dc3""},""workflow_id"":""01a01f57-a34b-7740-9717-596b8116910c/backend-production-v0.3-r006-live""}"
"urn:uuid:97a9a73e-4bde-5f43-ae42-f9fb96897b20","lebl.ra.qa.manifest-topology.ra.v1.improper-integrals.sine-integral","topology","[""urn:uuid:d12ce00c-29a3-5451-a73d-d3a85ff86488""]","pass","{""kind"":""file"",""locator"":""backend/production/v0.3/inputs/TRANSLATION_MANIFEST.jsonl:ra.v1.improper-integrals.sine-integral"",""sha256"":""sha256:81acadfdd0a21c142ee5b79cae2d3ac8eac08fb61226d8325def6c4027fb4da8""}","[""bounded exact semantic-unit replay by r006_improper_sinc""]","2026-08-21T00:00:00Z","active","","","","","","","","","{""check_type"":""topology"",""id"":""urn:uuid:97a9a73e-4bde-5f43-ae42-f9fb96897b20"",""note"":""All 240 lines are translated. Ordered commands 292/292, environment tokens 46/46, 50 protected-math spans, five ID/xref/asset bindings, 12 comments, and 213 brace pairs remain exact. Accessibility prose is fully localized; reader-facing English residue is zero."",""record_type"":""qa_event"",""recorded_at"":""2026-08-21T00:00:00Z"",""result"":""pass"",""schema_name"":""lebl.backend.record"",""schema_version"":""0.3.0"",""semantic_aliases"":[],""semantic_key"":""lebl.ra.qa.manifest-topology.ra.v1.improper-integrals.sine-integral"",""status"":""active"",""subject_ids"":[""urn:uuid:d12ce00c-29a3-5451-a73d-d3a85ff86488""],""supersedes_id"":null,""toolchain"":[""bounded exact semantic-unit replay by r006_improper_sinc""],""witness"":{""kind"":""file"",""locator"":""backend/production/v0.3/inputs/TRANSLATION_MANIFEST.jsonl:ra.v1.improper-integrals.sine-integral"",""sha256"":""sha256:81acadfdd0a21c142ee5b79cae2d3ac8eac08fb61226d8325def6c4027fb4da8""},""workflow_id"":""01a01f57-a34b-7740-9717-596b8116910c/backend-production-v0.3-r006-live""}"
"urn:uuid:97ddb22f-e5b6-5564-8bef-45955d30e599","lebl.ra.qa.manifest-topology.ra.v2.several-variables.linear-mappings","topology","[""urn:uuid:5075e5d3-2355-52c9-a3a7-5bc334d6657f""]","pass","{""kind"":""file"",""locator"":""backend/production/v0.3/inputs/TRANSLATION_MANIFEST.jsonl:ra.v2.several-variables.linear-mappings"",""sha256"":""sha256:db3788b2c63bd64e6098d80469adc627f707b0e57c026de5df32b1741a0cd8b4""}","[""bounded structural and mathematical replay plus ADV-0084 correction""]","2026-08-21T00:00:00Z","active","","","","","","","","","{""check_type"":""topology"",""id"":""urn:uuid:97ddb22f-e5b6-5564-8bef-45955d30e599"",""note"":""Linear maps, transformations, operators, composition, inverse linearity, basis determination, nullspace, and the finite-dimensional injective-surjective theorem are fully localized. The 218-command stream, 42 environment tokens, 127 inline-math spans, IDs, references, and glossary hooks retain topology; ADV-0084 supplies the correct surjectivity-based spanning justification without altering the conclusion. Reader-facing English residue is zero."",""record_type"":""qa_event"",""recorded_at"":""2026-08-21T00:00:00Z"",""result"":""pass"",""schema_name"":""lebl.backend.record"",""schema_version"":""0.3.0"",""semantic_aliases"":[],""semantic_key"":""lebl.ra.qa.manifest-topology.ra.v2.several-variables.linear-mappings"",""status"":""active"",""subject_ids"":[""urn:uuid:5075e5d3-2355-52c9-a3a7-5bc334d6657f""],""supersedes_id"":null,""toolchain"":[""bounded structural and mathematical replay plus ADV-0084 correction""],""witness"":{""kind"":""file"",""locator"":""backend/production/v0.3/inputs/TRANSLATION_MANIFEST.jsonl:ra.v2.several-variables.linear-mappings"",""sha256"":""sha256:db3788b2c63bd64e6098d80469adc627f707b0e57c026de5df32b1741a0cd8b4""},""workflow_id"":""01a01f57-a34b-7740-9717-596b8116910c/backend-production-v0.3-r006-live""}"
"urn:uuid:98b398c1-91cd-5fd7-a4fd-5290d863b6d2","lebl.ra.qa.manifest-topology.ra.v1.continuous-functions.extreme-intermediate.intermediate-value","topology","[""urn:uuid:dfbec4f7-f1fb-5043-80aa-dd9e18c40904""]","pass","{""kind"":""file"",""locator"":""backend/production/v0.3/inputs/TRANSLATION_MANIFEST.jsonl:ra.v1.continuous-functions.extreme-intermediate.intermediate-value"",""sha256"":""sha256:492a8409cc4869e882cb2c06304baa6c3e299be54da44c09d5b3b3e6f2faa554""}","[""bounded exact semantic-unit translation replay by r006_bolzano""]","2026-08-21T00:00:00Z","active","","","","","","","","","{""check_type"":""topology"",""id"":""urn:uuid:98b398c1-91cd-5fd7-a4fd-5290d863b6d2"",""note"":""All reader prose, theorem and index names, captions, and accessibility descriptions are Indonesian. Ordered environments 27/27, labels 5/5, references 11/11, assets 2/2, inline math 148/148, and display blocks 12/12 remain exact after reader-text localization; braces are balanced and English residue is zero."",""record_type"":""qa_event"",""recorded_at"":""2026-08-21T00:00:00Z"",""result"":""pass"",""schema_name"":""lebl.backend.record"",""schema_version"":""0.3.0"",""semantic_aliases"":[],""semantic_key"":""lebl.ra.qa.manifest-topology.ra.v1.continuous-functions.extreme-intermediate.intermediate-value"",""status"":""active"",""subject_ids"":[""urn:uuid:dfbec4f7-f1fb-5043-80aa-dd9e18c40904""],""supersedes_id"":null,""toolchain"":[""bounded exact semantic-unit translation replay by r006_bolzano""],""witness"":{""kind"":""file"",""locator"":""backend/production/v0.3/inputs/TRANSLATION_MANIFEST.jsonl:ra.v1.continuous-functions.extreme-intermediate.intermediate-value"",""sha256"":""sha256:492a8409cc4869e882cb2c06304baa6c3e299be54da44c09d5b3b3e6f2faa554""},""workflow_id"":""01a01f57-a34b-7740-9717-596b8116910c/backend-production-v0.3-r006-live""}"
"urn:uuid:99f8e277-c675-51be-bbe9-db538ede0458","lebl.ra.qa.manifest-topology.ra.v1.sequences-series.sequences-limits.tail","topology","[""urn:uuid:76dd3ba2-1ab2-5af4-911b-e93f37eb4c30""]","pass","{""kind"":""file"",""locator"":""backend/production/v0.3/inputs/TRANSLATION_MANIFEST.jsonl:ra.v1.sequences-series.sequences-limits.tail"",""sha256"":""sha256:56ecbcbee5da50b740b02d7892a69b7726f2362cbbc1d4dba712b60e7a8ce1f1""}","[""bounded semantic replay plus complete Volume I PDF visual gate""]","2026-08-21T00:00:00Z","active","","","","","","","","","{""check_type"":""topology"",""id"":""urn:uuid:99f8e277-c675-51be-bbe9-db538ede0458"",""note"":""All 125 lines and every mathematical term remain translated and preserved. The ten-term example sequence is intentionally split across two aligned display rows so its tail is no longer clipped on PDF page 64; the following inequality and unit boundary are unchanged. The final all-page render comparison and direct high-resolution page inspection pass with zero clipping or residue."",""record_type"":""qa_event"",""recorded_at"":""2026-08-21T00:00:00Z"",""result"":""pass"",""schema_name"":""lebl.backend.record"",""schema_version"":""0.3.0"",""semantic_aliases"":[],""semantic_key"":""lebl.ra.qa.manifest-topology.ra.v1.sequences-series.sequences-limits.tail"",""status"":""active"",""subject_ids"":[""urn:uuid:76dd3ba2-1ab2-5af4-911b-e93f37eb4c30""],""supersedes_id"":null,""toolchain"":[""bounded semantic replay plus complete Volume I PDF visual gate""],""witness"":{""kind"":""file"",""locator"":""backend/production/v0.3/inputs/TRANSLATION_MANIFEST.jsonl:ra.v1.sequences-series.sequences-limits.tail"",""sha256"":""sha256:56ecbcbee5da50b740b02d7892a69b7726f2362cbbc1d4dba712b60e7a8ce1f1""},""workflow_id"":""01a01f57-a34b-7740-9717-596b8116910c/backend-production-v0.3-r006-live""}"
"urn:uuid:9c646a5b-283c-51f5-9d6c-caf7363f85e4","lebl.ra.qa.manifest-topology.ra.v1.functions-limits.uniform-convergence.exercises","topology","[""urn:uuid:ca411970-540a-5c77-a271-26b98da616e7""]","pass","{""kind"":""file"",""locator"":""backend/production/v0.3/inputs/TRANSLATION_MANIFEST.jsonl:ra.v1.functions-limits.uniform-convergence.exercises"",""sha256"":""sha256:73f51e2cd9f1981946c396ae14831cb95d0b347697b6c107ef9cde1510771522""}","[""independent bounded exact semantic-unit replay""]","2026-08-21T00:00:00Z","active","","","","","","","","","{""check_type"":""topology"",""id"":""urn:uuid:9c646a5b-283c-51f5-9d6c-caf7363f85e4"",""note"":""All 143 lines are translated. Ordered commands 163/163, environment tokens 42/42, protected mathematics, IDs, references, comments, and topology retain parity. A minor ungrammatical source phrase is naturally localized without mathematical change; reader-facing English residue is zero."",""record_type"":""qa_event"",""recorded_at"":""2026-08-21T00:00:00Z"",""result"":""pass"",""schema_name"":""lebl.backend.record"",""schema_version"":""0.3.0"",""semantic_aliases"":[],""semantic_key"":""lebl.ra.qa.manifest-topology.ra.v1.functions-limits.uniform-convergence.exercises"",""status"":""active"",""subject_ids"":[""urn:uuid:ca411970-540a-5c77-a271-26b98da616e7""],""supersedes_id"":null,""toolchain"":[""independent bounded exact semantic-unit replay""],""witness"":{""kind"":""file"",""locator"":""backend/production/v0.3/inputs/TRANSLATION_MANIFEST.jsonl:ra.v1.functions-limits.uniform-convergence.exercises"",""sha256"":""sha256:73f51e2cd9f1981946c396ae14831cb95d0b347697b6c107ef9cde1510771522""},""workflow_id"":""01a01f57-a34b-7740-9717-596b8116910c/backend-production-v0.3-r006-live""}"
"urn:uuid:9d27f2b6-3f05-508c-a6d5-a89d09828425","lebl.ra.qa.manifest-topology.ra.v1.derivative.exercises","topology","[""urn:uuid:2abef04b-2d4d-5238-8c86-7297c9dcec73""]","pass","{""kind"":""file"",""locator"":""backend/production/v0.3/inputs/TRANSLATION_MANIFEST.jsonl:ra.v1.derivative.exercises"",""sha256"":""sha256:6664854c1b2318201718482a6f5b68ff0a208f873f68bb9d27c090f9f3b945da""}","[""bounded exact semantic-unit translation replay by r006_derivative_exercises""]","2026-08-21T00:00:00Z","active","","","","","","","","","{""check_type"":""topology"",""id"":""urn:uuid:9d27f2b6-3f05-508c-a6d5-a89d09828425"",""note"":""All 144 lines are translated. One hundred inline-math spans, two display blocks after reader-text localization, 20 begin/end pairs, five labels, the separator comment, and page-break boundary remain exact. ADV-0031 normalizes one malformed source coordination; reader-facing English residue is zero."",""record_type"":""qa_event"",""recorded_at"":""2026-08-21T00:00:00Z"",""result"":""pass"",""schema_name"":""lebl.backend.record"",""schema_version"":""0.3.0"",""semantic_aliases"":[],""semantic_key"":""lebl.ra.qa.manifest-topology.ra.v1.derivative.exercises"",""status"":""active"",""subject_ids"":[""urn:uuid:2abef04b-2d4d-5238-8c86-7297c9dcec73""],""supersedes_id"":null,""toolchain"":[""bounded exact semantic-unit translation replay by r006_derivative_exercises""],""witness"":{""kind"":""file"",""locator"":""backend/production/v0.3/inputs/TRANSLATION_MANIFEST.jsonl:ra.v1.derivative.exercises"",""sha256"":""sha256:6664854c1b2318201718482a6f5b68ff0a208f873f68bb9d27c090f9f3b945da""},""workflow_id"":""01a01f57-a34b-7740-9717-596b8116910c/backend-production-v0.3-r006-live""}"
"urn:uuid:9e5a7bc1-f7b2-5ec2-a0db-9484a77dda4a","lebl.ra.qa.manifest-topology.ra.v1.continuous-functions.uniform-continuity.continuous-extension","topology","[""urn:uuid:be4cea84-440b-538a-aba8-06c64bb6b513""]","pass","{""kind"":""file"",""locator"":""backend/production/v0.3/inputs/TRANSLATION_MANIFEST.jsonl:ra.v1.continuous-functions.uniform-continuity.continuous-extension"",""sha256"":""sha256:be3750ffb0ea49f114af6dcd32be0da33cce9532ae8196792b912a8e4545f024""}","[""bounded exact semantic-unit replay by root""]","2026-08-21T00:00:00Z","active","","","","","","","","","{""check_type"":""topology"",""id"":""urn:uuid:9e5a7bc1-f7b2-5ec2-a0db-9484a77dda4a"",""note"":""All 112 lines are translated. Ordered commands 161/161, environment tokens 20/20, seven IDs/references, 66 protected-math spans after reader-text localization, and 96 brace pairs remain exact. Reader-facing English residue is zero and no source correction was required."",""record_type"":""qa_event"",""recorded_at"":""2026-08-21T00:00:00Z"",""result"":""pass"",""schema_name"":""lebl.backend.record"",""schema_version"":""0.3.0"",""semantic_aliases"":[],""semantic_key"":""lebl.ra.qa.manifest-topology.ra.v1.continuous-functions.uniform-continuity.continuous-extension"",""status"":""active"",""subject_ids"":[""urn:uuid:be4cea84-440b-538a-aba8-06c64bb6b513""],""supersedes_id"":null,""toolchain"":[""bounded exact semantic-unit replay by root""],""witness"":{""kind"":""file"",""locator"":""backend/production/v0.3/inputs/TRANSLATION_MANIFEST.jsonl:ra.v1.continuous-functions.uniform-continuity.continuous-extension"",""sha256"":""sha256:be3750ffb0ea49f114af6dcd32be0da33cce9532ae8196792b912a8e4545f024""},""workflow_id"":""01a01f57-a34b-7740-9717-596b8116910c/backend-production-v0.3-r006-live""}"
"urn:uuid:9e648048-ef01-5e99-87b7-2e62cc9cc7c6","lebl.ra.qa.manifest-topology.ra.v1.derivative.taylor.theorem","topology","[""urn:uuid:54af0ff3-80e7-5ecc-a3e1-c2806c999896""]","pass","{""kind"":""file"",""locator"":""backend/production/v0.3/inputs/TRANSLATION_MANIFEST.jsonl:ra.v1.derivative.taylor.theorem"",""sha256"":""sha256:7d4236d1539b45ac1ad6b64268c436f76500a8e7ed14b1a85e8c1abe4be341b6""}","[""bounded exact semantic-unit translation replay by r006_taylor_theorem""]","2026-08-21T00:00:00Z","active","","","","","","","","","{""check_type"":""topology"",""id"":""urn:uuid:9e648048-ef01-5e99-87b7-2e62cc9cc7c6"",""note"":""All 263 lines are translated. Commands 132/132, environments 34/34, inline math 129/129, nine normalized displays, 18 IDs/references/URLs/assets, 170 brace pairs, and blank-line topology remain exact. ADV-0038 corrects one directional accessibility contradiction and ADV-0039 normalizes plural agreement; reader-facing English residue is zero."",""record_type"":""qa_event"",""recorded_at"":""2026-08-21T00:00:00Z"",""result"":""pass"",""schema_name"":""lebl.backend.record"",""schema_version"":""0.3.0"",""semantic_aliases"":[],""semantic_key"":""lebl.ra.qa.manifest-topology.ra.v1.derivative.taylor.theorem"",""status"":""active"",""subject_ids"":[""urn:uuid:54af0ff3-80e7-5ecc-a3e1-c2806c999896""],""supersedes_id"":null,""toolchain"":[""bounded exact semantic-unit translation replay by r006_taylor_theorem""],""witness"":{""kind"":""file"",""locator"":""backend/production/v0.3/inputs/TRANSLATION_MANIFEST.jsonl:ra.v1.derivative.taylor.theorem"",""sha256"":""sha256:7d4236d1539b45ac1ad6b64268c436f76500a8e7ed14b1a85e8c1abe4be341b6""},""workflow_id"":""01a01f57-a34b-7740-9717-596b8116910c/backend-production-v0.3-r006-live""}"
"urn:uuid:a0b5f95d-b0cc-528e-ad81-6f1fba684abe","lebl.ra.qa.manifest-topology.ra.v1.sequences-series.limsup-liminf-bw.upper-lower-limits","topology","[""urn:uuid:39c312ec-759e-5900-8a0e-234276d1765a""]","pass","{""kind"":""file"",""locator"":""backend/production/v0.3/inputs/TRANSLATION_MANIFEST.jsonl:ra.v1.sequences-series.limsup-liminf-bw.upper-lower-limits"",""sha256"":""sha256:c35ba5cea786c3057702b000e68f64fbb3b93cc8d7768bb9e6af349e671cbe42""}","[""bounded exact semantic-unit replay by ra_limsup_intro_upper_lower""]","2026-08-21T00:00:00Z","active","","","","","","","","","{""check_type"":""topology"",""id"":""urn:uuid:a0b5f95d-b0cc-528e-ad81-6f1fba684abe"",""note"":""All 290 semantic lines are translated. Commands 316/316, environment events 54/54, labels 6/6, references 6/6, glossary additions 2/2, index entries 2/2, assets 2/2, comments 4/4, 94 inline-math and 14 display-math regions after permitted text localization, and 272 balanced brace pairs remain exact. Reader-facing English residue is zero. An inherited accessibility typo is naturally normalized under LEBL-ID-ADV-0012."",""record_type"":""qa_event"",""recorded_at"":""2026-08-21T00:00:00Z"",""result"":""pass"",""schema_name"":""lebl.backend.record"",""schema_version"":""0.3.0"",""semantic_aliases"":[],""semantic_key"":""lebl.ra.qa.manifest-topology.ra.v1.sequences-series.limsup-liminf-bw.upper-lower-limits"",""status"":""active"",""subject_ids"":[""urn:uuid:39c312ec-759e-5900-8a0e-234276d1765a""],""supersedes_id"":null,""toolchain"":[""bounded exact semantic-unit replay by ra_limsup_intro_upper_lower""],""witness"":{""kind"":""file"",""locator"":""backend/production/v0.3/inputs/TRANSLATION_MANIFEST.jsonl:ra.v1.sequences-series.limsup-liminf-bw.upper-lower-limits"",""sha256"":""sha256:c35ba5cea786c3057702b000e68f64fbb3b93cc8d7768bb9e6af349e671cbe42""},""workflow_id"":""01a01f57-a34b-7740-9717-596b8116910c/backend-production-v0.3-r006-live""}"
"urn:uuid:a1883405-288a-5245-9c81-d0aaf28dba34","lebl.ra.qa.manifest-topology.ra.v1.metric-spaces.compactness-definitions-covers","topology","[""urn:uuid:d866dd1a-78b4-59c6-af38-3baeece40606""]","pass","{""kind"":""file"",""locator"":""backend/production/v0.3/inputs/TRANSLATION_MANIFEST.jsonl:ra.v1.metric-spaces.compactness-definitions-covers"",""sha256"":""sha256:0d92d34c1bfeb0da097bb0e7241916365f70d9cf3f10e942c2e545eea2b25178""}","[""independent bounded compactness-part-one audit plus final root language repairs""]","2026-08-21T00:00:00Z","active","","","","","","","","","{""check_type"":""topology"",""id"":""urn:uuid:a1883405-288a-5245-9c81-d0aaf28dba34"",""note"":""Compact sets, open covers and subcovers, sequential compactness, the Lebesgue covering lemma, examples, proofs, and accessibility descriptions are fully localized. Ordered commands, 30 environment tokens, 120 inline-math spans, seven displays, and all IDs, links, and assets retain exact parity; reader-facing English residue and mojibake are zero."",""record_type"":""qa_event"",""recorded_at"":""2026-08-21T00:00:00Z"",""result"":""pass"",""schema_name"":""lebl.backend.record"",""schema_version"":""0.3.0"",""semantic_aliases"":[],""semantic_key"":""lebl.ra.qa.manifest-topology.ra.v1.metric-spaces.compactness-definitions-covers"",""status"":""active"",""subject_ids"":[""urn:uuid:d866dd1a-78b4-59c6-af38-3baeece40606""],""supersedes_id"":null,""toolchain"":[""independent bounded compactness-part-one audit plus final root language repairs""],""witness"":{""kind"":""file"",""locator"":""backend/production/v0.3/inputs/TRANSLATION_MANIFEST.jsonl:ra.v1.metric-spaces.compactness-definitions-covers"",""sha256"":""sha256:0d92d34c1bfeb0da097bb0e7241916365f70d9cf3f10e942c2e545eea2b25178""},""workflow_id"":""01a01f57-a34b-7740-9717-596b8116910c/backend-production-v0.3-r006-live""}"
"urn:uuid:a2037940-eb43-59ab-a1c8-1384f3b0a3c8","lebl.ra.qa.manifest-topology.ra.combined.reader.chrome-license-ptx","topology","[""urn:uuid:e201de2b-d9cf-5b6f-a024-59d8e9d1eb5e""]","pass","{""kind"":""file"",""locator"":""backend/production/v0.3/inputs/TRANSLATION_MANIFEST.jsonl:ra.combined.reader.chrome-license-ptx"",""sha256"":""sha256:c9495d2c918ac8ca9622751b2d700053550d7e6c7a46eb417166f875709aed08""}","[""bounded driver audits, disposable converter replay, first-pass footnote bootstrap repair, and complete Volume I XML gate""]","2026-08-21T00:00:00Z","active","","","","","","","","","{""check_type"":""topology"",""id"":""urn:uuid:a2037940-eb43-59ab-a1c8-1384f3b0a3c8"",""note"":""Generated XML is well formed with xml:lang id-ID, 672 unique IDs, and 952 resolving xrefs; converter ends with zero errors and robustly accepts a final enddocument without a trailing blank paragraph. The converter now XML-escapes literal ampersands and less-than signs in the TeX macro text before serialization while preserving the decoded macro payload. The PDF catalog language is id-ID; author metadata preserves Jiří Lebl and Indonesian ij extracts as two Unicode characters; a numeric first-pass fallback prevents perpage footnote counter overflow before page-break data exists."",""record_type"":""qa_event"",""recorded_at"":""2026-08-21T00:00:00Z"",""result"":""pass"",""schema_name"":""lebl.backend.record"",""schema_version"":""0.3.0"",""semantic_aliases"":[],""semantic_key"":""lebl.ra.qa.manifest-topology.ra.combined.reader.chrome-license-ptx"",""status"":""active"",""subject_ids"":[""urn:uuid:e201de2b-d9cf-5b6f-a024-59d8e9d1eb5e""],""supersedes_id"":null,""toolchain"":[""bounded driver audits, disposable converter replay, first-pass footnote bootstrap repair, and complete Volume I XML gate""],""witness"":{""kind"":""file"",""locator"":""backend/production/v0.3/inputs/TRANSLATION_MANIFEST.jsonl:ra.combined.reader.chrome-license-ptx"",""sha256"":""sha256:c9495d2c918ac8ca9622751b2d700053550d7e6c7a46eb417166f875709aed08""},""workflow_id"":""01a01f57-a34b-7740-9717-596b8116910c/backend-production-v0.3-r006-live""}"
"urn:uuid:a3317c8e-34e0-56e2-9250-e085992d5f69","lebl.ra.qa.manifest-topology.ra.v2.several-variables.vector-spaces","topology","[""urn:uuid:c9e30a12-5ef0-540f-b75b-55ec041983b3""]","pass","{""kind"":""file"",""locator"":""backend/production/v0.3/inputs/TRANSLATION_MANIFEST.jsonl:ra.v2.several-variables.vector-spaces"",""sha256"":""sha256:fead4d644b279d9229718863b1e4bd4e0898cd11bc82daaecb67ee8b917ab38d""}","[""bounded source-target semantic replay and natural id-ID review""]","2026-08-21T00:00:00Z","active","","","","","","","","","{""check_type"":""topology"",""id"":""urn:uuid:a3317c8e-34e0-56e2-9250-e085992d5f69"",""note"":""The Volume II chapter opening and complete vector-space subsection are localized. The ordered 212-command stream, thirty environment tokens, eleven IDs and references, one figure asset, 123 inline-math spans, comments, and braces retain exact topology; figure accessibility prose is complete and reader-facing English residue and mojibake are zero."",""record_type"":""qa_event"",""recorded_at"":""2026-08-21T00:00:00Z"",""result"":""pass"",""schema_name"":""lebl.backend.record"",""schema_version"":""0.3.0"",""semantic_aliases"":[],""semantic_key"":""lebl.ra.qa.manifest-topology.ra.v2.several-variables.vector-spaces"",""status"":""active"",""subject_ids"":[""urn:uuid:c9e30a12-5ef0-540f-b75b-55ec041983b3""],""supersedes_id"":null,""toolchain"":[""bounded source-target semantic replay and natural id-ID review""],""witness"":{""kind"":""file"",""locator"":""backend/production/v0.3/inputs/TRANSLATION_MANIFEST.jsonl:ra.v2.several-variables.vector-spaces"",""sha256"":""sha256:fead4d644b279d9229718863b1e4bd4e0898cd11bc82daaecb67ee8b917ab38d""},""workflow_id"":""01a01f57-a34b-7740-9717-596b8116910c/backend-production-v0.3-r006-live""}"
"urn:uuid:a42ef084-df31-5ff7-89c8-871c3829e1e1","lebl.ra.qa.manifest-topology.ra.v2.analysis-vector-spaces.determinants","topology","[""urn:uuid:5f6c3f9e-8fd3-5e7a-bbf6-b6d050e604ac""]","pass","{""kind"":""file"",""locator"":""backend/production/v0.3/inputs/TRANSLATION_MANIFEST.jsonl:ra.v2.analysis-vector-spaces.determinants"",""sha256"":""sha256:82ff5464bcf5bb858822ea5695049f030842ff1331d9daef3e7c7497a12c8740""}","[""bounded structural, mathematical, accessibility, and residue replay plus ADV-0085 and ADV-0086""]","2026-08-21T00:00:00Z","active","","","","","","","","","{""check_type"":""topology"",""id"":""urn:uuid:a42ef084-df31-5ff7-89c8-871c3829e1e1"",""note"":""Permutation signs, determinants, area and volume, multiplicativity, invertibility, basis independence, elementary matrices, row operations, the change-of-basis diagram, and all accessibility prose are fully localized. The ordered 452-command stream, seventy environment tokens, 164 inline-math spans, 27 IDs and references, comments, and braces retain exact topology; the only protected-math order delta is ADV-0085's declared j/k row-operation correction. ADV-0086 repairs the diagram description's incorrect B-inverse endpoint. Reader-facing English residue and mojibake are zero."",""record_type"":""qa_event"",""recorded_at"":""2026-08-21T00:00:00Z"",""result"":""pass"",""schema_name"":""lebl.backend.record"",""schema_version"":""0.3.0"",""semantic_aliases"":[],""semantic_key"":""lebl.ra.qa.manifest-topology.ra.v2.analysis-vector-spaces.determinants"",""status"":""active"",""subject_ids"":[""urn:uuid:5f6c3f9e-8fd3-5e7a-bbf6-b6d050e604ac""],""supersedes_id"":null,""toolchain"":[""bounded structural, mathematical, accessibility, and residue replay plus ADV-0085 and ADV-0086""],""witness"":{""kind"":""file"",""locator"":""backend/production/v0.3/inputs/TRANSLATION_MANIFEST.jsonl:ra.v2.analysis-vector-spaces.determinants"",""sha256"":""sha256:82ff5464bcf5bb858822ea5695049f030842ff1331d9daef3e7c7497a12c8740""},""workflow_id"":""01a01f57-a34b-7740-9717-596b8116910c/backend-production-v0.3-r006-live""}"
"urn:uuid:a6874aa0-9675-5b1b-9480-81dcc383223d","lebl.ra.qa.manifest-topology.ra.v1.sequences-series.limit-facts.convergence-tests","topology","[""urn:uuid:6b252441-3578-5244-8607-87d0203dcbf0""]","pass","{""kind"":""file"",""locator"":""backend/production/v0.3/inputs/TRANSLATION_MANIFEST.jsonl:ra.v1.sequences-series.limit-facts.convergence-tests"",""sha256"":""sha256:d144f9272449a553078bd49d43c7fba0eb88cbaef1e92d19e7e55d28fa998093""}","[""bounded exact semantic-unit replay by ra_convergence_tests_audit plus parent correction hash replay""]","2026-08-21T00:00:00Z","active","","","","","","","","","{""check_type"":""topology"",""id"":""urn:uuid:a6874aa0-9675-5b1b-9480-81dcc383223d"",""note"":""Commands 357/357, environment events 56/56, labels 4/4, stable references 5/5, one asset, one comment, 138 protected-math regions after three explicit text localizations, and 289 balanced brace pairs remain exact. Accessibility prose and caption are Indonesian and figure-consistent. A false ratio-limit wording inherited from the source is corrected under LEBL-ID-ADV-0011; no reader-facing English residue remains."",""record_type"":""qa_event"",""recorded_at"":""2026-08-21T00:00:00Z"",""result"":""pass"",""schema_name"":""lebl.backend.record"",""schema_version"":""0.3.0"",""semantic_aliases"":[],""semantic_key"":""lebl.ra.qa.manifest-topology.ra.v1.sequences-series.limit-facts.convergence-tests"",""status"":""active"",""subject_ids"":[""urn:uuid:6b252441-3578-5244-8607-87d0203dcbf0""],""supersedes_id"":null,""toolchain"":[""bounded exact semantic-unit replay by ra_convergence_tests_audit plus parent correction hash replay""],""witness"":{""kind"":""file"",""locator"":""backend/production/v0.3/inputs/TRANSLATION_MANIFEST.jsonl:ra.v1.sequences-series.limit-facts.convergence-tests"",""sha256"":""sha256:d144f9272449a553078bd49d43c7fba0eb88cbaef1e92d19e7e55d28fa998093""},""workflow_id"":""01a01f57-a34b-7740-9717-596b8116910c/backend-production-v0.3-r006-live""}"
"urn:uuid:a7dea8b0-f509-5f58-aa9d-8497dc57fe58","lebl.ra.qa.manifest-topology.ra.v1.intro.basic-set-theory.sets","topology","[""urn:uuid:3f44e8af-3d83-5c87-aa80-f1728067d86b""]","pass","{""kind"":""file"",""locator"":""backend/production/v0.3/inputs/TRANSLATION_MANIFEST.jsonl:ra.v1.intro.basic-set-theory.sets"",""sha256"":""sha256:a179e0c2a75d9be77db6141070006663951513312d4807ecc8476d0d8ca128d0""}","[""qa/verify_ra_unit_0001.py""]","2026-08-21T00:00:00Z","active","","","","","","","","","{""check_type"":""topology"",""id"":""urn:uuid:a7dea8b0-f509-5f58-aa9d-8497dc57fe58"",""note"":""Commands, references, environments, formulas, and comments preserved; eight reader-text literals inside mathematical text commands were localized without changing mathematical semantics."",""record_type"":""qa_event"",""recorded_at"":""2026-08-21T00:00:00Z"",""result"":""pass"",""schema_name"":""lebl.backend.record"",""schema_version"":""0.3.0"",""semantic_aliases"":[],""semantic_key"":""lebl.ra.qa.manifest-topology.ra.v1.intro.basic-set-theory.sets"",""status"":""active"",""subject_ids"":[""urn:uuid:3f44e8af-3d83-5c87-aa80-f1728067d86b""],""supersedes_id"":null,""toolchain"":[""qa/verify_ra_unit_0001.py""],""witness"":{""kind"":""file"",""locator"":""backend/production/v0.3/inputs/TRANSLATION_MANIFEST.jsonl:ra.v1.intro.basic-set-theory.sets"",""sha256"":""sha256:a179e0c2a75d9be77db6141070006663951513312d4807ecc8476d0d8ca128d0""},""workflow_id"":""01a01f57-a34b-7740-9717-596b8116910c/backend-production-v0.3-r006-live""}"
"urn:uuid:a9e72d37-538e-5da3-939b-8008aabcef9a","lebl.ra.qa.manifest-topology.ra.v1.riemann-properties.additivity","topology","[""urn:uuid:3f284491-cb5b-5fc4-ab5e-ff942a75895e""]","pass","{""kind"":""file"",""locator"":""backend/production/v0.3/inputs/TRANSLATION_MANIFEST.jsonl:ra.v1.riemann-properties.additivity"",""sha256"":""sha256:632b2ebe000523b637224bc754f784bf87decdc2263432dbf2c9072a24d84732""}","[""independent bounded exact semantic-unit replay by r006_additivity_audit plus root topology/naturalness fixes and refreshed hash replay""]","2026-08-21T00:00:00Z","active","","","","","","","","","{""check_type"":""topology"",""id"":""urn:uuid:a9e72d37-538e-5da3-939b-8008aabcef9a"",""note"":""All 187 lines are translated. Ordered commands 196/196, environment tokens 32/32, three labels, two references, the comment, 105 brace pairs, 10 displays, inline protected math, and blank-line topology remain exact after reader-text localization. Reader-facing English residue is zero and no source correction was required."",""record_type"":""qa_event"",""recorded_at"":""2026-08-21T00:00:00Z"",""result"":""pass"",""schema_name"":""lebl.backend.record"",""schema_version"":""0.3.0"",""semantic_aliases"":[],""semantic_key"":""lebl.ra.qa.manifest-topology.ra.v1.riemann-properties.additivity"",""status"":""active"",""subject_ids"":[""urn:uuid:3f284491-cb5b-5fc4-ab5e-ff942a75895e""],""supersedes_id"":null,""toolchain"":[""independent bounded exact semantic-unit replay by r006_additivity_audit plus root topology/naturalness fixes and refreshed hash replay""],""witness"":{""kind"":""file"",""locator"":""backend/production/v0.3/inputs/TRANSLATION_MANIFEST.jsonl:ra.v1.riemann-properties.additivity"",""sha256"":""sha256:632b2ebe000523b637224bc754f784bf87decdc2263432dbf2c9072a24d84732""},""workflow_id"":""01a01f57-a34b-7740-9717-596b8116910c/backend-production-v0.3-r006-live""}"
"urn:uuid:a9ff58ba-e79f-5926-82e3-4ab95c4280ef","lebl.ra.qa.manifest-topology.ra.v1.continuous-functions.extreme-intermediate.extreme-value","topology","[""urn:uuid:cd85506b-6844-5aa8-a2f6-b1f5783f2311""]","pass","{""kind"":""file"",""locator"":""backend/production/v0.3/inputs/TRANSLATION_MANIFEST.jsonl:ra.v1.continuous-functions.extreme-intermediate.extreme-value"",""sha256"":""sha256:adcbb46395e630ca5aabd136ebdfd3bc61ae15ce38a7398f429cc5e55d44c9c1""}","[""bounded exact semantic-unit translation replay by ra_series_tests_audit""]","2026-08-21T00:00:00Z","active","","","","","","","","","{""check_type"":""topology"",""id"":""urn:uuid:a9ff58ba-e79f-5926-82e3-4ab95c4280ef"",""note"":""All 186 lines are translated. Commands 226/226, environment pairs 17/17, two labels, three reference/hyperref targets, 11 indexes, one figure asset, eight comments, 103 protected-math regions after six reader-text localizations, and 126 balanced brace pairs remain exact. Accessibility prose is Indonesian; ADV-0021 normalizes a source adjective typo and reader-facing English residue is zero."",""record_type"":""qa_event"",""recorded_at"":""2026-08-21T00:00:00Z"",""result"":""pass"",""schema_name"":""lebl.backend.record"",""schema_version"":""0.3.0"",""semantic_aliases"":[],""semantic_key"":""lebl.ra.qa.manifest-topology.ra.v1.continuous-functions.extreme-intermediate.extreme-value"",""status"":""active"",""subject_ids"":[""urn:uuid:cd85506b-6844-5aa8-a2f6-b1f5783f2311""],""supersedes_id"":null,""toolchain"":[""bounded exact semantic-unit translation replay by ra_series_tests_audit""],""witness"":{""kind"":""file"",""locator"":""backend/production/v0.3/inputs/TRANSLATION_MANIFEST.jsonl:ra.v1.continuous-functions.extreme-intermediate.extreme-value"",""sha256"":""sha256:adcbb46395e630ca5aabd136ebdfd3bc61ae15ce38a7398f429cc5e55d44c9c1""},""workflow_id"":""01a01f57-a34b-7740-9717-596b8116910c/backend-production-v0.3-r006-live""}"
"urn:uuid:aa6c6b56-100c-554b-a38a-3c96caf71114","lebl.ra.qa.manifest-topology.ra.v1.metric-spaces.compactness-continuity","topology","[""urn:uuid:73258470-f5a9-522b-a40d-8b627f86736e""]","pass","{""kind"":""file"",""locator"":""backend/production/v0.3/inputs/TRANSLATION_MANIFEST.jsonl:ra.v1.metric-spaces.compactness-continuity"",""sha256"":""sha256:e89540ba250eeb0a75224444df3e8f7abd330372d7a92b55f826cd24f2b8a902""}","[""independent bounded compactness-continuity translation replay""]","2026-08-21T00:00:00Z","active","","","","","","","","","{""check_type"":""topology"",""id"":""urn:uuid:aa6c6b56-100c-554b-a38a-3c96caf71114"",""note"":""Continuous images of compact sets and the absolute-extrema theorem and proofs are fully localized. The 65-command sequence, fourteen environment tokens, 42 inline-math spans, three displays, labels, and references retain exact parity; reader-facing English residue and mojibake are zero."",""record_type"":""qa_event"",""recorded_at"":""2026-08-21T00:00:00Z"",""result"":""pass"",""schema_name"":""lebl.backend.record"",""schema_version"":""0.3.0"",""semantic_aliases"":[],""semantic_key"":""lebl.ra.qa.manifest-topology.ra.v1.metric-spaces.compactness-continuity"",""status"":""active"",""subject_ids"":[""urn:uuid:73258470-f5a9-522b-a40d-8b627f86736e""],""supersedes_id"":null,""toolchain"":[""independent bounded compactness-continuity translation replay""],""witness"":{""kind"":""file"",""locator"":""backend/production/v0.3/inputs/TRANSLATION_MANIFEST.jsonl:ra.v1.metric-spaces.compactness-continuity"",""sha256"":""sha256:e89540ba250eeb0a75224444df3e8f7abd330372d7a92b55f826cd24f2b8a902""},""workflow_id"":""01a01f57-a34b-7740-9717-596b8116910c/backend-production-v0.3-r006-live""}"
"urn:uuid:aa8e8b0c-69a6-5c62-86f2-94b0887ebe7f","lebl.ra.qa.volume1-complete.converter-2026-08-21","topology","[""urn:uuid:2f1a60b7-96ef-594d-958e-3d985f9e4971""]","pass","{""kind"":""file"",""locator"":""backend/production/v0.3/inputs/R006_VOLUME1_COMPLETE_CHECKPOINT_20260821.md"",""sha256"":""sha256:82cba4bdec2dad69ce471550cdf0959c8200b58a9a6836ceed603451745df06a""}","[""exact Volume I completion receipt""]","2026-08-21T00:00:00Z","active","converter_topology_v1","0","672","952","","","","","{""check_type"":""topology"",""id"":""urn:uuid:aa8e8b0c-69a6-5c62-86f2-94b0887ebe7f"",""metrics"":{""cross_references"":952,""duplicate_ids"":0,""elements"":32740,""errors"":0,""metric_schema"":""converter_topology_v1"",""resolving_xrefs"":952,""unique_ids"":672,""unresolved_cross_references"":0},""note"":""Well-formed id-ID PreTeXt: zero converter errors, duplicate IDs, or unresolved cross-references."",""record_type"":""qa_event"",""recorded_at"":""2026-08-21T00:00:00Z"",""result"":""pass"",""schema_name"":""lebl.backend.record"",""schema_version"":""0.3.0"",""semantic_aliases"":[],""semantic_key"":""lebl.ra.qa.volume1-complete.converter-2026-08-21"",""status"":""active"",""subject_ids"":[""urn:uuid:2f1a60b7-96ef-594d-958e-3d985f9e4971""],""supersedes_id"":null,""toolchain"":[""exact Volume I completion receipt""],""witness"":{""kind"":""file"",""locator"":""backend/production/v0.3/inputs/R006_VOLUME1_COMPLETE_CHECKPOINT_20260821.md"",""sha256"":""sha256:82cba4bdec2dad69ce471550cdf0959c8200b58a9a6836ceed603451745df06a""},""workflow_id"":""01a01f57-a34b-7740-9717-596b8116910c/backend-production-v0.3-r006-live""}"
"urn:uuid:afac66a9-a950-5e36-aff3-993732372abd","lebl.ra.qa.manifest-topology.ra.v1.continuous-functions.monotone-continuity.definitions","topology","[""urn:uuid:6efdbd5a-85be-5c80-8709-a4cfed6f86c6""]","pass","{""kind"":""file"",""locator"":""backend/production/v0.3/inputs/TRANSLATION_MANIFEST.jsonl:ra.v1.continuous-functions.monotone-continuity.definitions"",""sha256"":""sha256:694d292d83d67c3971878405187c4a7908fb9bbfdc049f25d0edfd9653164fc9""}","[""independent bounded exact semantic-unit replay by r006_monotone_opening_audit""]","2026-08-21T00:00:00Z","active","","","","","","","","","{""check_type"":""topology"",""id"":""urn:uuid:afac66a9-a950-5e36-aff3-993732372abd"",""note"":""All 33 lines are translated. Ordered commands, the definition environment, section label, two references, intro comment, 23 brace pairs, and nine protected-math spans remain exact; five source control-space tokens disappear with localization of resp. terminology. ADV-0027 clarifies that strictness is not required rather than excluded. Reader-facing English residue is zero."",""record_type"":""qa_event"",""recorded_at"":""2026-08-21T00:00:00Z"",""result"":""pass"",""schema_name"":""lebl.backend.record"",""schema_version"":""0.3.0"",""semantic_aliases"":[],""semantic_key"":""lebl.ra.qa.manifest-topology.ra.v1.continuous-functions.monotone-continuity.definitions"",""status"":""active"",""subject_ids"":[""urn:uuid:6efdbd5a-85be-5c80-8709-a4cfed6f86c6""],""supersedes_id"":null,""toolchain"":[""independent bounded exact semantic-unit replay by r006_monotone_opening_audit""],""witness"":{""kind"":""file"",""locator"":""backend/production/v0.3/inputs/TRANSLATION_MANIFEST.jsonl:ra.v1.continuous-functions.monotone-continuity.definitions"",""sha256"":""sha256:694d292d83d67c3971878405187c4a7908fb9bbfdc049f25d0edfd9653164fc9""},""workflow_id"":""01a01f57-a34b-7740-9717-596b8116910c/backend-production-v0.3-r006-live""}"
"urn:uuid:b137bdc0-0e27-597a-98d1-0efa6965fc04","lebl.ra.qa.manifest-topology.ra.v1.metric-spaces.sequence-exercises","topology","[""urn:uuid:d665b535-5e0c-542e-bb20-7a7eb4e3c204""]","pass","{""kind"":""file"",""locator"":""backend/production/v0.3/inputs/TRANSLATION_MANIFEST.jsonl:ra.v1.metric-spaces.sequence-exercises"",""sha256"":""sha256:7080aafed5266c093b504cc0a359dd2867c965378410973561c5f58940d34570""}","[""independent bounded exercise audit plus focused ADV-0069 replay""]","2026-08-21T00:00:00Z","active","","","","","","","","","{""check_type"":""topology"",""id"":""urn:uuid:b137bdc0-0e27-597a-98d1-0efa6965fc04"",""note"":""All fourteen exercises and eleven enumerated subitems are fully localized. Environment topology, IDs, references, formulas, comments, and braces retain parity outside ADV-0069; the corrected extended-real metric is total on every ordered pair and exactly the pullback of absolute distance under the intended embedding into [-1,1]. Reader-facing English residue and mojibake are zero."",""record_type"":""qa_event"",""recorded_at"":""2026-08-21T00:00:00Z"",""result"":""pass"",""schema_name"":""lebl.backend.record"",""schema_version"":""0.3.0"",""semantic_aliases"":[],""semantic_key"":""lebl.ra.qa.manifest-topology.ra.v1.metric-spaces.sequence-exercises"",""status"":""active"",""subject_ids"":[""urn:uuid:d665b535-5e0c-542e-bb20-7a7eb4e3c204""],""supersedes_id"":null,""toolchain"":[""independent bounded exercise audit plus focused ADV-0069 replay""],""witness"":{""kind"":""file"",""locator"":""backend/production/v0.3/inputs/TRANSLATION_MANIFEST.jsonl:ra.v1.metric-spaces.sequence-exercises"",""sha256"":""sha256:7080aafed5266c093b504cc0a359dd2867c965378410973561c5f58940d34570""},""workflow_id"":""01a01f57-a34b-7740-9717-596b8116910c/backend-production-v0.3-r006-live""}"
"urn:uuid:b191cd01-e574-5aea-b997-b286aa214232","lebl.ra.qa.manifest-topology.ra.v1.metric-spaces.closure-boundary","topology","[""urn:uuid:3afb549b-7550-596c-b411-fc8c9f334ad8""]","pass","{""kind"":""file"",""locator"":""backend/production/v0.3/inputs/TRANSLATION_MANIFEST.jsonl:ra.v1.metric-spaces.closure-boundary"",""sha256"":""sha256:33ac17ddfbaac47cba3b5571bb0b5fade2d5f8158dc553a851742d0e4a534dcd""}","[""independent bounded closure/boundary audit plus final root index and naturalness repairs""]","2026-08-21T00:00:00Z","active","","","","","","","","","{""check_type"":""topology"",""id"":""urn:uuid:b191cd01-e574-5aea-b997-b286aa214232"",""note"":""Closure, interior, boundary, neighborhood characterizations, proofs, examples, corollary, index entries, and figure accessibility text are fully localized. The 232-command sequence, 38 environment tokens, 130 inline-math spans, three display equations, IDs/assets, comments, and 103 brace pairs retain exact parity; reader-facing English residue and mojibake are zero."",""record_type"":""qa_event"",""recorded_at"":""2026-08-21T00:00:00Z"",""result"":""pass"",""schema_name"":""lebl.backend.record"",""schema_version"":""0.3.0"",""semantic_aliases"":[],""semantic_key"":""lebl.ra.qa.manifest-topology.ra.v1.metric-spaces.closure-boundary"",""status"":""active"",""subject_ids"":[""urn:uuid:3afb549b-7550-596c-b411-fc8c9f334ad8""],""supersedes_id"":null,""toolchain"":[""independent bounded closure/boundary audit plus final root index and naturalness repairs""],""witness"":{""kind"":""file"",""locator"":""backend/production/v0.3/inputs/TRANSLATION_MANIFEST.jsonl:ra.v1.metric-spaces.closure-boundary"",""sha256"":""sha256:33ac17ddfbaac47cba3b5571bb0b5fade2d5f8158dc553a851742d0e4a534dcd""},""workflow_id"":""01a01f57-a34b-7740-9717-596b8116910c/backend-production-v0.3-r006-live""}"
"urn:uuid:b2c7ae86-e88a-5740-925c-26c7874687dd","lebl.ra.qa.manifest-topology.ra.v1.sequences-series.more-on-series.multiplication","topology","[""urn:uuid:e063ebb9-cf59-518f-8ae7-33c835b7197b""]","pass","{""kind"":""file"",""locator"":""backend/production/v0.3/inputs/TRANSLATION_MANIFEST.jsonl:ra.v1.sequences-series.more-on-series.multiplication"",""sha256"":""sha256:afb652b689554c045b0275c76251b090f807849f88a5d0ed5311ed5ecf79f55d""}","[""bounded exact semantic-unit replay by ra_series_exercises_audit""]","2026-08-21T00:00:00Z","active","","","","","","","","","{""check_type"":""topology"",""id"":""urn:uuid:b2c7ae86-e88a-5740-925c-26c7874687dd"",""note"":""All 200 lines are translated. Commands 211/211, 30 ordered environment tokens including preserved converter-comment scaffolding, one exact href, six exact comment lines, 42 protected-math regions, and 163 balanced brace pairs remain exact. Two index entries are localized; reader-facing English residue is zero and no source correction was required."",""record_type"":""qa_event"",""recorded_at"":""2026-08-21T00:00:00Z"",""result"":""pass"",""schema_name"":""lebl.backend.record"",""schema_version"":""0.3.0"",""semantic_aliases"":[],""semantic_key"":""lebl.ra.qa.manifest-topology.ra.v1.sequences-series.more-on-series.multiplication"",""status"":""active"",""subject_ids"":[""urn:uuid:e063ebb9-cf59-518f-8ae7-33c835b7197b""],""supersedes_id"":null,""toolchain"":[""bounded exact semantic-unit replay by ra_series_exercises_audit""],""witness"":{""kind"":""file"",""locator"":""backend/production/v0.3/inputs/TRANSLATION_MANIFEST.jsonl:ra.v1.sequences-series.more-on-series.multiplication"",""sha256"":""sha256:afb652b689554c045b0275c76251b090f807849f88a5d0ed5311ed5ecf79f55d""},""workflow_id"":""01a01f57-a34b-7740-9717-596b8116910c/backend-production-v0.3-r006-live""}"
"urn:uuid:b2f61d45-f200-5103-ab39-54dcc6fc38dd","lebl.ra.qa.manifest-topology.ra.v1.functions-limits.interchange-continuity","topology","[""urn:uuid:a8cb93f0-b9f2-59cd-b694-a95280e00ca8""]","pass","{""kind"":""file"",""locator"":""backend/production/v0.3/inputs/TRANSLATION_MANIFEST.jsonl:ra.v1.functions-limits.interchange-continuity"",""sha256"":""sha256:35bbc75064dda2d8e6fea1f73a9203b1715d962574c37a630c906e8d299fca7e""}","[""independent bounded exact semantic-unit replay plus accessibility repair replay""]","2026-08-21T00:00:00Z","active","","","","","","","","","{""check_type"":""topology"",""id"":""urn:uuid:b2f61d45-f200-5103-ab39-54dcc6fc38dd"",""note"":""All 163 lines are translated. Ordered commands 162/162, environment tokens 32/32, protected mathematics, IDs, references, comments, and topology retain parity. Accessibility prose is localized and reader-facing English residue is zero."",""record_type"":""qa_event"",""recorded_at"":""2026-08-21T00:00:00Z"",""result"":""pass"",""schema_name"":""lebl.backend.record"",""schema_version"":""0.3.0"",""semantic_aliases"":[],""semantic_key"":""lebl.ra.qa.manifest-topology.ra.v1.functions-limits.interchange-continuity"",""status"":""active"",""subject_ids"":[""urn:uuid:a8cb93f0-b9f2-59cd-b694-a95280e00ca8""],""supersedes_id"":null,""toolchain"":[""independent bounded exact semantic-unit replay plus accessibility repair replay""],""witness"":{""kind"":""file"",""locator"":""backend/production/v0.3/inputs/TRANSLATION_MANIFEST.jsonl:ra.v1.functions-limits.interchange-continuity"",""sha256"":""sha256:35bbc75064dda2d8e6fea1f73a9203b1715d962574c37a630c906e8d299fca7e""},""workflow_id"":""01a01f57-a34b-7740-9717-596b8116910c/backend-production-v0.3-r006-live""}"
"urn:uuid:b58f3f81-3107-5ee3-abf3-8cc2bb5316df","lebl.ra.qa.manifest-topology.ra.v1.riemann-integral.more-notation","topology","[""urn:uuid:8464650a-4003-5dd6-aeb3-c8a881811cf3""]","pass","{""kind"":""file"",""locator"":""backend/production/v0.3/inputs/TRANSLATION_MANIFEST.jsonl:ra.v1.riemann-integral.more-notation"",""sha256"":""sha256:f332d707f1e3b354f70cf54bf720daa71c52a835544625b09256ec311b15f894""}","[""bounded exact semantic-unit translation replay by root""]","2026-08-21T00:00:00Z","active","","","","","","","","","{""check_type"":""topology"",""id"":""urn:uuid:b58f3f81-3107-5ee3-abf3-8cc2bb5316df"",""note"":""All 30 lines are translated. The 32 ordered commands, 17 protected-math spans, seven brace pairs, line topology, and following anchor remain exact. Reader-facing English residue is zero and no source correction was required."",""record_type"":""qa_event"",""recorded_at"":""2026-08-21T00:00:00Z"",""result"":""pass"",""schema_name"":""lebl.backend.record"",""schema_version"":""0.3.0"",""semantic_aliases"":[],""semantic_key"":""lebl.ra.qa.manifest-topology.ra.v1.riemann-integral.more-notation"",""status"":""active"",""subject_ids"":[""urn:uuid:8464650a-4003-5dd6-aeb3-c8a881811cf3""],""supersedes_id"":null,""toolchain"":[""bounded exact semantic-unit translation replay by root""],""witness"":{""kind"":""file"",""locator"":""backend/production/v0.3/inputs/TRANSLATION_MANIFEST.jsonl:ra.v1.riemann-integral.more-notation"",""sha256"":""sha256:f332d707f1e3b354f70cf54bf720daa71c52a835544625b09256ec311b15f894""},""workflow_id"":""01a01f57-a34b-7740-9717-596b8116910c/backend-production-v0.3-r006-live""}"
"urn:uuid:b7353ea0-12c9-5b2e-8318-cdeee64db50a","lebl.ra.qa.manifest-topology.ra.v1.continuous-functions.extreme-intermediate.exercises","topology","[""urn:uuid:2d2d2e6f-9132-5ce5-956f-f2d60eaea162""]","pass","{""kind"":""file"",""locator"":""backend/production/v0.3/inputs/TRANSLATION_MANIFEST.jsonl:ra.v1.continuous-functions.extreme-intermediate.exercises"",""sha256"":""sha256:0efdaaf8c7867eeee5c4d985b47764a7294a27219a098872a6b62be5ece51735""}","[""bounded exact semantic-unit translation replay by r006_extreme_exercises""]","2026-08-21T00:00:00Z","active","","","","","","","","","{""check_type"":""topology"",""id"":""urn:uuid:b7353ea0-12c9-5b2e-8318-cdeee64db50a"",""note"":""All 17 exercises, 23 environment pairs, two enumeration items, two labels, one cross-reference, 70 inline-math spans, four display equations, comment separator, and page-break boundary are preserved. Reader-facing English residue is zero and no source correction was required."",""record_type"":""qa_event"",""recorded_at"":""2026-08-21T00:00:00Z"",""result"":""pass"",""schema_name"":""lebl.backend.record"",""schema_version"":""0.3.0"",""semantic_aliases"":[],""semantic_key"":""lebl.ra.qa.manifest-topology.ra.v1.continuous-functions.extreme-intermediate.exercises"",""status"":""active"",""subject_ids"":[""urn:uuid:2d2d2e6f-9132-5ce5-956f-f2d60eaea162""],""supersedes_id"":null,""toolchain"":[""bounded exact semantic-unit translation replay by r006_extreme_exercises""],""witness"":{""kind"":""file"",""locator"":""backend/production/v0.3/inputs/TRANSLATION_MANIFEST.jsonl:ra.v1.continuous-functions.extreme-intermediate.exercises"",""sha256"":""sha256:0efdaaf8c7867eeee5c4d985b47764a7294a27219a098872a6b62be5ece51735""},""workflow_id"":""01a01f57-a34b-7740-9717-596b8116910c/backend-production-v0.3-r006-live""}"
"urn:uuid:b805c067-8466-509a-bd58-0020c6b5b318","lebl.ra.qa.manifest-topology.ra.v1.metric-spaces.fixed-point-picard-exercises","topology","[""urn:uuid:4074a4d3-05e1-5d53-b2a2-1a0d15d7c027""]","pass","{""kind"":""file"",""locator"":""backend/production/v0.3/inputs/TRANSLATION_MANIFEST.jsonl:ra.v1.metric-spaces.fixed-point-picard-exercises"",""sha256"":""sha256:63ca658a07eee5318491b51df0ed2e85997713494bb7893a055355b8987c4153""}","[""independent full final-exercises audit plus ADV-0077 replay and final language repairs""]","2026-08-21T00:00:00Z","active","","","","","","","","","{""check_type"":""topology"",""id"":""urn:uuid:b805c067-8466-509a-bd58-0020c6b5b318"",""note"":""All eleven exercises and eight enumerated items are fully localized. The 147-command sequence, 38 environment tokens, 76 inline-math spans, one display, label, reference, and braces retain exact topology; the discrete-space exercise now states the necessary nonemptiness hypothesis, and reader-facing English residue and mojibake are zero."",""record_type"":""qa_event"",""recorded_at"":""2026-08-21T00:00:00Z"",""result"":""pass"",""schema_name"":""lebl.backend.record"",""schema_version"":""0.3.0"",""semantic_aliases"":[],""semantic_key"":""lebl.ra.qa.manifest-topology.ra.v1.metric-spaces.fixed-point-picard-exercises"",""status"":""active"",""subject_ids"":[""urn:uuid:4074a4d3-05e1-5d53-b2a2-1a0d15d7c027""],""supersedes_id"":null,""toolchain"":[""independent full final-exercises audit plus ADV-0077 replay and final language repairs""],""witness"":{""kind"":""file"",""locator"":""backend/production/v0.3/inputs/TRANSLATION_MANIFEST.jsonl:ra.v1.metric-spaces.fixed-point-picard-exercises"",""sha256"":""sha256:63ca658a07eee5318491b51df0ed2e85997713494bb7893a055355b8987c4153""},""workflow_id"":""01a01f57-a34b-7740-9717-596b8116910c/backend-production-v0.3-r006-live""}"
"urn:uuid:b9df5561-a18b-5019-ab07-3e4173c00ab6","lebl.ra.qa.manifest-topology.ra.v1.real-numbers.decimal-representation.exercises","topology","[""urn:uuid:3438abc5-ea71-5451-ae65-71acd8e856a6""]","pass","{""kind"":""file"",""locator"":""backend/production/v0.3/inputs/TRANSLATION_MANIFEST.jsonl:ra.v1.real-numbers.decimal-representation.exercises"",""sha256"":""sha256:7e36fa37fdbcd9d53c20c9cd09c5b8df3f5f0a54c204f4b34630e2c76bad93c2""}","[""bounded exact unit and whole-file replay by ra_basic_exercises""]","2026-08-21T00:00:00Z","active","","","","","","","","","{""check_type"":""topology"",""id"":""urn:uuid:b9df5561-a18b-5019-ab07-3e4173c00ab6"",""note"":""All 9 exercises are translated; 61 commands, 18 environment events, three labels, four references, 40 inline formulas, comment/directive, difficulty labels, brace topology, and terminal newline remain exact. Whole-file topology is exact and reader-facing English residue is zero; no source correction."",""record_type"":""qa_event"",""recorded_at"":""2026-08-21T00:00:00Z"",""result"":""pass"",""schema_name"":""lebl.backend.record"",""schema_version"":""0.3.0"",""semantic_aliases"":[],""semantic_key"":""lebl.ra.qa.manifest-topology.ra.v1.real-numbers.decimal-representation.exercises"",""status"":""active"",""subject_ids"":[""urn:uuid:3438abc5-ea71-5451-ae65-71acd8e856a6""],""supersedes_id"":null,""toolchain"":[""bounded exact unit and whole-file replay by ra_basic_exercises""],""witness"":{""kind"":""file"",""locator"":""backend/production/v0.3/inputs/TRANSLATION_MANIFEST.jsonl:ra.v1.real-numbers.decimal-representation.exercises"",""sha256"":""sha256:7e36fa37fdbcd9d53c20c9cd09c5b8df3f5f0a54c204f4b34630e2c76bad93c2""},""workflow_id"":""01a01f57-a34b-7740-9717-596b8116910c/backend-production-v0.3-r006-live""}"
"urn:uuid:bb357110-7795-5a18-ad4d-7627d6691c16","lebl.ra.qa.manifest-topology.ra.v1.metric-spaces.definition-examples","topology","[""urn:uuid:863bf0b7-e71e-5d5d-b70b-3682cc3d696b""]","pass","{""kind"":""file"",""locator"":""backend/production/v0.3/inputs/TRANSLATION_MANIFEST.jsonl:ra.v1.metric-spaces.definition-examples"",""sha256"":""sha256:c3324547fb5a9599bfaf3c5eb4623415f47fd0eb643d1eac3226101482fb8319""}","[""bounded translation replay plus independent opening audit and final root language repair""]","2026-08-21T00:00:00Z","active","","","","","","","","","{""check_type"":""topology"",""id"":""urn:uuid:bb357110-7795-5a18-ad4d-7627d6691c16"",""note"":""The chapter opening, four metric axioms, geometric interpretation, accessibility text, and first two real-line examples are fully localized. Commands 148/148, environment tokens 22/22, eight labels, fourteen references, 37 inline-math spans, four displays, two assets, converter directives, and brace topology retain exact parity; reader-facing English residue is zero."",""record_type"":""qa_event"",""recorded_at"":""2026-08-21T00:00:00Z"",""result"":""pass"",""schema_name"":""lebl.backend.record"",""schema_version"":""0.3.0"",""semantic_aliases"":[],""semantic_key"":""lebl.ra.qa.manifest-topology.ra.v1.metric-spaces.definition-examples"",""status"":""active"",""subject_ids"":[""urn:uuid:863bf0b7-e71e-5d5d-b70b-3682cc3d696b""],""supersedes_id"":null,""toolchain"":[""bounded translation replay plus independent opening audit and final root language repair""],""witness"":{""kind"":""file"",""locator"":""backend/production/v0.3/inputs/TRANSLATION_MANIFEST.jsonl:ra.v1.metric-spaces.definition-examples"",""sha256"":""sha256:c3324547fb5a9599bfaf3c5eb4623415f47fd0eb643d1eac3226101482fb8319""},""workflow_id"":""01a01f57-a34b-7740-9717-596b8116910c/backend-production-v0.3-r006-live""}"
"urn:uuid:bb705c4a-a80a-5301-9607-c54473245868","lebl.ra.qa.manifest-topology.ra.v1.metric-spaces.fixed-point-theorem","topology","[""urn:uuid:8b5077c5-9f15-575a-adf3-a3b8d2e63390""]","pass","{""kind"":""file"",""locator"":""backend/production/v0.3/inputs/TRANSLATION_MANIFEST.jsonl:ra.v1.metric-spaces.fixed-point-theorem"",""sha256"":""sha256:203c22d8b8c877723e74fb2b829b1a601b4767b75b773645a80d0b2448e7486d""}","[""independent fixed-point theorem audit plus ADV-0075 and ADV-0076 replay""]","2026-08-21T00:00:00Z","active","","","","","","","","","{""check_type"":""topology"",""id"":""urn:uuid:bb705c4a-a80a-5301-9607-c54473245868"",""note"":""Contractions, fixed points, Banach's theorem, constructive proof, iteration estimate, attribution, indexes, and comments are fully localized. Environment, ID, reference, display, and math-span topology is retained; the only command-content deltas explicitly add the nonnegative contraction bound and correct the orbit's starting index."",""record_type"":""qa_event"",""recorded_at"":""2026-08-21T00:00:00Z"",""result"":""pass"",""schema_name"":""lebl.backend.record"",""schema_version"":""0.3.0"",""semantic_aliases"":[],""semantic_key"":""lebl.ra.qa.manifest-topology.ra.v1.metric-spaces.fixed-point-theorem"",""status"":""active"",""subject_ids"":[""urn:uuid:8b5077c5-9f15-575a-adf3-a3b8d2e63390""],""supersedes_id"":null,""toolchain"":[""independent fixed-point theorem audit plus ADV-0075 and ADV-0076 replay""],""witness"":{""kind"":""file"",""locator"":""backend/production/v0.3/inputs/TRANSLATION_MANIFEST.jsonl:ra.v1.metric-spaces.fixed-point-theorem"",""sha256"":""sha256:203c22d8b8c877723e74fb2b829b1a601b4767b75b773645a80d0b2448e7486d""},""workflow_id"":""01a01f57-a34b-7740-9717-596b8116910c/backend-production-v0.3-r006-live""}"
"urn:uuid:bb73a131-972b-5515-99a9-15fdb03d35a0","lebl.ra.qa.manifest-topology.ra.v2.several-variables.vector-linear-convexity-exercises","topology","[""urn:uuid:b4f516f8-7cb2-5c89-8610-add5cd10ce6d""]","pass","{""kind"":""file"",""locator"":""backend/production/v0.3/inputs/TRANSLATION_MANIFEST.jsonl:ra.v2.several-variables.vector-linear-convexity-exercises"",""sha256"":""sha256:8717a5399b71add3408e59c1618b2e5837b87e2454dc714daa73a4332253080b""}","[""bounded full exercise translation and structural replay""]","2026-08-21T00:00:00Z","active","","","","","","","","","{""check_type"":""topology"",""id"":""urn:uuid:bb73a131-972b-5515-99a9-15fdb03d35a0"",""note"":""All fifteen exercises and both enumerated items are fully localized. The 186-command stream, fifty environment tokens, 73 inline-math spans, labels, references, and comment retain exact topology after reader-facing text localization. Reader-facing English residue and mojibake are zero, and no additional source correction was required."",""record_type"":""qa_event"",""recorded_at"":""2026-08-21T00:00:00Z"",""result"":""pass"",""schema_name"":""lebl.backend.record"",""schema_version"":""0.3.0"",""semantic_aliases"":[],""semantic_key"":""lebl.ra.qa.manifest-topology.ra.v2.several-variables.vector-linear-convexity-exercises"",""status"":""active"",""subject_ids"":[""urn:uuid:b4f516f8-7cb2-5c89-8610-add5cd10ce6d""],""supersedes_id"":null,""toolchain"":[""bounded full exercise translation and structural replay""],""witness"":{""kind"":""file"",""locator"":""backend/production/v0.3/inputs/TRANSLATION_MANIFEST.jsonl:ra.v2.several-variables.vector-linear-convexity-exercises"",""sha256"":""sha256:8717a5399b71add3408e59c1618b2e5837b87e2454dc714daa73a4332253080b""},""workflow_id"":""01a01f57-a34b-7740-9717-596b8116910c/backend-production-v0.3-r006-live""}"
"urn:uuid:bb8fd4fa-6a08-583b-85eb-18dc08fb04ad","lebl.ra.qa.manifest-topology.ra.v1.metric-spaces.topology-exercises","topology","[""urn:uuid:c59522bb-2dea-58d0-a866-ff9f584c6072""]","pass","{""kind"":""file"",""locator"":""backend/production/v0.3/inputs/TRANSLATION_MANIFEST.jsonl:ra.v1.metric-spaces.topology-exercises"",""sha256"":""sha256:d8eb9d5825c7c93c70fbfb9e20879319de4b050b041667781edc77a5b210ada7""}","[""independent bounded topology-exercises audit plus final root precision repair""]","2026-08-21T00:00:00Z","active","","","","","","","","","{""check_type"":""topology"",""id"":""urn:uuid:bb8fd4fa-6a08-583b-85eb-18dc08fb04ad"",""note"":""All 18 exercises and twelve enumerated subitems are fully localized. The 171-command sequence, 52 environment tokens, 92 inline-math spans, six proposition references, two labels, separator comment, and 73 brace pairs retain exact parity after normalizing the sole reader-facing text localization; English residue and mojibake are zero."",""record_type"":""qa_event"",""recorded_at"":""2026-08-21T00:00:00Z"",""result"":""pass"",""schema_name"":""lebl.backend.record"",""schema_version"":""0.3.0"",""semantic_aliases"":[],""semantic_key"":""lebl.ra.qa.manifest-topology.ra.v1.metric-spaces.topology-exercises"",""status"":""active"",""subject_ids"":[""urn:uuid:c59522bb-2dea-58d0-a866-ff9f584c6072""],""supersedes_id"":null,""toolchain"":[""independent bounded topology-exercises audit plus final root precision repair""],""witness"":{""kind"":""file"",""locator"":""backend/production/v0.3/inputs/TRANSLATION_MANIFEST.jsonl:ra.v1.metric-spaces.topology-exercises"",""sha256"":""sha256:d8eb9d5825c7c93c70fbfb9e20879319de4b050b041667781edc77a5b210ada7""},""workflow_id"":""01a01f57-a34b-7740-9717-596b8116910c/backend-production-v0.3-r006-live""}"
"urn:uuid:bec9da85-2dc0-5ff1-a1bb-5efb70997524","lebl.ra.qa.manifest-topology.ra.shared.notation-glossary","topology","[""urn:uuid:159a2cfc-1ebf-5d51-be28-128847eaf02a""]","pass","{""kind"":""file"",""locator"":""backend/production/v0.3/inputs/TRANSLATION_MANIFEST.jsonl:ra.shared.notation-glossary"",""sha256"":""sha256:755804cd1e3c7e800459e7ffdd062c5c7fc405172b1272be39f8151738908c7a""}","[""bounded exact glossary replay by ra_notations""]","2026-08-21T00:00:00Z","active","","","","","","","","","{""check_type"":""topology"",""id"":""urn:uuid:bec9da85-2dc0-5ff1-a1bb-5efb70997524"",""note"":""All 136 descriptions translated; IDs/order, 129 description math spans, comments, helpers, braces, and delimiters preserved. Corrects powerset argument and arbitrary-intersection symbol defects logged as LEBL-ID-ADV-0004/0005."",""record_type"":""qa_event"",""recorded_at"":""2026-08-21T00:00:00Z"",""result"":""pass"",""schema_name"":""lebl.backend.record"",""schema_version"":""0.3.0"",""semantic_aliases"":[],""semantic_key"":""lebl.ra.qa.manifest-topology.ra.shared.notation-glossary"",""status"":""active"",""subject_ids"":[""urn:uuid:159a2cfc-1ebf-5d51-be28-128847eaf02a""],""supersedes_id"":null,""toolchain"":[""bounded exact glossary replay by ra_notations""],""witness"":{""kind"":""file"",""locator"":""backend/production/v0.3/inputs/TRANSLATION_MANIFEST.jsonl:ra.shared.notation-glossary"",""sha256"":""sha256:755804cd1e3c7e800459e7ffdd062c5c7fc405172b1272be39f8151738908c7a""},""workflow_id"":""01a01f57-a34b-7740-9717-596b8116910c/backend-production-v0.3-r006-live""}"
"urn:uuid:bfa890d3-aafb-564c-93b5-5a01fbcb2ea7","lebl.ra.qa.manifest-topology.ra.v1.real-numbers.archimedean-property","topology","[""urn:uuid:00227bb8-30ad-5e16-b28f-16a37e8eb65e""]","pass","{""kind"":""file"",""locator"":""backend/production/v0.3/inputs/TRANSLATION_MANIFEST.jsonl:ra.v1.real-numbers.archimedean-property"",""sha256"":""sha256:cdfd17189551c1aea7d3f660e88b9438e19e93bf7f687a86d64110e52b5e4ba1""}","[""bounded exact unit replay by ra_basic_exercises""]","2026-08-21T00:00:00Z","active","","","","","","","","","{""check_type"":""topology"",""id"":""urn:uuid:bfa890d3-aafb-564c-93b5-5a01fbcb2ea7"",""note"":""124 lines, 142 commands, 20 environment events, 82 inline formulas, three display formulas, labels/URLs/comments, and two figures preserved; no source correction."",""record_type"":""qa_event"",""recorded_at"":""2026-08-21T00:00:00Z"",""result"":""pass"",""schema_name"":""lebl.backend.record"",""schema_version"":""0.3.0"",""semantic_aliases"":[],""semantic_key"":""lebl.ra.qa.manifest-topology.ra.v1.real-numbers.archimedean-property"",""status"":""active"",""subject_ids"":[""urn:uuid:00227bb8-30ad-5e16-b28f-16a37e8eb65e""],""supersedes_id"":null,""toolchain"":[""bounded exact unit replay by ra_basic_exercises""],""witness"":{""kind"":""file"",""locator"":""backend/production/v0.3/inputs/TRANSLATION_MANIFEST.jsonl:ra.v1.real-numbers.archimedean-property"",""sha256"":""sha256:cdfd17189551c1aea7d3f660e88b9438e19e93bf7f687a86d64110e52b5e4ba1""},""workflow_id"":""01a01f57-a34b-7740-9717-596b8116910c/backend-production-v0.3-r006-live""}"
"urn:uuid:c063dc5d-c87f-530b-b8b3-e501b5e825c3","lebl.ra.qa.manifest-topology.ra.v1.real-numbers.absolute-value-bounded-functions.exercises","topology","[""urn:uuid:067468e8-280d-5ad6-96b4-89cc10e609ad""]","pass","{""kind"":""file"",""locator"":""backend/production/v0.3/inputs/TRANSLATION_MANIFEST.jsonl:ra.v1.real-numbers.absolute-value-bounded-functions.exercises"",""sha256"":""sha256:4f3ce1e51d354ebbc40336609232a86f6693dd238e14020499b7c34dedcda899""}","[""bounded exact unit replay by ra_basic_exercises""]","2026-08-21T00:00:00Z","active","","","","","","","","","{""check_type"":""topology"",""id"":""urn:uuid:c063dc5d-c87f-530b-b8b3-e501b5e825c3"",""note"":""All 9 exercises and 12 active items are translated; 171 commands, 38 environment events, three labels, two references, 51 inline formulas, four displayed formulas, comments, and page directives remain exact; no source correction."",""record_type"":""qa_event"",""recorded_at"":""2026-08-21T00:00:00Z"",""result"":""pass"",""schema_name"":""lebl.backend.record"",""schema_version"":""0.3.0"",""semantic_aliases"":[],""semantic_key"":""lebl.ra.qa.manifest-topology.ra.v1.real-numbers.absolute-value-bounded-functions.exercises"",""status"":""active"",""subject_ids"":[""urn:uuid:067468e8-280d-5ad6-96b4-89cc10e609ad""],""supersedes_id"":null,""toolchain"":[""bounded exact unit replay by ra_basic_exercises""],""witness"":{""kind"":""file"",""locator"":""backend/production/v0.3/inputs/TRANSLATION_MANIFEST.jsonl:ra.v1.real-numbers.absolute-value-bounded-functions.exercises"",""sha256"":""sha256:4f3ce1e51d354ebbc40336609232a86f6693dd238e14020499b7c34dedcda899""},""workflow_id"":""01a01f57-a34b-7740-9717-596b8116910c/backend-production-v0.3-r006-live""}"
"urn:uuid:c6a69375-5db8-5fbd-876c-4abe2083a6d4","lebl.ra.qa.manifest-topology.ra.v1.metric-spaces.continuity-topology","topology","[""urn:uuid:eb7c44fa-9dcf-5006-b9ca-63fb55331344""]","pass","{""kind"":""file"",""locator"":""backend/production/v0.3/inputs/TRANSLATION_MANIFEST.jsonl:ra.v1.metric-spaces.continuity-topology"",""sha256"":""sha256:c02c781004c5674cc4ea200751190c4db53e12b9ae9e14582c7b6561d60712fa""}","[""independent bounded topology-continuity replay including accessibility review""]","2026-08-21T00:00:00Z","active","","","","","","","","","{""check_type"":""topology"",""id"":""urn:uuid:c6a69375-5db8-5fbd-876c-4abe2083a6d4"",""note"":""Neighborhood and preimage characterizations of continuity, proofs, zero sets, algebraic geometry, and sign-locus examples are fully localized. The 94-command sequence, fourteen environment tokens, 54 inline-math spans, displays, IDs, and figure asset retain exact parity; ADV-0070 repairs malformed source accessibility grammar without changing the depicted relationships."",""record_type"":""qa_event"",""recorded_at"":""2026-08-21T00:00:00Z"",""result"":""pass"",""schema_name"":""lebl.backend.record"",""schema_version"":""0.3.0"",""semantic_aliases"":[],""semantic_key"":""lebl.ra.qa.manifest-topology.ra.v1.metric-spaces.continuity-topology"",""status"":""active"",""subject_ids"":[""urn:uuid:eb7c44fa-9dcf-5006-b9ca-63fb55331344""],""supersedes_id"":null,""toolchain"":[""independent bounded topology-continuity replay including accessibility review""],""witness"":{""kind"":""file"",""locator"":""backend/production/v0.3/inputs/TRANSLATION_MANIFEST.jsonl:ra.v1.metric-spaces.continuity-topology"",""sha256"":""sha256:c02c781004c5674cc4ea200751190c4db53e12b9ae9e14582c7b6561d60712fa""},""workflow_id"":""01a01f57-a34b-7740-9717-596b8116910c/backend-production-v0.3-r006-live""}"
"urn:uuid:c6eaf7f8-b5cc-5258-8784-a66e168c10c1","lebl.ra.qa.manifest-topology.ra.v1.sequences-series.more-on-series.rearrangements","topology","[""urn:uuid:2ec55e9b-0867-5f37-9e04-cc59c03a9e6f""]","pass","{""kind"":""file"",""locator"":""backend/production/v0.3/inputs/TRANSLATION_MANIFEST.jsonl:ra.v1.sequences-series.more-on-series.rearrangements"",""sha256"":""sha256:3180d5a20c150eeaa73372db936c6214845c826f1ab9bbf079f9e8a202f7710e""}","[""bounded exact semantic-unit replay and final post-fix replay by ra_series_front_audit2""]","2026-08-21T00:00:00Z","active","","","","","","","","","{""check_type"":""topology"",""id"":""urn:uuid:c6eaf7f8-b5cc-5258-8784-a66e168c10c1"",""note"":""All 141 lines are translated. Commands 217/217, environment events 28/28, stable labels/xrefs/assets, one percent surface, and 153 balanced brace pairs remain exact. Protected math is exact 55/55 after the declared removal of one duplicated authority token under LEBL-ID-ADV-0013. Accessibility prose is Indonesian; reader-facing English residue is zero."",""record_type"":""qa_event"",""recorded_at"":""2026-08-21T00:00:00Z"",""result"":""pass"",""schema_name"":""lebl.backend.record"",""schema_version"":""0.3.0"",""semantic_aliases"":[],""semantic_key"":""lebl.ra.qa.manifest-topology.ra.v1.sequences-series.more-on-series.rearrangements"",""status"":""active"",""subject_ids"":[""urn:uuid:2ec55e9b-0867-5f37-9e04-cc59c03a9e6f""],""supersedes_id"":null,""toolchain"":[""bounded exact semantic-unit replay and final post-fix replay by ra_series_front_audit2""],""witness"":{""kind"":""file"",""locator"":""backend/production/v0.3/inputs/TRANSLATION_MANIFEST.jsonl:ra.v1.sequences-series.more-on-series.rearrangements"",""sha256"":""sha256:3180d5a20c150eeaa73372db936c6214845c826f1ab9bbf079f9e8a202f7710e""},""workflow_id"":""01a01f57-a34b-7740-9717-596b8116910c/backend-production-v0.3-r006-live""}"
"urn:uuid:c95bd2e7-74c6-56ab-af5f-e85ac5066bca","lebl.ra.qa.manifest-topology.ra.v1.metric-spaces.continuity-exercises","topology","[""urn:uuid:ec427a0e-286f-5800-86af-652c91e28c8e""]","pass","{""kind"":""file"",""locator"":""backend/production/v0.3/inputs/TRANSLATION_MANIFEST.jsonl:ra.v1.metric-spaces.continuity-exercises"",""sha256"":""sha256:884fabb9ec7c1f000c06b8fec296c763aa49b22fb6532e5c723418ae93ca0790""}","[""independent full exercise audit plus ADV-0071 through ADV-0074 replay""]","2026-08-21T00:00:00Z","active","","","","","","","","","{""check_type"":""topology"",""id"":""urn:uuid:c95bd2e7-74c6-56ab-af5f-e85ac5066bca"",""note"":""All eighteen exercises and nineteen enumerated items are fully localized. The 282-command sequence, seventy environment tokens, 123 inline-math spans, six displays, labels, references, and comment retain topology outside the declared source corrections; the indexed technical loan proper is intentional and all other reader-facing English residue is zero."",""record_type"":""qa_event"",""recorded_at"":""2026-08-21T00:00:00Z"",""result"":""pass"",""schema_name"":""lebl.backend.record"",""schema_version"":""0.3.0"",""semantic_aliases"":[],""semantic_key"":""lebl.ra.qa.manifest-topology.ra.v1.metric-spaces.continuity-exercises"",""status"":""active"",""subject_ids"":[""urn:uuid:ec427a0e-286f-5800-86af-652c91e28c8e""],""supersedes_id"":null,""toolchain"":[""independent full exercise audit plus ADV-0071 through ADV-0074 replay""],""witness"":{""kind"":""file"",""locator"":""backend/production/v0.3/inputs/TRANSLATION_MANIFEST.jsonl:ra.v1.metric-spaces.continuity-exercises"",""sha256"":""sha256:884fabb9ec7c1f000c06b8fec296c763aa49b22fb6532e5c723418ae93ca0790""},""workflow_id"":""01a01f57-a34b-7740-9717-596b8116910c/backend-production-v0.3-r006-live""}"
"urn:uuid:ceb12a1b-e426-51d8-8ebf-81fe60fb6131","lebl.ra.qa.manifest-topology.ra.v1.derivative.mean-value.continuity-derivatives-darboux","topology","[""urn:uuid:16871195-c52d-50d1-a2cf-3a5e063ab8bd""]","pass","{""kind"":""file"",""locator"":""backend/production/v0.3/inputs/TRANSLATION_MANIFEST.jsonl:ra.v1.derivative.mean-value.continuity-derivatives-darboux"",""sha256"":""sha256:d4b93b4910d3c9b4440e95ee1d22b8b2a537f0442538003713ceae7ba1f07e83""}","[""independent bounded exact semantic-unit replay by r006_darboux_audit plus root accessibility-language polish and refreshed hash replay""]","2026-08-21T00:00:00Z","active","","","","","","","","","{""check_type"":""topology"",""id"":""urn:uuid:ceb12a1b-e426-51d8-8ebf-81fe60fb6131"",""note"":""All reader-facing prose and both accessibility descriptions are translated. Ordered commands 108/108, 20 environment tokens, 78 brace pairs, nine IDs/references, two assets, two comments, and 85 protected-math spans remain exact after reader-text localization. ADV-0034 normalizes a source caption; reader-facing English residue is zero."",""record_type"":""qa_event"",""recorded_at"":""2026-08-21T00:00:00Z"",""result"":""pass"",""schema_name"":""lebl.backend.record"",""schema_version"":""0.3.0"",""semantic_aliases"":[],""semantic_key"":""lebl.ra.qa.manifest-topology.ra.v1.derivative.mean-value.continuity-derivatives-darboux"",""status"":""active"",""subject_ids"":[""urn:uuid:16871195-c52d-50d1-a2cf-3a5e063ab8bd""],""supersedes_id"":null,""toolchain"":[""independent bounded exact semantic-unit replay by r006_darboux_audit plus root accessibility-language polish and refreshed hash replay""],""witness"":{""kind"":""file"",""locator"":""backend/production/v0.3/inputs/TRANSLATION_MANIFEST.jsonl:ra.v1.derivative.mean-value.continuity-derivatives-darboux"",""sha256"":""sha256:d4b93b4910d3c9b4440e95ee1d22b8b2a537f0442538003713ceae7ba1f07e83""},""workflow_id"":""01a01f57-a34b-7740-9717-596b8116910c/backend-production-v0.3-r006-live""}"
"urn:uuid:d257f535-16d4-5770-88c6-f1145633bdd3","lebl.ra.qa.manifest-topology.ra.v1.derivative.mean-value.relative-extrema","topology","[""urn:uuid:2244cd35-5995-52c5-bfe8-640ade304fd5""]","pass","{""kind"":""file"",""locator"":""backend/production/v0.3/inputs/TRANSLATION_MANIFEST.jsonl:ra.v1.derivative.mean-value.relative-extrema"",""sha256"":""sha256:fe21b3a0bb42b4b646a112c6db14b6dab8285e6ff844eea59671ea26453a8077""}","[""bounded exact semantic-unit translation replay by r006_relative_extrema""]","2026-08-21T00:00:00Z","active","","","","","","","","","{""check_type"":""topology"",""id"":""urn:uuid:d257f535-16d4-5770-88c6-f1145633bdd3"",""note"":""All 100 lines are translated. Inline math 36/36, display math 3/3, ordered commands 79/79, five IDs/assets, and seven environment tokens remain exact. Reader-facing English residue is zero and no source correction was required."",""record_type"":""qa_event"",""recorded_at"":""2026-08-21T00:00:00Z"",""result"":""pass"",""schema_name"":""lebl.backend.record"",""schema_version"":""0.3.0"",""semantic_aliases"":[],""semantic_key"":""lebl.ra.qa.manifest-topology.ra.v1.derivative.mean-value.relative-extrema"",""status"":""active"",""subject_ids"":[""urn:uuid:2244cd35-5995-52c5-bfe8-640ade304fd5""],""supersedes_id"":null,""toolchain"":[""bounded exact semantic-unit translation replay by r006_relative_extrema""],""witness"":{""kind"":""file"",""locator"":""backend/production/v0.3/inputs/TRANSLATION_MANIFEST.jsonl:ra.v1.derivative.mean-value.relative-extrema"",""sha256"":""sha256:fe21b3a0bb42b4b646a112c6db14b6dab8285e6ff844eea59671ea26453a8077""},""workflow_id"":""01a01f57-a34b-7740-9717-596b8116910c/backend-production-v0.3-r006-live""}"
"urn:uuid:d45102ef-9b46-5c35-add3-784ea0ffde4d","lebl.ra.qa.manifest-topology.ra.v1.improper-integrals.double-limit-examples","topology","[""urn:uuid:44b8e35b-2da4-5e87-aa3d-b7b986b8f28f""]","pass","{""kind"":""file"",""locator"":""backend/production/v0.3/inputs/TRANSLATION_MANIFEST.jsonl:ra.v1.improper-integrals.double-limit-examples"",""sha256"":""sha256:0696fcac1cd516c23a48e4722b0dbcbae5023316809f0f40d0189bdc5b3c53e0""}","[""bounded exact semantic-unit replay by r006_improper_double_limits""]","2026-08-21T00:00:00Z","active","","","","","","","","","{""check_type"":""topology"",""id"":""urn:uuid:d45102ef-9b46-5c35-add3-784ea0ffde4d"",""note"":""All 230 lines are translated. Ordered commands 315/315, environment tokens 42/42, 21 inline-math spans, 13 displays, two comments, and 138 brace pairs remain exact after reader-text localization. Reader-facing English residue is zero and no source correction was required."",""record_type"":""qa_event"",""recorded_at"":""2026-08-21T00:00:00Z"",""result"":""pass"",""schema_name"":""lebl.backend.record"",""schema_version"":""0.3.0"",""semantic_aliases"":[],""semantic_key"":""lebl.ra.qa.manifest-topology.ra.v1.improper-integrals.double-limit-examples"",""status"":""active"",""subject_ids"":[""urn:uuid:44b8e35b-2da4-5e87-aa3d-b7b986b8f28f""],""supersedes_id"":null,""toolchain"":[""bounded exact semantic-unit replay by r006_improper_double_limits""],""witness"":{""kind"":""file"",""locator"":""backend/production/v0.3/inputs/TRANSLATION_MANIFEST.jsonl:ra.v1.improper-integrals.double-limit-examples"",""sha256"":""sha256:0696fcac1cd516c23a48e4722b0dbcbae5023316809f0f40d0189bdc5b3c53e0""},""workflow_id"":""01a01f57-a34b-7740-9717-596b8116910c/backend-production-v0.3-r006-live""}"
"urn:uuid:d574464a-8f27-5796-92b2-01dbf13ecbea","lebl.ra.qa.manifest-topology.ra.v1.derivative.taylor.higher-derivatives","topology","[""urn:uuid:1d05571f-9548-5c94-a6a9-7dd7716adf5a""]","pass","{""kind"":""file"",""locator"":""backend/production/v0.3/inputs/TRANSLATION_MANIFEST.jsonl:ra.v1.derivative.taylor.higher-derivatives"",""sha256"":""sha256:bd1d6bb591f70b67e5894a7dd7026931cce93f7aced5046452e2b04ebd29b4a7""}","[""bounded exact semantic-unit translation replay by r006_taylor_higher_derivatives""]","2026-08-21T00:00:00Z","active","","","","","","","","","{""check_type"":""topology"",""id"":""urn:uuid:d574464a-8f27-5796-92b2-01dbf13ecbea"",""note"":""All 28 lines are translated. The ordered command surface, 21 protected-math spans, stable IDs/comments, brace counts, and LaTeX topology remain exact. Reader-facing English residue is zero and no source correction was required."",""record_type"":""qa_event"",""recorded_at"":""2026-08-21T00:00:00Z"",""result"":""pass"",""schema_name"":""lebl.backend.record"",""schema_version"":""0.3.0"",""semantic_aliases"":[],""semantic_key"":""lebl.ra.qa.manifest-topology.ra.v1.derivative.taylor.higher-derivatives"",""status"":""active"",""subject_ids"":[""urn:uuid:1d05571f-9548-5c94-a6a9-7dd7716adf5a""],""supersedes_id"":null,""toolchain"":[""bounded exact semantic-unit translation replay by r006_taylor_higher_derivatives""],""witness"":{""kind"":""file"",""locator"":""backend/production/v0.3/inputs/TRANSLATION_MANIFEST.jsonl:ra.v1.derivative.taylor.higher-derivatives"",""sha256"":""sha256:bd1d6bb591f70b67e5894a7dd7026931cce93f7aced5046452e2b04ebd29b4a7""},""workflow_id"":""01a01f57-a34b-7740-9717-596b8116910c/backend-production-v0.3-r006-live""}"
"urn:uuid:d7563605-7da8-570f-b0c5-f38a394e5ed2","lebl.ra.qa.manifest-topology.ra.v1.metric-spaces.connected-sets","topology","[""urn:uuid:d360777c-6ad8-5d77-9554-152398848fc7""]","pass","{""kind"":""file"",""locator"":""backend/production/v0.3/inputs/TRANSLATION_MANIFEST.jsonl:ra.v1.metric-spaces.connected-sets"",""sha256"":""sha256:f4439e7d1cf986785fb4640b70f37907433238db9977014b088c0637d3d5e471""}","[""independent bounded connected-sets audit plus final root language and accessibility repairs""]","2026-08-21T00:00:00Z","active","","","","","","","","","{""check_type"":""topology"",""id"":""urn:uuid:d7563605-7da8-570f-b0c5-f38a394e5ed2"",""note"":""Connected and disconnected spaces and subsets, clopen separation, interval connectedness, examples, proofs, and both accessibility descriptions are fully localized. Ordered commands, 22 environment tokens, 116 inline-math spans, two display blocks, nine IDs/references/assets, and 49 brace pairs retain exact parity; reader-facing English residue and mojibake are zero."",""record_type"":""qa_event"",""recorded_at"":""2026-08-21T00:00:00Z"",""result"":""pass"",""schema_name"":""lebl.backend.record"",""schema_version"":""0.3.0"",""semantic_aliases"":[],""semantic_key"":""lebl.ra.qa.manifest-topology.ra.v1.metric-spaces.connected-sets"",""status"":""active"",""subject_ids"":[""urn:uuid:d360777c-6ad8-5d77-9554-152398848fc7""],""supersedes_id"":null,""toolchain"":[""independent bounded connected-sets audit plus final root language and accessibility repairs""],""witness"":{""kind"":""file"",""locator"":""backend/production/v0.3/inputs/TRANSLATION_MANIFEST.jsonl:ra.v1.metric-spaces.connected-sets"",""sha256"":""sha256:f4439e7d1cf986785fb4640b70f37907433238db9977014b088c0637d3d5e471""},""workflow_id"":""01a01f57-a34b-7740-9717-596b8116910c/backend-production-v0.3-r006-live""}"
"urn:uuid:d8bc199a-8ba4-55d5-bcc1-cc8182722b5b","lebl.ra.qa.manifest-topology.ra.v1.functions-limits.power-series","topology","[""urn:uuid:48df1653-2fd0-5e18-983c-0d327232a40e""]","pass","{""kind"":""file"",""locator"":""backend/production/v0.3/inputs/TRANSLATION_MANIFEST.jsonl:ra.v1.functions-limits.power-series"",""sha256"":""sha256:49505ae79494925a5e2dacde75470edc623f0f67d29a8e94e30d63fff9f81be0""}","[""independent bounded exact semantic-unit replay after ADV-0060""]","2026-08-21T00:00:00Z","active","","","","","","","","","{""check_type"":""topology"",""id"":""urn:uuid:d8bc199a-8ba4-55d5-bcc1-cc8182722b5b"",""note"":""All reader-facing prose is translated. Ordered commands 217/217, 17 environment pairs, protected mathematics, IDs, references, comments, and semantic topology retain parity outside ADV-0060. Reader-facing English residue and mojibake are zero."",""record_type"":""qa_event"",""recorded_at"":""2026-08-21T00:00:00Z"",""result"":""pass"",""schema_name"":""lebl.backend.record"",""schema_version"":""0.3.0"",""semantic_aliases"":[],""semantic_key"":""lebl.ra.qa.manifest-topology.ra.v1.functions-limits.power-series"",""status"":""active"",""subject_ids"":[""urn:uuid:48df1653-2fd0-5e18-983c-0d327232a40e""],""supersedes_id"":null,""toolchain"":[""independent bounded exact semantic-unit replay after ADV-0060""],""witness"":{""kind"":""file"",""locator"":""backend/production/v0.3/inputs/TRANSLATION_MANIFEST.jsonl:ra.v1.functions-limits.power-series"",""sha256"":""sha256:49505ae79494925a5e2dacde75470edc623f0f67d29a8e94e30d63fff9f81be0""},""workflow_id"":""01a01f57-a34b-7740-9717-596b8116910c/backend-production-v0.3-r006-live""}"
"urn:uuid:d91bfbb5-ecf4-5251-9a9a-d098decb9746","lebl.ra.qa.manifest-topology.ra.v1.riemann-properties.continuous-functions","topology","[""urn:uuid:90d834f9-e546-558e-ab4e-aa4cbf78c62c""]","pass","{""kind"":""file"",""locator"":""backend/production/v0.3/inputs/TRANSLATION_MANIFEST.jsonl:ra.v1.riemann-properties.continuous-functions"",""sha256"":""sha256:be712bb93768f09b8b01ea810dc05ea8b10b99b983a4552545b6939bf1c81a5b""}","[""bounded exact semantic-unit translation replay by r006_integral_continuous_functions""]","2026-08-21T00:00:00Z","active","","","","","","","","","{""check_type"":""topology"",""id"":""urn:uuid:d91bfbb5-ecf4-5251-9a9a-d098decb9746"",""note"":""All 210 lines are translated. Seventy-four inline-math spans, ten equation blocks, 204 commands, 34 environment tokens, seven IDs/xrefs, and 14 blank lines remain exact outside ADV-0050. Reader-facing English residue is zero."",""record_type"":""qa_event"",""recorded_at"":""2026-08-21T00:00:00Z"",""result"":""pass"",""schema_name"":""lebl.backend.record"",""schema_version"":""0.3.0"",""semantic_aliases"":[],""semantic_key"":""lebl.ra.qa.manifest-topology.ra.v1.riemann-properties.continuous-functions"",""status"":""active"",""subject_ids"":[""urn:uuid:90d834f9-e546-558e-ab4e-aa4cbf78c62c""],""supersedes_id"":null,""toolchain"":[""bounded exact semantic-unit translation replay by r006_integral_continuous_functions""],""witness"":{""kind"":""file"",""locator"":""backend/production/v0.3/inputs/TRANSLATION_MANIFEST.jsonl:ra.v1.riemann-properties.continuous-functions"",""sha256"":""sha256:be712bb93768f09b8b01ea810dc05ea8b10b99b983a4552545b6939bf1c81a5b""},""workflow_id"":""01a01f57-a34b-7740-9717-596b8116910c/backend-production-v0.3-r006-live""}"
"urn:uuid:da42d8dd-f235-5e77-87b2-4fd08b185f39","lebl.ra.qa.manifest-topology.ra.v1.fundamental-theorem.exercises","topology","[""urn:uuid:3be013f5-7f1d-5048-984e-1cb684a53ed0""]","pass","{""kind"":""file"",""locator"":""backend/production/v0.3/inputs/TRANSLATION_MANIFEST.jsonl:ra.v1.fundamental-theorem.exercises"",""sha256"":""sha256:995eb5db8ed2e69ad89e4d3e697d73d2fd0ce2705ead580b531ad25590ec7876""}","[""independent bounded exact semantic-unit replay by r006_ftc_second_form plus root scope clarification and refreshed hash replay""]","2026-08-21T00:00:00Z","active","","","","","","","","","{""check_type"":""topology"",""id"":""urn:uuid:da42d8dd-f235-5e77-87b2-4fd08b185f39"",""note"":""All 146 lines are translated. Ordered commands 175/175, environment tokens 46/46, 81 protected-math spans, seven IDs/xrefs, two comments, 87 brace pairs, and blank-line topology remain exact after reader-text localization. ADV-0052 removes a source scope ambiguity in the universal nondifferentiability claim; reader-facing English residue is zero."",""record_type"":""qa_event"",""recorded_at"":""2026-08-21T00:00:00Z"",""result"":""pass"",""schema_name"":""lebl.backend.record"",""schema_version"":""0.3.0"",""semantic_aliases"":[],""semantic_key"":""lebl.ra.qa.manifest-topology.ra.v1.fundamental-theorem.exercises"",""status"":""active"",""subject_ids"":[""urn:uuid:3be013f5-7f1d-5048-984e-1cb684a53ed0""],""supersedes_id"":null,""toolchain"":[""independent bounded exact semantic-unit replay by r006_ftc_second_form plus root scope clarification and refreshed hash replay""],""witness"":{""kind"":""file"",""locator"":""backend/production/v0.3/inputs/TRANSLATION_MANIFEST.jsonl:ra.v1.fundamental-theorem.exercises"",""sha256"":""sha256:995eb5db8ed2e69ad89e4d3e697d73d2fd0ce2705ead580b531ad25590ec7876""},""workflow_id"":""01a01f57-a34b-7740-9717-596b8116910c/backend-production-v0.3-r006-live""}"
"urn:uuid:da9b6418-8a5e-5166-af75-46e309d9b7a5","lebl.ra.qa.manifest-topology.ra.v1.fundamental-theorem.first-form","topology","[""urn:uuid:1c3448f2-9226-514e-8d93-e2ea5f2e1de2""]","pass","{""kind"":""file"",""locator"":""backend/production/v0.3/inputs/TRANSLATION_MANIFEST.jsonl:ra.v1.fundamental-theorem.first-form"",""sha256"":""sha256:cdfae5f24637aaf2769e6feee7c4f40a43a4982580522de8e84f55853375e65d""}","[""bounded exact semantic-unit translation replay by r006_ftc_first_form""]","2026-08-21T00:00:00Z","active","","","","","","","","","{""check_type"":""topology"",""id"":""urn:uuid:da9b6418-8a5e-5166-af75-46e309d9b7a5"",""note"":""All 121 lines are translated. Ordered commands 92/92, environment tokens 28/28, 39 protected-math spans, five IDs/xrefs, one asset, and two comments remain exact after reader-text localization. Reader-facing English residue is zero and no source correction was required."",""record_type"":""qa_event"",""recorded_at"":""2026-08-21T00:00:00Z"",""result"":""pass"",""schema_name"":""lebl.backend.record"",""schema_version"":""0.3.0"",""semantic_aliases"":[],""semantic_key"":""lebl.ra.qa.manifest-topology.ra.v1.fundamental-theorem.first-form"",""status"":""active"",""subject_ids"":[""urn:uuid:1c3448f2-9226-514e-8d93-e2ea5f2e1de2""],""supersedes_id"":null,""toolchain"":[""bounded exact semantic-unit translation replay by r006_ftc_first_form""],""witness"":{""kind"":""file"",""locator"":""backend/production/v0.3/inputs/TRANSLATION_MANIFEST.jsonl:ra.v1.fundamental-theorem.first-form"",""sha256"":""sha256:cdfae5f24637aaf2769e6feee7c4f40a43a4982580522de8e84f55853375e65d""},""workflow_id"":""01a01f57-a34b-7740-9717-596b8116910c/backend-production-v0.3-r006-live""}"
"urn:uuid:dccd4344-6b6c-5add-8c6d-7e1835259e02","lebl.ra.qa.manifest-topology.ra.v1.continuous-functions.limits.cluster-points","topology","[""urn:uuid:8c23380e-5abc-5fa7-b1c5-6d52ef9c53b6""]","pass","{""kind"":""file"",""locator"":""backend/production/v0.3/inputs/TRANSLATION_MANIFEST.jsonl:ra.v1.continuous-functions.limits.cluster-points"",""sha256"":""sha256:56b8aa2788a445d89cc8cf74415e81f55a490058d6d7735e77613e1d68bb87e3""}","[""bounded exact semantic-unit replay and post-polish replay by ra_series_front_audit2""]","2026-08-21T00:00:00Z","active","","","","","","","","","{""check_type"":""topology"",""id"":""urn:uuid:dccd4344-6b6c-5add-8c6d-7e1835259e02"",""note"":""All 77 lines are translated. Commands 82/82, environment pairs 5/5, two labels, two comment lines, 62 ordered protected-math regions, and 47 balanced brace pairs remain exact. Reader-facing English residue is zero and no source correction was required."",""record_type"":""qa_event"",""recorded_at"":""2026-08-21T00:00:00Z"",""result"":""pass"",""schema_name"":""lebl.backend.record"",""schema_version"":""0.3.0"",""semantic_aliases"":[],""semantic_key"":""lebl.ra.qa.manifest-topology.ra.v1.continuous-functions.limits.cluster-points"",""status"":""active"",""subject_ids"":[""urn:uuid:8c23380e-5abc-5fa7-b1c5-6d52ef9c53b6""],""supersedes_id"":null,""toolchain"":[""bounded exact semantic-unit replay and post-polish replay by ra_series_front_audit2""],""witness"":{""kind"":""file"",""locator"":""backend/production/v0.3/inputs/TRANSLATION_MANIFEST.jsonl:ra.v1.continuous-functions.limits.cluster-points"",""sha256"":""sha256:56b8aa2788a445d89cc8cf74415e81f55a490058d6d7735e77613e1d68bb87e3""},""workflow_id"":""01a01f57-a34b-7740-9717-596b8116910c/backend-production-v0.3-r006-live""}"
"urn:uuid:dcf23bd6-5013-5a14-9e20-4edfcf18703b","lebl.ra.qa.manifest-topology.ra.v1.metric-spaces.topology","topology","[""urn:uuid:ab44c7ec-e8dc-5263-ab49-4a0d166f07e5""]","pass","{""kind"":""file"",""locator"":""backend/production/v0.3/inputs/TRANSLATION_MANIFEST.jsonl:ra.v1.metric-spaces.topology"",""sha256"":""sha256:90118a000ee0afb56235d3a8bac0efbab439c7b67ae4326b4ae0e40a05716c0b""}","[""bounded exact semantic-unit replay after ADV-0068""]","2026-08-21T00:00:00Z","active","","","","","","","","","{""check_type"":""topology"",""id"":""urn:uuid:dcf23bd6-5013-5a14-9e20-4edfcf18703b"",""note"":""Open and closed balls, topological definitions, closure properties, subspace topology, proofs, examples, and accessibility descriptions are fully localized. Commands 408/408, environment tokens 62/62, 34 IDs/references/assets, 193 inline-math spans, comments, and 184 brace pairs retain parity outside the corrected interval endpoint in ADV-0068; reader-facing English residue and mojibake are zero."",""record_type"":""qa_event"",""recorded_at"":""2026-08-21T00:00:00Z"",""result"":""pass"",""schema_name"":""lebl.backend.record"",""schema_version"":""0.3.0"",""semantic_aliases"":[],""semantic_key"":""lebl.ra.qa.manifest-topology.ra.v1.metric-spaces.topology"",""status"":""active"",""subject_ids"":[""urn:uuid:ab44c7ec-e8dc-5263-ab49-4a0d166f07e5""],""supersedes_id"":null,""toolchain"":[""bounded exact semantic-unit replay after ADV-0068""],""witness"":{""kind"":""file"",""locator"":""backend/production/v0.3/inputs/TRANSLATION_MANIFEST.jsonl:ra.v1.metric-spaces.topology"",""sha256"":""sha256:90118a000ee0afb56235d3a8bac0efbab439c7b67ae4326b4ae0e40a05716c0b""},""workflow_id"":""01a01f57-a34b-7740-9717-596b8116910c/backend-production-v0.3-r006-live""}"
"urn:uuid:e03a20a6-69f8-5356-8f4a-b3ffbeceaea3","lebl.ra.qa.manifest-topology.ra.v1.continuous-functions.monotone-continuity.continuity-of-monotone-functions","topology","[""urn:uuid:9e5560f7-5424-501a-91f2-bb372fb7e0c9""]","pass","{""kind"":""file"",""locator"":""backend/production/v0.3/inputs/TRANSLATION_MANIFEST.jsonl:ra.v1.continuous-functions.monotone-continuity.continuity-of-monotone-functions"",""sha256"":""sha256:e528700464d95726c5e469e9c97062ced3f640355dd6a4743edbefa6304ca3a8""}","[""bounded exact semantic-unit translation replay by r006_monotone_continuity""]","2026-08-21T00:00:00Z","active","","","","","","","","","{""check_type"":""topology"",""id"":""urn:uuid:e03a20a6-69f8-5356-8f4a-b3ffbeceaea3"",""note"":""All 248 lines are translated. Environment events 38/38, labels 6/6, references 5/5, assets 2/2, comments 26/26, and 100 brace pairs remain exact; display math is invariant after reader-text localization. ADV-0028 corrects the endpoint-exception range as the sole inline-math delta. Accessibility prose is Indonesian and reader-facing English residue is zero."",""record_type"":""qa_event"",""recorded_at"":""2026-08-21T00:00:00Z"",""result"":""pass"",""schema_name"":""lebl.backend.record"",""schema_version"":""0.3.0"",""semantic_aliases"":[],""semantic_key"":""lebl.ra.qa.manifest-topology.ra.v1.continuous-functions.monotone-continuity.continuity-of-monotone-functions"",""status"":""active"",""subject_ids"":[""urn:uuid:9e5560f7-5424-501a-91f2-bb372fb7e0c9""],""supersedes_id"":null,""toolchain"":[""bounded exact semantic-unit translation replay by r006_monotone_continuity""],""witness"":{""kind"":""file"",""locator"":""backend/production/v0.3/inputs/TRANSLATION_MANIFEST.jsonl:ra.v1.continuous-functions.monotone-continuity.continuity-of-monotone-functions"",""sha256"":""sha256:e528700464d95726c5e469e9c97062ced3f640355dd6a4743edbefa6304ca3a8""},""workflow_id"":""01a01f57-a34b-7740-9717-596b8116910c/backend-production-v0.3-r006-live""}"
"urn:uuid:e50d74d9-65bb-5ea8-9331-dd6d49bc0aa0","lebl.ra.qa.manifest-topology.ra.v1.riemann-integral.partitions-lower-upper-integrals","topology","[""urn:uuid:67a80b01-e07b-5529-9b3e-314b636a2570""]","pass","{""kind"":""file"",""locator"":""backend/production/v0.3/inputs/TRANSLATION_MANIFEST.jsonl:ra.v1.riemann-integral.partitions-lower-upper-integrals"",""sha256"":""sha256:975156e9a387b32c5b466377a7bcc4b9ef36aa05c2d39ce25303db8a9c81df84""}","[""bounded exact semantic-unit translation replay by r006_riemann_partitions plus root formula correction and refreshed hash replay""]","2026-08-21T00:00:00Z","active","","","","","","","","","{""check_type"":""topology"",""id"":""urn:uuid:e50d74d9-65bb-5ea8-9331-dd6d49bc0aa0"",""note"":""All 311 lines are translated. Before declared corrections, 385 commands, 60 environment tokens, 21 IDs/references/assets, comments, braces, and 116 protected-math spans remain exact after reader-text localization. ADV-0045 corrects an undefined q=0 index and ADV-0046 groups the intended telescoping summand; reader-facing English residue is zero."",""record_type"":""qa_event"",""recorded_at"":""2026-08-21T00:00:00Z"",""result"":""pass"",""schema_name"":""lebl.backend.record"",""schema_version"":""0.3.0"",""semantic_aliases"":[],""semantic_key"":""lebl.ra.qa.manifest-topology.ra.v1.riemann-integral.partitions-lower-upper-integrals"",""status"":""active"",""subject_ids"":[""urn:uuid:67a80b01-e07b-5529-9b3e-314b636a2570""],""supersedes_id"":null,""toolchain"":[""bounded exact semantic-unit translation replay by r006_riemann_partitions plus root formula correction and refreshed hash replay""],""witness"":{""kind"":""file"",""locator"":""backend/production/v0.3/inputs/TRANSLATION_MANIFEST.jsonl:ra.v1.riemann-integral.partitions-lower-upper-integrals"",""sha256"":""sha256:975156e9a387b32c5b466377a7bcc4b9ef36aa05c2d39ce25303db8a9c81df84""},""workflow_id"":""01a01f57-a34b-7740-9717-596b8116910c/backend-production-v0.3-r006-live""}"
"urn:uuid:e804c440-6b1e-5270-93e7-b360793ced45","lebl.ra.qa.manifest-topology.ra.v1.metric-spaces.exercises","topology","[""urn:uuid:0e070d7d-9e89-5a89-801a-ba7307bb93f8""]","pass","{""kind"":""file"",""locator"":""backend/production/v0.3/inputs/TRANSLATION_MANIFEST.jsonl:ra.v1.metric-spaces.exercises"",""sha256"":""sha256:6b66caa1c08b3196fdfe871efb7b9cad51916bb52b47df7f2524eb3f4e8b8e9e""}","[""bounded exact exercise-block replay after ADV-0067""]","2026-08-21T00:00:00Z","active","","","","","","","","","{""check_type"":""topology"",""id"":""urn:uuid:e804c440-6b1e-5270-93e7-b360793ced45"",""note"":""All exercises and subparts are fully localized. Fifty environment tokens, seven IDs/references, 103 protected-math spans, the separator comment, and 103 brace pairs retain exact parity outside the missing set-builder domain repaired in ADV-0067; reader-facing English residue and mojibake are zero."",""record_type"":""qa_event"",""recorded_at"":""2026-08-21T00:00:00Z"",""result"":""pass"",""schema_name"":""lebl.backend.record"",""schema_version"":""0.3.0"",""semantic_aliases"":[],""semantic_key"":""lebl.ra.qa.manifest-topology.ra.v1.metric-spaces.exercises"",""status"":""active"",""subject_ids"":[""urn:uuid:0e070d7d-9e89-5a89-801a-ba7307bb93f8""],""supersedes_id"":null,""toolchain"":[""bounded exact exercise-block replay after ADV-0067""],""witness"":{""kind"":""file"",""locator"":""backend/production/v0.3/inputs/TRANSLATION_MANIFEST.jsonl:ra.v1.metric-spaces.exercises"",""sha256"":""sha256:6b66caa1c08b3196fdfe871efb7b9cad51916bb52b47df7f2524eb3f4e8b8e9e""},""workflow_id"":""01a01f57-a34b-7740-9717-596b8116910c/backend-production-v0.3-r006-live""}"
"urn:uuid:e8312783-2e47-521f-9424-d2877dba6808","lebl.ra.qa.manifest-topology.ra.v1.metric-spaces.examples-subspaces-boundedness","topology","[""urn:uuid:18497c05-32c8-53b0-bd14-c356d7dbd1f7""]","pass","{""kind"":""file"",""locator"":""backend/production/v0.3/inputs/TRANSLATION_MANIFEST.jsonl:ra.v1.metric-spaces.examples-subspaces-boundedness"",""sha256"":""sha256:e5321c04966826d8bd4003bbf1e0374b1ac8b0e4efb2e74dda0341c91942b6ce""}","[""bounded exact semantic-unit replay after ADV-0064 through ADV-0066""]","2026-08-21T00:00:00Z","active","","","","","","","","","{""check_type"":""topology"",""id"":""urn:uuid:e8312783-2e47-521f-9424-d2877dba6808"",""note"":""Complex, discrete, function-space, and sphere metrics plus subspaces, boundedness, and diameter are fully localized. Commands 183/183, 17 environment pairs, three labels, four xrefs, two assets, comments, protected mathematics, and 113 brace pairs retain parity outside the declared source corrections; reader-facing English residue and mojibake are zero."",""record_type"":""qa_event"",""recorded_at"":""2026-08-21T00:00:00Z"",""result"":""pass"",""schema_name"":""lebl.backend.record"",""schema_version"":""0.3.0"",""semantic_aliases"":[],""semantic_key"":""lebl.ra.qa.manifest-topology.ra.v1.metric-spaces.examples-subspaces-boundedness"",""status"":""active"",""subject_ids"":[""urn:uuid:18497c05-32c8-53b0-bd14-c356d7dbd1f7""],""supersedes_id"":null,""toolchain"":[""bounded exact semantic-unit replay after ADV-0064 through ADV-0066""],""witness"":{""kind"":""file"",""locator"":""backend/production/v0.3/inputs/TRANSLATION_MANIFEST.jsonl:ra.v1.metric-spaces.examples-subspaces-boundedness"",""sha256"":""sha256:e5321c04966826d8bd4003bbf1e0374b1ac8b0e4efb2e74dda0341c91942b6ce""},""workflow_id"":""01a01f57-a34b-7740-9717-596b8116910c/backend-production-v0.3-r006-live""}"
"urn:uuid:e974bf95-3803-5562-a2dd-18930950ece2","lebl.ra.qa.manifest-topology.ra.v1.real-numbers.construction","topology","[""urn:uuid:7409146c-e0e2-55e4-a64d-a78ecf27d7bf""]","pass","{""kind"":""file"",""locator"":""backend/production/v0.3/inputs/TRANSLATION_MANIFEST.jsonl:ra.v1.real-numbers.construction"",""sha256"":""sha256:cc6bdb86ca3275788a798fb8fcd3416f9b8ed6ea8fd2acc91e0af9e696085bc1""}","[""bounded exact unit replay by ra_basic_exercises""]","2026-08-21T00:00:00Z","active","","","","","","","","","{""check_type"":""topology"",""id"":""urn:uuid:e974bf95-3803-5562-a2dd-18930950ece2"",""note"":""167 lines, 175 commands, 18 environment events, 10 labels/references, 128 inline formulas, two display equations, and comments preserved; five reader-facing math annotations localized; no source correction."",""record_type"":""qa_event"",""recorded_at"":""2026-08-21T00:00:00Z"",""result"":""pass"",""schema_name"":""lebl.backend.record"",""schema_version"":""0.3.0"",""semantic_aliases"":[],""semantic_key"":""lebl.ra.qa.manifest-topology.ra.v1.real-numbers.construction"",""status"":""active"",""subject_ids"":[""urn:uuid:7409146c-e0e2-55e4-a64d-a78ecf27d7bf""],""supersedes_id"":null,""toolchain"":[""bounded exact unit replay by ra_basic_exercises""],""witness"":{""kind"":""file"",""locator"":""backend/production/v0.3/inputs/TRANSLATION_MANIFEST.jsonl:ra.v1.real-numbers.construction"",""sha256"":""sha256:cc6bdb86ca3275788a798fb8fcd3416f9b8ed6ea8fd2acc91e0af9e696085bc1""},""workflow_id"":""01a01f57-a34b-7740-9717-596b8116910c/backend-production-v0.3-r006-live""}"
"urn:uuid:eda2356d-ffb8-5870-a264-f3da0ce83e91","lebl.ra.qa.manifest-topology.ra.v1.real-numbers.basic-properties","topology","[""urn:uuid:c51b8e6b-1f60-5fe0-abc6-0582bbb388c6""]","pass","{""kind"":""file"",""locator"":""backend/production/v0.3/inputs/TRANSLATION_MANIFEST.jsonl:ra.v1.real-numbers.basic-properties"",""sha256"":""sha256:abab72ececfd0140ab2667d2fccedd1a3d45ccd49d8ccc5aa3a2c6f024041c83""}","[""bounded exact unit replay by ra_real_basic_properties plus checkpoint PDF delta audit""]","2026-08-21T00:00:00Z","active","","","","","","","","","{""check_type"":""topology"",""id"":""urn:uuid:eda2356d-ffb8-5870-a264-f3da0ce83e91"",""note"":""273 mathematical spans, 351 commands, 54 environment delimiters, 15 labels, 18 references, 8 glossary IDs, and 35 comments/directives preserved. The editable Figure 1.1 overlay is localized without geometry changes and renders cleanly; no mathematical source correction."",""record_type"":""qa_event"",""recorded_at"":""2026-08-21T00:00:00Z"",""result"":""pass"",""schema_name"":""lebl.backend.record"",""schema_version"":""0.3.0"",""semantic_aliases"":[],""semantic_key"":""lebl.ra.qa.manifest-topology.ra.v1.real-numbers.basic-properties"",""status"":""active"",""subject_ids"":[""urn:uuid:c51b8e6b-1f60-5fe0-abc6-0582bbb388c6""],""supersedes_id"":null,""toolchain"":[""bounded exact unit replay by ra_real_basic_properties plus checkpoint PDF delta audit""],""witness"":{""kind"":""file"",""locator"":""backend/production/v0.3/inputs/TRANSLATION_MANIFEST.jsonl:ra.v1.real-numbers.basic-properties"",""sha256"":""sha256:abab72ececfd0140ab2667d2fccedd1a3d45ccd49d8ccc5aa3a2c6f024041c83""},""workflow_id"":""01a01f57-a34b-7740-9717-596b8116910c/backend-production-v0.3-r006-live""}"
"urn:uuid:f15b6fb0-f224-5645-98c2-111edb8fd322","lebl.ra.qa.manifest-topology.ra.v1.real-numbers.decimal-representation","topology","[""urn:uuid:6d1c2f5d-b696-5419-8c7d-2a69dd457573""]","pass","{""kind"":""file"",""locator"":""backend/production/v0.3/inputs/TRANSLATION_MANIFEST.jsonl:ra.v1.real-numbers.decimal-representation"",""sha256"":""sha256:383b9dd629cd49b5ea85a81616722711c33d844b8afd9b103156c3beb6d4b422""}","[""bounded exact unit and whole-file replay by ra_basic_exercises plus parent asset scan""]","2026-08-21T00:00:00Z","active","","","","","","","","","{""check_type"":""topology"",""id"":""urn:uuid:f15b6fb0-f224-5645-98c2-111edb8fd322"",""note"":""410 lines, 326 commands, 74 environment events, five labels, five reference targets, five index events, 195 inline formulas, 25 display formulas, comments/directives, asset ID, and a 17-line accessibility description remain structurally exact. The Cantor-diagonal figure overlay is localized without geometry/math changes. The omitted equality case in the source argument is supplied and logged as LEBL-ID-ADV-0008."",""record_type"":""qa_event"",""recorded_at"":""2026-08-21T00:00:00Z"",""result"":""pass"",""schema_name"":""lebl.backend.record"",""schema_version"":""0.3.0"",""semantic_aliases"":[],""semantic_key"":""lebl.ra.qa.manifest-topology.ra.v1.real-numbers.decimal-representation"",""status"":""active"",""subject_ids"":[""urn:uuid:6d1c2f5d-b696-5419-8c7d-2a69dd457573""],""supersedes_id"":null,""toolchain"":[""bounded exact unit and whole-file replay by ra_basic_exercises plus parent asset scan""],""witness"":{""kind"":""file"",""locator"":""backend/production/v0.3/inputs/TRANSLATION_MANIFEST.jsonl:ra.v1.real-numbers.decimal-representation"",""sha256"":""sha256:383b9dd629cd49b5ea85a81616722711c33d844b8afd9b103156c3beb6d4b422""},""workflow_id"":""01a01f57-a34b-7740-9717-596b8116910c/backend-production-v0.3-r006-live""}"
"urn:uuid:f19d0d01-12c7-599a-aeff-0953eaef3655","lebl.ra.qa.manifest-topology.ra.v2.analysis-vector-spaces.matrices","topology","[""urn:uuid:d53e75c5-ed17-5481-9f76-357901a8ab3d""]","pass","{""kind"":""file"",""locator"":""backend/production/v0.3/inputs/TRANSLATION_MANIFEST.jsonl:ra.v2.analysis-vector-spaces.matrices"",""sha256"":""sha256:c5d04ace648c07a5bf6dc4c5d20dc7ae3d8e049d68e34b0968ea7658871c2d97""}","[""independent bounded structural, mathematical, terminology, and residue replay""]","2026-08-21T00:00:00Z","active","","","","","","","","","{""check_type"":""topology"",""id"":""urn:uuid:f19d0d01-12c7-599a-aeff-0953eaef3655"",""note"":""Matrix representations, entries, rows, columns, multiplication, transposition, change of basis, and equivalence of operator and entrywise topology are fully localized. The ordered 150-command stream, twenty environment tokens, 77 inline-math spans, eight displays, IDs, glossary hooks, index hooks, and comments retain exact topology; reader-facing English residue and mojibake are zero."",""record_type"":""qa_event"",""recorded_at"":""2026-08-21T00:00:00Z"",""result"":""pass"",""schema_name"":""lebl.backend.record"",""schema_version"":""0.3.0"",""semantic_aliases"":[],""semantic_key"":""lebl.ra.qa.manifest-topology.ra.v2.analysis-vector-spaces.matrices"",""status"":""active"",""subject_ids"":[""urn:uuid:d53e75c5-ed17-5481-9f76-357901a8ab3d""],""supersedes_id"":null,""toolchain"":[""independent bounded structural, mathematical, terminology, and residue replay""],""witness"":{""kind"":""file"",""locator"":""backend/production/v0.3/inputs/TRANSLATION_MANIFEST.jsonl:ra.v2.analysis-vector-spaces.matrices"",""sha256"":""sha256:c5d04ace648c07a5bf6dc4c5d20dc7ae3d8e049d68e34b0968ea7658871c2d97""},""workflow_id"":""01a01f57-a34b-7740-9717-596b8116910c/backend-production-v0.3-r006-live""}"
"urn:uuid:f28deba2-5989-58a1-b2b9-49ea8f3dd6fe","lebl.ra.qa.manifest-topology.ra.v1.sequences-series.more-on-series.root-test","topology","[""urn:uuid:73f76bbb-1849-5ed0-8b5e-05f3da85fcaf""]","pass","{""kind"":""file"",""locator"":""backend/production/v0.3/inputs/TRANSLATION_MANIFEST.jsonl:ra.v1.sequences-series.more-on-series.root-test"",""sha256"":""sha256:d0dc61031b7af5a720e8456a9de96c9d386e4a21de865c2499e4c0e3a4cf46ed""}","[""bounded exact semantic-unit replay by ra_series_front_audit2 plus parent fidelity-fix hash replay""]","2026-08-21T00:00:00Z","active","","","","","","","","","{""check_type"":""topology"",""id"":""urn:uuid:f28deba2-5989-58a1-b2b9-49ea8f3dd6fe"",""note"":""All 75 lines are translated. Commands 106/106, environment pairs 8/8, one label, one xref, two percent/comment surfaces, 38 protected-math regions after reader-text localization, and 94 balanced brace pairs remain exact. Reader-facing English residue is zero and no source correction was required."",""record_type"":""qa_event"",""recorded_at"":""2026-08-21T00:00:00Z"",""result"":""pass"",""schema_name"":""lebl.backend.record"",""schema_version"":""0.3.0"",""semantic_aliases"":[],""semantic_key"":""lebl.ra.qa.manifest-topology.ra.v1.sequences-series.more-on-series.root-test"",""status"":""active"",""subject_ids"":[""urn:uuid:73f76bbb-1849-5ed0-8b5e-05f3da85fcaf""],""supersedes_id"":null,""toolchain"":[""bounded exact semantic-unit replay by ra_series_front_audit2 plus parent fidelity-fix hash replay""],""witness"":{""kind"":""file"",""locator"":""backend/production/v0.3/inputs/TRANSLATION_MANIFEST.jsonl:ra.v1.sequences-series.more-on-series.root-test"",""sha256"":""sha256:d0dc61031b7af5a720e8456a9de96c9d386e4a21de865c2499e4c0e3a4cf46ed""},""workflow_id"":""01a01f57-a34b-7740-9717-596b8116910c/backend-production-v0.3-r006-live""}"
"urn:uuid:f2c74bfe-a66f-59f9-aa04-46ea5089e5c4","lebl.ra.qa.manifest-topology.ra.v1.intro.basic-set-theory.induction","topology","[""urn:uuid:b4209c3a-f622-5a20-970a-2d368274b2ca""]","pass","{""kind"":""file"",""locator"":""backend/production/v0.3/inputs/TRANSLATION_MANIFEST.jsonl:ra.v1.intro.basic-set-theory.induction"",""sha256"":""sha256:54f52cb56b15485647a77c9d954a2e25a084a2defa64e7ba861435b765fc2698""}","[""bounded unit replay plus qa/verify_ra_unit_0001.py semantic-text normalization""]","2026-08-21T00:00:00Z","active","","","","","","","","","{""check_type"":""topology"",""id"":""urn:uuid:f2c74bfe-a66f-59f9-aa04-46ea5089e5c4"",""note"":""Ordinary and strong induction, both examples, and alternate PreTeXt theorem surface translated; mathematical symbols/formulas preserved, including localization of the reader-facing recall phrase inside math text."",""record_type"":""qa_event"",""recorded_at"":""2026-08-21T00:00:00Z"",""result"":""pass"",""schema_name"":""lebl.backend.record"",""schema_version"":""0.3.0"",""semantic_aliases"":[],""semantic_key"":""lebl.ra.qa.manifest-topology.ra.v1.intro.basic-set-theory.induction"",""status"":""active"",""subject_ids"":[""urn:uuid:b4209c3a-f622-5a20-970a-2d368274b2ca""],""supersedes_id"":null,""toolchain"":[""bounded unit replay plus qa/verify_ra_unit_0001.py semantic-text normalization""],""witness"":{""kind"":""file"",""locator"":""backend/production/v0.3/inputs/TRANSLATION_MANIFEST.jsonl:ra.v1.intro.basic-set-theory.induction"",""sha256"":""sha256:54f52cb56b15485647a77c9d954a2e25a084a2defa64e7ba861435b765fc2698""},""workflow_id"":""01a01f57-a34b-7740-9717-596b8116910c/backend-production-v0.3-r006-live""}"
"urn:uuid:f34ec279-fe1e-5226-8fff-82c005dd34f0","lebl.ra.qa.manifest-topology.ra.v1.sequences-series.series.basic-properties","topology","[""urn:uuid:07374870-7c31-523d-a8d8-071c22b9c84c""]","pass","{""kind"":""file"",""locator"":""backend/production/v0.3/inputs/TRANSLATION_MANIFEST.jsonl:ra.v1.sequences-series.series.basic-properties"",""sha256"":""sha256:3ed775496ba50a6cc5f0513b2ba855760c096320ae6a75bd82e9be6af19835c8""}","[""bounded exact semantic-unit replay by ra_series_basic_absolute_audit plus fresh seven-unit replay by ra_series_tests_audit""]","2026-08-21T00:00:00Z","active","","","","","","","","","{""check_type"":""topology"",""id"":""urn:uuid:f34ec279-fe1e-5226-8fff-82c005dd34f0"",""note"":""All 167 lines are translated. Commands 206/206, environment pairs 18/18, stable label and href, one comment, 45 protected-math regions, and balanced braces remain exact. Reader-facing English residue is zero and no source correction was required."",""record_type"":""qa_event"",""recorded_at"":""2026-08-21T00:00:00Z"",""result"":""pass"",""schema_name"":""lebl.backend.record"",""schema_version"":""0.3.0"",""semantic_aliases"":[],""semantic_key"":""lebl.ra.qa.manifest-topology.ra.v1.sequences-series.series.basic-properties"",""status"":""active"",""subject_ids"":[""urn:uuid:07374870-7c31-523d-a8d8-071c22b9c84c""],""supersedes_id"":null,""toolchain"":[""bounded exact semantic-unit replay by ra_series_basic_absolute_audit plus fresh seven-unit replay by ra_series_tests_audit""],""witness"":{""kind"":""file"",""locator"":""backend/production/v0.3/inputs/TRANSLATION_MANIFEST.jsonl:ra.v1.sequences-series.series.basic-properties"",""sha256"":""sha256:3ed775496ba50a6cc5f0513b2ba855760c096320ae6a75bd82e9be6af19835c8""},""workflow_id"":""01a01f57-a34b-7740-9717-596b8116910c/backend-production-v0.3-r006-live""}"
"urn:uuid:f69bfe19-fcf2-5be5-93da-f6e96e6ba0d2","lebl.ra.qa.manifest-topology.ra.v1.continuous-functions.limits.restrictions-one-sided","topology","[""urn:uuid:f0c5e6fe-62b7-5cc2-9c64-105c563b31c5""]","pass","{""kind"":""file"",""locator"":""backend/production/v0.3/inputs/TRANSLATION_MANIFEST.jsonl:ra.v1.continuous-functions.limits.restrictions-one-sided"",""sha256"":""sha256:e87f3276d0796843bc56c4fcef85336d0f93500949a63ec726902bd2cc8c5c0d""}","[""bounded exact semantic-unit replay by ra_series_front_audit2 plus parent residue/naturalness hash replay""]","2026-08-21T00:00:00Z","active","","","","","","","","","{""check_type"":""topology"",""id"":""urn:uuid:f69bfe19-fcf2-5be5-93da-f6e96e6ba0d2"",""note"":""All 133 lines are translated. Commands 241/241, environment pairs 12/12, three labels, two xrefs, one glossary ID, two percent surfaces, 108 ordered protected-math regions after reader-text localization, and 84 balanced brace pairs remain exact. Reader-facing English residue is zero and no source correction was required."",""record_type"":""qa_event"",""recorded_at"":""2026-08-21T00:00:00Z"",""result"":""pass"",""schema_name"":""lebl.backend.record"",""schema_version"":""0.3.0"",""semantic_aliases"":[],""semantic_key"":""lebl.ra.qa.manifest-topology.ra.v1.continuous-functions.limits.restrictions-one-sided"",""status"":""active"",""subject_ids"":[""urn:uuid:f0c5e6fe-62b7-5cc2-9c64-105c563b31c5""],""supersedes_id"":null,""toolchain"":[""bounded exact semantic-unit replay by ra_series_front_audit2 plus parent residue/naturalness hash replay""],""witness"":{""kind"":""file"",""locator"":""backend/production/v0.3/inputs/TRANSLATION_MANIFEST.jsonl:ra.v1.continuous-functions.limits.restrictions-one-sided"",""sha256"":""sha256:e87f3276d0796843bc56c4fcef85336d0f93500949a63ec726902bd2cc8c5c0d""},""workflow_id"":""01a01f57-a34b-7740-9717-596b8116910c/backend-production-v0.3-r006-live""}"
"urn:uuid:f7c0c1f6-b3b8-573c-bffd-70140966c24a","lebl.ra.qa.manifest-topology.ra.v1.sequences-series.series.comparison-p-series","topology","[""urn:uuid:f98b1a96-1a5f-5b4a-89e1-e608cf889370""]","pass","{""kind"":""file"",""locator"":""backend/production/v0.3/inputs/TRANSLATION_MANIFEST.jsonl:ra.v1.sequences-series.series.comparison-p-series"",""sha256"":""sha256:0aab20a5116d52828719104c8a2c21ec06b615ea93b665f0062c68bce01a295b""}","[""bounded exact semantic-unit replay by ra_series_tests_audit plus parent post-polish hash replay""]","2026-08-21T00:00:00Z","active","","","","","","","","","{""check_type"":""topology"",""id"":""urn:uuid:f7c0c1f6-b3b8-573c-bffd-70140966c24a"",""note"":""All 198 lines are translated. Commands 222/222, environment pairs 17/17, one label, five references, one href, two comments, and 80 protected-math regions remain exact. Reader-facing English residue is zero and no source correction was required."",""record_type"":""qa_event"",""recorded_at"":""2026-08-21T00:00:00Z"",""result"":""pass"",""schema_name"":""lebl.backend.record"",""schema_version"":""0.3.0"",""semantic_aliases"":[],""semantic_key"":""lebl.ra.qa.manifest-topology.ra.v1.sequences-series.series.comparison-p-series"",""status"":""active"",""subject_ids"":[""urn:uuid:f98b1a96-1a5f-5b4a-89e1-e608cf889370""],""supersedes_id"":null,""toolchain"":[""bounded exact semantic-unit replay by ra_series_tests_audit plus parent post-polish hash replay""],""witness"":{""kind"":""file"",""locator"":""backend/production/v0.3/inputs/TRANSLATION_MANIFEST.jsonl:ra.v1.sequences-series.series.comparison-p-series"",""sha256"":""sha256:0aab20a5116d52828719104c8a2c21ec06b615ea93b665f0062c68bce01a295b""},""workflow_id"":""01a01f57-a34b-7740-9717-596b8116910c/backend-production-v0.3-r006-live""}"
"urn:uuid:f9062148-6b24-5fbf-9e7f-01653e0757f5","lebl.ra.qa.manifest-topology.ra.v1.improper-integrals.exercises","topology","[""urn:uuid:0294cc57-9426-5f38-8fc5-3df88fc762b3""]","pass","{""kind"":""file"",""locator"":""backend/production/v0.3/inputs/TRANSLATION_MANIFEST.jsonl:ra.v1.improper-integrals.exercises"",""sha256"":""sha256:dc719e446870019db9c0177930d3a198fb8e731d9fe6fe4aeb9f9de13922b4f7""}","[""independent bounded exact semantic-unit replay and final replay by r006_improper_exercises_final""]","2026-08-21T00:00:00Z","active","","","","","","","","","{""check_type"":""topology"",""id"":""urn:uuid:f9062148-6b24-5fbf-9e7f-01653e0757f5"",""note"":""All reader-facing prose is translated. Fourteen exercises, one note, four enumerations, seven equations, two samepage blocks, 72 inline-math spans, 56 environment events, two comments, one reference, and four indexes retain parity outside the two valid epsilon-domain corrections in ADV-0059. Reader-facing English residue and mojibake are zero."",""record_type"":""qa_event"",""recorded_at"":""2026-08-21T00:00:00Z"",""result"":""pass"",""schema_name"":""lebl.backend.record"",""schema_version"":""0.3.0"",""semantic_aliases"":[],""semantic_key"":""lebl.ra.qa.manifest-topology.ra.v1.improper-integrals.exercises"",""status"":""active"",""subject_ids"":[""urn:uuid:0294cc57-9426-5f38-8fc5-3df88fc762b3""],""supersedes_id"":null,""toolchain"":[""independent bounded exact semantic-unit replay and final replay by r006_improper_exercises_final""],""witness"":{""kind"":""file"",""locator"":""backend/production/v0.3/inputs/TRANSLATION_MANIFEST.jsonl:ra.v1.improper-integrals.exercises"",""sha256"":""sha256:dc719e446870019db9c0177930d3a198fb8e731d9fe6fe4aeb9f9de13922b4f7""},""workflow_id"":""01a01f57-a34b-7740-9717-596b8116910c/backend-production-v0.3-r006-live""}"
"urn:uuid:f9424a8d-d642-5dc9-97d1-155c537ccd06","lebl.ra.qa.manifest-topology.ra.v1.continuous-functions.limits-at-infinity.exercises","topology","[""urn:uuid:220b0b5f-5464-5d10-8e91-e007ab89cc95""]","pass","{""kind"":""file"",""locator"":""backend/production/v0.3/inputs/TRANSLATION_MANIFEST.jsonl:ra.v1.continuous-functions.limits-at-infinity.exercises"",""sha256"":""sha256:7c103dd916d566a235d12a2446cd561a2b4eb159663012af62431884e307d483""}","[""bounded semantic-unit replay plus complete Volume I PDF visual gate""]","2026-08-21T00:00:00Z","active","","","","","","","","","{""check_type"":""topology"",""id"":""urn:uuid:f9424a8d-d642-5dc9-97d1-155c537ccd06"",""note"":""All nine exercises and four items are translated; IDs, references, comments, mathematical content, and the page-break boundary remain intact. The sequential characterization of an infinite limit is deliberately split across two aligned rows, removing a 33.8-point overfull box while keeping the full quantification visible on PDF page 160. Reader-facing English residue is zero and no source correction was required."",""record_type"":""qa_event"",""recorded_at"":""2026-08-21T00:00:00Z"",""result"":""pass"",""schema_name"":""lebl.backend.record"",""schema_version"":""0.3.0"",""semantic_aliases"":[],""semantic_key"":""lebl.ra.qa.manifest-topology.ra.v1.continuous-functions.limits-at-infinity.exercises"",""status"":""active"",""subject_ids"":[""urn:uuid:220b0b5f-5464-5d10-8e91-e007ab89cc95""],""supersedes_id"":null,""toolchain"":[""bounded semantic-unit replay plus complete Volume I PDF visual gate""],""witness"":{""kind"":""file"",""locator"":""backend/production/v0.3/inputs/TRANSLATION_MANIFEST.jsonl:ra.v1.continuous-functions.limits-at-infinity.exercises"",""sha256"":""sha256:7c103dd916d566a235d12a2446cd561a2b4eb159663012af62431884e307d483""},""workflow_id"":""01a01f57-a34b-7740-9717-596b8116910c/backend-production-v0.3-r006-live""}"
"urn:uuid:f9c5d729-6894-552c-9ffc-20f32f2b3ce2","lebl.ra.qa.manifest-topology.ra.v2.derivative.definition-chain-rule","topology","[""urn:uuid:bf502a97-8591-513d-9d57-1a8fe7bb0721""]","pass","{""kind"":""file"",""locator"":""backend/production/v0.3/inputs/TRANSLATION_MANIFEST.jsonl:ra.v2.derivative.definition-chain-rule"",""sha256"":""sha256:3834e81a9a9d8b54edad6a1c81b8096241059ce5efda0a1b9e5d453d08e0eef5""}","[""bounded structural, mathematical, accessibility, and residue replay plus ADV-0093""]","2026-08-21T00:00:00Z","active","","","","","","","","","{""check_type"":""topology"",""id"":""urn:uuid:f9c5d729-6894-552c-9ffc-20f32f2b3ce2"",""note"":""The Fréchet derivative, uniqueness, linearity, differentiability implying continuity, product-space identification, linear maps, scalar multiples, sums, products, compositions, and the chain rule are fully localized. The ordered 451-command stream, 76 environment tokens, 166 protected-math spans, four IDs and references, the figure asset, comments, and braces retain exact topology. ADV-0093 removes one unmatched source parenthesis. Reader-facing English residue and mojibake are zero."",""record_type"":""qa_event"",""recorded_at"":""2026-08-21T00:00:00Z"",""result"":""pass"",""schema_name"":""lebl.backend.record"",""schema_version"":""0.3.0"",""semantic_aliases"":[],""semantic_key"":""lebl.ra.qa.manifest-topology.ra.v2.derivative.definition-chain-rule"",""status"":""active"",""subject_ids"":[""urn:uuid:bf502a97-8591-513d-9d57-1a8fe7bb0721""],""supersedes_id"":null,""toolchain"":[""bounded structural, mathematical, accessibility, and residue replay plus ADV-0093""],""witness"":{""kind"":""file"",""locator"":""backend/production/v0.3/inputs/TRANSLATION_MANIFEST.jsonl:ra.v2.derivative.definition-chain-rule"",""sha256"":""sha256:3834e81a9a9d8b54edad6a1c81b8096241059ce5efda0a1b9e5d453d08e0eef5""},""workflow_id"":""01a01f57-a34b-7740-9717-596b8116910c/backend-production-v0.3-r006-live""}"
"urn:uuid:fa484935-61cf-57c5-8ea5-bb1fa2a3b653","lebl.ra.qa.manifest-topology.ra.v1.derivative.mean-value.exercises","topology","[""urn:uuid:f6b90b3c-7203-5bb2-877b-6c71d7842611""]","pass","{""kind"":""file"",""locator"":""backend/production/v0.3/inputs/TRANSLATION_MANIFEST.jsonl:ra.v1.derivative.mean-value.exercises"",""sha256"":""sha256:9722b43c0b629ad9794ba5cb5dc01f389b7c812762d2018d45ca375cf1407f0c""}","[""bounded exact semantic-unit translation replay by r006_derivative_exercises""]","2026-08-21T00:00:00Z","active","","","","","","","","","{""check_type"":""topology"",""id"":""urn:uuid:fa484935-61cf-57c5-8ea5-bb1fa2a3b653"",""note"":""All 139 lines are translated. Eighty-nine inline-math spans, two displays, 19 begin/end pairs, five labels, eight references, nine layout commands, the separator comment, and brace balance remain exact. ADV-0035 through ADV-0037 normalize three source-language copy-edit defects; reader-facing English residue is zero."",""record_type"":""qa_event"",""recorded_at"":""2026-08-21T00:00:00Z"",""result"":""pass"",""schema_name"":""lebl.backend.record"",""schema_version"":""0.3.0"",""semantic_aliases"":[],""semantic_key"":""lebl.ra.qa.manifest-topology.ra.v1.derivative.mean-value.exercises"",""status"":""active"",""subject_ids"":[""urn:uuid:f6b90b3c-7203-5bb2-877b-6c71d7842611""],""supersedes_id"":null,""toolchain"":[""bounded exact semantic-unit translation replay by r006_derivative_exercises""],""witness"":{""kind"":""file"",""locator"":""backend/production/v0.3/inputs/TRANSLATION_MANIFEST.jsonl:ra.v1.derivative.mean-value.exercises"",""sha256"":""sha256:9722b43c0b629ad9794ba5cb5dc01f389b7c812762d2018d45ca375cf1407f0c""},""workflow_id"":""01a01f57-a34b-7740-9717-596b8116910c/backend-production-v0.3-r006-live""}"
"urn:uuid:fc805373-9650-5cb5-b073-c7dc5370a17b","lebl.ra.qa.manifest-topology.ra.v1.improper-integrals.integral-test","topology","[""urn:uuid:f06ef48e-c08e-56db-b7dc-8bfe2f33c377""]","pass","{""kind"":""file"",""locator"":""backend/production/v0.3/inputs/TRANSLATION_MANIFEST.jsonl:ra.v1.improper-integrals.integral-test"",""sha256"":""sha256:78130dab0667b1e08f1df76f47b48df0178a10b2fe63a1eb47c74a1b02b946f1""}","[""bounded exact semantic-unit translation plus independent structural replay and root naturalness fixes""]","2026-08-21T00:00:00Z","active","","","","","","","","","{""check_type"":""topology"",""id"":""urn:uuid:fc805373-9650-5cb5-b073-c7dc5370a17b"",""note"":""All 155 lines are translated. The integral-test proposition, proof, figure, estimates, exercises, commands, environments, IDs, and protected mathematics are preserved; the proof terminology is aligned with its nonnegative hypothesis under ADV-0058. Reader-facing English residue is zero."",""record_type"":""qa_event"",""recorded_at"":""2026-08-21T00:00:00Z"",""result"":""pass"",""schema_name"":""lebl.backend.record"",""schema_version"":""0.3.0"",""semantic_aliases"":[],""semantic_key"":""lebl.ra.qa.manifest-topology.ra.v1.improper-integrals.integral-test"",""status"":""active"",""subject_ids"":[""urn:uuid:f06ef48e-c08e-56db-b7dc-8bfe2f33c377""],""supersedes_id"":null,""toolchain"":[""bounded exact semantic-unit translation plus independent structural replay and root naturalness fixes""],""witness"":{""kind"":""file"",""locator"":""backend/production/v0.3/inputs/TRANSLATION_MANIFEST.jsonl:ra.v1.improper-integrals.integral-test"",""sha256"":""sha256:78130dab0667b1e08f1df76f47b48df0178a10b2fe63a1eb47c74a1b02b946f1""},""workflow_id"":""01a01f57-a34b-7740-9717-596b8116910c/backend-production-v0.3-r006-live""}"
"urn:uuid:fe83ef1b-d03e-5bb1-b58b-457cb10486d4","lebl.ra.qa.manifest-topology.ra.v1.riemann-properties.exercises","topology","[""urn:uuid:891e6de1-81d7-5205-bf64-92fccef6036a""]","pass","{""kind"":""file"",""locator"":""backend/production/v0.3/inputs/TRANSLATION_MANIFEST.jsonl:ra.v1.riemann-properties.exercises"",""sha256"":""sha256:3eec73f8bf196f4a70b44ba4801f27d90a5528e830c1b969fc0ecbfffc96abf0""}","[""bounded exact semantic-unit translation replay by r006_integral_properties_exercises""]","2026-08-21T00:00:00Z","active","","","","","","","","","{""check_type"":""topology"",""id"":""urn:uuid:fe83ef1b-d03e-5bb1-b58b-457cb10486d4"",""note"":""All 211 lines are translated. Ordered commands 270/270, environment tokens 68/68, 17 IDs/xrefs, 100 protected-math spans, and 130 brace pairs remain exact after reader-text localization. ADV-0051 corrects the impossible literal claim that reduced natural numbers have no common divisors; reader-facing English residue is zero."",""record_type"":""qa_event"",""recorded_at"":""2026-08-21T00:00:00Z"",""result"":""pass"",""schema_name"":""lebl.backend.record"",""schema_version"":""0.3.0"",""semantic_aliases"":[],""semantic_key"":""lebl.ra.qa.manifest-topology.ra.v1.riemann-properties.exercises"",""status"":""active"",""subject_ids"":[""urn:uuid:891e6de1-81d7-5205-bf64-92fccef6036a""],""supersedes_id"":null,""toolchain"":[""bounded exact semantic-unit translation replay by r006_integral_properties_exercises""],""witness"":{""kind"":""file"",""locator"":""backend/production/v0.3/inputs/TRANSLATION_MANIFEST.jsonl:ra.v1.riemann-properties.exercises"",""sha256"":""sha256:3eec73f8bf196f4a70b44ba4801f27d90a5528e830c1b969fc0ecbfffc96abf0""},""workflow_id"":""01a01f57-a34b-7740-9717-596b8116910c/backend-production-v0.3-r006-live""}"
"urn:uuid:ffe7d8f7-9597-5e2a-9b2e-13eb2abf0c27","lebl.ra.qa.manifest-topology.ra.v2.derivative.exercises","topology","[""urn:uuid:9a23c9d2-b16f-56b5-a3a5-a4b99a904ab6""]","pass","{""kind"":""file"",""locator"":""backend/production/v0.3/inputs/TRANSLATION_MANIFEST.jsonl:ra.v2.derivative.exercises"",""sha256"":""sha256:c89dad1414685b4f1057877bfb611272642b303243cc403ba63685affc938226""}","[""bounded full exercise translation, mathematical review, and structural replay plus ADV-0094""]","2026-08-21T00:00:00Z","active","","","","","","","","","{""check_type"":""topology"",""id"":""urn:uuid:ffe7d8f7-9597-5e2a-9b2e-13eb2abf0c27"",""note"":""All sixteen exercises and every enumerated subproblem are fully localized, including derivative computations, differentiability proofs, directional derivatives, Jacobians, a Peano surface, and the several-variable mean-value estimate. The ordered 319-command stream, 68 environment tokens, 121 protected-math spans, eleven IDs and references, three figure assets, comments, and braces retain topology; the sole command and protected-math delta is ADV-0094's declared subset correction. Reader-facing English residue and mojibake are zero."",""record_type"":""qa_event"",""recorded_at"":""2026-08-21T00:00:00Z"",""result"":""pass"",""schema_name"":""lebl.backend.record"",""schema_version"":""0.3.0"",""semantic_aliases"":[],""semantic_key"":""lebl.ra.qa.manifest-topology.ra.v2.derivative.exercises"",""status"":""active"",""subject_ids"":[""urn:uuid:9a23c9d2-b16f-56b5-a3a5-a4b99a904ab6""],""supersedes_id"":null,""toolchain"":[""bounded full exercise translation, mathematical review, and structural replay plus ADV-0094""],""witness"":{""kind"":""file"",""locator"":""backend/production/v0.3/inputs/TRANSLATION_MANIFEST.jsonl:ra.v2.derivative.exercises"",""sha256"":""sha256:c89dad1414685b4f1057877bfb611272642b303243cc403ba63685affc938226""},""workflow_id"":""01a01f57-a34b-7740-9717-596b8116910c/backend-production-v0.3-r006-live""}"
"urn:uuid:003809ff-62d2-505b-898d-fec4d1d350a1","lebl.diffyqs.qa.live-manifest.diffyqs.v6.11.introduction.computer-resources","topology","[""urn:uuid:fba0af12-4637-516e-bd55-ca4a8a937b7b""]","pass","{""kind"":""file"",""locator"":""translation/TRANSLATION_MANIFEST.jsonl:diffyqs.v6.11.introduction.computer-resources"",""sha256"":""sha256:b3c18d9c42a4c875145bcbaaf05493a475ee9ffbec09803f51d8087071e546cc""}","[""bounded unit QA"",""OpenAI Codex gpt-5.6-sol, Ultra""]","2026-08-23T00:00:00Z","active","","","","","","","","","{""check_type"":""topology"",""id"":""urn:uuid:003809ff-62d2-505b-898d-fec4d1d350a1"",""note"":""independent natural-id-ID and structural audit; 16 ordered-identical command names, one begin/end pair, four list items, five URLs, two index commands, one LaTeX command, 10 opening and 10 closing braces, two environment-boundary tokens, zero dollar-math markers, and zero mojibake; exact provenance OpenAI Codex gpt-5.6-sol, Ultra retained; full target 9272 bytes SHA-256 54c77c6677b4f27f736dbf5aecd625fd5a2577097acf05ade71fe3eebaa7d53c"",""record_type"":""qa_event"",""recorded_at"":""2026-08-23T00:00:00Z"",""result"":""pass"",""schema_name"":""lebl.backend.record"",""schema_version"":""0.3.0"",""semantic_aliases"":[],""semantic_key"":""lebl.diffyqs.qa.live-manifest.diffyqs.v6.11.introduction.computer-resources"",""status"":""active"",""subject_ids"":[""urn:uuid:fba0af12-4637-516e-bd55-ca4a8a937b7b""],""supersedes_id"":null,""toolchain"":[""bounded unit QA"",""OpenAI Codex gpt-5.6-sol, Ultra""],""witness"":{""kind"":""file"",""locator"":""translation/TRANSLATION_MANIFEST.jsonl:diffyqs.v6.11.introduction.computer-resources"",""sha256"":""sha256:b3c18d9c42a4c875145bcbaaf05493a475ee9ffbec09803f51d8087071e546cc""},""workflow_id"":""01a01f57-a34b-7740-9717-596b8116910c/backend-production-v0.4-live""}"
"urn:uuid:00cbac96-b2a6-5a09-898f-96f41ce29959","lebl.ra.qa.live-manifest.ra.v2.functions-as-limits.complex-plane.supremum-norm-triangle-inequality","topology","[""urn:uuid:ffb21500-97b6-5ab4-87bd-3dc3abfb0962""]","pass","{""kind"":""file"",""locator"":""translation/TRANSLATION_MANIFEST.jsonl:ra.v2.functions-as-limits.complex-plane.supremum-norm-triangle-inequality"",""sha256"":""sha256:e2cd072a9d2232269577ece709c944cca3713545fc8d5211b911354ffb1a8091""}","[""bounded unit QA"",""OpenAI Codex gpt-5.6-sol, Ultra""]","2026-08-23T00:00:00Z","active","","","","","","","","","{""check_type"":""topology"",""id"":""urn:uuid:00cbac96-b2a6-5a09-898f-96f41ce29959"",""note"":""independent natural-id-ID and structural audit; 15/15 lines, 3/3 mathematical payloads, 4/4 environment boundaries, 17/17 commands, balanced braces, and zero reader-facing English residue; exact provenance OpenAI Codex gpt-5.6-sol, Ultra retained; full target 180983 bytes SHA-256 4c09453f753ee3f7202751d01f16f44ec60ab094cb3ad03c461558b4c3129923"",""record_type"":""qa_event"",""recorded_at"":""2026-08-23T00:00:00Z"",""result"":""pass"",""schema_name"":""lebl.backend.record"",""schema_version"":""0.3.0"",""semantic_aliases"":[],""semantic_key"":""lebl.ra.qa.live-manifest.ra.v2.functions-as-limits.complex-plane.supremum-norm-triangle-inequality"",""status"":""active"",""subject_ids"":[""urn:uuid:ffb21500-97b6-5ab4-87bd-3dc3abfb0962""],""supersedes_id"":null,""toolchain"":[""bounded unit QA"",""OpenAI Codex gpt-5.6-sol, Ultra""],""witness"":{""kind"":""file"",""locator"":""translation/TRANSLATION_MANIFEST.jsonl:ra.v2.functions-as-limits.complex-plane.supremum-norm-triangle-inequality"",""sha256"":""sha256:e2cd072a9d2232269577ece709c944cca3713545fc8d5211b911354ffb1a8091""},""workflow_id"":""01a01f57-a34b-7740-9717-596b8116910c/backend-production-v0.4-live""}"
"urn:uuid:044d36a5-d7f5-50c2-988a-19368eebaab6","lebl.ca.qa.live-manifest.ca.v1.9.complex-plane.unit-circle-identities","topology","[""urn:uuid:2a3ec4e7-a1cd-54cb-907d-5bc9a08f2d30""]","pass","{""kind"":""file"",""locator"":""translation/TRANSLATION_MANIFEST.jsonl:ca.v1.9.complex-plane.unit-circle-identities"",""sha256"":""sha256:8a9834a886823ae09757ddaff9b1651fbd9a183cc42e9fc5141fc8fb47b861b5""}","[""bounded unit QA"",""OpenAI Codex gpt-5.6-sol, Ultra""]","2026-08-23T00:00:00Z","active","","","","","","","","","{""check_type"":""topology"",""id"":""urn:uuid:044d36a5-d7f5-50c2-988a-19368eebaab6"",""note"":""independent natural-id-ID and structural audit; 3/3 mathematical segments, 13/13 braces, 4/4 math-dollar delimiters, 1/1 environment pair, exact cos/Im/Re/frac/qquad/sin/theta command inventories, and no mojibake; exact provenance OpenAI Codex gpt-5.6-sol, Ultra retained; full target 650 bytes SHA-256 16c38a0e320af5953a578af4ca18afba00d1c818c87f71ad4be733b6f5e56ba9"",""record_type"":""qa_event"",""recorded_at"":""2026-08-23T00:00:00Z"",""result"":""pass"",""schema_name"":""lebl.backend.record"",""schema_version"":""0.3.0"",""semantic_aliases"":[],""semantic_key"":""lebl.ca.qa.live-manifest.ca.v1.9.complex-plane.unit-circle-identities"",""status"":""active"",""subject_ids"":[""urn:uuid:2a3ec4e7-a1cd-54cb-907d-5bc9a08f2d30""],""supersedes_id"":null,""toolchain"":[""bounded unit QA"",""OpenAI Codex gpt-5.6-sol, Ultra""],""witness"":{""kind"":""file"",""locator"":""translation/TRANSLATION_MANIFEST.jsonl:ca.v1.9.complex-plane.unit-circle-identities"",""sha256"":""sha256:8a9834a886823ae09757ddaff9b1651fbd9a183cc42e9fc5141fc8fb47b861b5""},""workflow_id"":""01a01f57-a34b-7740-9717-596b8116910c/backend-production-v0.4-live""}"
"urn:uuid:05f2821a-b424-5843-92e5-a921e20e0709","lebl.ra.qa.live-manifest.ra.v2.multivariable-integrals.upper-lower-integrals","topology","[""urn:uuid:a840704f-0c76-566b-ae32-60034f561af3""]","pass","{""kind"":""file"",""locator"":""translation/TRANSLATION_MANIFEST.jsonl:ra.v2.multivariable-integrals.upper-lower-integrals"",""sha256"":""sha256:408eff8631c5f41983c90a0520bb97dbca33f222569318d686dd894c2a4aa855""}","[""bounded unit QA"",""OpenAI Codex gpt-5.6-sol, Ultra""]","2026-08-23T00:00:00Z","active","","","","","","","","","{""check_type"":""topology"",""id"":""urn:uuid:05f2821a-b424-5843-92e5-a921e20e0709"",""note"":""bounded structural and normalized-formula replay, independent mathematical and bilingual/accessibility audits, converter zero-error XML gate, and isolated 225-page TeX integration pass; receipt qa/builds/ra-id-volume2-upper-lower-integrals-20260822/BUILD_RECEIPT.md"",""record_type"":""qa_event"",""recorded_at"":""2026-08-23T00:00:00Z"",""result"":""pass"",""schema_name"":""lebl.backend.record"",""schema_version"":""0.3.0"",""semantic_aliases"":[],""semantic_key"":""lebl.ra.qa.live-manifest.ra.v2.multivariable-integrals.upper-lower-integrals"",""status"":""active"",""subject_ids"":[""urn:uuid:a840704f-0c76-566b-ae32-60034f561af3""],""supersedes_id"":null,""toolchain"":[""bounded unit QA"",""OpenAI Codex gpt-5.6-sol, Ultra""],""witness"":{""kind"":""file"",""locator"":""translation/TRANSLATION_MANIFEST.jsonl:ra.v2.multivariable-integrals.upper-lower-integrals"",""sha256"":""sha256:408eff8631c5f41983c90a0520bb97dbca33f222569318d686dd894c2a4aa855""},""workflow_id"":""01a01f57-a34b-7740-9717-596b8116910c/backend-production-v0.4-live""}"
"urn:uuid:0736911a-0aa2-55fd-9639-e59c19be938e","lebl.ra.qa.live-manifest.ra.v2.change-of-variables.proof-integral-equality","topology","[""urn:uuid:4a189a3e-87e9-5c25-b3aa-4c7b57a30926""]","pass","{""kind"":""file"",""locator"":""translation/TRANSLATION_MANIFEST.jsonl:ra.v2.change-of-variables.proof-integral-equality"",""sha256"":""sha256:3d22d7be7c5ca29ebbb35ebda5ca6f0fd2d0615ece3954c79e798ea83d1090f3""}","[""bounded unit QA"",""OpenAI Codex gpt-5.6-sol, Ultra""]","2026-08-23T00:00:00Z","active","","","","","","","","","{""check_type"":""topology"",""id"":""urn:uuid:0736911a-0aa2-55fd-9639-e59c19be938e"",""note"":""independent mathematical, natural-id-ID, topology, and raw-math audit; all 15 inline and four displayed mathematical payloads and final proof closure preserved; final zero-error converter, converged five-pass TeX build, extraction, fonts, and page 154 visual gate passed; receipt qa/builds/ra-id-volume2-change-vars-theorem-20260823/BUILD_RECEIPT.md"",""record_type"":""qa_event"",""recorded_at"":""2026-08-23T00:00:00Z"",""result"":""pass"",""schema_name"":""lebl.backend.record"",""schema_version"":""0.3.0"",""semantic_aliases"":[],""semantic_key"":""lebl.ra.qa.live-manifest.ra.v2.change-of-variables.proof-integral-equality"",""status"":""active"",""subject_ids"":[""urn:uuid:4a189a3e-87e9-5c25-b3aa-4c7b57a30926""],""supersedes_id"":null,""toolchain"":[""bounded unit QA"",""OpenAI Codex gpt-5.6-sol, Ultra""],""witness"":{""kind"":""file"",""locator"":""translation/TRANSLATION_MANIFEST.jsonl:ra.v2.change-of-variables.proof-integral-equality"",""sha256"":""sha256:3d22d7be7c5ca29ebbb35ebda5ca6f0fd2d0615ece3954c79e798ea83d1090f3""},""workflow_id"":""01a01f57-a34b-7740-9717-596b8116910c/backend-production-v0.4-live""}"
"urn:uuid:08d3d7e6-030c-5e64-9a71-f7d1e148f6dc","lebl.ra.qa.live-manifest.ra.v2.jordan-measurable.integration-definition","topology","[""urn:uuid:2cfd0be1-8aed-5e30-af65-4a2538ed80c0""]","pass","{""kind"":""file"",""locator"":""translation/TRANSLATION_MANIFEST.jsonl:ra.v2.jordan-measurable.integration-definition"",""sha256"":""sha256:f1a48984f044bafdee78395872b9d8bc94e10ad4831229f45caed12e9f9f1ced""}","[""bounded unit QA"",""OpenAI Codex gpt-5.6-sol, Ultra""]","2026-08-23T00:00:00Z","active","","","","","","","","","{""check_type"":""topology"",""id"":""urn:uuid:08d3d7e6-030c-5e64-9a71-f7d1e148f6dc"",""note"":""exact structural/formula/accessibility replay, three independent final mathematical/natural-Bahasa/topology audits after ADV-0212 and ADV-0213, converter zero-error XML gate, converged three-pass 233-page TeX build, text-extraction replay, and visual inspection of physical pages 140-142; receipt qa/builds/ra-id-volume2-jordan-integration-20260822/BUILD_RECEIPT.md"",""record_type"":""qa_event"",""recorded_at"":""2026-08-23T00:00:00Z"",""result"":""pass"",""schema_name"":""lebl.backend.record"",""schema_version"":""0.3.0"",""semantic_aliases"":[],""semantic_key"":""lebl.ra.qa.live-manifest.ra.v2.jordan-measurable.integration-definition"",""status"":""active"",""subject_ids"":[""urn:uuid:2cfd0be1-8aed-5e30-af65-4a2538ed80c0""],""supersedes_id"":null,""toolchain"":[""bounded unit QA"",""OpenAI Codex gpt-5.6-sol, Ultra""],""witness"":{""kind"":""file"",""locator"":""translation/TRANSLATION_MANIFEST.jsonl:ra.v2.jordan-measurable.integration-definition"",""sha256"":""sha256:f1a48984f044bafdee78395872b9d8bc94e10ad4831229f45caed12e9f9f1ced""},""workflow_id"":""01a01f57-a34b-7740-9717-596b8116910c/backend-production-v0.4-live""}"
"urn:uuid:09bb0349-b834-584f-b1f5-c2f8d15b7d25","lebl.ra.qa.live-manifest.ra.v2.functions-as-limits.complex-plane.swapping-limits-exercises","topology","[""urn:uuid:9db68970-b7e3-5a49-a185-4ab2d8a81ea2""]","pass","{""kind"":""file"",""locator"":""translation/TRANSLATION_MANIFEST.jsonl:ra.v2.functions-as-limits.complex-plane.swapping-limits-exercises"",""sha256"":""sha256:e4737ee42bac41fe0171bc485c312721b609a407cd3011699edb5be5e9f5a653""}","[""bounded unit QA"",""OpenAI Codex gpt-5.6-sol, Ultra""]","2026-08-23T00:00:00Z","active","","","","","","","","","{""check_type"":""topology"",""id"":""urn:uuid:09bb0349-b834-584f-b1f5-c2f8d15b7d25"",""note"":""deterministic receipt qa/r006-ch-approximate-exercises-0957-1035-receipt.json plus independent bilingual review pass after localizing two retained case-condition strings to jika/selainnya; 79/79 lines, 10/10 exercises, zero solutions, 85 TeX commands, 28 environment tokens, six label/xref tokens, all formula payloads, braces, ordering, and section boundary preserved; exact provenance OpenAI Codex gpt-5.6-sol, Ultra retained; full target 182186 bytes SHA-256 b06e83c2a6508e059bea6e21bd41fed65b5c75545f7221da12090e59b7713e61"",""record_type"":""qa_event"",""recorded_at"":""2026-08-23T00:00:00Z"",""result"":""pass"",""schema_name"":""lebl.backend.record"",""schema_version"":""0.3.0"",""semantic_aliases"":[],""semantic_key"":""lebl.ra.qa.live-manifest.ra.v2.functions-as-limits.complex-plane.swapping-limits-exercises"",""status"":""active"",""subject_ids"":[""urn:uuid:9db68970-b7e3-5a49-a185-4ab2d8a81ea2""],""supersedes_id"":null,""toolchain"":[""bounded unit QA"",""OpenAI Codex gpt-5.6-sol, Ultra""],""witness"":{""kind"":""file"",""locator"":""translation/TRANSLATION_MANIFEST.jsonl:ra.v2.functions-as-limits.complex-plane.swapping-limits-exercises"",""sha256"":""sha256:e4737ee42bac41fe0171bc485c312721b609a407cd3011699edb5be5e9f5a653""},""workflow_id"":""01a01f57-a34b-7740-9717-596b8116910c/backend-production-v0.4-live""}"
"urn:uuid:0aff6591-6d1a-54bd-b9d0-3fabaf3cd678","lebl.ra.qa.live-manifest.ra.v2.green-theorem.jordan-measurability","topology","[""urn:uuid:415e7d76-98f9-5909-a57f-7841ccd31548""]","pass","{""kind"":""file"",""locator"":""translation/TRANSLATION_MANIFEST.jsonl:ra.v2.green-theorem.jordan-measurability"",""sha256"":""sha256:8e4e55cf07c387b023356f65804be520ae548a0aed45fb2d8b1bbc9f00a3b1e6""}","[""bounded unit QA"",""OpenAI Codex gpt-5.6-sol, Ultra""]","2026-08-23T00:00:00Z","active","","","","","","","","","{""check_type"":""topology"",""id"":""urn:uuid:0aff6591-6d1a-54bd-b9d0-3fabaf3cd678"",""note"":""three independent final mathematical, natural-id-ID/terminology, and environment/formula/xref topology audits; converter zero-error XML gate; converged final TeX passes 4-5 with all external references resolved; text-extraction replay; and visual inspection of physical pages 144-145; receipt qa/builds/ra-id-volume2-green-jordan-measurability-20260822/BUILD_RECEIPT.md"",""record_type"":""qa_event"",""recorded_at"":""2026-08-23T00:00:00Z"",""result"":""pass"",""schema_name"":""lebl.backend.record"",""schema_version"":""0.3.0"",""semantic_aliases"":[],""semantic_key"":""lebl.ra.qa.live-manifest.ra.v2.green-theorem.jordan-measurability"",""status"":""active"",""subject_ids"":[""urn:uuid:415e7d76-98f9-5909-a57f-7841ccd31548""],""supersedes_id"":null,""toolchain"":[""bounded unit QA"",""OpenAI Codex gpt-5.6-sol, Ultra""],""witness"":{""kind"":""file"",""locator"":""translation/TRANSLATION_MANIFEST.jsonl:ra.v2.green-theorem.jordan-measurability"",""sha256"":""sha256:8e4e55cf07c387b023356f65804be520ae548a0aed45fb2d8b1bbc9f00a3b1e6""},""workflow_id"":""01a01f57-a34b-7740-9717-596b8116910c/backend-production-v0.4-live""}"
"urn:uuid:0c63def6-1475-5b02-a20f-db7ea8ace0b2","lebl.ca.qa.live-manifest.ca.v1.9.complex-plane.identity-and-rotation-matrices","topology","[""urn:uuid:10b91f89-8c62-520d-ac1b-e1778c5bb951""]","pass","{""kind"":""file"",""locator"":""translation/TRANSLATION_MANIFEST.jsonl:ca.v1.9.complex-plane.identity-and-rotation-matrices"",""sha256"":""sha256:f24e7d3c59623aa8bea9f0f8d5d3bfa065b83a0ba9ae7a414b2c0fa598d3c6f5""}","[""bounded unit QA"",""OpenAI Codex gpt-5.6-sol, Ultra""]","2026-08-23T00:00:00Z","active","","","","","","","","","{""check_type"":""topology"",""id"":""urn:uuid:0c63def6-1475-5b02-a20f-db7ea8ace0b2"",""note"":""independent natural-id-ID and structural audit; equation/matrix block exact including literal quote token, 11 opening and 11 closing braces, six unescaped math-dollar delimiters, three environment pairs, and zero mojibake; exact provenance OpenAI Codex gpt-5.6-sol, Ultra retained; full target 788 bytes SHA-256 b06f0cd224bdd502f0b77c812c93d25614025770fa7f38cc4d87441bf909c5bf"",""record_type"":""qa_event"",""recorded_at"":""2026-08-23T00:00:00Z"",""result"":""pass"",""schema_name"":""lebl.backend.record"",""schema_version"":""0.3.0"",""semantic_aliases"":[],""semantic_key"":""lebl.ca.qa.live-manifest.ca.v1.9.complex-plane.identity-and-rotation-matrices"",""status"":""active"",""subject_ids"":[""urn:uuid:10b91f89-8c62-520d-ac1b-e1778c5bb951""],""supersedes_id"":null,""toolchain"":[""bounded unit QA"",""OpenAI Codex gpt-5.6-sol, Ultra""],""witness"":{""kind"":""file"",""locator"":""translation/TRANSLATION_MANIFEST.jsonl:ca.v1.9.complex-plane.identity-and-rotation-matrices"",""sha256"":""sha256:f24e7d3c59623aa8bea9f0f8d5d3bfa065b83a0ba9ae7a414b2c0fa598d3c6f5""},""workflow_id"":""01a01f57-a34b-7740-9717-596b8116910c/backend-production-v0.4-live""}"
"urn:uuid:0c7203a2-83e9-549c-8b73-af6b91a06ef5","lebl.ra.qa.live-manifest.ra.v2.riemann-integrable.corollary","topology","[""urn:uuid:411cb4af-3c3e-52e4-a591-78467d118041""]","pass","{""kind"":""file"",""locator"":""translation/TRANSLATION_MANIFEST.jsonl:ra.v2.riemann-integrable.corollary"",""sha256"":""sha256:4bb58ce2ed75684f01bc12a95e0b343a5d89fd12097de7e5b054c6d1d05f2c9c""}","[""bounded unit QA"",""OpenAI Codex gpt-5.6-sol, Ultra""]","2026-08-23T00:00:00Z","active","","","","","","","","","{""check_type"":""topology"",""id"":""urn:uuid:0c7203a2-83e9-549c-8b73-af6b91a06ef5"",""note"":""exact structural/formula replay, three independent post-edit mathematical/natural-Bahasa/topology audits, converter zero-error XML gate, converged three-pass 233-page TeX build, text-extraction replay, and visual inspection of physical page 135; receipt qa/builds/ra-id-volume2-riemann-integrable-corollary-20260822/BUILD_RECEIPT.md"",""record_type"":""qa_event"",""recorded_at"":""2026-08-23T00:00:00Z"",""result"":""pass"",""schema_name"":""lebl.backend.record"",""schema_version"":""0.3.0"",""semantic_aliases"":[],""semantic_key"":""lebl.ra.qa.live-manifest.ra.v2.riemann-integrable.corollary"",""status"":""active"",""subject_ids"":[""urn:uuid:411cb4af-3c3e-52e4-a591-78467d118041""],""supersedes_id"":null,""toolchain"":[""bounded unit QA"",""OpenAI Codex gpt-5.6-sol, Ultra""],""witness"":{""kind"":""file"",""locator"":""translation/TRANSLATION_MANIFEST.jsonl:ra.v2.riemann-integrable.corollary"",""sha256"":""sha256:4bb58ce2ed75684f01bc12a95e0b343a5d89fd12097de7e5b054c6d1d05f2c9c""},""workflow_id"":""01a01f57-a34b-7740-9717-596b8116910c/backend-production-v0.4-live""}"
"urn:uuid:0c78c42e-337c-5d37-b491-b7a68843812b","lebl.ra.qa.live-manifest.ra.v2.functions-as-limits.complex-plane.continuous-function-space-convergence","topology","[""urn:uuid:865b1f06-7ed6-5f44-b6f1-9b5c70b4e79d""]","pass","{""kind"":""file"",""locator"":""translation/TRANSLATION_MANIFEST.jsonl:ra.v2.functions-as-limits.complex-plane.continuous-function-space-convergence"",""sha256"":""sha256:e7653d944f53e9df0b020fa59d12f637bdd66f4d09f665386b8f2214a04864c6""}","[""bounded unit QA"",""OpenAI Codex gpt-5.6-sol, Ultra""]","2026-08-23T00:00:00Z","active","","","","","","","","","{""check_type"":""topology"",""id"":""urn:uuid:0c78c42e-337c-5d37-b491-b7a68843812b"",""note"":""independent natural-id-ID and structural audit; 5/5 lines, 4/4 mathematical payloads, 4/4 commands, balanced braces, and zero reader-facing English residue; exact provenance OpenAI Codex gpt-5.6-sol, Ultra retained; full target 181006 bytes SHA-256 5e168b5f038836b9d1f724344590c4362a79e60880c6ec0b73ce37883d795300"",""record_type"":""qa_event"",""recorded_at"":""2026-08-23T00:00:00Z"",""result"":""pass"",""schema_name"":""lebl.backend.record"",""schema_version"":""0.3.0"",""semantic_aliases"":[],""semantic_key"":""lebl.ra.qa.live-manifest.ra.v2.functions-as-limits.complex-plane.continuous-function-space-convergence"",""status"":""active"",""subject_ids"":[""urn:uuid:865b1f06-7ed6-5f44-b6f1-9b5c70b4e79d""],""supersedes_id"":null,""toolchain"":[""bounded unit QA"",""OpenAI Codex gpt-5.6-sol, Ultra""],""witness"":{""kind"":""file"",""locator"":""translation/TRANSLATION_MANIFEST.jsonl:ra.v2.functions-as-limits.complex-plane.continuous-function-space-convergence"",""sha256"":""sha256:e7653d944f53e9df0b020fa59d12f637bdd66f4d09f665386b8f2214a04864c6""},""workflow_id"":""01a01f57-a34b-7740-9717-596b8116910c/backend-production-v0.4-live""}"
"urn:uuid:0d844b6d-b882-5d82-8ad4-2c67c919c5db","lebl.ca.qa.live-manifest.ca.v1.9.complex-plane.domain-definition","topology","[""urn:uuid:0ac42c50-7f72-5fc0-8e23-48ec99426f16""]","pass","{""kind"":""file"",""locator"":""translation/TRANSLATION_MANIFEST.jsonl:ca.v1.9.complex-plane.domain-definition"",""sha256"":""sha256:89cc31db5fe0d26429cbf9f341fa17b4fd73ecc34059d830e9bd06d626ab95a9""}","[""bounded unit QA"",""OpenAI Codex gpt-5.6-sol, Ultra""]","2026-08-23T00:00:00Z","active","","","","","","","","","{""check_type"":""topology"",""id"":""urn:uuid:0d844b6d-b882-5d82-8ad4-2c67c919c5db"",""note"":""independent natural-id-ID and structural audit; four ordered-identical math segments, nine opening and nine closing braces, eight unescaped math-dollar delimiters, one defn environment pair, exact commands and footnotes, and zero mojibake; exact provenance OpenAI Codex gpt-5.6-sol, Ultra retained; full target 1024 bytes SHA-256 d15a4e2bfc0dd163b3429c90bd1a5d81bfaaffb61b060ec405b6dbc69ac35e49"",""record_type"":""qa_event"",""recorded_at"":""2026-08-23T00:00:00Z"",""result"":""pass"",""schema_name"":""lebl.backend.record"",""schema_version"":""0.3.0"",""semantic_aliases"":[],""semantic_key"":""lebl.ca.qa.live-manifest.ca.v1.9.complex-plane.domain-definition"",""status"":""active"",""subject_ids"":[""urn:uuid:0ac42c50-7f72-5fc0-8e23-48ec99426f16""],""supersedes_id"":null,""toolchain"":[""bounded unit QA"",""OpenAI Codex gpt-5.6-sol, Ultra""],""witness"":{""kind"":""file"",""locator"":""translation/TRANSLATION_MANIFEST.jsonl:ca.v1.9.complex-plane.domain-definition"",""sha256"":""sha256:89cc31db5fe0d26429cbf9f341fa17b4fd73ecc34059d830e9bd06d626ab95a9""},""workflow_id"":""01a01f57-a34b-7740-9717-596b8116910c/backend-production-v0.4-live""}"
"urn:uuid:0e0be8f8-7770-50d6-b58a-0a01a5bfef38","lebl.ca.qa.live-manifest.ca.v1.9.complex-plane.exponential-conjugation","topology","[""urn:uuid:24ae35ed-8054-518c-bdc8-1d7554d52877""]","pass","{""kind"":""file"",""locator"":""translation/TRANSLATION_MANIFEST.jsonl:ca.v1.9.complex-plane.exponential-conjugation"",""sha256"":""sha256:99c248a663e1bf7368ccbf18ca736d57c97297049b41c79602d68c385920ba9b""}","[""bounded unit QA"",""OpenAI Codex gpt-5.6-sol, Ultra""]","2026-08-23T00:00:00Z","active","","","","","","","","","{""check_type"":""topology"",""id"":""urn:uuid:0e0be8f8-7770-50d6-b58a-0a01a5bfef38"",""note"":""independent natural-id-ID and structural audit; exponential equation exact, 7/7 braces, 2 math-dollar delimiters, one environment pair, exact command inventory, and no mojibake; exact provenance OpenAI Codex gpt-5.6-sol, Ultra retained; full target 578 bytes SHA-256 71f35c0d0063adf2905cf16e4fe3e4f0be08c2b5b9fdd619b53a998a40d060e3"",""record_type"":""qa_event"",""recorded_at"":""2026-08-23T00:00:00Z"",""result"":""pass"",""schema_name"":""lebl.backend.record"",""schema_version"":""0.3.0"",""semantic_aliases"":[],""semantic_key"":""lebl.ca.qa.live-manifest.ca.v1.9.complex-plane.exponential-conjugation"",""status"":""active"",""subject_ids"":[""urn:uuid:24ae35ed-8054-518c-bdc8-1d7554d52877""],""supersedes_id"":null,""toolchain"":[""bounded unit QA"",""OpenAI Codex gpt-5.6-sol, Ultra""],""witness"":{""kind"":""file"",""locator"":""translation/TRANSLATION_MANIFEST.jsonl:ca.v1.9.complex-plane.exponential-conjugation"",""sha256"":""sha256:99c248a663e1bf7368ccbf18ca736d57c97297049b41c79602d68c385920ba9b""},""workflow_id"":""01a01f57-a34b-7740-9717-596b8116910c/backend-production-v0.4-live""}"
"urn:uuid:0ef92e92-ebc1-5779-965e-6afd133bbb13","lebl.ra.qa.live-manifest.ra.v2.functions-as-limits.complex-plane.properties-and-limits","topology","[""urn:uuid:36881440-49bc-5232-a565-4e3b5d9a0cc7""]","pass","{""kind"":""file"",""locator"":""translation/TRANSLATION_MANIFEST.jsonl:ra.v2.functions-as-limits.complex-plane.properties-and-limits"",""sha256"":""sha256:76629746e00828c27a9d3258344d335c085000ec6b2575fe07b930aaecd0d511""}","[""bounded unit QA"",""OpenAI Codex gpt-5.6-sol, Ultra""]","2026-08-23T00:00:00Z","active","","","","","","","","","{""check_type"":""topology"",""id"":""urn:uuid:0ef92e92-ebc1-5779-965e-6afd133bbb13"",""note"":""independent natural-id-ID, mathematical, and structural audit; 38 ordered-identical inline mathematical payloads, 22 ordered-identical environment-boundary tokens, proposition label prop:continuityofcomplex, one index command with matching topology, 127 ordered-identical command names, 68 opening and 68 closing braces, zero reader-facing English residue, and no mojibake; exact provenance OpenAI Codex gpt-5.6-sol, Ultra retained; no high-confidence source defect; full target 180268 bytes SHA-256 8b085f617ec835c7c6a09418d626e2ddbd0a6ae300681bf88f63baec4e151cba"",""record_type"":""qa_event"",""recorded_at"":""2026-08-23T00:00:00Z"",""result"":""pass"",""schema_name"":""lebl.backend.record"",""schema_version"":""0.3.0"",""semantic_aliases"":[],""semantic_key"":""lebl.ra.qa.live-manifest.ra.v2.functions-as-limits.complex-plane.properties-and-limits"",""status"":""active"",""subject_ids"":[""urn:uuid:36881440-49bc-5232-a565-4e3b5d9a0cc7""],""supersedes_id"":null,""toolchain"":[""bounded unit QA"",""OpenAI Codex gpt-5.6-sol, Ultra""],""witness"":{""kind"":""file"",""locator"":""translation/TRANSLATION_MANIFEST.jsonl:ra.v2.functions-as-limits.complex-plane.properties-and-limits"",""sha256"":""sha256:76629746e00828c27a9d3258344d335c085000ec6b2575fe07b930aaecd0d511""},""workflow_id"":""01a01f57-a34b-7740-9717-596b8116910c/backend-production-v0.4-live""}"
"urn:uuid:11d6b0a5-6d36-5100-866b-fe797fc27230","lebl.ra.qa.live-manifest.ra.v2.green-theorem.type-iii-proof","topology","[""urn:uuid:c63a576c-af1e-564a-9a52-8903a698bf4f""]","pass","{""kind"":""file"",""locator"":""translation/TRANSLATION_MANIFEST.jsonl:ra.v2.green-theorem.type-iii-proof"",""sha256"":""sha256:b9865959a04200e6eedf9f33fda25186cc76f9544f5fd5113f68f7ed450ed30c""}","[""bounded unit QA"",""OpenAI Codex gpt-5.6-sol, Ultra""]","2026-08-23T00:00:00Z","active","","","","","","","","","{""check_type"":""topology"",""id"":""urn:uuid:11d6b0a5-6d36-5100-866b-fe797fc27230"",""note"":""independent mathematical/source and natural formal id-ID/terminology audits after prose polish; four display environments and all 12 inline-math payloads byte-identical; one xref and complete environment topology preserved; zero-error converter with 672 unique IDs and 952 resolved references; converged privacy-safe 334-page Volume I and 233-page Volume II builds; all fonts embedded, extraction clean, and affected pages visually inspected; receipt qa/builds/ra-id-volume2-green-type-iii-proof-20260822/BUILD_RECEIPT.md"",""record_type"":""qa_event"",""recorded_at"":""2026-08-23T00:00:00Z"",""result"":""pass"",""schema_name"":""lebl.backend.record"",""schema_version"":""0.3.0"",""semantic_aliases"":[],""semantic_key"":""lebl.ra.qa.live-manifest.ra.v2.green-theorem.type-iii-proof"",""status"":""active"",""subject_ids"":[""urn:uuid:c63a576c-af1e-564a-9a52-8903a698bf4f""],""supersedes_id"":null,""toolchain"":[""bounded unit QA"",""OpenAI Codex gpt-5.6-sol, Ultra""],""witness"":{""kind"":""file"",""locator"":""translation/TRANSLATION_MANIFEST.jsonl:ra.v2.green-theorem.type-iii-proof"",""sha256"":""sha256:b9865959a04200e6eedf9f33fda25186cc76f9544f5fd5113f68f7ed450ed30c""},""workflow_id"":""01a01f57-a34b-7740-9717-596b8116910c/backend-production-v0.4-live""}"
"urn:uuid:148b90db-f583-5b76-8310-30cac6e90c5d","lebl.ra.qa.live-manifest.ra.v2.inverse-implicit.implicit-function-theorem","topology","[""urn:uuid:60e29a6e-f517-535a-8067-5cd5f21f32dd""]","pass","{""kind"":""file"",""locator"":""translation/TRANSLATION_MANIFEST.jsonl:ra.v2.inverse-implicit.implicit-function-theorem"",""sha256"":""sha256:ba6dc097db16a7c27cf6b36b48eb08e0253754300c691281d5b36fad67b934be""}","[""bounded unit QA"",""OpenAI Codex gpt-5.6-sol, Ultra""]","2026-08-23T00:00:00Z","active","","","","","","","","","{""check_type"":""topology"",""id"":""urn:uuid:148b90db-f583-5b76-8310-30cac6e90c5d"",""note"":""bounded structural and mathematical replay plus two independent bilingual proof and language audits and ADV-0105 through ADV-0112"",""record_type"":""qa_event"",""recorded_at"":""2026-08-23T00:00:00Z"",""result"":""pass"",""schema_name"":""lebl.backend.record"",""schema_version"":""0.3.0"",""semantic_aliases"":[],""semantic_key"":""lebl.ra.qa.live-manifest.ra.v2.inverse-implicit.implicit-function-theorem"",""status"":""active"",""subject_ids"":[""urn:uuid:60e29a6e-f517-535a-8067-5cd5f21f32dd""],""supersedes_id"":null,""toolchain"":[""bounded unit QA"",""OpenAI Codex gpt-5.6-sol, Ultra""],""witness"":{""kind"":""file"",""locator"":""translation/TRANSLATION_MANIFEST.jsonl:ra.v2.inverse-implicit.implicit-function-theorem"",""sha256"":""sha256:ba6dc097db16a7c27cf6b36b48eb08e0253754300c691281d5b36fad67b934be""},""workflow_id"":""01a01f57-a34b-7740-9717-596b8116910c/backend-production-v0.4-live""}"
"urn:uuid:166cd6cf-8b61-5dc8-83e7-3f4597165f7d","lebl.ra.qa.live-manifest.ra.v2.path-independence.vector-fields","topology","[""urn:uuid:574ba353-611a-5645-8d44-267b202bcb82""]","pass","{""kind"":""file"",""locator"":""translation/TRANSLATION_MANIFEST.jsonl:ra.v2.path-independence.vector-fields"",""sha256"":""sha256:e5aa84caae85d6a6f7e8ece4947ef4bc3e4368e037c507d935c99de7bdbc6507""}","[""bounded unit QA"",""OpenAI Codex gpt-5.6-sol, Ultra""]","2026-08-23T00:00:00Z","active","","","","","","","","","{""check_type"":""topology"",""id"":""urn:uuid:166cd6cf-8b61-5dc8-83e7-3f4597165f7d"",""note"":""bounded structural and terminology replay plus independent mathematical audit of ADV-0166 and ADV-0167"",""record_type"":""qa_event"",""recorded_at"":""2026-08-23T00:00:00Z"",""result"":""pass"",""schema_name"":""lebl.backend.record"",""schema_version"":""0.3.0"",""semantic_aliases"":[],""semantic_key"":""lebl.ra.qa.live-manifest.ra.v2.path-independence.vector-fields"",""status"":""active"",""subject_ids"":[""urn:uuid:574ba353-611a-5645-8d44-267b202bcb82""],""supersedes_id"":null,""toolchain"":[""bounded unit QA"",""OpenAI Codex gpt-5.6-sol, Ultra""],""witness"":{""kind"":""file"",""locator"":""translation/TRANSLATION_MANIFEST.jsonl:ra.v2.path-independence.vector-fields"",""sha256"":""sha256:e5aa84caae85d6a6f7e8ece4947ef4bc3e4368e037c507d935c99de7bdbc6507""},""workflow_id"":""01a01f57-a34b-7740-9717-596b8116910c/backend-production-v0.4-live""}"
"urn:uuid:168c6c0f-9f9d-5c69-8bfa-dcd2310baab4","lebl.ra.qa.live-manifest.ra.v2.path-independence.opening","topology","[""urn:uuid:9a5c6d10-0e65-5e43-924b-47d603244378""]","pass","{""kind"":""file"",""locator"":""translation/TRANSLATION_MANIFEST.jsonl:ra.v2.path-independence.opening"",""sha256"":""sha256:cc2884048b979338f5060de4f66f0d56a7e806f05edf9a6403b4481b74b3f2f1""}","[""bounded unit QA"",""OpenAI Codex gpt-5.6-sol, Ultra""]","2026-08-23T00:00:00Z","active","","","","","","","","","{""check_type"":""topology"",""id"":""urn:uuid:168c6c0f-9f9d-5c69-8bfa-dcd2310baab4"",""note"":""bounded exact section-label and command-topology replay; title and two-lecture note localized; zero reader-facing English residue"",""record_type"":""qa_event"",""recorded_at"":""2026-08-23T00:00:00Z"",""result"":""pass"",""schema_name"":""lebl.backend.record"",""schema_version"":""0.3.0"",""semantic_aliases"":[],""semantic_key"":""lebl.ra.qa.live-manifest.ra.v2.path-independence.opening"",""status"":""active"",""subject_ids"":[""urn:uuid:9a5c6d10-0e65-5e43-924b-47d603244378""],""supersedes_id"":null,""toolchain"":[""bounded unit QA"",""OpenAI Codex gpt-5.6-sol, Ultra""],""witness"":{""kind"":""file"",""locator"":""translation/TRANSLATION_MANIFEST.jsonl:ra.v2.path-independence.opening"",""sha256"":""sha256:cc2884048b979338f5060de4f66f0d56a7e806f05edf9a6403b4481b74b3f2f1""},""workflow_id"":""01a01f57-a34b-7740-9717-596b8116910c/backend-production-v0.4-live""}"
"urn:uuid:19c784e0-a857-5be2-8350-8a21df22bfd2","lebl.ra.qa.live-manifest.ra.v2.continuity-derivative.continuously-differentiable","topology","[""urn:uuid:f0e16a66-87f9-5fde-ad14-ad586d5e4de8""]","pass","{""kind"":""file"",""locator"":""translation/TRANSLATION_MANIFEST.jsonl:ra.v2.continuity-derivative.continuously-differentiable"",""sha256"":""sha256:e6c0eb488424c8547ff4f3d8eac34c00550651f18f90dfaeac2e2c5358bd8c09""}","[""bounded unit QA"",""OpenAI Codex gpt-5.6-sol, Ultra""]","2026-08-23T00:00:00Z","active","","","","","","","","","{""check_type"":""topology"",""id"":""urn:uuid:19c784e0-a857-5be2-8350-8a21df22bfd2"",""note"":""bounded structural and mathematical replay plus independent bilingual proof audit and ADV-0096 through ADV-0098"",""record_type"":""qa_event"",""recorded_at"":""2026-08-23T00:00:00Z"",""result"":""pass"",""schema_name"":""lebl.backend.record"",""schema_version"":""0.3.0"",""semantic_aliases"":[],""semantic_key"":""lebl.ra.qa.live-manifest.ra.v2.continuity-derivative.continuously-differentiable"",""status"":""active"",""subject_ids"":[""urn:uuid:f0e16a66-87f9-5fde-ad14-ad586d5e4de8""],""supersedes_id"":null,""toolchain"":[""bounded unit QA"",""OpenAI Codex gpt-5.6-sol, Ultra""],""witness"":{""kind"":""file"",""locator"":""translation/TRANSLATION_MANIFEST.jsonl:ra.v2.continuity-derivative.continuously-differentiable"",""sha256"":""sha256:e6c0eb488424c8547ff4f3d8eac34c00550651f18f90dfaeac2e2c5358bd8c09""},""workflow_id"":""01a01f57-a34b-7740-9717-596b8116910c/backend-production-v0.4-live""}"
"urn:uuid:1c4928bb-48fc-59bb-b8cf-1d9e17e312f1","lebl.ca.qa.live-manifest.ca.v1.9.complex-plane.complex-trigonometric-definitions","topology","[""urn:uuid:ec15c25c-e938-5fef-ae15-eb350410ad00""]","pass","{""kind"":""file"",""locator"":""translation/TRANSLATION_MANIFEST.jsonl:ca.v1.9.complex-plane.complex-trigonometric-definitions"",""sha256"":""sha256:af3f2271b800abdc29d9f287a856aa61804251d3ac84440f69894aa56e5daa31""}","[""bounded unit QA"",""OpenAI Codex gpt-5.6-sol, Ultra""]","2026-08-23T00:00:00Z","active","","","","","","","","","{""check_type"":""topology"",""id"":""urn:uuid:1c4928bb-48fc-59bb-b8cf-1d9e17e312f1"",""note"":""independent natural-id-ID and structural audit; 1/1 mathematical display, 16/16 braces, 1/1 environment pair, exact cos/sin/overset/text/frac/qquad command inventories, and no mojibake; exact provenance OpenAI Codex gpt-5.6-sol, Ultra retained; full target 692 bytes SHA-256 497029ce8bee489c626115aaff87fbbe6d108be56f126a1d0182099560743ac0"",""record_type"":""qa_event"",""recorded_at"":""2026-08-23T00:00:00Z"",""result"":""pass"",""schema_name"":""lebl.backend.record"",""schema_version"":""0.3.0"",""semantic_aliases"":[],""semantic_key"":""lebl.ca.qa.live-manifest.ca.v1.9.complex-plane.complex-trigonometric-definitions"",""status"":""active"",""subject_ids"":[""urn:uuid:ec15c25c-e938-5fef-ae15-eb350410ad00""],""supersedes_id"":null,""toolchain"":[""bounded unit QA"",""OpenAI Codex gpt-5.6-sol, Ultra""],""witness"":{""kind"":""file"",""locator"":""translation/TRANSLATION_MANIFEST.jsonl:ca.v1.9.complex-plane.complex-trigonometric-definitions"",""sha256"":""sha256:af3f2271b800abdc29d9f287a856aa61804251d3ac84440f69894aa56e5daa31""},""workflow_id"":""01a01f57-a34b-7740-9717-596b8116910c/backend-production-v0.4-live""}"
"urn:uuid:1d942add-8276-51a2-895a-ff58ed2f51b7","lebl.ra.qa.live-manifest.ra.v2.functions-as-limits.complex-plane.uniform-limit-continuity-proposition","topology","[""urn:uuid:5d54ff13-dd11-5650-b688-f5a28dcba21e""]","pass","{""kind"":""file"",""locator"":""translation/TRANSLATION_MANIFEST.jsonl:ra.v2.functions-as-limits.complex-plane.uniform-limit-continuity-proposition"",""sha256"":""sha256:f72bdd899c945223f766c08716aed9e80e66fcaca88e83bc2ff0d8653d91955a""}","[""bounded unit QA"",""OpenAI Codex gpt-5.6-sol, Ultra""]","2026-08-23T00:00:00Z","active","","","","","","","","","{""check_type"":""topology"",""id"":""urn:uuid:1d942add-8276-51a2-895a-ff58ed2f51b7"",""note"":""independent natural-id-ID and structural audit; 19/19 lines, 10/10 mathematical payloads, 6/6 environment boundaries, 27/27 commands, exact proposition label, balanced braces, and zero reader-facing English residue; exact provenance OpenAI Codex gpt-5.6-sol, Ultra retained; full target 181340 bytes SHA-256 e3a38a96a62396ef1600583ccd69ab3a7571a1b3e4840f673cbc4c1292088a19"",""record_type"":""qa_event"",""recorded_at"":""2026-08-23T00:00:00Z"",""result"":""pass"",""schema_name"":""lebl.backend.record"",""schema_version"":""0.3.0"",""semantic_aliases"":[],""semantic_key"":""lebl.ra.qa.live-manifest.ra.v2.functions-as-limits.complex-plane.uniform-limit-continuity-proposition"",""status"":""active"",""subject_ids"":[""urn:uuid:5d54ff13-dd11-5650-b688-f5a28dcba21e""],""supersedes_id"":null,""toolchain"":[""bounded unit QA"",""OpenAI Codex gpt-5.6-sol, Ultra""],""witness"":{""kind"":""file"",""locator"":""translation/TRANSLATION_MANIFEST.jsonl:ra.v2.functions-as-limits.complex-plane.uniform-limit-continuity-proposition"",""sha256"":""sha256:f72bdd899c945223f766c08716aed9e80e66fcaca88e83bc2ff0d8653d91955a""},""workflow_id"":""01a01f57-a34b-7740-9717-596b8116910c/backend-production-v0.4-live""}"
"urn:uuid:1df0668b-40a7-5ca4-8618-3599de166f45","lebl.ca.qa.live-manifest.ca.v1.9.complex-plane.exponential-motivation","topology","[""urn:uuid:9650b92e-37e5-59ad-bade-01c564391bde""]","pass","{""kind"":""file"",""locator"":""translation/TRANSLATION_MANIFEST.jsonl:ca.v1.9.complex-plane.exponential-motivation"",""sha256"":""sha256:b752a085ff6027d2bd2ac14c60bd1c4118226a8f6bce4e8e4ae623f6cbdc8e63""}","[""bounded unit QA"",""OpenAI Codex gpt-5.6-sol, Ultra""]","2026-08-23T00:00:00Z","active","","","","","","","","","{""check_type"":""topology"",""id"":""urn:uuid:1df0668b-40a7-5ca4-8618-3599de166f45"",""note"":""independent natural-id-ID and structural audit; prose-only unit with no commands, math, braces, or environment boundaries, and no mojibake; exact provenance OpenAI Codex gpt-5.6-sol, Ultra retained; full target 548 bytes SHA-256 51ebbc1c4a483feabb62d95b6d0de835f404811855dd61b1c9e52d3ba4e3da26"",""record_type"":""qa_event"",""recorded_at"":""2026-08-23T00:00:00Z"",""result"":""pass"",""schema_name"":""lebl.backend.record"",""schema_version"":""0.3.0"",""semantic_aliases"":[],""semantic_key"":""lebl.ca.qa.live-manifest.ca.v1.9.complex-plane.exponential-motivation"",""status"":""active"",""subject_ids"":[""urn:uuid:9650b92e-37e5-59ad-bade-01c564391bde""],""supersedes_id"":null,""toolchain"":[""bounded unit QA"",""OpenAI Codex gpt-5.6-sol, Ultra""],""witness"":{""kind"":""file"",""locator"":""translation/TRANSLATION_MANIFEST.jsonl:ca.v1.9.complex-plane.exponential-motivation"",""sha256"":""sha256:b752a085ff6027d2bd2ac14c60bd1c4118226a8f6bce4e8e4ae623f6cbdc8e63""},""workflow_id"":""01a01f57-a34b-7740-9717-596b8116910c/backend-production-v0.4-live""}"
"urn:uuid:1e657691-3429-5cf1-bf66-78515f02636a","lebl.ra.qa.live-manifest.ra.v2.jordan-measurable.images","topology","[""urn:uuid:ec9fe245-0b15-5e95-a8bd-a864a6793072""]","pass","{""kind"":""file"",""locator"":""translation/TRANSLATION_MANIFEST.jsonl:ra.v2.jordan-measurable.images"",""sha256"":""sha256:3db09d785c616de8808116a61a86a139de0699a37afbaa8b172a3516e31730a5""}","[""bounded unit QA"",""OpenAI Codex gpt-5.6-sol, Ultra""]","2026-08-23T00:00:00Z","active","","","","","","","","","{""check_type"":""topology"",""id"":""urn:uuid:1e657691-3429-5cf1-bf66-78515f02636a"",""note"":""exact mathematical/terminology/topology replay, three independent final audits after ADV-0214 and inverse-function prose polish, converter zero-error XML gate, converged final TeX passes 6-7 with all external references resolved, text-extraction replay, and visual inspection of physical pages 141-142; receipt qa/builds/ra-id-volume2-jordan-images-20260822/BUILD_RECEIPT.md"",""record_type"":""qa_event"",""recorded_at"":""2026-08-23T00:00:00Z"",""result"":""pass"",""schema_name"":""lebl.backend.record"",""schema_version"":""0.3.0"",""semantic_aliases"":[],""semantic_key"":""lebl.ra.qa.live-manifest.ra.v2.jordan-measurable.images"",""status"":""active"",""subject_ids"":[""urn:uuid:ec9fe245-0b15-5e95-a8bd-a864a6793072""],""supersedes_id"":null,""toolchain"":[""bounded unit QA"",""OpenAI Codex gpt-5.6-sol, Ultra""],""witness"":{""kind"":""file"",""locator"":""translation/TRANSLATION_MANIFEST.jsonl:ra.v2.jordan-measurable.images"",""sha256"":""sha256:3db09d785c616de8808116a61a86a139de0699a37afbaa8b172a3516e31730a5""},""workflow_id"":""01a01f57-a34b-7740-9717-596b8116910c/backend-production-v0.4-live""}"
"urn:uuid:215997f8-fb6b-5f4f-ba66-617c6417aa22","lebl.diffyqs.qa.live-manifest.diffyqs.v6.11.introduction.organization","topology","[""urn:uuid:c0f2308a-54c6-5715-9471-78370fe08f84""]","pass","{""kind"":""file"",""locator"":""translation/TRANSLATION_MANIFEST.jsonl:diffyqs.v6.11.introduction.organization"",""sha256"":""sha256:f0bd678ce1067e73dfaaef36fed725ef359851995dfe764231a029ea27a90a9b""}","[""bounded unit QA"",""OpenAI Codex gpt-5.6-sol, Ultra""]","2026-08-23T00:00:00Z","active","","","","","","","","","{""check_type"":""topology"",""id"":""urn:uuid:215997f8-fb6b-5f4f-ba66-617c6417aa22"",""note"":""independent natural-id-ID and structural audit; combined target lines 1-99 preserve 75 ordered-identical command names, two labels, six citations, 78 opening and 78 closing braces, six environment boundaries, 11 TikZ arrows, zero dollar-math markers, and zero mojibake; exact provenance OpenAI Codex gpt-5.6-sol, Ultra retained; full target 4214 bytes SHA-256 4fcf3d106e8c6cc29526df8d1a7344be5899c5df1d61393acea6eac2b106fff8"",""record_type"":""qa_event"",""recorded_at"":""2026-08-23T00:00:00Z"",""result"":""pass"",""schema_name"":""lebl.backend.record"",""schema_version"":""0.3.0"",""semantic_aliases"":[],""semantic_key"":""lebl.diffyqs.qa.live-manifest.diffyqs.v6.11.introduction.organization"",""status"":""active"",""subject_ids"":[""urn:uuid:c0f2308a-54c6-5715-9471-78370fe08f84""],""supersedes_id"":null,""toolchain"":[""bounded unit QA"",""OpenAI Codex gpt-5.6-sol, Ultra""],""witness"":{""kind"":""file"",""locator"":""translation/TRANSLATION_MANIFEST.jsonl:diffyqs.v6.11.introduction.organization"",""sha256"":""sha256:f0bd678ce1067e73dfaaef36fed725ef359851995dfe764231a029ea27a90a9b""},""workflow_id"":""01a01f57-a34b-7740-9717-596b8116910c/backend-production-v0.4-live""}"
"urn:uuid:26269495-34a1-540e-bfe2-d429fe401e75","lebl.ra.qa.live-manifest.ra.v2.multivariable-integrals.exercises","topology","[""urn:uuid:b0536cfe-1403-5d50-afa1-fa62843df8b2""]","pass","{""kind"":""file"",""locator"":""translation/TRANSLATION_MANIFEST.jsonl:ra.v2.multivariable-integrals.exercises"",""sha256"":""sha256:86ab0f437710bb76a1763646e8f65277c374b2db197ece4566b45be56f2a5e04""}","[""bounded unit QA"",""OpenAI Codex gpt-5.6-sol, Ultra""]","2026-08-23T00:00:00Z","active","","","","","","","","","{""check_type"":""topology"",""id"":""urn:uuid:26269495-34a1-540e-bfe2-d429fe401e75"",""note"":""bounded structural and normalized-formula replay, three independent mathematical/bilingual/edge-case audits, ADV-0178 and ADV-0179, converter zero-error XML gate, clean 229-page TeX integration pass, and visual inspection of physical pages 111-113; receipt qa/builds/ra-id-volume2-multivar-exercises-20260822/BUILD_RECEIPT.md"",""record_type"":""qa_event"",""recorded_at"":""2026-08-23T00:00:00Z"",""result"":""pass"",""schema_name"":""lebl.backend.record"",""schema_version"":""0.3.0"",""semantic_aliases"":[],""semantic_key"":""lebl.ra.qa.live-manifest.ra.v2.multivariable-integrals.exercises"",""status"":""active"",""subject_ids"":[""urn:uuid:b0536cfe-1403-5d50-afa1-fa62843df8b2""],""supersedes_id"":null,""toolchain"":[""bounded unit QA"",""OpenAI Codex gpt-5.6-sol, Ultra""],""witness"":{""kind"":""file"",""locator"":""translation/TRANSLATION_MANIFEST.jsonl:ra.v2.multivariable-integrals.exercises"",""sha256"":""sha256:86ab0f437710bb76a1763646e8f65277c374b2db197ece4566b45be56f2a5e04""},""workflow_id"":""01a01f57-a34b-7740-9717-596b8116910c/backend-production-v0.4-live""}"
"urn:uuid:263ca124-bf1f-5ee8-bc97-b7d4cb2e097a","lebl.ra.qa.live-manifest.ra.v2.higher-order-derivatives.core","topology","[""urn:uuid:1cff1ea1-d862-5847-acfe-599e76bc9fa5""]","pass","{""kind"":""file"",""locator"":""translation/TRANSLATION_MANIFEST.jsonl:ra.v2.higher-order-derivatives.core"",""sha256"":""sha256:448155554c43134ace837cabeb19ee02b88d983c6b1724c72e6e3de632c9df20""}","[""bounded unit QA"",""OpenAI Codex gpt-5.6-sol, Ultra""]","2026-08-23T00:00:00Z","active","","","","","","","","","{""check_type"":""topology"",""id"":""urn:uuid:263ca124-bf1f-5ee8-bc97-b7d4cb2e097a"",""note"":""bounded structural and mathematical replay plus two independent bilingual proof and language audits and ADV-0120 through ADV-0124"",""record_type"":""qa_event"",""recorded_at"":""2026-08-23T00:00:00Z"",""result"":""pass"",""schema_name"":""lebl.backend.record"",""schema_version"":""0.3.0"",""semantic_aliases"":[],""semantic_key"":""lebl.ra.qa.live-manifest.ra.v2.higher-order-derivatives.core"",""status"":""active"",""subject_ids"":[""urn:uuid:1cff1ea1-d862-5847-acfe-599e76bc9fa5""],""supersedes_id"":null,""toolchain"":[""bounded unit QA"",""OpenAI Codex gpt-5.6-sol, Ultra""],""witness"":{""kind"":""file"",""locator"":""translation/TRANSLATION_MANIFEST.jsonl:ra.v2.higher-order-derivatives.core"",""sha256"":""sha256:448155554c43134ace837cabeb19ee02b88d983c6b1724c72e6e3de632c9df20""},""workflow_id"":""01a01f57-a34b-7740-9717-596b8116910c/backend-production-v0.4-live""}"
"urn:uuid:2b775d8e-6497-51f1-9533-4d4fa1ff8506","lebl.ca.qa.live-manifest.ca.v1.9.riemann-sphere.limits","topology","[""urn:uuid:c23e2aff-396b-556e-a36e-7395e1f5dab4""]","pass","{""kind"":""file"",""locator"":""translation/TRANSLATION_MANIFEST.jsonl:ca.v1.9.riemann-sphere.limits"",""sha256"":""sha256:0778c75d4c3ee9bb52825351ab8526de625a6a9075390ed6bd2cb8759bd68b71""}","[""bounded unit QA"",""OpenAI Codex gpt-5.6-sol, Ultra""]","2026-08-23T00:00:00Z","active","","","","","","","","","{""check_type"":""topology"",""id"":""urn:uuid:2b775d8e-6497-51f1-9533-4d4fa1ff8506"",""note"":""deterministic receipt translation/complex-analysis/qa-r008-riemann-sphere-limits.json plus independent bilingual review pass; 47/47 lines, 85 ordered TeX commands, 14 environment boundaries, 31 formula payloads, one display block, and all five unsolved exercise states preserved; natural id-ID and glossary-consistent bola Riemann, kompak, kompaktifikasi satu titik, and metrik Euklides terminology confirmed; exact provenance OpenAI Codex gpt-5.6-sol, Ultra retained; full target 2222 bytes SHA-256 5f7001c401328a0f842311c87d784254f1b4986ce5b5883b54e6e05cf3246e2d"",""record_type"":""qa_event"",""recorded_at"":""2026-08-23T00:00:00Z"",""result"":""pass"",""schema_name"":""lebl.backend.record"",""schema_version"":""0.3.0"",""semantic_aliases"":[],""semantic_key"":""lebl.ca.qa.live-manifest.ca.v1.9.riemann-sphere.limits"",""status"":""active"",""subject_ids"":[""urn:uuid:c23e2aff-396b-556e-a36e-7395e1f5dab4""],""supersedes_id"":null,""toolchain"":[""bounded unit QA"",""OpenAI Codex gpt-5.6-sol, Ultra""],""witness"":{""kind"":""file"",""locator"":""translation/TRANSLATION_MANIFEST.jsonl:ca.v1.9.riemann-sphere.limits"",""sha256"":""sha256:0778c75d4c3ee9bb52825351ab8526de625a6a9075390ed6bd2cb8759bd68b71""},""workflow_id"":""01a01f57-a34b-7740-9717-596b8116910c/backend-production-v0.4-live""}"
"urn:uuid:2e65db0f-50c2-58bb-98b4-3639377867ae","lebl.ca.qa.live-manifest.ca.v1.9.complex-plane.exponential-mapping-properties","topology","[""urn:uuid:ca292810-7b9a-5349-8651-240e5af1043c""]","pass","{""kind"":""file"",""locator"":""translation/TRANSLATION_MANIFEST.jsonl:ca.v1.9.complex-plane.exponential-mapping-properties"",""sha256"":""sha256:10937b80e6a13e8fb235f73ac8674b8931d929a727e72246c347941f694ebb3c""}","[""bounded unit QA"",""OpenAI Codex gpt-5.6-sol, Ultra""]","2026-08-23T00:00:00Z","active","","","","","","","","","{""check_type"":""topology"",""id"":""urn:uuid:2e65db0f-50c2-58bb-98b4-3639377867ae"",""note"":""independent natural-id-ID and structural audit; 4/4 mathematical payloads, 8/8 braces, 6/6 dollar delimiters, 1/1 environment pair, exact commands and label, and no mojibake; exact provenance OpenAI Codex gpt-5.6-sol, Ultra retained; full target 958 bytes SHA-256 eae034e1c5752914d9e9cec7eaf36cf38e6ba6050ef92a02b9e70376a29a4161"",""record_type"":""qa_event"",""recorded_at"":""2026-08-23T00:00:00Z"",""result"":""pass"",""schema_name"":""lebl.backend.record"",""schema_version"":""0.3.0"",""semantic_aliases"":[],""semantic_key"":""lebl.ca.qa.live-manifest.ca.v1.9.complex-plane.exponential-mapping-properties"",""status"":""active"",""subject_ids"":[""urn:uuid:ca292810-7b9a-5349-8651-240e5af1043c""],""supersedes_id"":null,""toolchain"":[""bounded unit QA"",""OpenAI Codex gpt-5.6-sol, Ultra""],""witness"":{""kind"":""file"",""locator"":""translation/TRANSLATION_MANIFEST.jsonl:ca.v1.9.complex-plane.exponential-mapping-properties"",""sha256"":""sha256:10937b80e6a13e8fb235f73ac8674b8931d929a727e72246c347941f694ebb3c""},""workflow_id"":""01a01f57-a34b-7740-9717-596b8116910c/backend-production-v0.4-live""}"
"urn:uuid:2eaa7533-3aac-5925-920e-ba46d17f02b1","lebl.ra.qa.live-manifest.ra.v2.one-dimensional-integrals.differentiation-under-integral.exercises","topology","[""urn:uuid:73c1fefd-dda5-5a73-b206-5e03aa9d2ab4""]","pass","{""kind"":""file"",""locator"":""translation/TRANSLATION_MANIFEST.jsonl:ra.v2.one-dimensional-integrals.differentiation-under-integral.exercises"",""sha256"":""sha256:3d3d6e34dc6416181c1a8c40e399ddf47d539c3b53786179229cebd3dc3ffd57""}","[""bounded unit QA"",""OpenAI Codex gpt-5.6-sol, Ultra""]","2026-08-23T00:00:00Z","active","","","","","","","","","{""check_type"":""topology"",""id"":""urn:uuid:2eaa7533-3aac-5925-920e-ba46d17f02b1"",""note"":""bounded full-exercise structural replay plus independent bilingual/accessibility audit and independent mathematical verification, including ADV-0133 through ADV-0135"",""record_type"":""qa_event"",""recorded_at"":""2026-08-23T00:00:00Z"",""result"":""pass"",""schema_name"":""lebl.backend.record"",""schema_version"":""0.3.0"",""semantic_aliases"":[],""semantic_key"":""lebl.ra.qa.live-manifest.ra.v2.one-dimensional-integrals.differentiation-under-integral.exercises"",""status"":""active"",""subject_ids"":[""urn:uuid:73c1fefd-dda5-5a73-b206-5e03aa9d2ab4""],""supersedes_id"":null,""toolchain"":[""bounded unit QA"",""OpenAI Codex gpt-5.6-sol, Ultra""],""witness"":{""kind"":""file"",""locator"":""translation/TRANSLATION_MANIFEST.jsonl:ra.v2.one-dimensional-integrals.differentiation-under-integral.exercises"",""sha256"":""sha256:3d3d6e34dc6416181c1a8c40e399ddf47d539c3b53786179229cebd3dc3ffd57""},""workflow_id"":""01a01f57-a34b-7740-9717-596b8116910c/backend-production-v0.4-live""}"
"urn:uuid:3020d9c1-0d47-5f0e-9283-07a762da6763","lebl.ca.qa.live-manifest.ca.v1.9.complex-plane.eigenvalues-exercise","topology","[""urn:uuid:4be20dee-5f59-5513-a889-a524f5d27070""]","pass","{""kind"":""file"",""locator"":""translation/TRANSLATION_MANIFEST.jsonl:ca.v1.9.complex-plane.eigenvalues-exercise"",""sha256"":""sha256:c8a2d0ca00a252b80c36bd5a756c14f83c5bac8598d776b775d66d73c755438f""}","[""bounded unit QA"",""OpenAI Codex gpt-5.6-sol, Ultra""]","2026-08-23T00:00:00Z","active","","","","","","","","","{""check_type"":""topology"",""id"":""urn:uuid:3020d9c1-0d47-5f0e-9283-07a762da6763"",""note"":""independent natural-id-ID and structural audit; 6/6 math segments exact, 4/4 braces, 12 math-dollar delimiters, 2 environment pairs, exact pm/mp/smallmatrix topology, no mojibake, and exercise left unsolved; exact provenance OpenAI Codex gpt-5.6-sol, Ultra retained; full target 676 bytes SHA-256 d3df1a93b1995450cf37965c9fddb56b438aaac80f080b72818361fcf444db74"",""record_type"":""qa_event"",""recorded_at"":""2026-08-23T00:00:00Z"",""result"":""pass"",""schema_name"":""lebl.backend.record"",""schema_version"":""0.3.0"",""semantic_aliases"":[],""semantic_key"":""lebl.ca.qa.live-manifest.ca.v1.9.complex-plane.eigenvalues-exercise"",""status"":""active"",""subject_ids"":[""urn:uuid:4be20dee-5f59-5513-a889-a524f5d27070""],""supersedes_id"":null,""toolchain"":[""bounded unit QA"",""OpenAI Codex gpt-5.6-sol, Ultra""],""witness"":{""kind"":""file"",""locator"":""translation/TRANSLATION_MANIFEST.jsonl:ca.v1.9.complex-plane.eigenvalues-exercise"",""sha256"":""sha256:c8a2d0ca00a252b80c36bd5a756c14f83c5bac8598d776b775d66d73c755438f""},""workflow_id"":""01a01f57-a34b-7740-9717-596b8116910c/backend-production-v0.4-live""}"
"urn:uuid:32a7a127-b3f3-54c4-96b9-7070bb892cde","lebl.ca.qa.live-manifest.ca.v1.9.complex-plane.matrix-applications","topology","[""urn:uuid:77ee0f3e-6321-5859-bb11-aa5052fd8152""]","pass","{""kind"":""file"",""locator"":""translation/TRANSLATION_MANIFEST.jsonl:ca.v1.9.complex-plane.matrix-applications"",""sha256"":""sha256:0cbf6c119ba3dd154a2e2c2211055c30f93a27d62a4d639e0cb49b3544262e7c""}","[""bounded unit QA"",""OpenAI Codex gpt-5.6-sol, Ultra""]","2026-08-23T00:00:00Z","active","","","","","","","","","{""check_type"":""topology"",""id"":""urn:uuid:32a7a127-b3f3-54c4-96b9-7070bb892cde"",""note"":""independent natural-id-ID and structural audit; 7 ordered-identical mathematical segments, 14 math-dollar delimiters, exact C/R/colon/to/times commands, and no mojibake; exact provenance OpenAI Codex gpt-5.6-sol, Ultra retained; full target 1213 bytes SHA-256 45746159954e1f4bc74ac3fa621286ba16c347a814e935631be1fb9ba3351641"",""record_type"":""qa_event"",""recorded_at"":""2026-08-23T00:00:00Z"",""result"":""pass"",""schema_name"":""lebl.backend.record"",""schema_version"":""0.3.0"",""semantic_aliases"":[],""semantic_key"":""lebl.ca.qa.live-manifest.ca.v1.9.complex-plane.matrix-applications"",""status"":""active"",""subject_ids"":[""urn:uuid:77ee0f3e-6321-5859-bb11-aa5052fd8152""],""supersedes_id"":null,""toolchain"":[""bounded unit QA"",""OpenAI Codex gpt-5.6-sol, Ultra""],""witness"":{""kind"":""file"",""locator"":""translation/TRANSLATION_MANIFEST.jsonl:ca.v1.9.complex-plane.matrix-applications"",""sha256"":""sha256:0cbf6c119ba3dd154a2e2c2211055c30f93a27d62a4d639e0cb49b3544262e7c""},""workflow_id"":""01a01f57-a34b-7740-9717-596b8116910c/backend-production-v0.4-live""}"
"urn:uuid:3380b1ea-5521-550c-bd65-841ae4da623a","lebl.ra.qa.live-manifest.ra.v2.functions-as-limits.complex-plane.fourier-series-continuity-example","topology","[""urn:uuid:14c90cb8-4844-5918-b8af-c60fe05b83a2""]","pass","{""kind"":""file"",""locator"":""translation/TRANSLATION_MANIFEST.jsonl:ra.v2.functions-as-limits.complex-plane.fourier-series-continuity-example"",""sha256"":""sha256:96c9f403908f21385ad556d18dee886b8f8222db923955575f2829335041e227""}","[""bounded unit QA"",""OpenAI Codex gpt-5.6-sol, Ultra""]","2026-08-23T00:00:00Z","active","","","","","","","","","{""check_type"":""topology"",""id"":""urn:uuid:3380b1ea-5521-550c-bd65-841ae4da623a"",""note"":""independent natural-id-ID and structural audit; 9/9 lines, displayed Fourier formula byte-identical, 4/4 environment boundaries, 11/11 commands, all three references exact, balanced braces, and zero reader-facing English residue; exact provenance OpenAI Codex gpt-5.6-sol, Ultra retained; full target 181628 bytes SHA-256 f73a48bd4e06f72bb54d9fdaafc20511c7856cbaa350f7ad99465e8fb7149acb"",""record_type"":""qa_event"",""recorded_at"":""2026-08-23T00:00:00Z"",""result"":""pass"",""schema_name"":""lebl.backend.record"",""schema_version"":""0.3.0"",""semantic_aliases"":[],""semantic_key"":""lebl.ra.qa.live-manifest.ra.v2.functions-as-limits.complex-plane.fourier-series-continuity-example"",""status"":""active"",""subject_ids"":[""urn:uuid:14c90cb8-4844-5918-b8af-c60fe05b83a2""],""supersedes_id"":null,""toolchain"":[""bounded unit QA"",""OpenAI Codex gpt-5.6-sol, Ultra""],""witness"":{""kind"":""file"",""locator"":""translation/TRANSLATION_MANIFEST.jsonl:ra.v2.functions-as-limits.complex-plane.fourier-series-continuity-example"",""sha256"":""sha256:96c9f403908f21385ad556d18dee886b8f8222db923955575f2829335041e227""},""workflow_id"":""01a01f57-a34b-7740-9717-596b8116910c/backend-production-v0.4-live""}"
"urn:uuid:3491c2f9-70e6-5ab6-89b6-838c475b0f47","lebl.diffyqs.qa.live-manifest.diffyqs.v6.11.first-order.integrals-as-solutions.first-example","topology","[""urn:uuid:ebffa7bb-7132-5535-befa-cdead53ed53d""]","pass","{""kind"":""file"",""locator"":""translation/TRANSLATION_MANIFEST.jsonl:diffyqs.v6.11.first-order.integrals-as-solutions.first-example"",""sha256"":""sha256:1fa9070981e3e224e84015a3d3c8de4ecb8a1afd97709c280d0fbd6a08ac87a0""}","[""bounded unit QA"",""OpenAI Codex gpt-5.6-sol, Ultra""]","2026-08-23T00:00:00Z","active","","","","","","","","","{""check_type"":""topology"",""id"":""urn:uuid:3491c2f9-70e6-5ab6-89b6-838c475b0f47"",""note"":""deterministic receipt translation/diffyqs/QA_R007_ch-first-order-ode_raw-1-48.txt plus independent bilingual review pass; 48/48 lines, 34/34 ordered TeX commands, 12/12 environment tokens, 8/8 inline-math payloads, 5/5 equation payloads, and all six label/cite/eqref keys preserved; natural mathematical id-ID and established ODE/antiturunan terminology confirmed; exact provenance OpenAI Codex gpt-5.6-sol, Ultra retained; full target 1539 bytes SHA-256 963f5d6cf9310a7d853ee92dcbefcac655c395b0c2aee900df9f1c5ea308636c"",""record_type"":""qa_event"",""recorded_at"":""2026-08-23T00:00:00Z"",""result"":""pass"",""schema_name"":""lebl.backend.record"",""schema_version"":""0.3.0"",""semantic_aliases"":[],""semantic_key"":""lebl.diffyqs.qa.live-manifest.diffyqs.v6.11.first-order.integrals-as-solutions.first-example"",""status"":""active"",""subject_ids"":[""urn:uuid:ebffa7bb-7132-5535-befa-cdead53ed53d""],""supersedes_id"":null,""toolchain"":[""bounded unit QA"",""OpenAI Codex gpt-5.6-sol, Ultra""],""witness"":{""kind"":""file"",""locator"":""translation/TRANSLATION_MANIFEST.jsonl:diffyqs.v6.11.first-order.integrals-as-solutions.first-example"",""sha256"":""sha256:1fa9070981e3e224e84015a3d3c8de4ecb8a1afd97709c280d0fbd6a08ac87a0""},""workflow_id"":""01a01f57-a34b-7740-9717-596b8116910c/backend-production-v0.4-live""}"
"urn:uuid:360b1377-e697-5a84-a493-b7aba9e0b336","lebl.ca.qa.live-manifest.ca.v1.9.complex-plane.determinant-exercises","topology","[""urn:uuid:18909e99-b17f-5448-941d-e7ed2c7d2562""]","pass","{""kind"":""file"",""locator"":""translation/TRANSLATION_MANIFEST.jsonl:ca.v1.9.complex-plane.determinant-exercises"",""sha256"":""sha256:6c4cbdcc0794bf4b1ed0e57fa2e803edfd79b82c51d4180600be9077deed194f""}","[""bounded unit QA"",""OpenAI Codex gpt-5.6-sol, Ultra""]","2026-08-23T00:00:00Z","active","","","","","","","","","{""check_type"":""topology"",""id"":""urn:uuid:360b1377-e697-5a84-a493-b7aba9e0b336"",""note"":""independent natural-id-ID and structural audit; 8/8 math segments exact, 9/9 braces, 16 math-dollar delimiters, shared exbox closure exact, det/sabs/xi/zeta/mapsto commands exact, and no mojibake; exact provenance OpenAI Codex gpt-5.6-sol, Ultra retained; full target 785 bytes SHA-256 6f38da9c3b2f38810d5c397c3f692a8d614d90c787d1999fa1dc897a2432a3df"",""record_type"":""qa_event"",""recorded_at"":""2026-08-23T00:00:00Z"",""result"":""pass"",""schema_name"":""lebl.backend.record"",""schema_version"":""0.3.0"",""semantic_aliases"":[],""semantic_key"":""lebl.ca.qa.live-manifest.ca.v1.9.complex-plane.determinant-exercises"",""status"":""active"",""subject_ids"":[""urn:uuid:18909e99-b17f-5448-941d-e7ed2c7d2562""],""supersedes_id"":null,""toolchain"":[""bounded unit QA"",""OpenAI Codex gpt-5.6-sol, Ultra""],""witness"":{""kind"":""file"",""locator"":""translation/TRANSLATION_MANIFEST.jsonl:ca.v1.9.complex-plane.determinant-exercises"",""sha256"":""sha256:6c4cbdcc0794bf4b1ed0e57fa2e803edfd79b82c51d4180600be9077deed194f""},""workflow_id"":""01a01f57-a34b-7740-9717-596b8116910c/backend-production-v0.4-live""}"
"urn:uuid:37db7be1-d53a-5daf-9406-c2ff73f77239","lebl.ra.qa.live-manifest.ra.v2.multivariable-integrals.riemann-integral","topology","[""urn:uuid:bfc350f8-e4a3-59d4-8a90-8ef343f05362""]","pass","{""kind"":""file"",""locator"":""translation/TRANSLATION_MANIFEST.jsonl:ra.v2.multivariable-integrals.riemann-integral"",""sha256"":""sha256:951a3d542efcfe3ffb745ec56e90859d2689c8a9ef2945f670994b7a316745e5""}","[""bounded unit QA"",""OpenAI Codex gpt-5.6-sol, Ultra""]","2026-08-23T00:00:00Z","active","","","","","","","","","{""check_type"":""topology"",""id"":""urn:uuid:37db7be1-d53a-5daf-9406-c2ff73f77239"",""note"":""bounded structural and normalized-formula replay, independent mathematical and bilingual/accessibility audits, source repairs ADV-0174 and ADV-0175, converter zero-error XML gate, and isolated 227-page TeX integration pass; receipt qa/builds/ra-id-volume2-riemann-integral-20260822/BUILD_RECEIPT.md"",""record_type"":""qa_event"",""recorded_at"":""2026-08-23T00:00:00Z"",""result"":""pass"",""schema_name"":""lebl.backend.record"",""schema_version"":""0.3.0"",""semantic_aliases"":[],""semantic_key"":""lebl.ra.qa.live-manifest.ra.v2.multivariable-integrals.riemann-integral"",""status"":""active"",""subject_ids"":[""urn:uuid:bfc350f8-e4a3-59d4-8a90-8ef343f05362""],""supersedes_id"":null,""toolchain"":[""bounded unit QA"",""OpenAI Codex gpt-5.6-sol, Ultra""],""witness"":{""kind"":""file"",""locator"":""translation/TRANSLATION_MANIFEST.jsonl:ra.v2.multivariable-integrals.riemann-integral"",""sha256"":""sha256:951a3d542efcfe3ffb745ec56e90859d2689c8a9ef2945f670994b7a316745e5""},""workflow_id"":""01a01f57-a34b-7740-9717-596b8116910c/backend-production-v0.4-live""}"
"urn:uuid:38ca4cff-4db9-532b-828a-ee986b5300fd","lebl.ra.qa.live-manifest.ra.v2.riemann-integrable.exercises","topology","[""urn:uuid:2fe734a9-79fb-5d78-8e14-af6050bf3845""]","pass","{""kind"":""file"",""locator"":""translation/TRANSLATION_MANIFEST.jsonl:ra.v2.riemann-integrable.exercises"",""sha256"":""sha256:1ba77fd395e375ed0d2a5ec4905c2fccdbd2a55dcd7476195245629efcb8a930""}","[""bounded unit QA"",""OpenAI Codex gpt-5.6-sol, Ultra""]","2026-08-23T00:00:00Z","active","","","","","","","","","{""check_type"":""topology"",""id"":""urn:uuid:38ca4cff-4db9-532b-828a-ee986b5300fd"",""note"":""exact structural/formula replay, three independent final mathematical/natural-Bahasa/topology audits after ADV-0210 and display reflow, converter zero-error XML gate, converged three-pass 233-page TeX build, text-extraction replay, and visual inspection of physical pages 136-137; receipt qa/builds/ra-id-volume2-riemann-integrable-exercises-20260822/BUILD_RECEIPT.md"",""record_type"":""qa_event"",""recorded_at"":""2026-08-23T00:00:00Z"",""result"":""pass"",""schema_name"":""lebl.backend.record"",""schema_version"":""0.3.0"",""semantic_aliases"":[],""semantic_key"":""lebl.ra.qa.live-manifest.ra.v2.riemann-integrable.exercises"",""status"":""active"",""subject_ids"":[""urn:uuid:2fe734a9-79fb-5d78-8e14-af6050bf3845""],""supersedes_id"":null,""toolchain"":[""bounded unit QA"",""OpenAI Codex gpt-5.6-sol, Ultra""],""witness"":{""kind"":""file"",""locator"":""translation/TRANSLATION_MANIFEST.jsonl:ra.v2.riemann-integrable.exercises"",""sha256"":""sha256:1ba77fd395e375ed0d2a5ec4905c2fccdbd2a55dcd7476195245629efcb8a930""},""workflow_id"":""01a01f57-a34b-7740-9717-596b8116910c/backend-production-v0.4-live""}"
"urn:uuid:3b947164-aafb-5723-9122-91db285c5a56","lebl.ra.qa.live-manifest.ra.v2.inverse-implicit.inverse-function-theorem","topology","[""urn:uuid:1afca295-f38a-571a-909f-e422923b6bbe""]","pass","{""kind"":""file"",""locator"":""translation/TRANSLATION_MANIFEST.jsonl:ra.v2.inverse-implicit.inverse-function-theorem"",""sha256"":""sha256:d02c7c3890d71a90b5e6d7ff3817a3181bd81c0a79c311c68009ff36452052cd""}","[""bounded unit QA"",""OpenAI Codex gpt-5.6-sol, Ultra""]","2026-08-23T00:00:00Z","active","","","","","","","","","{""check_type"":""topology"",""id"":""urn:uuid:3b947164-aafb-5723-9122-91db285c5a56"",""note"":""bounded structural and mathematical replay plus independent bilingual proof audit and ADV-0100 through ADV-0104"",""record_type"":""qa_event"",""recorded_at"":""2026-08-23T00:00:00Z"",""result"":""pass"",""schema_name"":""lebl.backend.record"",""schema_version"":""0.3.0"",""semantic_aliases"":[],""semantic_key"":""lebl.ra.qa.live-manifest.ra.v2.inverse-implicit.inverse-function-theorem"",""status"":""active"",""subject_ids"":[""urn:uuid:1afca295-f38a-571a-909f-e422923b6bbe""],""supersedes_id"":null,""toolchain"":[""bounded unit QA"",""OpenAI Codex gpt-5.6-sol, Ultra""],""witness"":{""kind"":""file"",""locator"":""translation/TRANSLATION_MANIFEST.jsonl:ra.v2.inverse-implicit.inverse-function-theorem"",""sha256"":""sha256:d02c7c3890d71a90b5e6d7ff3817a3181bd81c0a79c311c68009ff36452052cd""},""workflow_id"":""01a01f57-a34b-7740-9717-596b8116910c/backend-production-v0.4-live""}"
"urn:uuid:3f0feffe-9057-52d8-b09a-f6a7e2950452","lebl.ra.qa.live-manifest.ra.v2.outer-measure.ball-characterization","topology","[""urn:uuid:dcb65b8a-4d18-5d26-9850-61cf79001204""]","pass","{""kind"":""file"",""locator"":""translation/TRANSLATION_MANIFEST.jsonl:ra.v2.outer-measure.ball-characterization"",""sha256"":""sha256:15c000f7add18ea37ab55d2e40ffc98721cae0606d128babbac8f22c664b657a""}","[""bounded unit QA"",""OpenAI Codex gpt-5.6-sol, Ultra""]","2026-08-23T00:00:00Z","active","","","","","","","","","{""check_type"":""topology"",""id"":""urn:uuid:3f0feffe-9057-52d8-b09a-f6a7e2950452"",""note"":""bounded structural and normalized-formula replay, three independent mathematical/bilingual/structural/accessibility/constant audits, converter zero-error XML gate, converged three-pass 231-page TeX build, and visual inspection of physical pages 121-122; shared receipt qa/builds/ra-id-volume2-outer-measure-balls-20260822/BUILD_RECEIPT.md"",""record_type"":""qa_event"",""recorded_at"":""2026-08-23T00:00:00Z"",""result"":""pass"",""schema_name"":""lebl.backend.record"",""schema_version"":""0.3.0"",""semantic_aliases"":[],""semantic_key"":""lebl.ra.qa.live-manifest.ra.v2.outer-measure.ball-characterization"",""status"":""active"",""subject_ids"":[""urn:uuid:dcb65b8a-4d18-5d26-9850-61cf79001204""],""supersedes_id"":null,""toolchain"":[""bounded unit QA"",""OpenAI Codex gpt-5.6-sol, Ultra""],""witness"":{""kind"":""file"",""locator"":""translation/TRANSLATION_MANIFEST.jsonl:ra.v2.outer-measure.ball-characterization"",""sha256"":""sha256:15c000f7add18ea37ab55d2e40ffc98721cae0606d128babbac8f22c664b657a""},""workflow_id"":""01a01f57-a34b-7740-9717-596b8116910c/backend-production-v0.4-live""}"
"urn:uuid:3f37a297-16c4-5100-88b8-586c4d05b7a5","lebl.ra.qa.live-manifest.ra.v2.change-of-variables.theorem-statement","topology","[""urn:uuid:373ad8a5-4af2-5d79-912e-719559bab9c3""]","pass","{""kind"":""file"",""locator"":""translation/TRANSLATION_MANIFEST.jsonl:ra.v2.change-of-variables.theorem-statement"",""sha256"":""sha256:c865b2f899f5f476f3da756d56d8deafc38b77771cbc6400ccb203c5e60e6fae""}","[""bounded unit QA"",""OpenAI Codex gpt-5.6-sol, Ultra""]","2026-08-23T00:00:00Z","active","","","","","","","","","{""check_type"":""topology"",""id"":""urn:uuid:3f37a297-16c4-5100-88b8-586c4d05b7a5"",""note"":""independent mathematical, natural-id-ID, and topology audit; all hypotheses, references, inline/display mathematics, and theorem environment preserved; final zero-error converter, converged five-pass TeX build, extraction, fonts, and page 151 visual gate passed; receipt qa/builds/ra-id-volume2-change-vars-theorem-20260823/BUILD_RECEIPT.md"",""record_type"":""qa_event"",""recorded_at"":""2026-08-23T00:00:00Z"",""result"":""pass"",""schema_name"":""lebl.backend.record"",""schema_version"":""0.3.0"",""semantic_aliases"":[],""semantic_key"":""lebl.ra.qa.live-manifest.ra.v2.change-of-variables.theorem-statement"",""status"":""active"",""subject_ids"":[""urn:uuid:373ad8a5-4af2-5d79-912e-719559bab9c3""],""supersedes_id"":null,""toolchain"":[""bounded unit QA"",""OpenAI Codex gpt-5.6-sol, Ultra""],""witness"":{""kind"":""file"",""locator"":""translation/TRANSLATION_MANIFEST.jsonl:ra.v2.change-of-variables.theorem-statement"",""sha256"":""sha256:c865b2f899f5f476f3da756d56d8deafc38b77771cbc6400ccb203c5e60e6fae""},""workflow_id"":""01a01f57-a34b-7740-9717-596b8116910c/backend-production-v0.4-live""}"
"urn:uuid:41e3c120-0a62-58a2-ad5e-f43cb31ad4e3","lebl.ca.qa.live-manifest.ca.v1.9.complex-plane.continuity-proposition","topology","[""urn:uuid:0815c851-8c8c-50fd-abb8-0b6e6c2be838""]","pass","{""kind"":""file"",""locator"":""translation/TRANSLATION_MANIFEST.jsonl:ca.v1.9.complex-plane.continuity-proposition"",""sha256"":""sha256:dbac9bbbffeeb399b9cdca45b3f52a16db33af0cb65cbdb3023e21e45f140061""}","[""bounded unit QA"",""OpenAI Codex gpt-5.6-sol, Ultra""]","2026-08-23T00:00:00Z","active","","","","","","","","","{""check_type"":""topology"",""id"":""urn:uuid:41e3c120-0a62-58a2-ad5e-f43cb31ad4e3"",""note"":""independent natural-id-ID and structural audit; seven ordered-identical math segments, 23 opening and 23 closing braces, 14 unescaped math-dollar delimiters, two begin/end pairs, exact command inventory, and zero mojibake; exact provenance OpenAI Codex gpt-5.6-sol, Ultra retained; full target 1106 bytes SHA-256 9247a3f39f2ee5a3b1e10305cebc089033af7ed76f773b33f69213096fcaedc5"",""record_type"":""qa_event"",""recorded_at"":""2026-08-23T00:00:00Z"",""result"":""pass"",""schema_name"":""lebl.backend.record"",""schema_version"":""0.3.0"",""semantic_aliases"":[],""semantic_key"":""lebl.ca.qa.live-manifest.ca.v1.9.complex-plane.continuity-proposition"",""status"":""active"",""subject_ids"":[""urn:uuid:0815c851-8c8c-50fd-abb8-0b6e6c2be838""],""supersedes_id"":null,""toolchain"":[""bounded unit QA"",""OpenAI Codex gpt-5.6-sol, Ultra""],""witness"":{""kind"":""file"",""locator"":""translation/TRANSLATION_MANIFEST.jsonl:ca.v1.9.complex-plane.continuity-proposition"",""sha256"":""sha256:dbac9bbbffeeb399b9cdca45b3f52a16db33af0cb65cbdb3023e21e45f140061""},""workflow_id"":""01a01f57-a34b-7740-9717-596b8116910c/backend-production-v0.4-live""}"
"urn:uuid:4b7757e0-be47-5436-9514-92b8ef2ad260","lebl.ca.qa.live-manifest.ca.v1.9.complex-plane.exponential-modulus","topology","[""urn:uuid:2977afac-5de8-5840-9c78-518c05f5a24a""]","pass","{""kind"":""file"",""locator"":""translation/TRANSLATION_MANIFEST.jsonl:ca.v1.9.complex-plane.exponential-modulus"",""sha256"":""sha256:4781316058e9904f746d9bcce9e6a784a75c052512f7a8b9c560c9bc24865d6e""}","[""bounded unit QA"",""OpenAI Codex gpt-5.6-sol, Ultra""]","2026-08-23T00:00:00Z","active","","","","","","","","","{""check_type"":""topology"",""id"":""urn:uuid:4b7757e0-be47-5436-9514-92b8ef2ad260"",""note"":""independent natural-id-ID and structural audit; exponential modulus equation exact, 6/6 braces, one equation* pair, exact sabs command, and no mojibake; exact provenance OpenAI Codex gpt-5.6-sol, Ultra retained; full target 426 bytes SHA-256 737b1e1d536aaf6862037050071e7286c5b72a5fbfbdb61e792fa242c63d89b1"",""record_type"":""qa_event"",""recorded_at"":""2026-08-23T00:00:00Z"",""result"":""pass"",""schema_name"":""lebl.backend.record"",""schema_version"":""0.3.0"",""semantic_aliases"":[],""semantic_key"":""lebl.ca.qa.live-manifest.ca.v1.9.complex-plane.exponential-modulus"",""status"":""active"",""subject_ids"":[""urn:uuid:2977afac-5de8-5840-9c78-518c05f5a24a""],""supersedes_id"":null,""toolchain"":[""bounded unit QA"",""OpenAI Codex gpt-5.6-sol, Ultra""],""witness"":{""kind"":""file"",""locator"":""translation/TRANSLATION_MANIFEST.jsonl:ca.v1.9.complex-plane.exponential-modulus"",""sha256"":""sha256:4781316058e9904f746d9bcce9e6a784a75c052512f7a8b9c560c9bc24865d6e""},""workflow_id"":""01a01f57-a34b-7740-9717-596b8116910c/backend-production-v0.4-live""}"
"urn:uuid:4f0a20e5-f70e-5f94-88d7-12fe7b6d77cb","lebl.ra.qa.live-manifest.ra.v2.multivariable-integrals.continuous-functions","topology","[""urn:uuid:f6b44282-6218-541a-9d81-fff3041c1323""]","pass","{""kind"":""file"",""locator"":""translation/TRANSLATION_MANIFEST.jsonl:ra.v2.multivariable-integrals.continuous-functions"",""sha256"":""sha256:3ca66bd74a49e6362e9ea7dc86db8bd0b0c71de957e7d0a3427d754f4cfed7bb""}","[""bounded unit QA"",""OpenAI Codex gpt-5.6-sol, Ultra""]","2026-08-23T00:00:00Z","active","","","","","","","","","{""check_type"":""topology"",""id"":""urn:uuid:4f0a20e5-f70e-5f94-88d7-12fe7b6d77cb"",""note"":""bounded structural and formula replay, three independent mathematical/continuity/bilingual audits, ADV-0176, converter zero-error XML gate, and isolated 227-page TeX integration pass; receipt qa/builds/ra-id-volume2-continuous-functions-20260822/BUILD_RECEIPT.md"",""record_type"":""qa_event"",""recorded_at"":""2026-08-23T00:00:00Z"",""result"":""pass"",""schema_name"":""lebl.backend.record"",""schema_version"":""0.3.0"",""semantic_aliases"":[],""semantic_key"":""lebl.ra.qa.live-manifest.ra.v2.multivariable-integrals.continuous-functions"",""status"":""active"",""subject_ids"":[""urn:uuid:f6b44282-6218-541a-9d81-fff3041c1323""],""supersedes_id"":null,""toolchain"":[""bounded unit QA"",""OpenAI Codex gpt-5.6-sol, Ultra""],""witness"":{""kind"":""file"",""locator"":""translation/TRANSLATION_MANIFEST.jsonl:ra.v2.multivariable-integrals.continuous-functions"",""sha256"":""sha256:3ca66bd74a49e6362e9ea7dc86db8bd0b0c71de957e7d0a3427d754f4cfed7bb""},""workflow_id"":""01a01f57-a34b-7740-9717-596b8116910c/backend-production-v0.4-live""}"
"urn:uuid:4fc6df13-6c25-53bc-b0c5-74468e95c672","lebl.diffyqs.qa.live-manifest.diffyqs.v6.11.introduction.exercises","topology","[""urn:uuid:5837a918-93cb-52b5-8bb2-d00bb590c884""]","pass","{""kind"":""file"",""locator"":""translation/TRANSLATION_MANIFEST.jsonl:diffyqs.v6.11.introduction.exercises"",""sha256"":""sha256:5f2cde3c2be4a24776ea978c3012fb43e17230a5cf270d284eebff05bc08b19f""}","[""bounded unit QA"",""OpenAI Codex gpt-5.6-sol, Ultra""]","2026-08-23T00:00:00Z","active","","","","","","","","","{""check_type"":""topology"",""id"":""urn:uuid:4fc6df13-6c25-53bc-b0c5-74468e95c672"",""note"":""independent recovery QA after correcting one missing closing math delimiter in the target; commands 98/98, braces 87/87, environment boundaries 40/40, exercises 17/17, tasks 8/8, exsol blocks 6/6, dollar markers 134/134, 67 ordered mathematical payloads byte-identical, and mojibake zero; exact provenance OpenAI Codex gpt-5.6-sol, Ultra retained; full target 30948 bytes SHA-256 b5f53f129de900a80829cc2eb479b2aed9fbba77f10c0662a49f317a5bd729ae"",""record_type"":""qa_event"",""recorded_at"":""2026-08-23T00:00:00Z"",""result"":""pass"",""schema_name"":""lebl.backend.record"",""schema_version"":""0.3.0"",""semantic_aliases"":[],""semantic_key"":""lebl.diffyqs.qa.live-manifest.diffyqs.v6.11.introduction.exercises"",""status"":""active"",""subject_ids"":[""urn:uuid:5837a918-93cb-52b5-8bb2-d00bb590c884""],""supersedes_id"":null,""toolchain"":[""bounded unit QA"",""OpenAI Codex gpt-5.6-sol, Ultra""],""witness"":{""kind"":""file"",""locator"":""translation/TRANSLATION_MANIFEST.jsonl:diffyqs.v6.11.introduction.exercises"",""sha256"":""sha256:5f2cde3c2be4a24776ea978c3012fb43e17230a5cf270d284eebff05bc08b19f""},""workflow_id"":""01a01f57-a34b-7740-9717-596b8116910c/backend-production-v0.4-live""}"
"urn:uuid:4ff04be3-9be4-56e9-9139-2c538f80971d","lebl.ra.qa.live-manifest.ra.v2.change-of-variables.exercises","topology","[""urn:uuid:330a19af-4e02-5ef9-8a63-c66b1bc1da33""]","pass","{""kind"":""file"",""locator"":""translation/TRANSLATION_MANIFEST.jsonl:ra.v2.change-of-variables.exercises"",""sha256"":""sha256:96155059755451be4aeabb64721b054b9978333124be92db1575fdbc616656dd""}","[""bounded unit QA"",""OpenAI Codex gpt-5.6-sol, Ultra""]","2026-08-23T00:00:00Z","active","","","","","","","","","{""check_type"":""topology"",""id"":""urn:uuid:4ff04be3-9be4-56e9-9139-2c538f80971d"",""note"":""independent mathematical and natural-id-ID audit; six exercises, three labels, one proposition reference, one page break, all 40 inline and three displayed mathematical payloads, and all 23 structural tokens preserved; zero-error converter with 672 unique IDs and 952 resolved references; converged five-pass 235-page full-tail QA build; all fonts embedded, extraction clean, and physical pages 154-157 visually inspected; receipt qa/builds/ra-id-volume2-change-vars-exercises-20260823/BUILD_RECEIPT.md"",""record_type"":""qa_event"",""recorded_at"":""2026-08-23T00:00:00Z"",""result"":""pass"",""schema_name"":""lebl.backend.record"",""schema_version"":""0.3.0"",""semantic_aliases"":[],""semantic_key"":""lebl.ra.qa.live-manifest.ra.v2.change-of-variables.exercises"",""status"":""active"",""subject_ids"":[""urn:uuid:330a19af-4e02-5ef9-8a63-c66b1bc1da33""],""supersedes_id"":null,""toolchain"":[""bounded unit QA"",""OpenAI Codex gpt-5.6-sol, Ultra""],""witness"":{""kind"":""file"",""locator"":""translation/TRANSLATION_MANIFEST.jsonl:ra.v2.change-of-variables.exercises"",""sha256"":""sha256:96155059755451be4aeabb64721b054b9978333124be92db1575fdbc616656dd""},""workflow_id"":""01a01f57-a34b-7740-9717-596b8116910c/backend-production-v0.4-live""}"
"urn:uuid:533fd83c-ee43-58e6-91f6-f5bfab0cc837","lebl.ca.qa.live-manifest.ca.v1.9.complex-plane.integral-triangle-proposition","topology","[""urn:uuid:176ab929-65ba-51d6-b357-70c15f55bbf3""]","pass","{""kind"":""file"",""locator"":""translation/TRANSLATION_MANIFEST.jsonl:ca.v1.9.complex-plane.integral-triangle-proposition"",""sha256"":""sha256:d9744bd09558507a61fc8e117ed3c6332e3458329527dc5238c2d489afb9ff3a""}","[""bounded unit QA"",""OpenAI Codex gpt-5.6-sol, Ultra""]","2026-08-23T00:00:00Z","active","","","","","","","","","{""check_type"":""topology"",""id"":""urn:uuid:533fd83c-ee43-58e6-91f6-f5bfab0cc837"",""note"":""independent natural-id-ID and structural audit; two ordered-identical math segments, eight opening and eight closing braces, four unescaped math-dollar delimiters, two begin/end pairs, exact label/commands, and zero mojibake; exact provenance OpenAI Codex gpt-5.6-sol, Ultra retained; full target 629 bytes SHA-256 9d6d24d985c71f8137bf86f2929b28dc6f3707ecea34b645325c265943ae5fd1"",""record_type"":""qa_event"",""recorded_at"":""2026-08-23T00:00:00Z"",""result"":""pass"",""schema_name"":""lebl.backend.record"",""schema_version"":""0.3.0"",""semantic_aliases"":[],""semantic_key"":""lebl.ca.qa.live-manifest.ca.v1.9.complex-plane.integral-triangle-proposition"",""status"":""active"",""subject_ids"":[""urn:uuid:176ab929-65ba-51d6-b357-70c15f55bbf3""],""supersedes_id"":null,""toolchain"":[""bounded unit QA"",""OpenAI Codex gpt-5.6-sol, Ultra""],""witness"":{""kind"":""file"",""locator"":""translation/TRANSLATION_MANIFEST.jsonl:ca.v1.9.complex-plane.integral-triangle-proposition"",""sha256"":""sha256:d9744bd09558507a61fc8e117ed3c6332e3458329527dc5238c2d489afb9ff3a""},""workflow_id"":""01a01f57-a34b-7740-9717-596b8116910c/backend-production-v0.4-live""}"
"urn:uuid:576f0673-209d-59c8-ac6e-78b157db0ef8","lebl.ra.qa.live-manifest.ra.v2.change-of-variables.proof-general-linearization","topology","[""urn:uuid:37403b5a-83c9-50fa-8cd7-8198f175ec29""]","pass","{""kind"":""file"",""locator"":""translation/TRANSLATION_MANIFEST.jsonl:ra.v2.change-of-variables.proof-general-linearization"",""sha256"":""sha256:fffe47f632af3adc684032532604e45a0d4735826d14da4fd2e2ac8cadfdc83b""}","[""bounded unit QA"",""OpenAI Codex gpt-5.6-sol, Ultra""]","2026-08-23T00:00:00Z","active","","","","","","","","","{""check_type"":""topology"",""id"":""urn:uuid:576f0673-209d-59c8-ac6e-78b157db0ef8"",""note"":""independent mathematical, natural-id-ID, terminology, and raw-math audit; all 14 inline and three displayed mathematical payloads preserved; final zero-error converter, converged five-pass TeX build, extraction, fonts, and pages 153-154 visual gate passed; receipt qa/builds/ra-id-volume2-change-vars-theorem-20260823/BUILD_RECEIPT.md"",""record_type"":""qa_event"",""recorded_at"":""2026-08-23T00:00:00Z"",""result"":""pass"",""schema_name"":""lebl.backend.record"",""schema_version"":""0.3.0"",""semantic_aliases"":[],""semantic_key"":""lebl.ra.qa.live-manifest.ra.v2.change-of-variables.proof-general-linearization"",""status"":""active"",""subject_ids"":[""urn:uuid:37403b5a-83c9-50fa-8cd7-8198f175ec29""],""supersedes_id"":null,""toolchain"":[""bounded unit QA"",""OpenAI Codex gpt-5.6-sol, Ultra""],""witness"":{""kind"":""file"",""locator"":""translation/TRANSLATION_MANIFEST.jsonl:ra.v2.change-of-variables.proof-general-linearization"",""sha256"":""sha256:fffe47f632af3adc684032532604e45a0d4735826d14da4fd2e2ac8cadfdc83b""},""workflow_id"":""01a01f57-a34b-7740-9717-596b8116910c/backend-production-v0.4-live""}"
"urn:uuid:599bf6bf-8729-51ba-8f81-43af573d29f9","lebl.ra.qa.live-manifest.ra.v2.higher-order-derivatives.exercises","topology","[""urn:uuid:97e056ec-c66c-5df2-8537-3fda58c93a1f""]","pass","{""kind"":""file"",""locator"":""translation/TRANSLATION_MANIFEST.jsonl:ra.v2.higher-order-derivatives.exercises"",""sha256"":""sha256:6ca61fb3e0b309c1a112abc6c857971115e14e80d9438ec55e16086df04881c6""}","[""bounded unit QA"",""OpenAI Codex gpt-5.6-sol, Ultra""]","2026-08-23T00:00:00Z","active","","","","","","","","","{""check_type"":""topology"",""id"":""urn:uuid:599bf6bf-8729-51ba-8f81-43af573d29f9"",""note"":""bounded full-exercise structural and mathematical replay plus two independent bilingual obligation audits and ADV-0125 through ADV-0129"",""record_type"":""qa_event"",""recorded_at"":""2026-08-23T00:00:00Z"",""result"":""pass"",""schema_name"":""lebl.backend.record"",""schema_version"":""0.3.0"",""semantic_aliases"":[],""semantic_key"":""lebl.ra.qa.live-manifest.ra.v2.higher-order-derivatives.exercises"",""status"":""active"",""subject_ids"":[""urn:uuid:97e056ec-c66c-5df2-8537-3fda58c93a1f""],""supersedes_id"":null,""toolchain"":[""bounded unit QA"",""OpenAI Codex gpt-5.6-sol, Ultra""],""witness"":{""kind"":""file"",""locator"":""translation/TRANSLATION_MANIFEST.jsonl:ra.v2.higher-order-derivatives.exercises"",""sha256"":""sha256:6ca61fb3e0b309c1a112abc6c857971115e14e80d9438ec55e16086df04881c6""},""workflow_id"":""01a01f57-a34b-7740-9717-596b8116910c/backend-production-v0.4-live""}"
"urn:uuid:5a0df910-cec5-5a39-89d0-77a9434ee668","lebl.ra.qa.live-manifest.ra.v2.functions-as-limits.complex-plane.weierstrass-m-test-equivalent-form","topology","[""urn:uuid:6adfd09d-1d21-5acf-a160-d3a7065db631""]","pass","{""kind"":""file"",""locator"":""translation/TRANSLATION_MANIFEST.jsonl:ra.v2.functions-as-limits.complex-plane.weierstrass-m-test-equivalent-form"",""sha256"":""sha256:fe07dabdddce8aa63b377b31c6e801be15415e6155ef551306e96c62a4c227db""}","[""bounded unit QA"",""OpenAI Codex gpt-5.6-sol, Ultra""]","2026-08-23T00:00:00Z","active","","","","","","","","","{""check_type"":""topology"",""id"":""urn:uuid:5a0df910-cec5-5a39-89d0-77a9434ee668"",""note"":""independent natural-id-ID and structural audit; 6/6 lines, 3/3 mathematical payloads, 8/8 commands, balanced braces, and zero reader-facing English residue; exact provenance OpenAI Codex gpt-5.6-sol, Ultra retained; full target 181105 bytes SHA-256 fe75c0537c851cd684deaf25947bf9123651fd76f3fb4e9b991cbb53ec1af9a2"",""record_type"":""qa_event"",""recorded_at"":""2026-08-23T00:00:00Z"",""result"":""pass"",""schema_name"":""lebl.backend.record"",""schema_version"":""0.3.0"",""semantic_aliases"":[],""semantic_key"":""lebl.ra.qa.live-manifest.ra.v2.functions-as-limits.complex-plane.weierstrass-m-test-equivalent-form"",""status"":""active"",""subject_ids"":[""urn:uuid:6adfd09d-1d21-5acf-a160-d3a7065db631""],""supersedes_id"":null,""toolchain"":[""bounded unit QA"",""OpenAI Codex gpt-5.6-sol, Ultra""],""witness"":{""kind"":""file"",""locator"":""translation/TRANSLATION_MANIFEST.jsonl:ra.v2.functions-as-limits.complex-plane.weierstrass-m-test-equivalent-form"",""sha256"":""sha256:fe07dabdddce8aa63b377b31c6e801be15415e6155ef551306e96c62a4c227db""},""workflow_id"":""01a01f57-a34b-7740-9717-596b8116910c/backend-production-v0.4-live""}"
"urn:uuid:5aaee0d2-690e-5d0a-9561-bd1ee29d67a8","lebl.ra.qa.live-manifest.ra.v2.functions-as-limits.complex-plane.uniform-convergence-definition","topology","[""urn:uuid:7bdc2811-4452-503b-b4b7-0634790363ff""]","pass","{""kind"":""file"",""locator"":""translation/TRANSLATION_MANIFEST.jsonl:ra.v2.functions-as-limits.complex-plane.uniform-convergence-definition"",""sha256"":""sha256:eaf83ef4181cb502916c9814656c75a431b9b67fd5dbde45212235b31318595f""}","[""bounded unit QA"",""OpenAI Codex gpt-5.6-sol, Ultra""]","2026-08-23T00:00:00Z","active","","","","","","","","","{""check_type"":""topology"",""id"":""urn:uuid:5aaee0d2-690e-5d0a-9561-bd1ee29d67a8"",""note"":""independent natural-id-ID and structural audit; 12/12 ordered-identical mathematical payloads with only piecewise text labels translated, 12/12 environment-boundary tokens, 46/46 command names, 2/2 index hooks, balanced braces, zero reader-facing English residue, and no mojibake; exact provenance OpenAI Codex gpt-5.6-sol, Ultra retained; no high-confidence source issue; full target 180818 bytes SHA-256 5d9ff28e9441ca96f4ef4af6404b4196c4d37a7b074f3a4d02310f3a5e94d410"",""record_type"":""qa_event"",""recorded_at"":""2026-08-23T00:00:00Z"",""result"":""pass"",""schema_name"":""lebl.backend.record"",""schema_version"":""0.3.0"",""semantic_aliases"":[],""semantic_key"":""lebl.ra.qa.live-manifest.ra.v2.functions-as-limits.complex-plane.uniform-convergence-definition"",""status"":""active"",""subject_ids"":[""urn:uuid:7bdc2811-4452-503b-b4b7-0634790363ff""],""supersedes_id"":null,""toolchain"":[""bounded unit QA"",""OpenAI Codex gpt-5.6-sol, Ultra""],""witness"":{""kind"":""file"",""locator"":""translation/TRANSLATION_MANIFEST.jsonl:ra.v2.functions-as-limits.complex-plane.uniform-convergence-definition"",""sha256"":""sha256:eaf83ef4181cb502916c9814656c75a431b9b67fd5dbde45212235b31318595f""},""workflow_id"":""01a01f57-a34b-7740-9717-596b8116910c/backend-production-v0.4-live""}"
"urn:uuid:5ac078fa-1bfb-583c-b569-1dee40befae2","lebl.ra.qa.live-manifest.ra.v2.functions-as-limits.complex-plane.swapping-limits-continuity","topology","[""urn:uuid:37350be9-aea4-59f3-86e4-383f450e1568""]","pass","{""kind"":""file"",""locator"":""translation/TRANSLATION_MANIFEST.jsonl:ra.v2.functions-as-limits.complex-plane.swapping-limits-continuity"",""sha256"":""sha256:09c069ef64dac7a0ce5f1a046e41aaa15b5290ff1f083dd1028a5af6b9a482fa""}","[""bounded unit QA"",""OpenAI Codex gpt-5.6-sol, Ultra""]","2026-08-23T00:00:00Z","active","","","","","","","","","{""check_type"":""topology"",""id"":""urn:uuid:5ac078fa-1bfb-583c-b569-1dee40befae2"",""note"":""independent natural-id-ID and structural audit; 30/30 lines represented, 11/11 ordered-identical mathematical payloads, 4/4 environment boundaries, 36/36 command tokens, 4/4 index/myindex/glossary hooks, balanced braces, zero reader-facing English residue, and no mojibake; exact provenance OpenAI Codex gpt-5.6-sol, Ultra retained; full target 180751 bytes SHA-256 347081dad6e9706fdec9c80bd6d94f27cc33f386a8826da898abd920ece2267b"",""record_type"":""qa_event"",""recorded_at"":""2026-08-23T00:00:00Z"",""result"":""pass"",""schema_name"":""lebl.backend.record"",""schema_version"":""0.3.0"",""semantic_aliases"":[],""semantic_key"":""lebl.ra.qa.live-manifest.ra.v2.functions-as-limits.complex-plane.swapping-limits-continuity"",""status"":""active"",""subject_ids"":[""urn:uuid:37350be9-aea4-59f3-86e4-383f450e1568""],""supersedes_id"":null,""toolchain"":[""bounded unit QA"",""OpenAI Codex gpt-5.6-sol, Ultra""],""witness"":{""kind"":""file"",""locator"":""translation/TRANSLATION_MANIFEST.jsonl:ra.v2.functions-as-limits.complex-plane.swapping-limits-continuity"",""sha256"":""sha256:09c069ef64dac7a0ce5f1a046e41aaa15b5290ff1f083dd1028a5af6b9a482fa""},""workflow_id"":""01a01f57-a34b-7740-9717-596b8116910c/backend-production-v0.4-live""}"
"urn:uuid:5b1155a5-68ed-564c-908f-4d2ba133647f","lebl.ca.qa.live-manifest.ca.v1.9.complex-plane.conjugate-components","topology","[""urn:uuid:b3398034-4123-53fe-a3d6-58a1a8f335a2""]","pass","{""kind"":""file"",""locator"":""translation/TRANSLATION_MANIFEST.jsonl:ca.v1.9.complex-plane.conjugate-components"",""sha256"":""sha256:816f5812e9310076d1a6f129fc3c61a1afdb59462d1cb37611e2c5bb7ba33a4a""}","[""bounded unit QA"",""OpenAI Codex gpt-5.6-sol, Ultra""]","2026-08-23T00:00:00Z","active","","","","","","","","","{""check_type"":""topology"",""id"":""urn:uuid:5b1155a5-68ed-564c-908f-4d2ba133647f"",""note"":""independent natural-id-ID and structural audit; 19 ordered-identical math segments, 55 opening and 55 closing braces, 38 unescaped math-dollar delimiters, four equation* environment pairs, exact command/glossary inventory, and zero mojibake; exact provenance OpenAI Codex gpt-5.6-sol, Ultra retained; full target 1866 bytes SHA-256 18841a2af38e2a5207f14b916cf4376300695d653074819f03fe61f41d591fd4"",""record_type"":""qa_event"",""recorded_at"":""2026-08-23T00:00:00Z"",""result"":""pass"",""schema_name"":""lebl.backend.record"",""schema_version"":""0.3.0"",""semantic_aliases"":[],""semantic_key"":""lebl.ca.qa.live-manifest.ca.v1.9.complex-plane.conjugate-components"",""status"":""active"",""subject_ids"":[""urn:uuid:b3398034-4123-53fe-a3d6-58a1a8f335a2""],""supersedes_id"":null,""toolchain"":[""bounded unit QA"",""OpenAI Codex gpt-5.6-sol, Ultra""],""witness"":{""kind"":""file"",""locator"":""translation/TRANSLATION_MANIFEST.jsonl:ca.v1.9.complex-plane.conjugate-components"",""sha256"":""sha256:816f5812e9310076d1a6f129fc3c61a1afdb59462d1cb37611e2c5bb7ba33a4a""},""workflow_id"":""01a01f57-a34b-7740-9717-596b8116910c/backend-production-v0.4-live""}"
"urn:uuid:5f804e1f-1bab-54f0-911c-c027a105774d","lebl.ra.qa.live-manifest.ra.v2.functions-as-limits.complex-plane.uniform-limit-continuity-proof","topology","[""urn:uuid:b38a9963-4e55-5e56-99c6-8a862614026e""]","pass","{""kind"":""file"",""locator"":""translation/TRANSLATION_MANIFEST.jsonl:ra.v2.functions-as-limits.complex-plane.uniform-limit-continuity-proof"",""sha256"":""sha256:3bf716e6e49085a0da8832651c4aa7fb2ad8083c14635f3534853ff390a929fb""}","[""bounded unit QA"",""OpenAI Codex gpt-5.6-sol, Ultra""]","2026-08-23T00:00:00Z","active","","","","","","","","","{""check_type"":""topology"",""id"":""urn:uuid:5f804e1f-1bab-54f0-911c-c027a105774d"",""note"":""independent natural-id-ID and structural audit; 54/54 lines, 16/16 mathematical payloads, 16/16 environment boundaries, 97/97 commands, balanced braces, and zero reader-facing English residue beyond established terms; exact provenance OpenAI Codex gpt-5.6-sol, Ultra retained; full target 181454 bytes SHA-256 7a26e74650dd116e43ff166373c22a188226bf1f3680185ae9d9fee21fc772d6"",""record_type"":""qa_event"",""recorded_at"":""2026-08-23T00:00:00Z"",""result"":""pass"",""schema_name"":""lebl.backend.record"",""schema_version"":""0.3.0"",""semantic_aliases"":[],""semantic_key"":""lebl.ra.qa.live-manifest.ra.v2.functions-as-limits.complex-plane.uniform-limit-continuity-proof"",""status"":""active"",""subject_ids"":[""urn:uuid:b38a9963-4e55-5e56-99c6-8a862614026e""],""supersedes_id"":null,""toolchain"":[""bounded unit QA"",""OpenAI Codex gpt-5.6-sol, Ultra""],""witness"":{""kind"":""file"",""locator"":""translation/TRANSLATION_MANIFEST.jsonl:ra.v2.functions-as-limits.complex-plane.uniform-limit-continuity-proof"",""sha256"":""sha256:3bf716e6e49085a0da8832651c4aa7fb2ad8083c14635f3534853ff390a929fb""},""workflow_id"":""01a01f57-a34b-7740-9717-596b8116910c/backend-production-v0.4-live""}"
"urn:uuid:631d20fb-e426-5a31-9e02-99a22544a429","lebl.ca.qa.live-manifest.ca.v1.9.complex-plane.matrix-multiplication","topology","[""urn:uuid:722026b4-d17a-5805-b994-4ca5ef309286""]","pass","{""kind"":""file"",""locator"":""translation/TRANSLATION_MANIFEST.jsonl:ca.v1.9.complex-plane.matrix-multiplication"",""sha256"":""sha256:c82f7cddaa6d57007b7cedfd39afdf5c3cb6670d49c2caa2c0ca34c11fa2b21c""}","[""bounded unit QA"",""OpenAI Codex gpt-5.6-sol, Ultra""]","2026-08-23T00:00:00Z","active","","","","","","","","","{""check_type"":""topology"",""id"":""urn:uuid:631d20fb-e426-5a31-9e02-99a22544a429"",""note"":""independent natural-id-ID and structural audit; sole matrix equation exact, eight opening and eight closing braces, four unescaped math-dollar delimiters, four bmatrix pairs plus equation pair, and zero mojibake; exact provenance OpenAI Codex gpt-5.6-sol, Ultra retained; full target 697 bytes SHA-256 1173f2398bb4a942397aacb4d8a7091a1f2481cb053b66faeb0713fbe819f28b"",""record_type"":""qa_event"",""recorded_at"":""2026-08-23T00:00:00Z"",""result"":""pass"",""schema_name"":""lebl.backend.record"",""schema_version"":""0.3.0"",""semantic_aliases"":[],""semantic_key"":""lebl.ca.qa.live-manifest.ca.v1.9.complex-plane.matrix-multiplication"",""status"":""active"",""subject_ids"":[""urn:uuid:722026b4-d17a-5805-b994-4ca5ef309286""],""supersedes_id"":null,""toolchain"":[""bounded unit QA"",""OpenAI Codex gpt-5.6-sol, Ultra""],""witness"":{""kind"":""file"",""locator"":""translation/TRANSLATION_MANIFEST.jsonl:ca.v1.9.complex-plane.matrix-multiplication"",""sha256"":""sha256:c82f7cddaa6d57007b7cedfd39afdf5c3cb6670d49c2caa2c0ca34c11fa2b21c""},""workflow_id"":""01a01f57-a34b-7740-9717-596b8116910c/backend-production-v0.4-live""}"
"urn:uuid:63b49f08-942c-5f4c-bad5-946a3be7d083","lebl.ca.qa.live-manifest.ca.v1.9.complex-plane.exponential-figure","topology","[""urn:uuid:80319c43-860f-59d6-8a5f-886dba56070b""]","pass","{""kind"":""file"",""locator"":""translation/TRANSLATION_MANIFEST.jsonl:ca.v1.9.complex-plane.exponential-figure"",""sha256"":""sha256:ab3e9be8a178e7dafcdc8ab99734fbfe1f2f87cb2be846adf35a72c46d658313""}","[""bounded unit QA"",""OpenAI Codex gpt-5.6-sol, Ultra""]","2026-08-23T00:00:00Z","active","","","","","","","","","{""check_type"":""topology"",""id"":""urn:uuid:63b49f08-942c-5f4c-bad5-946a3be7d083"",""note"":""independent natural-id-ID and structural audit; 2/2 caption mathematical segments exact, 7/7 braces, 4 math-dollar delimiters, myfig begin/end pair exact, includegraphics path/caption/label exact, and no mojibake; exact provenance OpenAI Codex gpt-5.6-sol, Ultra retained; full target 675 bytes SHA-256 984646d4f4d1d8c382b28dd9398f2b46706e4649b3633544ca17690c9ae09b9f"",""record_type"":""qa_event"",""recorded_at"":""2026-08-23T00:00:00Z"",""result"":""pass"",""schema_name"":""lebl.backend.record"",""schema_version"":""0.3.0"",""semantic_aliases"":[],""semantic_key"":""lebl.ca.qa.live-manifest.ca.v1.9.complex-plane.exponential-figure"",""status"":""active"",""subject_ids"":[""urn:uuid:80319c43-860f-59d6-8a5f-886dba56070b""],""supersedes_id"":null,""toolchain"":[""bounded unit QA"",""OpenAI Codex gpt-5.6-sol, Ultra""],""witness"":{""kind"":""file"",""locator"":""translation/TRANSLATION_MANIFEST.jsonl:ca.v1.9.complex-plane.exponential-figure"",""sha256"":""sha256:ab3e9be8a178e7dafcdc8ab99734fbfe1f2f87cb2be846adf35a72c46d658313""},""workflow_id"":""01a01f57-a34b-7740-9717-596b8116910c/backend-production-v0.4-live""}"
"urn:uuid:6505cf32-71eb-5686-83e6-050efd59f18d","lebl.ra.qa.live-manifest.ra.v2.path-integrals.piecewise-smooth-paths","topology","[""urn:uuid:2e972372-be7a-50f0-a708-3f6dea54ea0f""]","pass","{""kind"":""file"",""locator"":""translation/TRANSLATION_MANIFEST.jsonl:ra.v2.path-integrals.piecewise-smooth-paths"",""sha256"":""sha256:8dca156626d9b8262bdd74dce05b1b61b621f36125cf4792500f40db30f02f80""}","[""bounded unit QA"",""OpenAI Codex gpt-5.6-sol, Ultra""]","2026-08-23T00:00:00Z","active","","","","","","","","","{""check_type"":""topology"",""id"":""urn:uuid:6505cf32-71eb-5686-83e6-050efd59f18d"",""note"":""bounded structural replay plus independent bilingual/accessibility audit and independent definition/example/proof audit, including ADV-0136 through ADV-0141"",""record_type"":""qa_event"",""recorded_at"":""2026-08-23T00:00:00Z"",""result"":""pass"",""schema_name"":""lebl.backend.record"",""schema_version"":""0.3.0"",""semantic_aliases"":[],""semantic_key"":""lebl.ra.qa.live-manifest.ra.v2.path-integrals.piecewise-smooth-paths"",""status"":""active"",""subject_ids"":[""urn:uuid:2e972372-be7a-50f0-a708-3f6dea54ea0f""],""supersedes_id"":null,""toolchain"":[""bounded unit QA"",""OpenAI Codex gpt-5.6-sol, Ultra""],""witness"":{""kind"":""file"",""locator"":""translation/TRANSLATION_MANIFEST.jsonl:ra.v2.path-integrals.piecewise-smooth-paths"",""sha256"":""sha256:8dca156626d9b8262bdd74dce05b1b61b621f36125cf4792500f40db30f02f80""},""workflow_id"":""01a01f57-a34b-7740-9717-596b8116910c/backend-production-v0.4-live""}"
"urn:uuid:667cd78c-fdaf-502e-97b9-f111098ca58e","lebl.ra.qa.live-manifest.ra.v2.functions-as-limits.complex-plane.series-convergence","topology","[""urn:uuid:970324a3-c269-5c1f-9f9b-9ead750d8d78""]","pass","{""kind"":""file"",""locator"":""translation/TRANSLATION_MANIFEST.jsonl:ra.v2.functions-as-limits.complex-plane.series-convergence"",""sha256"":""sha256:ed8301e7746cfe41e394203fe1951feda8a3d909e4be61d0f99a594d1204b5f7""}","[""bounded unit QA"",""OpenAI Codex gpt-5.6-sol, Ultra""]","2026-08-23T00:00:00Z","active","","","","","","","","","{""check_type"":""topology"",""id"":""urn:uuid:667cd78c-fdaf-502e-97b9-f111098ca58e"",""note"":""independent natural-id-ID, mathematical, and structural audit; 14 ordered-identical inline mathematical payloads, 10 ordered-identical environment-boundary tokens, labels prop:cachysercomplex and prop:absconvmeansconv preserved, 3 index commands with matching topology, 50 ordered-identical command names, one literal backslash-space preserved, 34 opening and 34 closing braces, zero reader-facing English residue, and no mojibake; exact provenance OpenAI Codex gpt-5.6-sol, Ultra retained; source identifier typo prop:cachysercomplex recorded as LEBL-ID-ADV-0223 and preserved verbatim; full target 180356 bytes SHA-256 7c648af03da7fe28655c675ee0bba9cc7cf51d481ebdf613c97940cce5fbf6c0"",""record_type"":""qa_event"",""recorded_at"":""2026-08-23T00:00:00Z"",""result"":""pass"",""schema_name"":""lebl.backend.record"",""schema_version"":""0.3.0"",""semantic_aliases"":[],""semantic_key"":""lebl.ra.qa.live-manifest.ra.v2.functions-as-limits.complex-plane.series-convergence"",""status"":""active"",""subject_ids"":[""urn:uuid:970324a3-c269-5c1f-9f9b-9ead750d8d78""],""supersedes_id"":null,""toolchain"":[""bounded unit QA"",""OpenAI Codex gpt-5.6-sol, Ultra""],""witness"":{""kind"":""file"",""locator"":""translation/TRANSLATION_MANIFEST.jsonl:ra.v2.functions-as-limits.complex-plane.series-convergence"",""sha256"":""sha256:ed8301e7746cfe41e394203fe1951feda8a3d909e4be61d0f99a594d1204b5f7""},""workflow_id"":""01a01f57-a34b-7740-9717-596b8116910c/backend-production-v0.4-live""}"
"urn:uuid:6718bf7e-645c-515d-9e64-361caaef8e94","lebl.ca.qa.live-manifest.ca.v1.9.complex-plane.complex-integration-setup","topology","[""urn:uuid:b3aef34c-d22d-5713-8133-b9fb21305c8d""]","pass","{""kind"":""file"",""locator"":""translation/TRANSLATION_MANIFEST.jsonl:ca.v1.9.complex-plane.complex-integration-setup"",""sha256"":""sha256:4039bb516b568532cd01196e6e13fbd203b68e80245fc144f9990871c8e9efd4""}","[""bounded unit QA"",""OpenAI Codex gpt-5.6-sol, Ultra""]","2026-08-23T00:00:00Z","active","","","","","","","","","{""check_type"":""topology"",""id"":""urn:uuid:6718bf7e-645c-515d-9e64-361caaef8e94"",""note"":""independent natural-id-ID and structural audit; 19 ordered-identical math segments, five opening and five closing braces, 38 unescaped math-dollar delimiters, one equation* pair, exact commands, and zero mojibake; exact provenance OpenAI Codex gpt-5.6-sol, Ultra retained; full target 1414 bytes SHA-256 21cb2a0948dad3ab89bbb53ef169eee921c6177e6777d8fcdaed5a6fc4e63662"",""record_type"":""qa_event"",""recorded_at"":""2026-08-23T00:00:00Z"",""result"":""pass"",""schema_name"":""lebl.backend.record"",""schema_version"":""0.3.0"",""semantic_aliases"":[],""semantic_key"":""lebl.ca.qa.live-manifest.ca.v1.9.complex-plane.complex-integration-setup"",""status"":""active"",""subject_ids"":[""urn:uuid:b3aef34c-d22d-5713-8133-b9fb21305c8d""],""supersedes_id"":null,""toolchain"":[""bounded unit QA"",""OpenAI Codex gpt-5.6-sol, Ultra""],""witness"":{""kind"":""file"",""locator"":""translation/TRANSLATION_MANIFEST.jsonl:ca.v1.9.complex-plane.complex-integration-setup"",""sha256"":""sha256:4039bb516b568532cd01196e6e13fbd203b68e80245fc144f9990871c8e9efd4""},""workflow_id"":""01a01f57-a34b-7740-9717-596b8116910c/backend-production-v0.4-live""}"
"urn:uuid:6bee64e8-01f1-5ab9-b038-66db6184eb68","lebl.ca.qa.live-manifest.ca.v1.9.introduction","topology","[""urn:uuid:5d553e8a-b948-5bdc-8a06-29fca536528a""]","pass","{""kind"":""file"",""locator"":""translation/TRANSLATION_MANIFEST.jsonl:ca.v1.9.introduction"",""sha256"":""sha256:b1fd203e3d9633f906eca4c437300e21af7de060e501a71214bb601dfefe9d9f""}","[""bounded unit QA"",""OpenAI Codex gpt-5.6-sol, Ultra""]","2026-08-23T00:00:00Z","active","","","","","","","","","{""check_type"":""topology"",""id"":""urn:uuid:6bee64e8-01f1-5ab9-b038-66db6184eb68"",""note"":""independent natural-id-ID and structural audit; 65 opening and 65 closing braces, 12 unescaped math-dollar delimiters, three begin/end environments (myepigraph, equation*, tikzcd), all labels/cross-reference/bibliography keys and diagram macros preserved, no unmatched delimiters or mojibake; exact provenance OpenAI Codex gpt-5.6-sol, Ultra retained; full target file 5893 bytes SHA-256 4ffb0459d02ba11875e8331bf585f3b4d7984db5309dd30528942c5b2d324eb3"",""record_type"":""qa_event"",""recorded_at"":""2026-08-23T00:00:00Z"",""result"":""pass"",""schema_name"":""lebl.backend.record"",""schema_version"":""0.3.0"",""semantic_aliases"":[],""semantic_key"":""lebl.ca.qa.live-manifest.ca.v1.9.introduction"",""status"":""active"",""subject_ids"":[""urn:uuid:5d553e8a-b948-5bdc-8a06-29fca536528a""],""supersedes_id"":null,""toolchain"":[""bounded unit QA"",""OpenAI Codex gpt-5.6-sol, Ultra""],""witness"":{""kind"":""file"",""locator"":""translation/TRANSLATION_MANIFEST.jsonl:ca.v1.9.introduction"",""sha256"":""sha256:b1fd203e3d9633f906eca4c437300e21af7de060e501a71214bb601dfefe9d9f""},""workflow_id"":""01a01f57-a34b-7740-9717-596b8116910c/backend-production-v0.4-live""}"
"urn:uuid:6cf051c7-dfd8-524f-b218-5b6e71470e9d","lebl.ra.qa.live-manifest.ra.v2.multivariable-integrals.compact-support","topology","[""urn:uuid:47a87473-bbe8-5efa-946e-c1009de0ec3f""]","pass","{""kind"":""file"",""locator"":""translation/TRANSLATION_MANIFEST.jsonl:ra.v2.multivariable-integrals.compact-support"",""sha256"":""sha256:5bcb69f614ed4bd17be63843e200a077ab0fb14b80e1e4f0f1829aa0d5667ee0""}","[""bounded unit QA"",""OpenAI Codex gpt-5.6-sol, Ultra""]","2026-08-23T00:00:00Z","active","","","","","","","","","{""check_type"":""topology"",""id"":""urn:uuid:6cf051c7-dfd8-524f-b218-5b6e71470e9d"",""note"":""bounded structural and normalized-formula replay, three independent mathematical/bilingual/edge-case audits, ADV-0177, converter zero-error XML gate, and isolated 227-page TeX integration pass; receipt qa/builds/ra-id-volume2-compact-support-20260822/BUILD_RECEIPT.md"",""record_type"":""qa_event"",""recorded_at"":""2026-08-23T00:00:00Z"",""result"":""pass"",""schema_name"":""lebl.backend.record"",""schema_version"":""0.3.0"",""semantic_aliases"":[],""semantic_key"":""lebl.ra.qa.live-manifest.ra.v2.multivariable-integrals.compact-support"",""status"":""active"",""subject_ids"":[""urn:uuid:47a87473-bbe8-5efa-946e-c1009de0ec3f""],""supersedes_id"":null,""toolchain"":[""bounded unit QA"",""OpenAI Codex gpt-5.6-sol, Ultra""],""witness"":{""kind"":""file"",""locator"":""translation/TRANSLATION_MANIFEST.jsonl:ra.v2.multivariable-integrals.compact-support"",""sha256"":""sha256:5bcb69f614ed4bd17be63843e200a077ab0fb14b80e1e4f0f1829aa0d5667ee0""},""workflow_id"":""01a01f57-a34b-7740-9717-596b8116910c/backend-production-v0.4-live""}"
"urn:uuid:6cf51c0d-def1-5ae1-a449-02715c43eb31","lebl.ca.qa.live-manifest.ca.v1.9.complex-plane.component-derivatives","topology","[""urn:uuid:e5655367-7f17-5aec-86e3-9eb6ac2f0bc7""]","pass","{""kind"":""file"",""locator"":""translation/TRANSLATION_MANIFEST.jsonl:ca.v1.9.complex-plane.component-derivatives"",""sha256"":""sha256:d4c63888f6c5fd95b382466127bc5473c889042007af9bf2e19c9a1bee90ba48""}","[""bounded unit QA"",""OpenAI Codex gpt-5.6-sol, Ultra""]","2026-08-23T00:00:00Z","active","","","","","","","","","{""check_type"":""topology"",""id"":""urn:uuid:6cf51c0d-def1-5ae1-a449-02715c43eb31"",""note"":""independent natural-id-ID and structural audit; seven ordered-identical math segments, 15 opening and 15 closing braces, 14 unescaped math-dollar delimiters, one equation* pair, exact command inventory, and zero mojibake; exact provenance OpenAI Codex gpt-5.6-sol, Ultra retained; full target 810 bytes SHA-256 c64963dca8bd9b4b7ba9162f63fb56bd8a6e0f595cd27ac59bed51836950954b"",""record_type"":""qa_event"",""recorded_at"":""2026-08-23T00:00:00Z"",""result"":""pass"",""schema_name"":""lebl.backend.record"",""schema_version"":""0.3.0"",""semantic_aliases"":[],""semantic_key"":""lebl.ca.qa.live-manifest.ca.v1.9.complex-plane.component-derivatives"",""status"":""active"",""subject_ids"":[""urn:uuid:e5655367-7f17-5aec-86e3-9eb6ac2f0bc7""],""supersedes_id"":null,""toolchain"":[""bounded unit QA"",""OpenAI Codex gpt-5.6-sol, Ultra""],""witness"":{""kind"":""file"",""locator"":""translation/TRANSLATION_MANIFEST.jsonl:ca.v1.9.complex-plane.component-derivatives"",""sha256"":""sha256:d4c63888f6c5fd95b382466127bc5473c889042007af9bf2e19c9a1bee90ba48""},""workflow_id"":""01a01f57-a34b-7740-9717-596b8116910c/backend-production-v0.4-live""}"
"urn:uuid:6e0ada09-0359-5f46-8bbb-ee41f5f11890","lebl.ca.qa.live-manifest.ca.v1.9.complex-plane.polar-coordinates","topology","[""urn:uuid:8fe14a21-c0cf-52a3-a843-ba4f6266cf18""]","pass","{""kind"":""file"",""locator"":""translation/TRANSLATION_MANIFEST.jsonl:ca.v1.9.complex-plane.polar-coordinates"",""sha256"":""sha256:eac8244d0bd0a720b4c248aad7477f8ef595641d318caaaf1f6ca4ba89f1adc3""}","[""bounded unit QA"",""OpenAI Codex gpt-5.6-sol, Ultra""]","2026-08-23T00:00:00Z","active","","","","","","","","","{""check_type"":""topology"",""id"":""urn:uuid:6e0ada09-0359-5f46-8bbb-ee41f5f11890"",""note"":""independent natural-id-ID and structural audit; 10/10 mathematical segments, 22/22 braces, 16/16 dollar delimiters, 3/3 environments, exact commands/figure path/label, and no mojibake; exact provenance OpenAI Codex gpt-5.6-sol, Ultra retained; full target 1233 bytes SHA-256 17abc5b80a3715501323ef04d4ada365e37e47ce5c52e8ab578cbc1ccc0ff345"",""record_type"":""qa_event"",""recorded_at"":""2026-08-23T00:00:00Z"",""result"":""pass"",""schema_name"":""lebl.backend.record"",""schema_version"":""0.3.0"",""semantic_aliases"":[],""semantic_key"":""lebl.ca.qa.live-manifest.ca.v1.9.complex-plane.polar-coordinates"",""status"":""active"",""subject_ids"":[""urn:uuid:8fe14a21-c0cf-52a3-a843-ba4f6266cf18""],""supersedes_id"":null,""toolchain"":[""bounded unit QA"",""OpenAI Codex gpt-5.6-sol, Ultra""],""witness"":{""kind"":""file"",""locator"":""translation/TRANSLATION_MANIFEST.jsonl:ca.v1.9.complex-plane.polar-coordinates"",""sha256"":""sha256:eac8244d0bd0a720b4c248aad7477f8ef595641d318caaaf1f6ca4ba89f1adc3""},""workflow_id"":""01a01f57-a34b-7740-9717-596b8116910c/backend-production-v0.4-live""}"
"urn:uuid:70deaf77-789b-5a9c-ab93-b6fb2905a251","lebl.ca.qa.live-manifest.ca.v1.9.complex-plane.exponential-addition","topology","[""urn:uuid:242cb323-2da2-5d73-852c-449393f28653""]","pass","{""kind"":""file"",""locator"":""translation/TRANSLATION_MANIFEST.jsonl:ca.v1.9.complex-plane.exponential-addition"",""sha256"":""sha256:1b3d7592db5cb84c23931d90abdc7a152c1ff7bea2249ff4839e9ac1d76ecc1e""}","[""bounded unit QA"",""OpenAI Codex gpt-5.6-sol, Ultra""]","2026-08-23T00:00:00Z","active","","","","","","","","","{""check_type"":""topology"",""id"":""urn:uuid:70deaf77-789b-5a9c-ab93-b6fb2905a251"",""note"":""independent natural-id-ID and structural audit; proposition equation exact, 9/9 braces, 2 math-dollar delimiters, 4 environment boundaries, exact neededexmark topology, and no mojibake; exact provenance OpenAI Codex gpt-5.6-sol, Ultra retained; full target 667 bytes SHA-256 e2be8a82090eff490f516432ce01f2747b8fbfeceaef4a1633933769e0e0c0f5"",""record_type"":""qa_event"",""recorded_at"":""2026-08-23T00:00:00Z"",""result"":""pass"",""schema_name"":""lebl.backend.record"",""schema_version"":""0.3.0"",""semantic_aliases"":[],""semantic_key"":""lebl.ca.qa.live-manifest.ca.v1.9.complex-plane.exponential-addition"",""status"":""active"",""subject_ids"":[""urn:uuid:242cb323-2da2-5d73-852c-449393f28653""],""supersedes_id"":null,""toolchain"":[""bounded unit QA"",""OpenAI Codex gpt-5.6-sol, Ultra""],""witness"":{""kind"":""file"",""locator"":""translation/TRANSLATION_MANIFEST.jsonl:ca.v1.9.complex-plane.exponential-addition"",""sha256"":""sha256:1b3d7592db5cb84c23931d90abdc7a152c1ff7bea2249ff4839e9ac1d76ecc1e""},""workflow_id"":""01a01f57-a34b-7740-9717-596b8116910c/backend-production-v0.4-live""}"
"urn:uuid:765c0d29-0148-5c18-9676-0761c13774d3","lebl.ra.qa.live-manifest.ra.v2.functions-as-limits.complex-plane.weierstrass-m-test","topology","[""urn:uuid:bee28cf7-9a26-5487-bf4c-ec44c66a7111""]","pass","{""kind"":""file"",""locator"":""translation/TRANSLATION_MANIFEST.jsonl:ra.v2.functions-as-limits.complex-plane.weierstrass-m-test"",""sha256"":""sha256:e43f1d3875016fd8e384aa7b4fe5e7b4cca5ca665d393d38157325c380695b4c""}","[""bounded unit QA"",""OpenAI Codex gpt-5.6-sol, Ultra""]","2026-08-23T00:00:00Z","active","","","","","","","","","{""check_type"":""topology"",""id"":""urn:uuid:765c0d29-0148-5c18-9676-0761c13774d3"",""note"":""independent natural-id-ID and structural audit; 20/20 lines, 5/5 mathematical payloads, 6/6 environment boundaries, 29/29 commands, myindex 2/2, label 1/1, balanced braces, and zero reader-facing English residue; exact provenance OpenAI Codex gpt-5.6-sol, Ultra retained; full target 181057 bytes SHA-256 32c420a2c0b6e3155f47a3b45b8e517c97d4b36d46d10beee95bc20c6763b1a3"",""record_type"":""qa_event"",""recorded_at"":""2026-08-23T00:00:00Z"",""result"":""pass"",""schema_name"":""lebl.backend.record"",""schema_version"":""0.3.0"",""semantic_aliases"":[],""semantic_key"":""lebl.ra.qa.live-manifest.ra.v2.functions-as-limits.complex-plane.weierstrass-m-test"",""status"":""active"",""subject_ids"":[""urn:uuid:bee28cf7-9a26-5487-bf4c-ec44c66a7111""],""supersedes_id"":null,""toolchain"":[""bounded unit QA"",""OpenAI Codex gpt-5.6-sol, Ultra""],""witness"":{""kind"":""file"",""locator"":""translation/TRANSLATION_MANIFEST.jsonl:ra.v2.functions-as-limits.complex-plane.weierstrass-m-test"",""sha256"":""sha256:e43f1d3875016fd8e384aa7b4fe5e7b4cca5ca665d393d38157325c380695b4c""},""workflow_id"":""01a01f57-a34b-7740-9717-596b8116910c/backend-production-v0.4-live""}"
"urn:uuid:769e3848-6854-5862-97fc-9c6f3c1af063","lebl.diffyqs.qa.live-manifest.diffyqs.v6.11.classification.exposition","topology","[""urn:uuid:e270f979-3760-53b6-aef9-9f3ce89f84a5""]","pass","{""kind"":""file"",""locator"":""translation/TRANSLATION_MANIFEST.jsonl:diffyqs.v6.11.classification.exposition"",""sha256"":""sha256:9ce9a78090eae85f9bda359eb5cc73553f91d7d456111330d7a1456e3282fe34""}","[""bounded unit QA"",""OpenAI Codex gpt-5.6-sol, Ultra""]","2026-08-23T00:00:00Z","active","","","","","","","","","{""check_type"":""topology"",""id"":""urn:uuid:769e3848-6854-5862-97fc-9c6f3c1af063"",""note"":""independent natural-id-ID and structural audit; commands 203/203, braces 173/173, environment tokens 28/28, dollar markers 54/54 with 27 ordered inline mathematical payloads, labels 5/5, equation references 4/4, correct single topology occurrence, and mojibake zero; exact provenance OpenAI Codex gpt-5.6-sol, Ultra retained; full target 40387 bytes SHA-256 fc9fe9c2fdfb5cfeb4f4f4350fbee06f8250eed8bba50da672ce9f118bd6eaec"",""record_type"":""qa_event"",""recorded_at"":""2026-08-23T00:00:00Z"",""result"":""pass"",""schema_name"":""lebl.backend.record"",""schema_version"":""0.3.0"",""semantic_aliases"":[],""semantic_key"":""lebl.diffyqs.qa.live-manifest.diffyqs.v6.11.classification.exposition"",""status"":""active"",""subject_ids"":[""urn:uuid:e270f979-3760-53b6-aef9-9f3ce89f84a5""],""supersedes_id"":null,""toolchain"":[""bounded unit QA"",""OpenAI Codex gpt-5.6-sol, Ultra""],""witness"":{""kind"":""file"",""locator"":""translation/TRANSLATION_MANIFEST.jsonl:diffyqs.v6.11.classification.exposition"",""sha256"":""sha256:9ce9a78090eae85f9bda359eb5cc73553f91d7d456111330d7a1456e3282fe34""},""workflow_id"":""01a01f57-a34b-7740-9717-596b8116910c/backend-production-v0.4-live""}"
"urn:uuid:78a1422f-f8cf-5236-9edf-f0b9706b64cc","lebl.ra.qa.live-manifest.ra.v2.jordan-measurable.exercises","topology","[""urn:uuid:7b47aef6-b0ba-56f2-8f7c-bb8d540ff80d""]","pass","{""kind"":""file"",""locator"":""translation/TRANSLATION_MANIFEST.jsonl:ra.v2.jordan-measurable.exercises"",""sha256"":""sha256:d6c4bde76bbb36583719569cd4518243e0fb3db73a47704884c4e53da8b866a4""}","[""bounded unit QA"",""OpenAI Codex gpt-5.6-sol, Ultra""]","2026-08-23T00:00:00Z","active","","","","","","","","","{""check_type"":""topology"",""id"":""urn:uuid:78a1422f-f8cf-5236-9edf-f0b9706b64cc"",""note"":""exact mathematical, quantifier, terminology, and topology replay; independent final source/formula/topology audit after ADV-0215; converter zero-error XML gate; converged final TeX passes 4-5 with all external references resolved; text-extraction replay; and visual inspection of physical pages 142-143; receipt qa/builds/ra-id-volume2-jordan-exercises-20260822/BUILD_RECEIPT.md"",""record_type"":""qa_event"",""recorded_at"":""2026-08-23T00:00:00Z"",""result"":""pass"",""schema_name"":""lebl.backend.record"",""schema_version"":""0.3.0"",""semantic_aliases"":[],""semantic_key"":""lebl.ra.qa.live-manifest.ra.v2.jordan-measurable.exercises"",""status"":""active"",""subject_ids"":[""urn:uuid:7b47aef6-b0ba-56f2-8f7c-bb8d540ff80d""],""supersedes_id"":null,""toolchain"":[""bounded unit QA"",""OpenAI Codex gpt-5.6-sol, Ultra""],""witness"":{""kind"":""file"",""locator"":""translation/TRANSLATION_MANIFEST.jsonl:ra.v2.jordan-measurable.exercises"",""sha256"":""sha256:d6c4bde76bbb36583719569cd4518243e0fb3db73a47704884c4e53da8b866a4""},""workflow_id"":""01a01f57-a34b-7740-9717-596b8116910c/backend-production-v0.4-live""}"
"urn:uuid:7b7acedb-2249-52b4-b6ec-9ed44dc8db1c","lebl.ra.qa.live-manifest.ra.v2.inverse-implicit.exercises","topology","[""urn:uuid:8180f5fb-4b23-5572-a3b7-b6caeb8a6348""]","pass","{""kind"":""file"",""locator"":""translation/TRANSLATION_MANIFEST.jsonl:ra.v2.inverse-implicit.exercises"",""sha256"":""sha256:db3967f14776661b54c000511eea12d672fbe163d29cb22d203048f0a7c152e5""}","[""bounded unit QA"",""OpenAI Codex gpt-5.6-sol, Ultra""]","2026-08-23T00:00:00Z","active","","","","","","","","","{""check_type"":""topology"",""id"":""urn:uuid:7b7acedb-2249-52b4-b6ec-9ed44dc8db1c"",""note"":""bounded full-exercise structural and mathematical replay plus two independent bilingual obligation audits and ADV-0113 through ADV-0119"",""record_type"":""qa_event"",""recorded_at"":""2026-08-23T00:00:00Z"",""result"":""pass"",""schema_name"":""lebl.backend.record"",""schema_version"":""0.3.0"",""semantic_aliases"":[],""semantic_key"":""lebl.ra.qa.live-manifest.ra.v2.inverse-implicit.exercises"",""status"":""active"",""subject_ids"":[""urn:uuid:8180f5fb-4b23-5572-a3b7-b6caeb8a6348""],""supersedes_id"":null,""toolchain"":[""bounded unit QA"",""OpenAI Codex gpt-5.6-sol, Ultra""],""witness"":{""kind"":""file"",""locator"":""translation/TRANSLATION_MANIFEST.jsonl:ra.v2.inverse-implicit.exercises"",""sha256"":""sha256:db3967f14776661b54c000511eea12d672fbe163d29cb22d203048f0a7c152e5""},""workflow_id"":""01a01f57-a34b-7740-9717-596b8116910c/backend-production-v0.4-live""}"
"urn:uuid:7becdb23-ad22-5419-9bc0-ec33c400bace","lebl.ca.qa.live-manifest.ca.v1.9.complex-plane.polarization-exercise","topology","[""urn:uuid:6c85b56b-81c2-5b89-b092-baab8f73e627""]","pass","{""kind"":""file"",""locator"":""translation/TRANSLATION_MANIFEST.jsonl:ca.v1.9.complex-plane.polarization-exercise"",""sha256"":""sha256:5439e538cdabfe52ba1f8b51ef525bc57ee42a8e45b84388e0355eeaa937eec6""}","[""bounded unit QA"",""OpenAI Codex gpt-5.6-sol, Ultra""]","2026-08-23T00:00:00Z","active","","","","","","","","","{""check_type"":""topology"",""id"":""urn:uuid:7becdb23-ad22-5419-9bc0-ec33c400bace"",""note"":""independent natural-id-ID and structural audit; one ordered-identical math segment, 15 opening and 15 closing braces, two unescaped math-dollar delimiters, two begin/end pairs, exact command/index hooks, and zero mojibake; exact provenance OpenAI Codex gpt-5.6-sol, Ultra retained; full target 586 bytes SHA-256 55a441d35ca77df06f0a9224062627e114051fc7bd8544a5167a44c4c55ca3c7"",""record_type"":""qa_event"",""recorded_at"":""2026-08-23T00:00:00Z"",""result"":""pass"",""schema_name"":""lebl.backend.record"",""schema_version"":""0.3.0"",""semantic_aliases"":[],""semantic_key"":""lebl.ca.qa.live-manifest.ca.v1.9.complex-plane.polarization-exercise"",""status"":""active"",""subject_ids"":[""urn:uuid:6c85b56b-81c2-5b89-b092-baab8f73e627""],""supersedes_id"":null,""toolchain"":[""bounded unit QA"",""OpenAI Codex gpt-5.6-sol, Ultra""],""witness"":{""kind"":""file"",""locator"":""translation/TRANSLATION_MANIFEST.jsonl:ca.v1.9.complex-plane.polarization-exercise"",""sha256"":""sha256:5439e538cdabfe52ba1f8b51ef525bc57ee42a8e45b84388e0355eeaa937eec6""},""workflow_id"":""01a01f57-a34b-7740-9717-596b8116910c/backend-production-v0.4-live""}"
"urn:uuid:7e3c8118-b3d1-5377-862c-3818a0d88484","lebl.ra.qa.live-manifest.ra.v2.one-dimensional-integrals.differentiation-under-integral","topology","[""urn:uuid:088a2076-c1e9-5dd4-bf02-cc7fdb06083f""]","pass","{""kind"":""file"",""locator"":""translation/TRANSLATION_MANIFEST.jsonl:ra.v2.one-dimensional-integrals.differentiation-under-integral"",""sha256"":""sha256:3a661b78e2687fda78af8e5ff12f36646deaf202552deb7cf5e09be5a041d324""}","[""bounded unit QA"",""OpenAI Codex gpt-5.6-sol, Ultra""]","2026-08-23T00:00:00Z","active","","","","","","","","","{""check_type"":""topology"",""id"":""urn:uuid:7e3c8118-b3d1-5377-862c-3818a0d88484"",""note"":""bounded structural replay plus independent bilingual language/accessibility audit and independent theorem/proof audit, including ADV-0130 through ADV-0132"",""record_type"":""qa_event"",""recorded_at"":""2026-08-23T00:00:00Z"",""result"":""pass"",""schema_name"":""lebl.backend.record"",""schema_version"":""0.3.0"",""semantic_aliases"":[],""semantic_key"":""lebl.ra.qa.live-manifest.ra.v2.one-dimensional-integrals.differentiation-under-integral"",""status"":""active"",""subject_ids"":[""urn:uuid:088a2076-c1e9-5dd4-bf02-cc7fdb06083f""],""supersedes_id"":null,""toolchain"":[""bounded unit QA"",""OpenAI Codex gpt-5.6-sol, Ultra""],""witness"":{""kind"":""file"",""locator"":""translation/TRANSLATION_MANIFEST.jsonl:ra.v2.one-dimensional-integrals.differentiation-under-integral"",""sha256"":""sha256:3a661b78e2687fda78af8e5ff12f36646deaf202552deb7cf5e09be5a041d324""},""workflow_id"":""01a01f57-a34b-7740-9717-596b8116910c/backend-production-v0.4-live""}"
"urn:uuid:7fe1336b-194b-56a4-bf04-6cd7fe9806b3","lebl.ra.qa.live-manifest.ra.v2.path-independence.path-independent-integrals","topology","[""urn:uuid:245fa607-9a47-5fb8-be13-0b65c80295f9""]","pass","{""kind"":""file"",""locator"":""translation/TRANSLATION_MANIFEST.jsonl:ra.v2.path-independence.path-independent-integrals"",""sha256"":""sha256:cae80df04c50fdc42c98c27b1ab045eeccf535e16f4174c1ae8aa97de7e42866""}","[""bounded unit QA"",""OpenAI Codex gpt-5.6-sol, Ultra""]","2026-08-23T00:00:00Z","active","","","","","","","","","{""check_type"":""topology"",""id"":""urn:uuid:7fe1336b-194b-56a4-bf04-6cd7fe9806b3"",""note"":""three independent mathematical, structural, accessibility, and natural-id-ID audits; declared source repairs ADV-0159 through ADV-0165; converter zero-error XML gate; isolated 223-page TeX integration pass; receipt qa/builds/ra-id-volume2-path-independence-20260822/BUILD_RECEIPT.md"",""record_type"":""qa_event"",""recorded_at"":""2026-08-23T00:00:00Z"",""result"":""pass"",""schema_name"":""lebl.backend.record"",""schema_version"":""0.3.0"",""semantic_aliases"":[],""semantic_key"":""lebl.ra.qa.live-manifest.ra.v2.path-independence.path-independent-integrals"",""status"":""active"",""subject_ids"":[""urn:uuid:245fa607-9a47-5fb8-be13-0b65c80295f9""],""supersedes_id"":null,""toolchain"":[""bounded unit QA"",""OpenAI Codex gpt-5.6-sol, Ultra""],""witness"":{""kind"":""file"",""locator"":""translation/TRANSLATION_MANIFEST.jsonl:ra.v2.path-independence.path-independent-integrals"",""sha256"":""sha256:cae80df04c50fdc42c98c27b1ab045eeccf535e16f4174c1ae8aa97de7e42866""},""workflow_id"":""01a01f57-a34b-7740-9717-596b8116910c/backend-production-v0.4-live""}"
"urn:uuid:8035d57e-97de-54d0-8d03-2274cdd737c7","lebl.ra.qa.live-manifest.ra.v2.outer-measure.examples-basic-properties","topology","[""urn:uuid:953e131f-7830-5b47-b20e-d3a7095bfb8d""]","pass","{""kind"":""file"",""locator"":""translation/TRANSLATION_MANIFEST.jsonl:ra.v2.outer-measure.examples-basic-properties"",""sha256"":""sha256:99a526122a15f67aac6007d13e26400b59af2b77a3a90477bd89983d85590b23""}","[""bounded unit QA"",""OpenAI Codex gpt-5.6-sol, Ultra""]","2026-08-23T00:00:00Z","active","","","","","","","","","{""check_type"":""topology"",""id"":""urn:uuid:8035d57e-97de-54d0-8d03-2274cdd737c7"",""note"":""bounded structural and formula replay, three independent mathematical/bilingual/continuity audits after ADV-0189 through ADV-0191 repairs, converter zero-error XML gate, converged three-pass 231-page TeX build, and visual inspection of physical pages 122-123; shared receipt qa/builds/ra-id-volume2-outer-measure-examples-images-20260822/BUILD_RECEIPT.md"",""record_type"":""qa_event"",""recorded_at"":""2026-08-23T00:00:00Z"",""result"":""pass"",""schema_name"":""lebl.backend.record"",""schema_version"":""0.3.0"",""semantic_aliases"":[],""semantic_key"":""lebl.ra.qa.live-manifest.ra.v2.outer-measure.examples-basic-properties"",""status"":""active"",""subject_ids"":[""urn:uuid:953e131f-7830-5b47-b20e-d3a7095bfb8d""],""supersedes_id"":null,""toolchain"":[""bounded unit QA"",""OpenAI Codex gpt-5.6-sol, Ultra""],""witness"":{""kind"":""file"",""locator"":""translation/TRANSLATION_MANIFEST.jsonl:ra.v2.outer-measure.examples-basic-properties"",""sha256"":""sha256:99a526122a15f67aac6007d13e26400b59af2b77a3a90477bd89983d85590b23""},""workflow_id"":""01a01f57-a34b-7740-9717-596b8116910c/backend-production-v0.4-live""}"
"urn:uuid:8070f4d5-3f58-5778-be63-bec316ac8da8","lebl.ra.qa.live-manifest.ra.v2.path-independence.exercises","topology","[""urn:uuid:dda346f1-2661-534d-9f1c-d7e97bb9513c""]","pass","{""kind"":""file"",""locator"":""translation/TRANSLATION_MANIFEST.jsonl:ra.v2.path-independence.exercises"",""sha256"":""sha256:33c4f24f50c40b46f1d0cead57132d956cc85a115065c5be45f496d045ea4371""}","[""bounded unit QA"",""OpenAI Codex gpt-5.6-sol, Ultra""]","2026-08-23T00:00:00Z","active","","","","","","","","","{""check_type"":""topology"",""id"":""urn:uuid:8070f4d5-3f58-5778-be63-bec316ac8da8"",""note"":""three independent mathematical, structural, continuity, and natural-id-ID audits; declared source repairs ADV-0168 through ADV-0172; complete converter/index/glossary/three-pass TeX chapter gate; receipt qa/builds/ra-id-volume2-chapter2-complete-20260822/BUILD_RECEIPT.md"",""record_type"":""qa_event"",""recorded_at"":""2026-08-23T00:00:00Z"",""result"":""pass"",""schema_name"":""lebl.backend.record"",""schema_version"":""0.3.0"",""semantic_aliases"":[],""semantic_key"":""lebl.ra.qa.live-manifest.ra.v2.path-independence.exercises"",""status"":""active"",""subject_ids"":[""urn:uuid:dda346f1-2661-534d-9f1c-d7e97bb9513c""],""supersedes_id"":null,""toolchain"":[""bounded unit QA"",""OpenAI Codex gpt-5.6-sol, Ultra""],""witness"":{""kind"":""file"",""locator"":""translation/TRANSLATION_MANIFEST.jsonl:ra.v2.path-independence.exercises"",""sha256"":""sha256:33c4f24f50c40b46f1d0cead57132d956cc85a115065c5be45f496d045ea4371""},""workflow_id"":""01a01f57-a34b-7740-9717-596b8116910c/backend-production-v0.4-live""}"
"urn:uuid:874284cb-f2aa-5aee-a4db-6af6060b302d","lebl.ca.qa.live-manifest.ca.v1.9.complex-plane.discs-and-neighborhoods","topology","[""urn:uuid:07b3b8af-affa-551e-8a59-faa5bc7c20ee""]","pass","{""kind"":""file"",""locator"":""translation/TRANSLATION_MANIFEST.jsonl:ca.v1.9.complex-plane.discs-and-neighborhoods"",""sha256"":""sha256:27a9525e91233436069b4ff8792e4fbc1a6b7347486efbd6ee78006797d29184""}","[""bounded unit QA"",""OpenAI Codex gpt-5.6-sol, Ultra""]","2026-08-23T00:00:00Z","active","","","","","","","","","{""check_type"":""topology"",""id"":""urn:uuid:874284cb-f2aa-5aee-a4db-6af6060b302d"",""note"":""independent natural-id-ID and structural audit; six ordered-identical math segments, 20 opening and 20 closing braces, 12 unescaped math-dollar delimiters, two equation* pairs, exact glossary/index hooks, and zero mojibake; exact provenance OpenAI Codex gpt-5.6-sol, Ultra retained; full target 1062 bytes SHA-256 da961423eef2884eae1c099c7c5b06f9728a7a28e6876d40d21d0f2c00acde0"",""record_type"":""qa_event"",""recorded_at"":""2026-08-23T00:00:00Z"",""result"":""pass"",""schema_name"":""lebl.backend.record"",""schema_version"":""0.3.0"",""semantic_aliases"":[],""semantic_key"":""lebl.ca.qa.live-manifest.ca.v1.9.complex-plane.discs-and-neighborhoods"",""status"":""active"",""subject_ids"":[""urn:uuid:07b3b8af-affa-551e-8a59-faa5bc7c20ee""],""supersedes_id"":null,""toolchain"":[""bounded unit QA"",""OpenAI Codex gpt-5.6-sol, Ultra""],""witness"":{""kind"":""file"",""locator"":""translation/TRANSLATION_MANIFEST.jsonl:ca.v1.9.complex-plane.discs-and-neighborhoods"",""sha256"":""sha256:27a9525e91233436069b4ff8792e4fbc1a6b7347486efbd6ee78006797d29184""},""workflow_id"":""01a01f57-a34b-7740-9717-596b8116910c/backend-production-v0.4-live""}"
"urn:uuid:89ed5573-96d7-5672-971a-dafa504e567c","lebl.ra.qa.live-manifest.ra.v2.green-theorem.vortex-field-example","topology","[""urn:uuid:74acf85c-c66a-58a3-953b-56e04465ace9""]","pass","{""kind"":""file"",""locator"":""translation/TRANSLATION_MANIFEST.jsonl:ra.v2.green-theorem.vortex-field-example"",""sha256"":""sha256:2882c1559ae0c1a50645675a6f5a4ea2352d3c7fdfadcb2a9b2688fecd3dcadb""}","[""bounded unit QA"",""OpenAI Codex gpt-5.6-sol, Ultra""]","2026-08-23T00:00:00Z","active","","","","","","","","","{""check_type"":""topology"",""id"":""urn:uuid:89ed5573-96d7-5672-971a-dafa504e567c"",""note"":""independent mathematical, final natural-id-ID/terminology/accessibility, and strict topology/formula audits; all 37 inline and all five display payloads raw-byte identical; figure topology and assets preserved; zero-error converter with 672 unique IDs and 952 resolved references; converged 334-page Volume I and 235-page Volume II builds; all fonts embedded, extraction clean, and physical pages 147-148 visually inspected; receipt qa/builds/ra-id-volume2-green-vortex-example-20260822/BUILD_RECEIPT.md"",""record_type"":""qa_event"",""recorded_at"":""2026-08-23T00:00:00Z"",""result"":""pass"",""schema_name"":""lebl.backend.record"",""schema_version"":""0.3.0"",""semantic_aliases"":[],""semantic_key"":""lebl.ra.qa.live-manifest.ra.v2.green-theorem.vortex-field-example"",""status"":""active"",""subject_ids"":[""urn:uuid:74acf85c-c66a-58a3-953b-56e04465ace9""],""supersedes_id"":null,""toolchain"":[""bounded unit QA"",""OpenAI Codex gpt-5.6-sol, Ultra""],""witness"":{""kind"":""file"",""locator"":""translation/TRANSLATION_MANIFEST.jsonl:ra.v2.green-theorem.vortex-field-example"",""sha256"":""sha256:2882c1559ae0c1a50645675a6f5a4ea2352d3c7fdfadcb2a9b2688fecd3dcadb""},""workflow_id"":""01a01f57-a34b-7740-9717-596b8116910c/backend-production-v0.4-live""}"
"urn:uuid:8c673409-2a9f-58ca-96df-d1d0fe9d69f6","lebl.ca.qa.live-manifest.ca.v1.9.complex-plane.exponential-definition","topology","[""urn:uuid:c3175c34-f16a-59bd-98e8-73b89df7413f""]","pass","{""kind"":""file"",""locator"":""translation/TRANSLATION_MANIFEST.jsonl:ca.v1.9.complex-plane.exponential-definition"",""sha256"":""sha256:f5edbe8a9100aebb76f79d9dabc2f4b4a31fc018ee7e3d9b455e1f937df1d775""}","[""bounded unit QA"",""OpenAI Codex gpt-5.6-sol, Ultra""]","2026-08-23T00:00:00Z","active","","","","","","","","","{""check_type"":""topology"",""id"":""urn:uuid:8c673409-2a9f-58ca-96df-d1d0fe9d69f6"",""note"":""independent natural-id-ID and structural audit; 2/2 ordered-identical mathematical segments, active right-hand side exact, commented intermediate lines preserved, 13/13 braces, 4 math-dollar delimiters, equation* pair exact, section/label/figure/glossary commands exact, and no mojibake; exact provenance OpenAI Codex gpt-5.6-sol, Ultra retained; no source defect; full target 857 bytes SHA-256 6cef92cc06c47a31eba6194fb424b022b3b020f108aa2d48ef543f203bc871c2"",""record_type"":""qa_event"",""recorded_at"":""2026-08-23T00:00:00Z"",""result"":""pass"",""schema_name"":""lebl.backend.record"",""schema_version"":""0.3.0"",""semantic_aliases"":[],""semantic_key"":""lebl.ca.qa.live-manifest.ca.v1.9.complex-plane.exponential-definition"",""status"":""active"",""subject_ids"":[""urn:uuid:c3175c34-f16a-59bd-98e8-73b89df7413f""],""supersedes_id"":null,""toolchain"":[""bounded unit QA"",""OpenAI Codex gpt-5.6-sol, Ultra""],""witness"":{""kind"":""file"",""locator"":""translation/TRANSLATION_MANIFEST.jsonl:ca.v1.9.complex-plane.exponential-definition"",""sha256"":""sha256:f5edbe8a9100aebb76f79d9dabc2f4b4a31fc018ee7e3d9b455e1f937df1d775""},""workflow_id"":""01a01f57-a34b-7740-9717-596b8116910c/backend-production-v0.4-live""}"
"urn:uuid:8db07d28-0615-5009-8a5e-7d11bd073d05","lebl.ra.qa.live-manifest.ra.v2.functions-as-limits.complex-plane.exponential-power-series-example","topology","[""urn:uuid:1342722b-1984-5431-8c60-1a47b4590ed1""]","pass","{""kind"":""file"",""locator"":""translation/TRANSLATION_MANIFEST.jsonl:ra.v2.functions-as-limits.complex-plane.exponential-power-series-example"",""sha256"":""sha256:3333aed538295f626759b67474b05f6b21d8cdcb8c390e8dd4c0e770ef514743""}","[""bounded unit QA"",""OpenAI Codex gpt-5.6-sol, Ultra""]","2026-08-23T00:00:00Z","active","","","","","","","","","{""check_type"":""topology"",""id"":""urn:uuid:8db07d28-0615-5009-8a5e-7d11bd073d05"",""note"":""independent natural-id-ID and structural audit; 16/16 lines, 5/5 mathematical payloads, 6/6 environment boundaries, 21/21 commands, balanced braces, and zero reader-facing English residue; exact provenance OpenAI Codex gpt-5.6-sol, Ultra retained; full target 181303 bytes SHA-256 4a0fc74b7a0d7145f8fcd3edf28d0078c756d45a151f3de29ee4eb9c36011e37"",""record_type"":""qa_event"",""recorded_at"":""2026-08-23T00:00:00Z"",""result"":""pass"",""schema_name"":""lebl.backend.record"",""schema_version"":""0.3.0"",""semantic_aliases"":[],""semantic_key"":""lebl.ra.qa.live-manifest.ra.v2.functions-as-limits.complex-plane.exponential-power-series-example"",""status"":""active"",""subject_ids"":[""urn:uuid:1342722b-1984-5431-8c60-1a47b4590ed1""],""supersedes_id"":null,""toolchain"":[""bounded unit QA"",""OpenAI Codex gpt-5.6-sol, Ultra""],""witness"":{""kind"":""file"",""locator"":""translation/TRANSLATION_MANIFEST.jsonl:ra.v2.functions-as-limits.complex-plane.exponential-power-series-example"",""sha256"":""sha256:3333aed538295f626759b67474b05f6b21d8cdcb8c390e8dd4c0e770ef514743""},""workflow_id"":""01a01f57-a34b-7740-9717-596b8116910c/backend-production-v0.4-live""}"
"urn:uuid:8e39a974-3bc1-5d3e-9bd5-d67f02e3c9d5","lebl.ca.qa.live-manifest.ca.v1.9.complex-plane.principal-argument-branch","topology","[""urn:uuid:0e8e1579-d184-50ae-aa22-63f499adb826""]","pass","{""kind"":""file"",""locator"":""translation/TRANSLATION_MANIFEST.jsonl:ca.v1.9.complex-plane.principal-argument-branch"",""sha256"":""sha256:9672efc347a5af50a81bb6fa130754c2dbcf82d6c983d30e83ee3da75600bfba""}","[""bounded unit QA"",""OpenAI Codex gpt-5.6-sol, Ultra""]","2026-08-23T00:00:00Z","active","","","","","","","","","{""check_type"":""topology"",""id"":""urn:uuid:8e39a974-3bc1-5d3e-9bd5-d67f02e3c9d5"",""note"":""independent natural-id-ID and structural audit; six mathematical payloads exact after deliberate in-math text localization, 16/16 braces, 10/10 dollar delimiters, 2/2 environments, exact command/glossary/figure/label inventories, and no mojibake; exact provenance OpenAI Codex gpt-5.6-sol, Ultra retained; full target 1271 bytes SHA-256 8ef21ba020093f13406de459118bfaa57d7be3935607e61c319c338c85d3cf1a"",""record_type"":""qa_event"",""recorded_at"":""2026-08-23T00:00:00Z"",""result"":""pass"",""schema_name"":""lebl.backend.record"",""schema_version"":""0.3.0"",""semantic_aliases"":[],""semantic_key"":""lebl.ca.qa.live-manifest.ca.v1.9.complex-plane.principal-argument-branch"",""status"":""active"",""subject_ids"":[""urn:uuid:0e8e1579-d184-50ae-aa22-63f499adb826""],""supersedes_id"":null,""toolchain"":[""bounded unit QA"",""OpenAI Codex gpt-5.6-sol, Ultra""],""witness"":{""kind"":""file"",""locator"":""translation/TRANSLATION_MANIFEST.jsonl:ca.v1.9.complex-plane.principal-argument-branch"",""sha256"":""sha256:9672efc347a5af50a81bb6fa130754c2dbcf82d6c983d30e83ee3da75600bfba""},""workflow_id"":""01a01f57-a34b-7740-9717-596b8116910c/backend-production-v0.4-live""}"
"urn:uuid:8edda1ba-6a5c-574f-8fb8-c57cc84e8500","lebl.ra.qa.live-manifest.ra.v2.change-of-variables.proof-rectangle-reduction","topology","[""urn:uuid:feeb1a2e-a084-5e62-bd2b-cd3a87357a18""]","pass","{""kind"":""file"",""locator"":""translation/TRANSLATION_MANIFEST.jsonl:ra.v2.change-of-variables.proof-rectangle-reduction"",""sha256"":""sha256:ad5c54c030ee43c7c83c55368e5c27786895993a2ac3acb2423d4ee789c4e186""}","[""bounded unit QA"",""OpenAI Codex gpt-5.6-sol, Ultra""]","2026-08-23T00:00:00Z","active","","","","","","","","","{""check_type"":""topology"",""id"":""urn:uuid:8edda1ba-6a5c-574f-8fb8-c57cc84e8500"",""note"":""independent mathematical, natural-id-ID, and raw-math audit; all 19 inline mathematical payloads and proof topology preserved; final zero-error converter, converged five-pass TeX build, extraction, fonts, and page 152 visual gate passed; receipt qa/builds/ra-id-volume2-change-vars-theorem-20260823/BUILD_RECEIPT.md"",""record_type"":""qa_event"",""recorded_at"":""2026-08-23T00:00:00Z"",""result"":""pass"",""schema_name"":""lebl.backend.record"",""schema_version"":""0.3.0"",""semantic_aliases"":[],""semantic_key"":""lebl.ra.qa.live-manifest.ra.v2.change-of-variables.proof-rectangle-reduction"",""status"":""active"",""subject_ids"":[""urn:uuid:feeb1a2e-a084-5e62-bd2b-cd3a87357a18""],""supersedes_id"":null,""toolchain"":[""bounded unit QA"",""OpenAI Codex gpt-5.6-sol, Ultra""],""witness"":{""kind"":""file"",""locator"":""translation/TRANSLATION_MANIFEST.jsonl:ra.v2.change-of-variables.proof-rectangle-reduction"",""sha256"":""sha256:ad5c54c030ee43c7c83c55368e5c27786895993a2ac3acb2423d4ee789c4e186""},""workflow_id"":""01a01f57-a34b-7740-9717-596b8116910c/backend-production-v0.4-live""}"
"urn:uuid:8fc47170-cff0-5b71-b450-49d6a5a52fa1","lebl.diffyqs.qa.live-manifest.diffyqs.v6.11.introduction.typical-courses","topology","[""urn:uuid:0ff9f3a9-1368-5b13-aa93-1cb31168c62a""]","pass","{""kind"":""file"",""locator"":""translation/TRANSLATION_MANIFEST.jsonl:diffyqs.v6.11.introduction.typical-courses"",""sha256"":""sha256:cf60180d294fc5b96286ccfa107e6d54bb64370464fbb15a407eea651884886d""}","[""bounded unit QA"",""OpenAI Codex gpt-5.6-sol, Ultra""]","2026-08-23T00:00:00Z","active","","","","","","","","","{""check_type"":""topology"",""id"":""urn:uuid:8fc47170-cff0-5b71-b450-49d6a5a52fa1"",""note"":""independent natural-id-ID and structural audit; 92 ordered-identical command names, 76 opening and 76 closing braces, zero environment boundaries, one explicit line-break preserved, zero dollar-math markers, all cross-reference argument keys retained, and zero mojibake; exact provenance OpenAI Codex gpt-5.6-sol, Ultra retained; full target 8041 bytes SHA-256 d154cb9b2d90a4c59f7c7602bfa30ee0927e0b2f9dbad2e2910de7a49e77a93f"",""record_type"":""qa_event"",""recorded_at"":""2026-08-23T00:00:00Z"",""result"":""pass"",""schema_name"":""lebl.backend.record"",""schema_version"":""0.3.0"",""semantic_aliases"":[],""semantic_key"":""lebl.diffyqs.qa.live-manifest.diffyqs.v6.11.introduction.typical-courses"",""status"":""active"",""subject_ids"":[""urn:uuid:0ff9f3a9-1368-5b13-aa93-1cb31168c62a""],""supersedes_id"":null,""toolchain"":[""bounded unit QA"",""OpenAI Codex gpt-5.6-sol, Ultra""],""witness"":{""kind"":""file"",""locator"":""translation/TRANSLATION_MANIFEST.jsonl:diffyqs.v6.11.introduction.typical-courses"",""sha256"":""sha256:cf60180d294fc5b96286ccfa107e6d54bb64370464fbb15a407eea651884886d""},""workflow_id"":""01a01f57-a34b-7740-9717-596b8116910c/backend-production-v0.4-live""}"
"urn:uuid:917b5e78-4da8-56e0-b45f-d377a490b687","lebl.ra.qa.live-manifest.ra.v2.iterated-integrals.fubini-a-proof","topology","[""urn:uuid:ca3f4679-ad00-502a-8dce-ebe6ba856b25""]","pass","{""kind"":""file"",""locator"":""translation/TRANSLATION_MANIFEST.jsonl:ra.v2.iterated-integrals.fubini-a-proof"",""sha256"":""sha256:3f449ab1dfb11fd3c83ff07a84b6afecb35563d9f7e216d15c7e1199031304c0""}","[""bounded unit QA"",""OpenAI Codex gpt-5.6-sol, Ultra""]","2026-08-23T00:00:00Z","active","","","","","","","","","{""check_type"":""topology"",""id"":""urn:uuid:917b5e78-4da8-56e0-b45f-d377a490b687"",""note"":""bounded structural replay, three independent mathematical/bilingual/continuity audits after repair, ADV-0183 and ADV-0184, converter zero-error XML gate, two converged 229-page TeX passes with build-local font maps, and visual inspection of physical pages 116-117; receipt qa/builds/ra-id-volume2-fubini-a-proof-20260822/BUILD_RECEIPT.md"",""record_type"":""qa_event"",""recorded_at"":""2026-08-23T00:00:00Z"",""result"":""pass"",""schema_name"":""lebl.backend.record"",""schema_version"":""0.3.0"",""semantic_aliases"":[],""semantic_key"":""lebl.ra.qa.live-manifest.ra.v2.iterated-integrals.fubini-a-proof"",""status"":""active"",""subject_ids"":[""urn:uuid:ca3f4679-ad00-502a-8dce-ebe6ba856b25""],""supersedes_id"":null,""toolchain"":[""bounded unit QA"",""OpenAI Codex gpt-5.6-sol, Ultra""],""witness"":{""kind"":""file"",""locator"":""translation/TRANSLATION_MANIFEST.jsonl:ra.v2.iterated-integrals.fubini-a-proof"",""sha256"":""sha256:3f449ab1dfb11fd3c83ff07a84b6afecb35563d9f7e216d15c7e1199031304c0""},""workflow_id"":""01a01f57-a34b-7740-9717-596b8116910c/backend-production-v0.4-live""}"
"urn:uuid:9234060a-c4e4-5b68-ac30-77458a82721d","lebl.ra.qa.live-manifest.ra.v2.iterated-integrals.fubini-b-and-order-swapping","topology","[""urn:uuid:416d178d-0321-5736-a5e0-82a986b80266""]","pass","{""kind"":""file"",""locator"":""translation/TRANSLATION_MANIFEST.jsonl:ra.v2.iterated-integrals.fubini-b-and-order-swapping"",""sha256"":""sha256:76856f4f8134703d9cc94b8e6a7f50dcd30039efc718ce0e9a27b45fb1f357fb""}","[""bounded unit QA"",""OpenAI Codex gpt-5.6-sol, Ultra""]","2026-08-23T00:00:00Z","active","","","","","","","","","{""check_type"":""topology"",""id"":""urn:uuid:9234060a-c4e4-5b68-ac30-77458a82721d"",""note"":""bounded structural and normalized-formula replay, three independent mathematical/bilingual/structural audits after clarification, ADV-0185 and ADV-0186, converter zero-error XML gate, two converged 229-page TeX passes, and visual inspection of physical pages 117-118; receipt qa/builds/ra-id-volume2-fubini-b-order-switching-20260822/BUILD_RECEIPT.md"",""record_type"":""qa_event"",""recorded_at"":""2026-08-23T00:00:00Z"",""result"":""pass"",""schema_name"":""lebl.backend.record"",""schema_version"":""0.3.0"",""semantic_aliases"":[],""semantic_key"":""lebl.ra.qa.live-manifest.ra.v2.iterated-integrals.fubini-b-and-order-swapping"",""status"":""active"",""subject_ids"":[""urn:uuid:416d178d-0321-5736-a5e0-82a986b80266""],""supersedes_id"":null,""toolchain"":[""bounded unit QA"",""OpenAI Codex gpt-5.6-sol, Ultra""],""witness"":{""kind"":""file"",""locator"":""translation/TRANSLATION_MANIFEST.jsonl:ra.v2.iterated-integrals.fubini-b-and-order-swapping"",""sha256"":""sha256:76856f4f8134703d9cc94b8e6a7f50dcd30039efc718ce0e9a27b45fb1f357fb""},""workflow_id"":""01a01f57-a34b-7740-9717-596b8116910c/backend-production-v0.4-live""}"
"urn:uuid:9560a1e0-1db0-5cf0-99e3-4c436d181fa6","lebl.ra.qa.live-manifest.ra.v2.functions-as-limits.complex-plane.fourier-series-figure","topology","[""urn:uuid:cc2fc6b2-2eac-5c26-b716-fc79d4c0ff18""]","pass","{""kind"":""file"",""locator"":""translation/TRANSLATION_MANIFEST.jsonl:ra.v2.functions-as-limits.complex-plane.fourier-series-figure"",""sha256"":""sha256:71b50bb11986290666005a4cc5bf48d49eac9d6bb40b54de054ca068353407da""}","[""bounded unit QA"",""OpenAI Codex gpt-5.6-sol, Ultra""]","2026-08-23T00:00:00Z","active","","","","","","","","","{""check_type"":""topology"",""id"":""urn:uuid:9560a1e0-1db0-5cf0-99e3-4c436d181fa6"",""note"":""independent natural-id-ID and structural/accessibility audit; 11/11 lines, 1/1 mathematical payload, 2/2 environment boundaries, 9/9 commands, exact image key and label, balanced braces, and zero English residue in caption or alternative text; exact provenance OpenAI Codex gpt-5.6-sol, Ultra retained; full target 181286 bytes SHA-256 1e95eab5c127fee7a982b4566527ad71f63d58f09e3361c35d089fbd28b39b8d"",""record_type"":""qa_event"",""recorded_at"":""2026-08-23T00:00:00Z"",""result"":""pass"",""schema_name"":""lebl.backend.record"",""schema_version"":""0.3.0"",""semantic_aliases"":[],""semantic_key"":""lebl.ra.qa.live-manifest.ra.v2.functions-as-limits.complex-plane.fourier-series-figure"",""status"":""active"",""subject_ids"":[""urn:uuid:cc2fc6b2-2eac-5c26-b716-fc79d4c0ff18""],""supersedes_id"":null,""toolchain"":[""bounded unit QA"",""OpenAI Codex gpt-5.6-sol, Ultra""],""witness"":{""kind"":""file"",""locator"":""translation/TRANSLATION_MANIFEST.jsonl:ra.v2.functions-as-limits.complex-plane.fourier-series-figure"",""sha256"":""sha256:71b50bb11986290666005a4cc5bf48d49eac9d6bb40b54de054ca068353407da""},""workflow_id"":""01a01f57-a34b-7740-9717-596b8116910c/backend-production-v0.4-live""}"
"urn:uuid:969ee6bc-06c0-5a76-94ca-3bcf5f9f58a8","lebl.ra.qa.live-manifest.ra.v2.functions-as-limits.complex-plane.continuity-corollaries","topology","[""urn:uuid:8532300f-511a-5f5a-9b59-53edc369f8b6""]","pass","{""kind"":""file"",""locator"":""translation/TRANSLATION_MANIFEST.jsonl:ra.v2.functions-as-limits.complex-plane.continuity-corollaries"",""sha256"":""sha256:bd24c0a9af12446dd05628932c26a9109a42df10abfdf94d8ae6c53198f5209e""}","[""bounded unit QA"",""OpenAI Codex gpt-5.6-sol, Ultra""]","2026-08-23T00:00:00Z","active","","","","","","","","","{""check_type"":""topology"",""id"":""urn:uuid:969ee6bc-06c0-5a76-94ca-3bcf5f9f58a8"",""note"":""independent natural-id-ID and structural audit; 33/33 lines, 20/20 mathematical payloads, 4/4 environment boundaries, 26/26 commands, all six label/reference commands and arguments exact, balanced braces, and zero reader-facing English residue; exact provenance OpenAI Codex gpt-5.6-sol, Ultra retained; full target 181612 bytes SHA-256 4a564e948d79b128a5ca29df7ab0b364bf1595cb3cdb6c514a9bfb0662591153"",""record_type"":""qa_event"",""recorded_at"":""2026-08-23T00:00:00Z"",""result"":""pass"",""schema_name"":""lebl.backend.record"",""schema_version"":""0.3.0"",""semantic_aliases"":[],""semantic_key"":""lebl.ra.qa.live-manifest.ra.v2.functions-as-limits.complex-plane.continuity-corollaries"",""status"":""active"",""subject_ids"":[""urn:uuid:8532300f-511a-5f5a-9b59-53edc369f8b6""],""supersedes_id"":null,""toolchain"":[""bounded unit QA"",""OpenAI Codex gpt-5.6-sol, Ultra""],""witness"":{""kind"":""file"",""locator"":""translation/TRANSLATION_MANIFEST.jsonl:ra.v2.functions-as-limits.complex-plane.continuity-corollaries"",""sha256"":""sha256:bd24c0a9af12446dd05628932c26a9109a42df10abfdf94d8ae6c53198f5209e""},""workflow_id"":""01a01f57-a34b-7740-9717-596b8116910c/backend-production-v0.4-live""}"
"urn:uuid:96e85d90-f47c-5d63-b8c4-79315b95c5aa","lebl.ca.qa.live-manifest.ca.v1.9.complex-plane.geometry-and-modulus","topology","[""urn:uuid:768e0cd2-0958-5072-9c24-420c39b95d03""]","pass","{""kind"":""file"",""locator"":""translation/TRANSLATION_MANIFEST.jsonl:ca.v1.9.complex-plane.geometry-and-modulus"",""sha256"":""sha256:c4b9c6ef6f1749dd7feced670f7f04415db390f229c10a8b18dd24bdf3ce1d76""}","[""bounded unit QA"",""OpenAI Codex gpt-5.6-sol, Ultra""]","2026-08-23T00:00:00Z","active","","","","","","","","","{""check_type"":""topology"",""id"":""urn:uuid:96e85d90-f47c-5d63-b8c4-79315b95c5aa"",""note"":""independent natural-id-ID and structural audit; 11 ordered-identical math segments, 35 opening and 35 closing braces, 22 unescaped math-dollar delimiters, three begin/end pairs, exact commands/index/glossary hooks, and zero mojibake; exact provenance OpenAI Codex gpt-5.6-sol, Ultra retained; full target 1584 bytes SHA-256 07bfd22e8bdad3f93edcefe7f390cec2490d6e2cf12195bf3717474c6bfd0ebd"",""record_type"":""qa_event"",""recorded_at"":""2026-08-23T00:00:00Z"",""result"":""pass"",""schema_name"":""lebl.backend.record"",""schema_version"":""0.3.0"",""semantic_aliases"":[],""semantic_key"":""lebl.ca.qa.live-manifest.ca.v1.9.complex-plane.geometry-and-modulus"",""status"":""active"",""subject_ids"":[""urn:uuid:768e0cd2-0958-5072-9c24-420c39b95d03""],""supersedes_id"":null,""toolchain"":[""bounded unit QA"",""OpenAI Codex gpt-5.6-sol, Ultra""],""witness"":{""kind"":""file"",""locator"":""translation/TRANSLATION_MANIFEST.jsonl:ca.v1.9.complex-plane.geometry-and-modulus"",""sha256"":""sha256:c4b9c6ef6f1749dd7feced670f7f04415db390f229c10a8b18dd24bdf3ce1d76""},""workflow_id"":""01a01f57-a34b-7740-9717-596b8116910c/backend-production-v0.4-live""}"
"urn:uuid:9857a160-f05f-5799-b95a-b62943badf04","lebl.ra.qa.live-manifest.ra.v2.continuity-derivative.exercises","topology","[""urn:uuid:14e96bad-62ce-5d61-a48e-32e1d22ca8dd""]","pass","{""kind"":""file"",""locator"":""translation/TRANSLATION_MANIFEST.jsonl:ra.v2.continuity-derivative.exercises"",""sha256"":""sha256:134033cf28aa9f7f1b4429ae9d8cc04c0478a0d67ace2fe8c2acdce3e0138b30""}","[""bounded unit QA"",""OpenAI Codex gpt-5.6-sol, Ultra""]","2026-08-23T00:00:00Z","active","","","","","","","","","{""check_type"":""topology"",""id"":""urn:uuid:9857a160-f05f-5799-b95a-b62943badf04"",""note"":""bounded full-exercise structural and mathematical replay plus independent bilingual obligation audit and ADV-0099"",""record_type"":""qa_event"",""recorded_at"":""2026-08-23T00:00:00Z"",""result"":""pass"",""schema_name"":""lebl.backend.record"",""schema_version"":""0.3.0"",""semantic_aliases"":[],""semantic_key"":""lebl.ra.qa.live-manifest.ra.v2.continuity-derivative.exercises"",""status"":""active"",""subject_ids"":[""urn:uuid:14e96bad-62ce-5d61-a48e-32e1d22ca8dd""],""supersedes_id"":null,""toolchain"":[""bounded unit QA"",""OpenAI Codex gpt-5.6-sol, Ultra""],""witness"":{""kind"":""file"",""locator"":""translation/TRANSLATION_MANIFEST.jsonl:ra.v2.continuity-derivative.exercises"",""sha256"":""sha256:134033cf28aa9f7f1b4429ae9d8cc04c0478a0d67ace2fe8c2acdce3e0138b30""},""workflow_id"":""01a01f57-a34b-7740-9717-596b8116910c/backend-production-v0.4-live""}"
"urn:uuid:9ae18c1c-bdc6-51d1-b699-512e074f6747","lebl.ra.qa.live-manifest.ra.v2.green-theorem.domain-orientation","topology","[""urn:uuid:c788de28-1c40-5e16-9f71-61cdd0a95226""]","pass","{""kind"":""file"",""locator"":""translation/TRANSLATION_MANIFEST.jsonl:ra.v2.green-theorem.domain-orientation"",""sha256"":""sha256:8c2b3684270336f326154a155fc74fa982652798ff7f458e23b70f39ef9321e6""}","[""bounded unit QA"",""OpenAI Codex gpt-5.6-sol, Ultra""]","2026-08-23T00:00:00Z","active","","","","","","","","","{""check_type"":""topology"",""id"":""urn:uuid:9ae18c1c-bdc6-51d1-b699-512e074f6747"",""note"":""three independent final mathematical/correction, natural-id-ID/terminology, and topology/accessibility audits after phrasing polish; converter zero-error XML gate; converged final TeX passes 4-5 with all external references resolved; text-extraction replay; and visual inspection of physical pages 144-145; receipt qa/builds/ra-id-volume2-green-domain-orientation-20260822/BUILD_RECEIPT.md"",""record_type"":""qa_event"",""recorded_at"":""2026-08-23T00:00:00Z"",""result"":""pass"",""schema_name"":""lebl.backend.record"",""schema_version"":""0.3.0"",""semantic_aliases"":[],""semantic_key"":""lebl.ra.qa.live-manifest.ra.v2.green-theorem.domain-orientation"",""status"":""active"",""subject_ids"":[""urn:uuid:c788de28-1c40-5e16-9f71-61cdd0a95226""],""supersedes_id"":null,""toolchain"":[""bounded unit QA"",""OpenAI Codex gpt-5.6-sol, Ultra""],""witness"":{""kind"":""file"",""locator"":""translation/TRANSLATION_MANIFEST.jsonl:ra.v2.green-theorem.domain-orientation"",""sha256"":""sha256:8c2b3684270336f326154a155fc74fa982652798ff7f458e23b70f39ef9321e6""},""workflow_id"":""01a01f57-a34b-7740-9717-596b8116910c/backend-production-v0.4-live""}"
"urn:uuid:9bcddef0-35d3-574e-9045-2d4324c673d0","lebl.ca.qa.live-manifest.ca.v1.9.complex-plane.euler-formula","topology","[""urn:uuid:7432bee5-dc7d-54c8-99ed-9437ebf9c91e""]","pass","{""kind"":""file"",""locator"":""translation/TRANSLATION_MANIFEST.jsonl:ca.v1.9.complex-plane.euler-formula"",""sha256"":""sha256:0f3ba0c8880d85493d81c804fce04c72adf1018bc8d2bbeaaa36facda85434c9""}","[""bounded unit QA"",""OpenAI Codex gpt-5.6-sol, Ultra""]","2026-08-23T00:00:00Z","active","","","","","","","","","{""check_type"":""topology"",""id"":""urn:uuid:9bcddef0-35d3-574e-9045-2d4324c673d0"",""note"":""independent natural-id-ID and structural audit; 5/5 ordered-identical mathematical segments including comments, 9/9 braces, 10 math-dollar delimiters, equation* pair exact, command inventory exact, intentional English comments preserved, and no mojibake; exact provenance OpenAI Codex gpt-5.6-sol, Ultra retained; full target 737 bytes SHA-256 189d83b62b1b1a465cd0f741f3ae96d767c5059b43415265fb498f92099c595f"",""record_type"":""qa_event"",""recorded_at"":""2026-08-23T00:00:00Z"",""result"":""pass"",""schema_name"":""lebl.backend.record"",""schema_version"":""0.3.0"",""semantic_aliases"":[],""semantic_key"":""lebl.ca.qa.live-manifest.ca.v1.9.complex-plane.euler-formula"",""status"":""active"",""subject_ids"":[""urn:uuid:7432bee5-dc7d-54c8-99ed-9437ebf9c91e""],""supersedes_id"":null,""toolchain"":[""bounded unit QA"",""OpenAI Codex gpt-5.6-sol, Ultra""],""witness"":{""kind"":""file"",""locator"":""translation/TRANSLATION_MANIFEST.jsonl:ca.v1.9.complex-plane.euler-formula"",""sha256"":""sha256:0f3ba0c8880d85493d81c804fce04c72adf1018bc8d2bbeaaa36facda85434c9""},""workflow_id"":""01a01f57-a34b-7740-9717-596b8116910c/backend-production-v0.4-live""}"
"urn:uuid:9be26281-4a79-559f-af1b-2d2a7459dd30","lebl.ca.qa.live-manifest.ca.v1.9.complex-plane.continuity-exercise","topology","[""urn:uuid:aa14ccd0-7cf3-5e69-92e9-0184eb0c1796""]","pass","{""kind"":""file"",""locator"":""translation/TRANSLATION_MANIFEST.jsonl:ca.v1.9.complex-plane.continuity-exercise"",""sha256"":""sha256:37f75fe3fbc6dc95350fe82a8cf826c4bd3915584d39866800dd2e1e64fffd8a""}","[""bounded unit QA"",""OpenAI Codex gpt-5.6-sol, Ultra""]","2026-08-23T00:00:00Z","active","","","","","","","","","{""check_type"":""topology"",""id"":""urn:uuid:9be26281-4a79-559f-af1b-2d2a7459dd30"",""note"":""independent natural-id-ID and structural audit; four opening and four closing braces, no math delimiters, two begin/end pairs, exact neededexmark hook, and zero mojibake; exact provenance OpenAI Codex gpt-5.6-sol, Ultra retained; exercise remains unsolved as in source; full target 463 bytes SHA-256 4811b6dc90dbc9ca25b6386e529d66adb416d3d15d558932cc4a053d766e60ba"",""record_type"":""qa_event"",""recorded_at"":""2026-08-23T00:00:00Z"",""result"":""pass"",""schema_name"":""lebl.backend.record"",""schema_version"":""0.3.0"",""semantic_aliases"":[],""semantic_key"":""lebl.ca.qa.live-manifest.ca.v1.9.complex-plane.continuity-exercise"",""status"":""active"",""subject_ids"":[""urn:uuid:aa14ccd0-7cf3-5e69-92e9-0184eb0c1796""],""supersedes_id"":null,""toolchain"":[""bounded unit QA"",""OpenAI Codex gpt-5.6-sol, Ultra""],""witness"":{""kind"":""file"",""locator"":""translation/TRANSLATION_MANIFEST.jsonl:ca.v1.9.complex-plane.continuity-exercise"",""sha256"":""sha256:37f75fe3fbc6dc95350fe82a8cf826c4bd3915584d39866800dd2e1e64fffd8a""},""workflow_id"":""01a01f57-a34b-7740-9717-596b8116910c/backend-production-v0.4-live""}"
"urn:uuid:9c60e6a5-61b2-5ed1-a562-f31d61f2d756","lebl.ra.qa.live-manifest.ra.v2.path-integrals.one-form","topology","[""urn:uuid:328d633f-a0f3-5c39-a105-8fd440ed43a7""]","pass","{""kind"":""file"",""locator"":""translation/TRANSLATION_MANIFEST.jsonl:ra.v2.path-integrals.one-form"",""sha256"":""sha256:39445deb588aced3e600fc005b2f02b3e3c33b37f477fe8c00422396d5d17e25""}","[""bounded unit QA"",""OpenAI Codex gpt-5.6-sol, Ultra""]","2026-08-23T00:00:00Z","active","","","","","","","","","{""check_type"":""topology"",""id"":""urn:uuid:9c60e6a5-61b2-5ed1-a562-f31d61f2d756"",""note"":""bounded structural and normalized-formula replay plus independent bilingual/accessibility audit and independent definition/proposition/calculation audit, including ADV-0142 through ADV-0147"",""record_type"":""qa_event"",""recorded_at"":""2026-08-23T00:00:00Z"",""result"":""pass"",""schema_name"":""lebl.backend.record"",""schema_version"":""0.3.0"",""semantic_aliases"":[],""semantic_key"":""lebl.ra.qa.live-manifest.ra.v2.path-integrals.one-form"",""status"":""active"",""subject_ids"":[""urn:uuid:328d633f-a0f3-5c39-a105-8fd440ed43a7""],""supersedes_id"":null,""toolchain"":[""bounded unit QA"",""OpenAI Codex gpt-5.6-sol, Ultra""],""witness"":{""kind"":""file"",""locator"":""translation/TRANSLATION_MANIFEST.jsonl:ra.v2.path-integrals.one-form"",""sha256"":""sha256:39445deb588aced3e600fc005b2f02b3e3c33b37f477fe8c00422396d5d17e25""},""workflow_id"":""01a01f57-a34b-7740-9717-596b8116910c/backend-production-v0.4-live""}"
"urn:uuid:a07c176a-0584-5b7e-ba97-a4388240241e","lebl.ca.qa.live-manifest.ca.v1.9.complex-plane.complex-valued-functions-intro","topology","[""urn:uuid:71897f7d-a0c3-513a-a02e-f051b9640e86""]","pass","{""kind"":""file"",""locator"":""translation/TRANSLATION_MANIFEST.jsonl:ca.v1.9.complex-plane.complex-valued-functions-intro"",""sha256"":""sha256:78352f02c7ccc5b1565bf9689ee09df6b2efb04d0568417e590d23f609643498""}","[""bounded unit QA"",""OpenAI Codex gpt-5.6-sol, Ultra""]","2026-08-23T00:00:00Z","active","","","","","","","","","{""check_type"":""topology"",""id"":""urn:uuid:a07c176a-0584-5b7e-ba97-a4388240241e"",""note"":""independent natural-id-ID and structural audit; nine ordered-identical math segments, three opening and three closing braces, 18 unescaped math-dollar delimiters, one equation* pair, exact commands, and zero mojibake; exact provenance OpenAI Codex gpt-5.6-sol, Ultra retained; full target 1033 bytes SHA-256 16cad7938d26bea2db6380cda78a8eba23e722a0858102d1d07685be3e13fb0b"",""record_type"":""qa_event"",""recorded_at"":""2026-08-23T00:00:00Z"",""result"":""pass"",""schema_name"":""lebl.backend.record"",""schema_version"":""0.3.0"",""semantic_aliases"":[],""semantic_key"":""lebl.ca.qa.live-manifest.ca.v1.9.complex-plane.complex-valued-functions-intro"",""status"":""active"",""subject_ids"":[""urn:uuid:71897f7d-a0c3-513a-a02e-f051b9640e86""],""supersedes_id"":null,""toolchain"":[""bounded unit QA"",""OpenAI Codex gpt-5.6-sol, Ultra""],""witness"":{""kind"":""file"",""locator"":""translation/TRANSLATION_MANIFEST.jsonl:ca.v1.9.complex-plane.complex-valued-functions-intro"",""sha256"":""sha256:78352f02c7ccc5b1565bf9689ee09df6b2efb04d0568417e590d23f609643498""},""workflow_id"":""01a01f57-a34b-7740-9717-596b8116910c/backend-production-v0.4-live""}"
"urn:uuid:a096d7aa-ddea-51a6-964a-d73126005f1c","lebl.ra.qa.live-manifest.ra.v2.change-of-variables.proof-normalized-volume-claim","topology","[""urn:uuid:8492dbd1-ab13-524e-a2f4-0e8756d21173""]","pass","{""kind"":""file"",""locator"":""translation/TRANSLATION_MANIFEST.jsonl:ra.v2.change-of-variables.proof-normalized-volume-claim"",""sha256"":""sha256:e5dac68139650425a4650ddd29be097691bc65f7f0f1ada55fba639343ea4cf4""}","[""bounded unit QA"",""OpenAI Codex gpt-5.6-sol, Ultra""]","2026-08-23T00:00:00Z","active","","","","","","","","","{""check_type"":""topology"",""id"":""urn:uuid:a096d7aa-ddea-51a6-964a-d73126005f1c"",""note"":""independent mathematical, natural-id-ID, source-defect, topology, and raw-math audit; all 45 inline and three displayed equation payloads plus all 16 structural tokens preserved; final zero-error converter, converged five-pass TeX build, extraction, fonts, and pages 152-153 visual gate passed; receipt qa/builds/ra-id-volume2-change-vars-theorem-20260823/BUILD_RECEIPT.md"",""record_type"":""qa_event"",""recorded_at"":""2026-08-23T00:00:00Z"",""result"":""pass"",""schema_name"":""lebl.backend.record"",""schema_version"":""0.3.0"",""semantic_aliases"":[],""semantic_key"":""lebl.ra.qa.live-manifest.ra.v2.change-of-variables.proof-normalized-volume-claim"",""status"":""active"",""subject_ids"":[""urn:uuid:8492dbd1-ab13-524e-a2f4-0e8756d21173""],""supersedes_id"":null,""toolchain"":[""bounded unit QA"",""OpenAI Codex gpt-5.6-sol, Ultra""],""witness"":{""kind"":""file"",""locator"":""translation/TRANSLATION_MANIFEST.jsonl:ra.v2.change-of-variables.proof-normalized-volume-claim"",""sha256"":""sha256:e5dac68139650425a4650ddd29be097691bc65f7f0f1ada55fba639343ea4cf4""},""workflow_id"":""01a01f57-a34b-7740-9717-596b8116910c/backend-production-v0.4-live""}"
"urn:uuid:a17206ff-7f0c-5912-aa47-c1988516d48e","lebl.ra.qa.live-manifest.ra.v2.outer-measure.differentiable-images","topology","[""urn:uuid:4512a20c-fcc6-59ce-8aa2-e497f7a045e1""]","pass","{""kind"":""file"",""locator"":""translation/TRANSLATION_MANIFEST.jsonl:ra.v2.outer-measure.differentiable-images"",""sha256"":""sha256:9dbb82ee2c528d0f8980cc46c9657c2cc9dfa5c279fc3f9532d67eee8b92f5cd""}","[""bounded unit QA"",""OpenAI Codex gpt-5.6-sol, Ultra""]","2026-08-23T00:00:00Z","active","","","","","","","","","{""check_type"":""topology"",""id"":""urn:uuid:a17206ff-7f0c-5912-aa47-c1988516d48e"",""note"":""bounded structural/formula/domain/edge-case replay, three independent mathematical/bilingual/continuity audits after ADV-0196 through ADV-0198 repairs, converter zero-error XML gate, converged three-pass 231-page TeX build, and visual inspection of physical pages 126-128; shared receipt qa/builds/ra-id-volume2-outer-measure-examples-images-20260822/BUILD_RECEIPT.md"",""record_type"":""qa_event"",""recorded_at"":""2026-08-23T00:00:00Z"",""result"":""pass"",""schema_name"":""lebl.backend.record"",""schema_version"":""0.3.0"",""semantic_aliases"":[],""semantic_key"":""lebl.ra.qa.live-manifest.ra.v2.outer-measure.differentiable-images"",""status"":""active"",""subject_ids"":[""urn:uuid:4512a20c-fcc6-59ce-8aa2-e497f7a045e1""],""supersedes_id"":null,""toolchain"":[""bounded unit QA"",""OpenAI Codex gpt-5.6-sol, Ultra""],""witness"":{""kind"":""file"",""locator"":""translation/TRANSLATION_MANIFEST.jsonl:ra.v2.outer-measure.differentiable-images"",""sha256"":""sha256:9dbb82ee2c528d0f8980cc46c9657c2cc9dfa5c279fc3f9532d67eee8b92f5cd""},""workflow_id"":""01a01f57-a34b-7740-9717-596b8116910c/backend-production-v0.4-live""}"
"urn:uuid:a46192a2-b65a-55a7-ad4c-b7fc652e1c32","lebl.diffyqs.qa.live-manifest.diffyqs.v6.11.classification.exercises","topology","[""urn:uuid:7341e5f1-ba91-555b-8281-2cb53294f878""]","pass","{""kind"":""file"",""locator"":""translation/TRANSLATION_MANIFEST.jsonl:diffyqs.v6.11.classification.exercises"",""sha256"":""sha256:f5bbeddfec93f1649947ce857f4e7967dd8abf444ac2bd435b61eaf276823617""}","[""bounded unit QA"",""OpenAI Codex gpt-5.6-sol, Ultra""]","2026-08-23T00:00:00Z","active","","","","","","","","","{""check_type"":""topology"",""id"":""urn:uuid:a46192a2-b65a-55a7-ad4c-b7fc652e1c32"",""note"":""independent natural-id-ID and structural audit; commands 141/141, braces 87/87, environment tokens 18/18, exercises 7/7, tasks 12/12, exsol 3/3, 33 ordered mathematical payloads byte-identical, solution states preserved with no inventions, and mojibake zero; exact provenance OpenAI Codex gpt-5.6-sol, Ultra retained; full target 43914 bytes SHA-256 fecf316e42669a7cceef4338b5aae23dd6c6825cc8c512b2263e226614bbfadf"",""record_type"":""qa_event"",""recorded_at"":""2026-08-23T00:00:00Z"",""result"":""pass"",""schema_name"":""lebl.backend.record"",""schema_version"":""0.3.0"",""semantic_aliases"":[],""semantic_key"":""lebl.diffyqs.qa.live-manifest.diffyqs.v6.11.classification.exercises"",""status"":""active"",""subject_ids"":[""urn:uuid:7341e5f1-ba91-555b-8281-2cb53294f878""],""supersedes_id"":null,""toolchain"":[""bounded unit QA"",""OpenAI Codex gpt-5.6-sol, Ultra""],""witness"":{""kind"":""file"",""locator"":""translation/TRANSLATION_MANIFEST.jsonl:diffyqs.v6.11.classification.exercises"",""sha256"":""sha256:f5bbeddfec93f1649947ce857f4e7967dd8abf444ac2bd435b61eaf276823617""},""workflow_id"":""01a01f57-a34b-7740-9717-596b8116910c/backend-production-v0.4-live""}"
"urn:uuid:a8d56001-cdf4-5b59-851c-843a21ec73ce","lebl.diffyqs.qa.live-manifest.diffyqs.v6.11.first-order.integrals-as-solutions.indefinite-integral-notation","topology","[""urn:uuid:6e315916-0903-5f4c-81c9-b8dc9f4f3266""]","pass","{""kind"":""file"",""locator"":""translation/TRANSLATION_MANIFEST.jsonl:diffyqs.v6.11.first-order.integrals-as-solutions.indefinite-integral-notation"",""sha256"":""sha256:c929a72ceadef64237ed2aa9ffa3b746ca807e6e5e06b106b51727494cccaf23""}","[""bounded unit QA"",""OpenAI Codex gpt-5.6-sol, Ultra""]","2026-08-23T00:00:00Z","active","","","","","","","","","{""check_type"":""topology"",""id"":""urn:uuid:a8d56001-cdf4-5b59-851c-843a21ec73ce"",""note"":""deterministic receipt qa/r007-ch-first-order-ode-l0050-l0074-qa.txt plus independent bilingual review pass; 25/25 lines, formula and equation-star payloads, TeX command structure, emphasis/index placement, braces, and order preserved exactly; natural id-ID and established integral tak tentu, integral tentu, antiturunan, mengintegralkan, and pengintegralan terminology confirmed; exact provenance OpenAI Codex gpt-5.6-sol, Ultra retained; full target 2836 bytes SHA-256 5442db1cef4b38a54486aa0ccce9c91f49b31f63e77e69ff7b7fec26b6c2073e"",""record_type"":""qa_event"",""recorded_at"":""2026-08-23T00:00:00Z"",""result"":""pass"",""schema_name"":""lebl.backend.record"",""schema_version"":""0.3.0"",""semantic_aliases"":[],""semantic_key"":""lebl.diffyqs.qa.live-manifest.diffyqs.v6.11.first-order.integrals-as-solutions.indefinite-integral-notation"",""status"":""active"",""subject_ids"":[""urn:uuid:6e315916-0903-5f4c-81c9-b8dc9f4f3266""],""supersedes_id"":null,""toolchain"":[""bounded unit QA"",""OpenAI Codex gpt-5.6-sol, Ultra""],""witness"":{""kind"":""file"",""locator"":""translation/TRANSLATION_MANIFEST.jsonl:diffyqs.v6.11.first-order.integrals-as-solutions.indefinite-integral-notation"",""sha256"":""sha256:c929a72ceadef64237ed2aa9ffa3b746ca807e6e5e06b106b51727494cccaf23""},""workflow_id"":""01a01f57-a34b-7740-9717-596b8116910c/backend-production-v0.4-live""}"
"urn:uuid:a8e1d6b0-4378-59ee-914a-9a1660844360","lebl.diffyqs.qa.live-manifest.diffyqs.v6.11.introduction.four-fundamental-equations","topology","[""urn:uuid:b0afbc6d-2893-5ebc-9d28-059f9ebdd0f7""]","pass","{""kind"":""file"",""locator"":""translation/TRANSLATION_MANIFEST.jsonl:diffyqs.v6.11.introduction.four-fundamental-equations"",""sha256"":""sha256:e9a10ed151b5266f3068c2a8172a019dd3cadd146ecafab3c133208cfbec0caa""}","[""bounded unit QA"",""OpenAI Codex gpt-5.6-sol, Ultra""]","2026-08-23T00:00:00Z","active","","","","","","","","","{""check_type"":""topology"",""id"":""urn:uuid:a8e1d6b0-4378-59ee-914a-9a1660844360"",""note"":""independent natural-id-ID and structural audit; 94/94 command inventories, 81/81 braces, 34/34 environment boundaries, 46/46 dollar markers with 23 ordered-identical math payloads, avoidbreak/myindex/label hooks 1/1/5/5/1/1, equation operators/functions preserved, only intentional in-math text where to dengan, and zero mojibake; exact provenance OpenAI Codex gpt-5.6-sol, Ultra retained; full target 26888 bytes SHA-256 6c5c6e2482134370de9643e6e8b1acd7c6cee4147ee0704d610106a512bfeacb"",""record_type"":""qa_event"",""recorded_at"":""2026-08-23T00:00:00Z"",""result"":""pass"",""schema_name"":""lebl.backend.record"",""schema_version"":""0.3.0"",""semantic_aliases"":[],""semantic_key"":""lebl.diffyqs.qa.live-manifest.diffyqs.v6.11.introduction.four-fundamental-equations"",""status"":""active"",""subject_ids"":[""urn:uuid:b0afbc6d-2893-5ebc-9d28-059f9ebdd0f7""],""supersedes_id"":null,""toolchain"":[""bounded unit QA"",""OpenAI Codex gpt-5.6-sol, Ultra""],""witness"":{""kind"":""file"",""locator"":""translation/TRANSLATION_MANIFEST.jsonl:diffyqs.v6.11.introduction.four-fundamental-equations"",""sha256"":""sha256:e9a10ed151b5266f3068c2a8172a019dd3cadd146ecafab3c133208cfbec0caa""},""workflow_id"":""01a01f57-a34b-7740-9717-596b8116910c/backend-production-v0.4-live""}"
"urn:uuid:a9f382aa-71d3-5fe0-bd1c-9686b7cfa6dd","lebl.diffyqs.qa.live-manifest.diffyqs.v6.11.introduction.solutions-of-differential-equations","topology","[""urn:uuid:0b5f97df-5910-54a6-b0b8-d7188686b1ee""]","pass","{""kind"":""file"",""locator"":""translation/TRANSLATION_MANIFEST.jsonl:diffyqs.v6.11.introduction.solutions-of-differential-equations"",""sha256"":""sha256:b22341a52e1ab98ba7199746557927d76777f685a3a2d692b5c5fa378f718a9f""}","[""bounded unit QA"",""OpenAI Codex gpt-5.6-sol, Ultra""]","2026-08-23T00:00:00Z","active","","","","","","","","","{""check_type"":""topology"",""id"":""urn:uuid:a9f382aa-71d3-5fe0-bd1c-9686b7cfa6dd"",""note"":""independent natural-id-ID and structural audit; 66 ordered-identical control sequences, 65 opening and 65 closing braces, 12 environment boundaries, 32 dollar markers with 16 identical ordered math payloads, nine frac commands, four underbrace commands, figure/label identity retained, and zero mojibake; exact provenance OpenAI Codex gpt-5.6-sol, Ultra retained; full target 17132 bytes SHA-256 3cf5ac884e225cc94e28ec285eb5c5a43063f96c903c0eb8a6aeadb69d658113"",""record_type"":""qa_event"",""recorded_at"":""2026-08-23T00:00:00Z"",""result"":""pass"",""schema_name"":""lebl.backend.record"",""schema_version"":""0.3.0"",""semantic_aliases"":[],""semantic_key"":""lebl.diffyqs.qa.live-manifest.diffyqs.v6.11.introduction.solutions-of-differential-equations"",""status"":""active"",""subject_ids"":[""urn:uuid:0b5f97df-5910-54a6-b0b8-d7188686b1ee""],""supersedes_id"":null,""toolchain"":[""bounded unit QA"",""OpenAI Codex gpt-5.6-sol, Ultra""],""witness"":{""kind"":""file"",""locator"":""translation/TRANSLATION_MANIFEST.jsonl:diffyqs.v6.11.introduction.solutions-of-differential-equations"",""sha256"":""sha256:b22341a52e1ab98ba7199746557927d76777f685a3a2d692b5c5fa378f718a9f""},""workflow_id"":""01a01f57-a34b-7740-9717-596b8116910c/backend-production-v0.4-live""}"
"urn:uuid:abb9042d-fd59-5956-ae87-d3582b7eb5b2","lebl.ca.qa.live-manifest.ca.v1.9.complex-plane.matrix-representation-intro","topology","[""urn:uuid:536fbe40-1a8a-5abe-98d2-f00452e92bcd""]","pass","{""kind"":""file"",""locator"":""translation/TRANSLATION_MANIFEST.jsonl:ca.v1.9.complex-plane.matrix-representation-intro"",""sha256"":""sha256:f5daeb552a7bab606023378d2859f47ec36a03657db927eb46205eb0ac19c55c""}","[""bounded unit QA"",""OpenAI Codex gpt-5.6-sol, Ultra""]","2026-08-23T00:00:00Z","active","","","","","","","","","{""check_type"":""topology"",""id"":""urn:uuid:abb9042d-fd59-5956-ae87-d3582b7eb5b2"",""note"":""independent natural-id-ID and structural audit; 16 ordered-identical math segments, labeled matrix equation exact, seven opening and seven closing braces, 32 unescaped math-dollar delimiters, two environment pairs, exact commands/label/footnote/map/matrix structure, and zero mojibake; exact provenance OpenAI Codex gpt-5.6-sol, Ultra retained; source footnote defect recorded as LEBL-ID-ADV-0225; full target 1236 bytes SHA-256 34d755a4e8511d8b44b5075065988b87fd7719ba5a3404a6612659668f8fc1e7"",""record_type"":""qa_event"",""recorded_at"":""2026-08-23T00:00:00Z"",""result"":""pass"",""schema_name"":""lebl.backend.record"",""schema_version"":""0.3.0"",""semantic_aliases"":[],""semantic_key"":""lebl.ca.qa.live-manifest.ca.v1.9.complex-plane.matrix-representation-intro"",""status"":""active"",""subject_ids"":[""urn:uuid:536fbe40-1a8a-5abe-98d2-f00452e92bcd""],""supersedes_id"":null,""toolchain"":[""bounded unit QA"",""OpenAI Codex gpt-5.6-sol, Ultra""],""witness"":{""kind"":""file"",""locator"":""translation/TRANSLATION_MANIFEST.jsonl:ca.v1.9.complex-plane.matrix-representation-intro"",""sha256"":""sha256:f5daeb552a7bab606023378d2859f47ec36a03657db927eb46205eb0ac19c55c""},""workflow_id"":""01a01f57-a34b-7740-9717-596b8116910c/backend-production-v0.4-live""}"
"urn:uuid:ae5b23a5-8ce0-511f-b0ef-9c2e2cf890e6","lebl.ra.qa.live-manifest.ra.v2.continuity-derivative.bounding","topology","[""urn:uuid:4a4a6f97-7a61-50b5-a2c7-b426a66d89b0""]","pass","{""kind"":""file"",""locator"":""translation/TRANSLATION_MANIFEST.jsonl:ra.v2.continuity-derivative.bounding"",""sha256"":""sha256:ed530f54ca3d4add3df3e313ab2780784f33373e5dcf1a3e6390cfda7fedeaaa""}","[""bounded unit QA"",""OpenAI Codex gpt-5.6-sol, Ultra""]","2026-08-23T00:00:00Z","active","","","","","","","","","{""check_type"":""topology"",""id"":""urn:uuid:ae5b23a5-8ce0-511f-b0ef-9c2e2cf890e6"",""note"":""bounded structural and mathematical replay plus independent bilingual and accessibility audit and ADV-0095"",""record_type"":""qa_event"",""recorded_at"":""2026-08-23T00:00:00Z"",""result"":""pass"",""schema_name"":""lebl.backend.record"",""schema_version"":""0.3.0"",""semantic_aliases"":[],""semantic_key"":""lebl.ra.qa.live-manifest.ra.v2.continuity-derivative.bounding"",""status"":""active"",""subject_ids"":[""urn:uuid:4a4a6f97-7a61-50b5-a2c7-b426a66d89b0""],""supersedes_id"":null,""toolchain"":[""bounded unit QA"",""OpenAI Codex gpt-5.6-sol, Ultra""],""witness"":{""kind"":""file"",""locator"":""translation/TRANSLATION_MANIFEST.jsonl:ra.v2.continuity-derivative.bounding"",""sha256"":""sha256:ed530f54ca3d4add3df3e313ab2780784f33373e5dcf1a3e6390cfda7fedeaaa""},""workflow_id"":""01a01f57-a34b-7740-9717-596b8116910c/backend-production-v0.4-live""}"
"urn:uuid:aff60b56-8721-53ec-a7c8-95bcdc4a7681","lebl.ra.qa.live-manifest.ra.v2.riemann-integrable.riemann-lebesgue-theorem","topology","[""urn:uuid:f861bd38-5ec1-5182-911a-2f6d427bdd6c""]","pass","{""kind"":""file"",""locator"":""translation/TRANSLATION_MANIFEST.jsonl:ra.v2.riemann-integrable.riemann-lebesgue-theorem"",""sha256"":""sha256:39ff9fe16d0991f1a6e783c70a4656139a0b84422e96665148f0f5abf1806c35""}","[""bounded unit QA"",""OpenAI Codex gpt-5.6-sol, Ultra""]","2026-08-23T00:00:00Z","active","","","","","","","","","{""check_type"":""topology"",""id"":""urn:uuid:aff60b56-8721-53ec-a7c8-95bcdc4a7681"",""note"":""bounded structural/formula/accessibility replay, three independent final mathematical/bilingual/topology audits after ADV-0206 through ADV-0209, converter zero-error XML gate, converged four-pass 233-page TeX build, text-extraction replay, and visual inspection of physical pages 132-135 including a final caption render; original receipt qa/builds/ra-id-volume2-riemann-lebesgue-20260822/BUILD_RECEIPT.md; current wording and target hash revalidated in the converged corollary build qa/builds/ra-id-volume2-riemann-integrable-corollary-20260822/BUILD_RECEIPT.md"",""record_type"":""qa_event"",""recorded_at"":""2026-08-23T00:00:00Z"",""result"":""pass"",""schema_name"":""lebl.backend.record"",""schema_version"":""0.3.0"",""semantic_aliases"":[],""semantic_key"":""lebl.ra.qa.live-manifest.ra.v2.riemann-integrable.riemann-lebesgue-theorem"",""status"":""active"",""subject_ids"":[""urn:uuid:f861bd38-5ec1-5182-911a-2f6d427bdd6c""],""supersedes_id"":null,""toolchain"":[""bounded unit QA"",""OpenAI Codex gpt-5.6-sol, Ultra""],""witness"":{""kind"":""file"",""locator"":""translation/TRANSLATION_MANIFEST.jsonl:ra.v2.riemann-integrable.riemann-lebesgue-theorem"",""sha256"":""sha256:39ff9fe16d0991f1a6e783c70a4656139a0b84422e96665148f0f5abf1806c35""},""workflow_id"":""01a01f57-a34b-7740-9717-596b8116910c/backend-production-v0.4-live""}"
"urn:uuid:b12e2d41-61fc-5e8c-9b94-a0ef05705d12","lebl.ra.qa.live-manifest.ra.v2.green-theorem.exercises","topology","[""urn:uuid:7ce764f0-d21a-5a9b-8346-b6a1ce614162""]","pass","{""kind"":""file"",""locator"":""translation/TRANSLATION_MANIFEST.jsonl:ra.v2.green-theorem.exercises"",""sha256"":""sha256:4fb5e4282734c3b7f507178cfacb7e282631c6a347d9a39cc1c95d505edbb0b3""}","[""bounded unit QA"",""OpenAI Codex gpt-5.6-sol, Ultra""]","2026-08-23T00:00:00Z","active","","","","","","","","","{""check_type"":""topology"",""id"":""urn:uuid:b12e2d41-61fc-5e8c-9b94-a0ef05705d12"",""note"":""independent problem-level mathematical, final natural formal id-ID/terminology, and strict topology/raw-math audits; all 30 inline payloads raw-byte identical; seven exercises, seven items, two enumerations, samepage wrapper, label, and localized index preserved; zero-error converter with 672 unique IDs and 952 resolved references; converged 334-page Volume I and 235-page Volume II builds; all fonts embedded, extraction clean, and physical pages 149-150 visually inspected; receipt qa/builds/ra-id-volume2-green-exercises-20260823/BUILD_RECEIPT.md"",""record_type"":""qa_event"",""recorded_at"":""2026-08-23T00:00:00Z"",""result"":""pass"",""schema_name"":""lebl.backend.record"",""schema_version"":""0.3.0"",""semantic_aliases"":[],""semantic_key"":""lebl.ra.qa.live-manifest.ra.v2.green-theorem.exercises"",""status"":""active"",""subject_ids"":[""urn:uuid:7ce764f0-d21a-5a9b-8346-b6a1ce614162""],""supersedes_id"":null,""toolchain"":[""bounded unit QA"",""OpenAI Codex gpt-5.6-sol, Ultra""],""witness"":{""kind"":""file"",""locator"":""translation/TRANSLATION_MANIFEST.jsonl:ra.v2.green-theorem.exercises"",""sha256"":""sha256:4fb5e4282734c3b7f507178cfacb7e282631c6a347d9a39cc1c95d505edbb0b3""},""workflow_id"":""01a01f57-a34b-7740-9717-596b8116910c/backend-production-v0.4-live""}"
"urn:uuid:b2bb6d8a-698d-5f8c-806e-06fd90b586f5","lebl.ra.qa.live-manifest.ra.v2.functions-as-limits.complex-plane.fourier-series-example","topology","[""urn:uuid:16a00bab-e754-5958-acef-2042396fe569""]","pass","{""kind"":""file"",""locator"":""translation/TRANSLATION_MANIFEST.jsonl:ra.v2.functions-as-limits.complex-plane.fourier-series-example"",""sha256"":""sha256:d14d2998e92f3066b9aa0baa0a358bc031f7767ddf5b1a60c7c042933b9748de""}","[""bounded unit QA"",""OpenAI Codex gpt-5.6-sol, Ultra""]","2026-08-23T00:00:00Z","active","","","","","","","","","{""check_type"":""topology"",""id"":""urn:uuid:b2bb6d8a-698d-5f8c-806e-06fd90b586f5"",""note"":""independent natural-id-ID and structural audit; 16/16 lines, 2/2 mathematical payloads, 6/6 environment boundaries, 21/21 commands, label and figure reference 2/2, balanced braces, and zero reader-facing English residue; exact provenance OpenAI Codex gpt-5.6-sol, Ultra retained; full target 181199 bytes SHA-256 c08d0fa8dd3063b1ce4aa85cffa2247fca7e18ac46c803cf379ce79e62dd34f8"",""record_type"":""qa_event"",""recorded_at"":""2026-08-23T00:00:00Z"",""result"":""pass"",""schema_name"":""lebl.backend.record"",""schema_version"":""0.3.0"",""semantic_aliases"":[],""semantic_key"":""lebl.ra.qa.live-manifest.ra.v2.functions-as-limits.complex-plane.fourier-series-example"",""status"":""active"",""subject_ids"":[""urn:uuid:16a00bab-e754-5958-acef-2042396fe569""],""supersedes_id"":null,""toolchain"":[""bounded unit QA"",""OpenAI Codex gpt-5.6-sol, Ultra""],""witness"":{""kind"":""file"",""locator"":""translation/TRANSLATION_MANIFEST.jsonl:ra.v2.functions-as-limits.complex-plane.fourier-series-example"",""sha256"":""sha256:d14d2998e92f3066b9aa0baa0a358bc031f7767ddf5b1a60c7c042933b9748de""},""workflow_id"":""01a01f57-a34b-7740-9717-596b8116910c/backend-production-v0.4-live""}"
"urn:uuid:b38ece78-3f55-594a-ab9b-b6b657b114ca","lebl.ra.qa.live-manifest.ra.v2.path-integrals.exercises","topology","[""urn:uuid:dd216cd2-701f-567c-bf49-c2c586d3e0e5""]","pass","{""kind"":""file"",""locator"":""translation/TRANSLATION_MANIFEST.jsonl:ra.v2.path-integrals.exercises"",""sha256"":""sha256:100050842ecef439b72d63d7466c7f3bc616b04832e7dbd9a7c93af04a72bc84""}","[""bounded unit QA"",""OpenAI Codex gpt-5.6-sol, Ultra""]","2026-08-23T00:00:00Z","active","","","","","","","","","{""check_type"":""topology"",""id"":""urn:uuid:b38ece78-3f55-594a-ab9b-b6b657b114ca"",""note"":""bounded structural replay, independent mathematical and natural-id-ID audits, source-correction review ADV-0155 through ADV-0158, converter zero-error XML gate, and isolated 223-page TeX integration pass; receipt qa/builds/ra-id-volume2-path-integrals-exercises-20260822/BUILD_RECEIPT.md"",""record_type"":""qa_event"",""recorded_at"":""2026-08-23T00:00:00Z"",""result"":""pass"",""schema_name"":""lebl.backend.record"",""schema_version"":""0.3.0"",""semantic_aliases"":[],""semantic_key"":""lebl.ra.qa.live-manifest.ra.v2.path-integrals.exercises"",""status"":""active"",""subject_ids"":[""urn:uuid:dd216cd2-701f-567c-bf49-c2c586d3e0e5""],""supersedes_id"":null,""toolchain"":[""bounded unit QA"",""OpenAI Codex gpt-5.6-sol, Ultra""],""witness"":{""kind"":""file"",""locator"":""translation/TRANSLATION_MANIFEST.jsonl:ra.v2.path-integrals.exercises"",""sha256"":""sha256:100050842ecef439b72d63d7466c7f3bc616b04832e7dbd9a7c93af04a72bc84""},""workflow_id"":""01a01f57-a34b-7740-9717-596b8116910c/backend-production-v0.4-live""}"
"urn:uuid:b4e1892e-f364-5b95-baee-09657df9539b","lebl.ca.qa.live-manifest.ca.v1.9.complex-plane.polar-dot-product-exercise","topology","[""urn:uuid:a4efe832-5d03-5c86-9f0d-c740148d1394""]","pass","{""kind"":""file"",""locator"":""translation/TRANSLATION_MANIFEST.jsonl:ca.v1.9.complex-plane.polar-dot-product-exercise"",""sha256"":""sha256:47add6640ca54fd323ef5d94c652911e6fd45dc87979df15cdf4c596e7783fec""}","[""bounded unit QA"",""OpenAI Codex gpt-5.6-sol, Ultra""]","2026-08-23T00:00:00Z","active","","","","","","","","","{""check_type"":""topology"",""id"":""urn:uuid:b4e1892e-f364-5b95-baee-09657df9539b"",""note"":""independent natural-id-ID and structural audit; 11/11 mathematical payloads, 8/8 braces, 22/22 dollar delimiters, 2/2 environments, exact ell/theta/Re/bar/sabs/cos/R^2 inventories, and no mojibake; exercise remains unsolved; exact provenance OpenAI Codex gpt-5.6-sol, Ultra retained; full target 854 bytes SHA-256 43399108b5dd07ed39b92dfadacf64bbedab748674a3d1f23d884d671245e7e3"",""record_type"":""qa_event"",""recorded_at"":""2026-08-23T00:00:00Z"",""result"":""pass"",""schema_name"":""lebl.backend.record"",""schema_version"":""0.3.0"",""semantic_aliases"":[],""semantic_key"":""lebl.ca.qa.live-manifest.ca.v1.9.complex-plane.polar-dot-product-exercise"",""status"":""active"",""subject_ids"":[""urn:uuid:a4efe832-5d03-5c86-9f0d-c740148d1394""],""supersedes_id"":null,""toolchain"":[""bounded unit QA"",""OpenAI Codex gpt-5.6-sol, Ultra""],""witness"":{""kind"":""file"",""locator"":""translation/TRANSLATION_MANIFEST.jsonl:ca.v1.9.complex-plane.polar-dot-product-exercise"",""sha256"":""sha256:47add6640ca54fd323ef5d94c652911e6fd45dc87979df15cdf4c596e7783fec""},""workflow_id"":""01a01f57-a34b-7740-9717-596b8116910c/backend-production-v0.4-live""}"
"urn:uuid:b809adda-f395-5465-812f-bb8f4f7aa36c","lebl.ca.qa.live-manifest.ca.v1.9.complex-plane.polar-multiplication-powers","topology","[""urn:uuid:31bfb56e-37eb-5e3e-ba4d-fe58785f01bd""]","pass","{""kind"":""file"",""locator"":""translation/TRANSLATION_MANIFEST.jsonl:ca.v1.9.complex-plane.polar-multiplication-powers"",""sha256"":""sha256:44ab42ab5dc8f60a60a1aaeb681a3f51cf7811a6951372280623215024cc1d98""}","[""bounded unit QA"",""OpenAI Codex gpt-5.6-sol, Ultra""]","2026-08-23T00:00:00Z","active","","","","","","","","","{""check_type"":""topology"",""id"":""urn:uuid:b809adda-f395-5465-812f-bb8f4f7aa36c"",""note"":""independent natural-id-ID and structural audit; 5/5 mathematical segments, 19/19 braces, 8/8 dollar delimiters, 1/1 environment pair, exact frac/bigl/bigr/qquad/theta/psi/pi command inventories, and no mojibake; exact provenance OpenAI Codex gpt-5.6-sol, Ultra retained; full target 1014 bytes SHA-256 dcf42b7e5c2a95a0766d360a6f201453830ab4a38389b470c35cdd600ec8aa38"",""record_type"":""qa_event"",""recorded_at"":""2026-08-23T00:00:00Z"",""result"":""pass"",""schema_name"":""lebl.backend.record"",""schema_version"":""0.3.0"",""semantic_aliases"":[],""semantic_key"":""lebl.ca.qa.live-manifest.ca.v1.9.complex-plane.polar-multiplication-powers"",""status"":""active"",""subject_ids"":[""urn:uuid:31bfb56e-37eb-5e3e-ba4d-fe58785f01bd""],""supersedes_id"":null,""toolchain"":[""bounded unit QA"",""OpenAI Codex gpt-5.6-sol, Ultra""],""witness"":{""kind"":""file"",""locator"":""translation/TRANSLATION_MANIFEST.jsonl:ca.v1.9.complex-plane.polar-multiplication-powers"",""sha256"":""sha256:44ab42ab5dc8f60a60a1aaeb681a3f51cf7811a6951372280623215024cc1d98""},""workflow_id"":""01a01f57-a34b-7740-9717-596b8116910c/backend-production-v0.4-live""}"
"urn:uuid:b8878842-b0c3-59fb-a584-9b3669e93e36","lebl.diffyqs.qa.live-manifest.diffyqs.v6.11.first-order.integrals-as-solutions.initial-value-definite-integral","topology","[""urn:uuid:1b111e58-2af9-5ce1-9783-f653b382f1de""]","pass","{""kind"":""file"",""locator"":""translation/TRANSLATION_MANIFEST.jsonl:diffyqs.v6.11.first-order.integrals-as-solutions.initial-value-definite-integral"",""sha256"":""sha256:842c0b53b5f6aa4fc606798327bc0888aa21010b4dd496da3b1d093a66a8ddd3""}","[""bounded unit QA"",""OpenAI Codex gpt-5.6-sol, Ultra""]","2026-08-23T00:00:00Z","active","","","","","","","","","{""check_type"":""topology"",""id"":""urn:uuid:b8878842-b0c3-59fb-a584-9b3669e93e36"",""note"":""deterministic receipt qa/r007-ch-first-order-ode-l0076-l0087-qa.txt plus independent bilingual review pass; 12/12 lines, formula, equation environment, label int:eqdef, command order, and mathematical claim sequence preserved; natural id-ID and standard kondisi awal, integral tentu, teorema dasar kalkulus, and solusi terminology confirmed; exact provenance OpenAI Codex gpt-5.6-sol, Ultra retained; full target 3477 bytes SHA-256 4d5ac6eb202388bd0d9c5bc324e607634bed11e7643c5654058e8bf4f5ec4756"",""record_type"":""qa_event"",""recorded_at"":""2026-08-23T00:00:00Z"",""result"":""pass"",""schema_name"":""lebl.backend.record"",""schema_version"":""0.3.0"",""semantic_aliases"":[],""semantic_key"":""lebl.diffyqs.qa.live-manifest.diffyqs.v6.11.first-order.integrals-as-solutions.initial-value-definite-integral"",""status"":""active"",""subject_ids"":[""urn:uuid:1b111e58-2af9-5ce1-9783-f653b382f1de""],""supersedes_id"":null,""toolchain"":[""bounded unit QA"",""OpenAI Codex gpt-5.6-sol, Ultra""],""witness"":{""kind"":""file"",""locator"":""translation/TRANSLATION_MANIFEST.jsonl:diffyqs.v6.11.first-order.integrals-as-solutions.initial-value-definite-integral"",""sha256"":""sha256:842c0b53b5f6aa4fc606798327bc0888aa21010b4dd496da3b1d093a66a8ddd3""},""workflow_id"":""01a01f57-a34b-7740-9717-596b8116910c/backend-production-v0.4-live""}"
"urn:uuid:ba96bd21-bf82-5d61-9076-cae0785706bc","lebl.ca.qa.live-manifest.ca.v1.9.complex-plane.exponential-lines-strips","topology","[""urn:uuid:5f65d650-b9fa-536c-af8c-fabb6b97e1b7""]","pass","{""kind"":""file"",""locator"":""translation/TRANSLATION_MANIFEST.jsonl:ca.v1.9.complex-plane.exponential-lines-strips"",""sha256"":""sha256:5c20fbc4656baff381086111ec102a147d67ad8e80dabdb2fd70423316b27da6""}","[""bounded unit QA"",""OpenAI Codex gpt-5.6-sol, Ultra""]","2026-08-23T00:00:00Z","active","","","","","","","","","{""check_type"":""topology"",""id"":""urn:uuid:ba96bd21-bf82-5d61-9076-cae0785706bc"",""note"":""independent natural-id-ID and structural/accessibility audit; 18/18 mathematical payloads, 20/20 braces, 30/30 dollar delimiters, 4/4 environments, exact commands/figure path/references/label, complete caption translation, exact closing separator, and no mojibake; exact provenance OpenAI Codex gpt-5.6-sol, Ultra retained; full target 1931 bytes SHA-256 cf9c27cb0cfc73e1ed69aec4e1d5801748426bab3100c0f1b3ed703043b86acf"",""record_type"":""qa_event"",""recorded_at"":""2026-08-23T00:00:00Z"",""result"":""pass"",""schema_name"":""lebl.backend.record"",""schema_version"":""0.3.0"",""semantic_aliases"":[],""semantic_key"":""lebl.ca.qa.live-manifest.ca.v1.9.complex-plane.exponential-lines-strips"",""status"":""active"",""subject_ids"":[""urn:uuid:5f65d650-b9fa-536c-af8c-fabb6b97e1b7""],""supersedes_id"":null,""toolchain"":[""bounded unit QA"",""OpenAI Codex gpt-5.6-sol, Ultra""],""witness"":{""kind"":""file"",""locator"":""translation/TRANSLATION_MANIFEST.jsonl:ca.v1.9.complex-plane.exponential-lines-strips"",""sha256"":""sha256:5c20fbc4656baff381086111ec102a147d67ad8e80dabdb2fd70423316b27da6""},""workflow_id"":""01a01f57-a34b-7740-9717-596b8116910c/backend-production-v0.4-live""}"
"urn:uuid:bbad1dfc-92d4-5b87-9ad6-d43bfccfb288","lebl.ra.qa.live-manifest.ra.v2.functions-as-limits.complex-plane.uniform-convergence-series","topology","[""urn:uuid:63cb8a8a-eb33-5fee-8cd1-5a97aa782607""]","pass","{""kind"":""file"",""locator"":""translation/TRANSLATION_MANIFEST.jsonl:ra.v2.functions-as-limits.complex-plane.uniform-convergence-series"",""sha256"":""sha256:c55ba269cc287546406b2fc26acb404c1b3dc791dd0838577d37cb3311084caf""}","[""bounded unit QA"",""OpenAI Codex gpt-5.6-sol, Ultra""]","2026-08-23T00:00:00Z","active","","","","","","","","","{""check_type"":""topology"",""id"":""urn:uuid:bbad1dfc-92d4-5b87-9ad6-d43bfccfb288"",""note"":""independent natural-id-ID and structural audit; 18/18 lines represented, 11/11 ordered-identical mathematical payloads, 4/4 environment boundaries, 19/19 command tokens, balanced braces, zero reader-facing English residue, and no mojibake; exact provenance OpenAI Codex gpt-5.6-sol, Ultra retained; no high-confidence source issue; full target 180882 bytes SHA-256 1079023c5344ef237ed8007f1e55416c532f02837cb4d755680924ac822705a96"",""record_type"":""qa_event"",""recorded_at"":""2026-08-23T00:00:00Z"",""result"":""pass"",""schema_name"":""lebl.backend.record"",""schema_version"":""0.3.0"",""semantic_aliases"":[],""semantic_key"":""lebl.ra.qa.live-manifest.ra.v2.functions-as-limits.complex-plane.uniform-convergence-series"",""status"":""active"",""subject_ids"":[""urn:uuid:63cb8a8a-eb33-5fee-8cd1-5a97aa782607""],""supersedes_id"":null,""toolchain"":[""bounded unit QA"",""OpenAI Codex gpt-5.6-sol, Ultra""],""witness"":{""kind"":""file"",""locator"":""translation/TRANSLATION_MANIFEST.jsonl:ra.v2.functions-as-limits.complex-plane.uniform-convergence-series"",""sha256"":""sha256:c55ba269cc287546406b2fc26acb404c1b3dc791dd0838577d37cb3311084caf""},""workflow_id"":""01a01f57-a34b-7740-9717-596b8116910c/backend-production-v0.4-live""}"
"urn:uuid:bc42743c-56c0-5ed6-99c2-439bd495df0f","lebl.ca.qa.live-manifest.ca.v1.9.complex-plane.conjugation-operator","topology","[""urn:uuid:8598ab9a-40df-5644-8729-e55b4d83d577""]","pass","{""kind"":""file"",""locator"":""translation/TRANSLATION_MANIFEST.jsonl:ca.v1.9.complex-plane.conjugation-operator"",""sha256"":""sha256:e5467afc7edd4c4cac73f190e279739e13a7e54ff6a4093a9a8cbdedbca4def5""}","[""bounded unit QA"",""OpenAI Codex gpt-5.6-sol, Ultra""]","2026-08-23T00:00:00Z","active","","","","","","","","","{""check_type"":""topology"",""id"":""urn:uuid:bc42743c-56c0-5ed6-99c2-439bd495df0f"",""note"":""independent natural-id-ID and structural audit; matrix segment exact, three opening and three closing braces, two unescaped math-dollar delimiters, exact smallmatrix/myquote commands, and zero mojibake; exact provenance OpenAI Codex gpt-5.6-sol, Ultra retained; full target 804 bytes SHA-256 79bb0d79a389dc7ce1f0a71afb757215fe35b7b1da929ee5fee3c959dfc9327b"",""record_type"":""qa_event"",""recorded_at"":""2026-08-23T00:00:00Z"",""result"":""pass"",""schema_name"":""lebl.backend.record"",""schema_version"":""0.3.0"",""semantic_aliases"":[],""semantic_key"":""lebl.ca.qa.live-manifest.ca.v1.9.complex-plane.conjugation-operator"",""status"":""active"",""subject_ids"":[""urn:uuid:8598ab9a-40df-5644-8729-e55b4d83d577""],""supersedes_id"":null,""toolchain"":[""bounded unit QA"",""OpenAI Codex gpt-5.6-sol, Ultra""],""witness"":{""kind"":""file"",""locator"":""translation/TRANSLATION_MANIFEST.jsonl:ca.v1.9.complex-plane.conjugation-operator"",""sha256"":""sha256:e5467afc7edd4c4cac73f190e279739e13a7e54ff6a4093a9a8cbdedbca4def5""},""workflow_id"":""01a01f57-a34b-7740-9717-596b8116910c/backend-production-v0.4-live""}"
"urn:uuid:bd173952-31e9-5db7-9c0d-03cf93853e7f","lebl.ca.qa.live-manifest.ca.v1.9.complex-plane.imaginary-unit-and-forms","topology","[""urn:uuid:94266451-e2c8-5334-bbe2-e89bac262baa""]","pass","{""kind"":""file"",""locator"":""translation/TRANSLATION_MANIFEST.jsonl:ca.v1.9.complex-plane.imaginary-unit-and-forms"",""sha256"":""sha256:3ec1302717ecbec9d7bda5d2367baeb1d63ea15a95ba886c024ada3b8ec9db28""}","[""bounded unit QA"",""OpenAI Codex gpt-5.6-sol, Ultra""]","2026-08-23T00:00:00Z","active","","","","","","","","","{""check_type"":""topology"",""id"":""urn:uuid:bd173952-31e9-5db7-9c0d-03cf93853e7f"",""note"":""independent natural-id-ID and structural audit; 18 ordered-identical math segments, 19 opening and 19 closing braces, 36 unescaped math-dollar delimiters, two begin/end environment pairs, exact command and glossary inventory, no mojibake; exact provenance OpenAI Codex gpt-5.6-sol, Ultra retained; full target 1511 bytes SHA-256 59229a86dcccdcd337109be466dea66b2760772e7d61239b00c376237df9c4a2"",""record_type"":""qa_event"",""recorded_at"":""2026-08-23T00:00:00Z"",""result"":""pass"",""schema_name"":""lebl.backend.record"",""schema_version"":""0.3.0"",""semantic_aliases"":[],""semantic_key"":""lebl.ca.qa.live-manifest.ca.v1.9.complex-plane.imaginary-unit-and-forms"",""status"":""active"",""subject_ids"":[""urn:uuid:94266451-e2c8-5334-bbe2-e89bac262baa""],""supersedes_id"":null,""toolchain"":[""bounded unit QA"",""OpenAI Codex gpt-5.6-sol, Ultra""],""witness"":{""kind"":""file"",""locator"":""translation/TRANSLATION_MANIFEST.jsonl:ca.v1.9.complex-plane.imaginary-unit-and-forms"",""sha256"":""sha256:3ec1302717ecbec9d7bda5d2367baeb1d63ea15a95ba886c024ada3b8ec9db28""},""workflow_id"":""01a01f57-a34b-7740-9717-596b8116910c/backend-production-v0.4-live""}"
"urn:uuid:be360ba4-0848-5544-a81d-befd6ffc087a","lebl.ca.qa.live-manifest.ca.v1.9.riemann-sphere.stereographic-projection","topology","[""urn:uuid:2f1daaf6-d93e-5d24-a7b6-0e4cd1778a1a""]","pass","{""kind"":""file"",""locator"":""translation/TRANSLATION_MANIFEST.jsonl:ca.v1.9.riemann-sphere.stereographic-projection"",""sha256"":""sha256:5a425bb757cc6629f94878499f50a91e7a0fc5920118c78e0b280d65a368c324""}","[""bounded unit QA"",""OpenAI Codex gpt-5.6-sol, Ultra""]","2026-08-23T00:00:00Z","active","","","","","","","","","{""check_type"":""topology"",""id"":""urn:uuid:be360ba4-0848-5544-a81d-befd6ffc087a"",""note"":""deterministic receipt translation/complex-analysis/qa-r008-riemann-sphere-stereographic-projection.json plus independent bilingual review pass after refining two occurrences to glossary-consistent metrik Euklides; 84/84 lines, 124 ordered TeX commands, 18 environment tokens, 52 inline-math payloads, three normalized display blocks, all protected IDs/xrefs/figure paths, and all three unsolved exercise states preserved; exact provenance OpenAI Codex gpt-5.6-sol, Ultra retained; full target 4091 bytes SHA-256 05aa56bc725b19e9b60632572a9abe8e89a73aca72ea946acffbef74ca1098e9"",""record_type"":""qa_event"",""recorded_at"":""2026-08-23T00:00:00Z"",""result"":""pass"",""schema_name"":""lebl.backend.record"",""schema_version"":""0.3.0"",""semantic_aliases"":[],""semantic_key"":""lebl.ca.qa.live-manifest.ca.v1.9.riemann-sphere.stereographic-projection"",""status"":""active"",""subject_ids"":[""urn:uuid:2f1daaf6-d93e-5d24-a7b6-0e4cd1778a1a""],""supersedes_id"":null,""toolchain"":[""bounded unit QA"",""OpenAI Codex gpt-5.6-sol, Ultra""],""witness"":{""kind"":""file"",""locator"":""translation/TRANSLATION_MANIFEST.jsonl:ca.v1.9.riemann-sphere.stereographic-projection"",""sha256"":""sha256:5a425bb757cc6629f94878499f50a91e7a0fc5920118c78e0b280d65a368c324""},""workflow_id"":""01a01f57-a34b-7740-9717-596b8116910c/backend-production-v0.4-live""}"
"urn:uuid:bf762e7c-9b6d-53b6-be39-a73b34b993a7","lebl.ca.qa.live-manifest.ca.v1.9.complex-plane.matrix-subring-exercise","topology","[""urn:uuid:e316c909-9cef-5c26-8839-7da5d01efd9a""]","pass","{""kind"":""file"",""locator"":""translation/TRANSLATION_MANIFEST.jsonl:ca.v1.9.complex-plane.matrix-subring-exercise"",""sha256"":""sha256:02d9753791f5c232c1b474c9cf06c472014e6b23cf08b80eefaccc12d59790f6""}","[""bounded unit QA"",""OpenAI Codex gpt-5.6-sol, Ultra""]","2026-08-23T00:00:00Z","active","","","","","","","","","{""check_type"":""topology"",""id"":""urn:uuid:bf762e7c-9b6d-53b6-be39-a73b34b993a7"",""note"":""independent natural-id-ID and structural audit; 2 opening and 1 closing environment (shared exbox intentionally continues), 4/4 braces, 2 math-dollar delimiters, exact eqref/R command inventory, no mojibake, and exercise left unsolved; exact provenance OpenAI Codex gpt-5.6-sol, Ultra retained; full target 829 bytes SHA-256 07674f7d3b8e5c50e29ef4bce2172565209d9a32d62c31940b30de18ac7ba02f"",""record_type"":""qa_event"",""recorded_at"":""2026-08-23T00:00:00Z"",""result"":""pass"",""schema_name"":""lebl.backend.record"",""schema_version"":""0.3.0"",""semantic_aliases"":[],""semantic_key"":""lebl.ca.qa.live-manifest.ca.v1.9.complex-plane.matrix-subring-exercise"",""status"":""active"",""subject_ids"":[""urn:uuid:e316c909-9cef-5c26-8839-7da5d01efd9a""],""supersedes_id"":null,""toolchain"":[""bounded unit QA"",""OpenAI Codex gpt-5.6-sol, Ultra""],""witness"":{""kind"":""file"",""locator"":""translation/TRANSLATION_MANIFEST.jsonl:ca.v1.9.complex-plane.matrix-subring-exercise"",""sha256"":""sha256:02d9753791f5c232c1b474c9cf06c472014e6b23cf08b80eefaccc12d59790f6""},""workflow_id"":""01a01f57-a34b-7740-9717-596b8116910c/backend-production-v0.4-live""}"
"urn:uuid:c0599205-f82a-557a-8087-d04252b4f9dc","lebl.ca.qa.live-manifest.ca.v1.9.complex-plane.complex-numbers-as-plane","topology","[""urn:uuid:c98ef29a-3be0-58b3-9120-628991ca646a""]","pass","{""kind"":""file"",""locator"":""translation/TRANSLATION_MANIFEST.jsonl:ca.v1.9.complex-plane.complex-numbers-as-plane"",""sha256"":""sha256:5a2a5038f779c1b456f3318be78894c2e2233db9f49514f68c8d06d802bca4a6""}","[""bounded unit QA"",""OpenAI Codex gpt-5.6-sol, Ultra""]","2026-08-23T00:00:00Z","active","","","","","","","","","{""check_type"":""topology"",""id"":""urn:uuid:c0599205-f82a-557a-8087-d04252b4f9dc"",""note"":""independent natural-id-ID and structural audit; nine ordered-identical math segments, 24 opening and 24 closing braces, 18 unescaped math-dollar delimiters, three begin/end environment pairs, exact command inventory and labels/glossary hooks, no mojibake; exact provenance OpenAI Codex gpt-5.6-sol, Ultra retained; full target 1639 bytes SHA-256 40c7c7e324271fd029415bf32fea8662d0c1b2c4ebc0997b35dc1981fa9d53b7"",""record_type"":""qa_event"",""recorded_at"":""2026-08-23T00:00:00Z"",""result"":""pass"",""schema_name"":""lebl.backend.record"",""schema_version"":""0.3.0"",""semantic_aliases"":[],""semantic_key"":""lebl.ca.qa.live-manifest.ca.v1.9.complex-plane.complex-numbers-as-plane"",""status"":""active"",""subject_ids"":[""urn:uuid:c98ef29a-3be0-58b3-9120-628991ca646a""],""supersedes_id"":null,""toolchain"":[""bounded unit QA"",""OpenAI Codex gpt-5.6-sol, Ultra""],""witness"":{""kind"":""file"",""locator"":""translation/TRANSLATION_MANIFEST.jsonl:ca.v1.9.complex-plane.complex-numbers-as-plane"",""sha256"":""sha256:5a2a5038f779c1b456f3318be78894c2e2233db9f49514f68c8d06d802bca4a6""},""workflow_id"":""01a01f57-a34b-7740-9717-596b8116910c/backend-production-v0.4-live""}"
"urn:uuid:c0c8309e-17e0-510e-9f34-9a1c9294293d","lebl.ra.qa.live-manifest.ra.v2.functions-as-limits.complex-plane.differentiation","topology","[""urn:uuid:5b883c5f-853b-5340-8147-91764cf949db""]","pass","{""kind"":""file"",""locator"":""translation/TRANSLATION_MANIFEST.jsonl:ra.v2.functions-as-limits.complex-plane.differentiation"",""sha256"":""sha256:a0abe3f38b2abc5bc3e63b6da1969bbb378817206686dd5fd86ed7ed76b3a4bc""}","[""bounded unit QA"",""OpenAI Codex gpt-5.6-sol, Ultra""]","2026-08-23T00:00:00Z","active","","","","","","","","","{""check_type"":""topology"",""id"":""urn:uuid:c0c8309e-17e0-510e-9f34-9a1c9294293d"",""note"":""deterministic receipt qa/r006_differentiation_778-955_qa.md plus independent bilingual review pass; 178/178 lines, 240 TeX commands, 28 environment tokens, seven labels/xrefs, two graphic identifiers, one URL, 58 mathematical fragments, and all theorem/example content preserved exactly apart from localized text; natural mathematical id-ID and established diferensiabel, konvergen seragam, hasil bagi selisih, uji-M, and polinom terminology confirmed; exact provenance OpenAI Codex gpt-5.6-sol, Ultra retained; full target 182042 bytes SHA-256 ce2a596fbda44304baa4c409eda0b200204a297594e4cd49b6f275944c16cd9b"",""record_type"":""qa_event"",""recorded_at"":""2026-08-23T00:00:00Z"",""result"":""pass"",""schema_name"":""lebl.backend.record"",""schema_version"":""0.3.0"",""semantic_aliases"":[],""semantic_key"":""lebl.ra.qa.live-manifest.ra.v2.functions-as-limits.complex-plane.differentiation"",""status"":""active"",""subject_ids"":[""urn:uuid:5b883c5f-853b-5340-8147-91764cf949db""],""supersedes_id"":null,""toolchain"":[""bounded unit QA"",""OpenAI Codex gpt-5.6-sol, Ultra""],""witness"":{""kind"":""file"",""locator"":""translation/TRANSLATION_MANIFEST.jsonl:ra.v2.functions-as-limits.complex-plane.differentiation"",""sha256"":""sha256:a0abe3f38b2abc5bc3e63b6da1969bbb378817206686dd5fd86ed7ed76b3a4bc""},""workflow_id"":""01a01f57-a34b-7740-9717-596b8116910c/backend-production-v0.4-live""}"
"urn:uuid:c738a6d2-8ae4-5146-bd6c-74f141ffe498","lebl.ca.qa.live-manifest.ca.v1.9.complex-plane.exponential-mapping-exercises","topology","[""urn:uuid:61bdf962-f54f-54d2-ae3d-f96fb76806e2""]","pass","{""kind"":""file"",""locator"":""translation/TRANSLATION_MANIFEST.jsonl:ca.v1.9.complex-plane.exponential-mapping-exercises"",""sha256"":""sha256:818f59dcbd85ebb78cc1f16d952528a0eb7ec15aad560bb286645e4ec5ec97e2""}","[""bounded unit QA"",""OpenAI Codex gpt-5.6-sol, Ultra""]","2026-08-23T00:00:00Z","active","","","","","","","","","{""check_type"":""topology"",""id"":""urn:uuid:c738a6d2-8ae4-5146-bd6c-74f141ffe498"",""note"":""independent natural-id-ID and structural audit; 13/13 mathematical payloads, 9/9 braces, 26/26 dollar delimiters, 3/3 environments, exact commands/label/equation-reference/comment inventories, and no mojibake; exercises remain unsolved; exact provenance OpenAI Codex gpt-5.6-sol, Ultra retained; full target 1017 bytes SHA-256 3db988ba73d32cab91d46db8179fd3ae5b69cb3dd0edc742977d66840a5fa07d"",""record_type"":""qa_event"",""recorded_at"":""2026-08-23T00:00:00Z"",""result"":""pass"",""schema_name"":""lebl.backend.record"",""schema_version"":""0.3.0"",""semantic_aliases"":[],""semantic_key"":""lebl.ca.qa.live-manifest.ca.v1.9.complex-plane.exponential-mapping-exercises"",""status"":""active"",""subject_ids"":[""urn:uuid:61bdf962-f54f-54d2-ae3d-f96fb76806e2""],""supersedes_id"":null,""toolchain"":[""bounded unit QA"",""OpenAI Codex gpt-5.6-sol, Ultra""],""witness"":{""kind"":""file"",""locator"":""translation/TRANSLATION_MANIFEST.jsonl:ca.v1.9.complex-plane.exponential-mapping-exercises"",""sha256"":""sha256:818f59dcbd85ebb78cc1f16d952528a0eb7ec15aad560bb286645e4ec5ec97e2""},""workflow_id"":""01a01f57-a34b-7740-9717-596b8116910c/backend-production-v0.4-live""}"
"urn:uuid:cd3a457a-e3ba-5a7e-81f4-8abd385d1e27","lebl.ca.qa.live-manifest.ca.v1.9.complex-plane.integral-triangle-exercise","topology","[""urn:uuid:e24da162-6378-54ca-8dc3-a54274255b81""]","pass","{""kind"":""file"",""locator"":""translation/TRANSLATION_MANIFEST.jsonl:ca.v1.9.complex-plane.integral-triangle-exercise"",""sha256"":""sha256:0046e4a732028ceb13c2ec5a6a82edc7e3c48f9fe65ed901ce73c726422740f4""}","[""bounded unit QA"",""OpenAI Codex gpt-5.6-sol, Ultra""]","2026-08-23T00:00:00Z","active","","","","","","","","","{""check_type"":""topology"",""id"":""urn:uuid:cd3a457a-e3ba-5a7e-81f4-8abd385d1e27"",""note"":""independent natural-id-ID and structural audit; four opening and four closing braces, no math delimiters, two begin/end pairs, exact option hook, zero mojibake; hint preserved and no solution invented; exact provenance OpenAI Codex gpt-5.6-sol, Ultra retained; full target 578 bytes SHA-256 e98f9c0056ef71f077ffb2f0ee529db350c74d32b80a02dfabb547f2556a114d"",""record_type"":""qa_event"",""recorded_at"":""2026-08-23T00:00:00Z"",""result"":""pass"",""schema_name"":""lebl.backend.record"",""schema_version"":""0.3.0"",""semantic_aliases"":[],""semantic_key"":""lebl.ca.qa.live-manifest.ca.v1.9.complex-plane.integral-triangle-exercise"",""status"":""active"",""subject_ids"":[""urn:uuid:e24da162-6378-54ca-8dc3-a54274255b81""],""supersedes_id"":null,""toolchain"":[""bounded unit QA"",""OpenAI Codex gpt-5.6-sol, Ultra""],""witness"":{""kind"":""file"",""locator"":""translation/TRANSLATION_MANIFEST.jsonl:ca.v1.9.complex-plane.integral-triangle-exercise"",""sha256"":""sha256:0046e4a732028ceb13c2ec5a6a82edc7e3c48f9fe65ed901ce73c726422740f4""},""workflow_id"":""01a01f57-a34b-7740-9717-596b8116910c/backend-production-v0.4-live""}"
"urn:uuid:cda19064-49c0-5486-8c8c-7a3476311c62","lebl.ra.qa.live-manifest.ra.v2.change-of-variables.proof-uniform-derivative-control","topology","[""urn:uuid:72dffb1e-71ea-5cb4-839c-88d2bb359893""]","pass","{""kind"":""file"",""locator"":""translation/TRANSLATION_MANIFEST.jsonl:ra.v2.change-of-variables.proof-uniform-derivative-control"",""sha256"":""sha256:88cb963816f537a7172b0234be1a3252f8d7d387762bad089d3365d6dff987b3""}","[""bounded unit QA"",""OpenAI Codex gpt-5.6-sol, Ultra""]","2026-08-23T00:00:00Z","active","","","","","","","","","{""check_type"":""topology"",""id"":""urn:uuid:cda19064-49c0-5486-8c8c-7a3476311c62"",""note"":""independent mathematical, natural-id-ID, and raw-math audit; all 15 inline/display mathematical payloads and proof sequence preserved; final zero-error converter, converged five-pass TeX build, extraction, fonts, and page 152 visual gate passed; receipt qa/builds/ra-id-volume2-change-vars-theorem-20260823/BUILD_RECEIPT.md"",""record_type"":""qa_event"",""recorded_at"":""2026-08-23T00:00:00Z"",""result"":""pass"",""schema_name"":""lebl.backend.record"",""schema_version"":""0.3.0"",""semantic_aliases"":[],""semantic_key"":""lebl.ra.qa.live-manifest.ra.v2.change-of-variables.proof-uniform-derivative-control"",""status"":""active"",""subject_ids"":[""urn:uuid:72dffb1e-71ea-5cb4-839c-88d2bb359893""],""supersedes_id"":null,""toolchain"":[""bounded unit QA"",""OpenAI Codex gpt-5.6-sol, Ultra""],""witness"":{""kind"":""file"",""locator"":""translation/TRANSLATION_MANIFEST.jsonl:ra.v2.change-of-variables.proof-uniform-derivative-control"",""sha256"":""sha256:88cb963816f537a7172b0234be1a3252f8d7d387762bad089d3365d6dff987b3""},""workflow_id"":""01a01f57-a34b-7740-9717-596b8116910c/backend-production-v0.4-live""}"
"urn:uuid:cfe47ff1-4420-5604-b1e3-b2b8cc427a1d","lebl.ca.qa.live-manifest.ca.v1.9.complex-plane.metric-distance","topology","[""urn:uuid:c6b59ceb-83cd-5370-82bf-c944f2cecc10""]","pass","{""kind"":""file"",""locator"":""translation/TRANSLATION_MANIFEST.jsonl:ca.v1.9.complex-plane.metric-distance"",""sha256"":""sha256:6a796dd16a2fdc7466051ca6d8a60d73eafc94ae26aec0283e0fcbec3f42e52f""}","[""bounded unit QA"",""OpenAI Codex gpt-5.6-sol, Ultra""]","2026-08-23T00:00:00Z","active","","","","","","","","","{""check_type"":""topology"",""id"":""urn:uuid:cfe47ff1-4420-5604-b1e3-b2b8cc427a1d"",""note"":""independent natural-id-ID and structural audit; three ordered-identical math segments, four opening and four closing braces, six unescaped math-dollar delimiters, one equation* pair, exact command/cross-reference inventory, and zero mojibake; exact provenance OpenAI Codex gpt-5.6-sol, Ultra retained; full target 669 bytes SHA-256 05b7e7de69448a710915dd09e91acf5400e6711815dd920e1f6151ab1b8245f6"",""record_type"":""qa_event"",""recorded_at"":""2026-08-23T00:00:00Z"",""result"":""pass"",""schema_name"":""lebl.backend.record"",""schema_version"":""0.3.0"",""semantic_aliases"":[],""semantic_key"":""lebl.ca.qa.live-manifest.ca.v1.9.complex-plane.metric-distance"",""status"":""active"",""subject_ids"":[""urn:uuid:c6b59ceb-83cd-5370-82bf-c944f2cecc10""],""supersedes_id"":null,""toolchain"":[""bounded unit QA"",""OpenAI Codex gpt-5.6-sol, Ultra""],""witness"":{""kind"":""file"",""locator"":""translation/TRANSLATION_MANIFEST.jsonl:ca.v1.9.complex-plane.metric-distance"",""sha256"":""sha256:6a796dd16a2fdc7466051ca6d8a60d73eafc94ae26aec0283e0fcbec3f42e52f""},""workflow_id"":""01a01f57-a34b-7740-9717-596b8116910c/backend-production-v0.4-live""}"
"urn:uuid:d5026f6a-652d-5660-9a88-fc4177dbce04","lebl.ra.qa.live-manifest.ra.v2.outer-measure.exercises","topology","[""urn:uuid:2abc84c8-21b0-53d9-aec0-54c44805f425""]","pass","{""kind"":""file"",""locator"":""translation/TRANSLATION_MANIFEST.jsonl:ra.v2.outer-measure.exercises"",""sha256"":""sha256:84819812996334898c1e534a3d8eda9aca1886bca1cc221bc1dcd469a2149153""}","[""bounded unit QA"",""OpenAI Codex gpt-5.6-sol, Ultra""]","2026-08-23T00:00:00Z","active","","","","","","","","","{""check_type"":""topology"",""id"":""urn:uuid:d5026f6a-652d-5660-9a88-fc4177dbce04"",""note"":""bounded structural/formula/accessibility replay, three independent mathematical/bilingual/continuity audits after ADV-0199 through ADV-0201, converter zero-error XML gate, converged three-pass 231-page TeX build, and visual inspection of physical pages 128-130; receipt qa/builds/ra-id-volume2-outer-measure-complete-20260822/BUILD_RECEIPT.md"",""record_type"":""qa_event"",""recorded_at"":""2026-08-23T00:00:00Z"",""result"":""pass"",""schema_name"":""lebl.backend.record"",""schema_version"":""0.3.0"",""semantic_aliases"":[],""semantic_key"":""lebl.ra.qa.live-manifest.ra.v2.outer-measure.exercises"",""status"":""active"",""subject_ids"":[""urn:uuid:2abc84c8-21b0-53d9-aec0-54c44805f425""],""supersedes_id"":null,""toolchain"":[""bounded unit QA"",""OpenAI Codex gpt-5.6-sol, Ultra""],""witness"":{""kind"":""file"",""locator"":""translation/TRANSLATION_MANIFEST.jsonl:ra.v2.outer-measure.exercises"",""sha256"":""sha256:84819812996334898c1e534a3d8eda9aca1886bca1cc221bc1dcd469a2149153""},""workflow_id"":""01a01f57-a34b-7740-9717-596b8116910c/backend-production-v0.4-live""}"
"urn:uuid:d522f56a-9787-50fd-963f-5209aba9c9a8","lebl.ca.qa.live-manifest.ca.v1.9.complex-plane.argument-multivalued","topology","[""urn:uuid:1717e68c-f4ad-576a-b1b4-fdcdaa89d385""]","pass","{""kind"":""file"",""locator"":""translation/TRANSLATION_MANIFEST.jsonl:ca.v1.9.complex-plane.argument-multivalued"",""sha256"":""sha256:04e6498e9b89e0dfccad7f0ec7df97162cd45f12d306d6d2d8c45b561031403f""}","[""bounded unit QA"",""OpenAI Codex gpt-5.6-sol, Ultra""]","2026-08-23T00:00:00Z","active","","","","","","","","","{""check_type"":""topology"",""id"":""urn:uuid:d522f56a-9787-50fd-963f-5209aba9c9a8"",""note"":""independent natural-id-ID and structural audit; 14/14 mathematical payloads, 18/18 braces, 24/24 dollar delimiters, 2/2 environments, exact command/glossary/footnote inventories, and no mojibake; exact provenance OpenAI Codex gpt-5.6-sol, Ultra retained; full target 1454 bytes SHA-256 cee0b61f334dac1b820281d66f0cedb26e4e97921eaeaea6a946646351257bd5"",""record_type"":""qa_event"",""recorded_at"":""2026-08-23T00:00:00Z"",""result"":""pass"",""schema_name"":""lebl.backend.record"",""schema_version"":""0.3.0"",""semantic_aliases"":[],""semantic_key"":""lebl.ca.qa.live-manifest.ca.v1.9.complex-plane.argument-multivalued"",""status"":""active"",""subject_ids"":[""urn:uuid:1717e68c-f4ad-576a-b1b4-fdcdaa89d385""],""supersedes_id"":null,""toolchain"":[""bounded unit QA"",""OpenAI Codex gpt-5.6-sol, Ultra""],""witness"":{""kind"":""file"",""locator"":""translation/TRANSLATION_MANIFEST.jsonl:ca.v1.9.complex-plane.argument-multivalued"",""sha256"":""sha256:04e6498e9b89e0dfccad7f0ec7df97162cd45f12d306d6d2d8c45b561031403f""},""workflow_id"":""01a01f57-a34b-7740-9717-596b8116910c/backend-production-v0.4-live""}"
"urn:uuid:d5e72354-fc91-5a20-88e4-fd7b8cf44e09","lebl.ra.qa.live-manifest.ra.v2.jordan-measurable.volume-definition","topology","[""urn:uuid:cf45b9ac-e51a-5ad4-be18-e6645e883763""]","pass","{""kind"":""file"",""locator"":""translation/TRANSLATION_MANIFEST.jsonl:ra.v2.jordan-measurable.volume-definition"",""sha256"":""sha256:22986769c250b66e185516ffa399c76b4d771426f8faea40a9ce0855e9528203""}","[""bounded unit QA"",""OpenAI Codex gpt-5.6-sol, Ultra""]","2026-08-23T00:00:00Z","active","","","","","","","","","{""check_type"":""topology"",""id"":""urn:uuid:d5e72354-fc91-5a20-88e4-fd7b8cf44e09"",""note"":""exact structural/formula/accessibility replay, three independent final mathematical/natural-Bahasa/topology audits after ADV-0211, converter zero-error XML gate, converged three-pass 233-page TeX build, text-extraction replay, and visual inspection of physical pages 138-139; receipt qa/builds/ra-id-volume2-jordan-volume-20260822/BUILD_RECEIPT.md"",""record_type"":""qa_event"",""recorded_at"":""2026-08-23T00:00:00Z"",""result"":""pass"",""schema_name"":""lebl.backend.record"",""schema_version"":""0.3.0"",""semantic_aliases"":[],""semantic_key"":""lebl.ra.qa.live-manifest.ra.v2.jordan-measurable.volume-definition"",""status"":""active"",""subject_ids"":[""urn:uuid:cf45b9ac-e51a-5ad4-be18-e6645e883763""],""supersedes_id"":null,""toolchain"":[""bounded unit QA"",""OpenAI Codex gpt-5.6-sol, Ultra""],""witness"":{""kind"":""file"",""locator"":""translation/TRANSLATION_MANIFEST.jsonl:ra.v2.jordan-measurable.volume-definition"",""sha256"":""sha256:22986769c250b66e185516ffa399c76b4d771426f8faea40a9ce0855e9528203""},""workflow_id"":""01a01f57-a34b-7740-9717-596b8116910c/backend-production-v0.4-live""}"
"urn:uuid:d691953e-93bc-5718-9b63-c54a5adb1e55","lebl.ra.qa.live-manifest.ra.v2.multivariable-integrals.rectangles-partitions","topology","[""urn:uuid:6fc772ee-acee-5f7c-bdc3-4fecbead138b""]","pass","{""kind"":""file"",""locator"":""translation/TRANSLATION_MANIFEST.jsonl:ra.v2.multivariable-integrals.rectangles-partitions"",""sha256"":""sha256:8382588b2ec5b24be26c5fc50473aae58390c98f87763aeebb49951e6a8fc8ec""}","[""bounded unit QA"",""OpenAI Codex gpt-5.6-sol, Ultra""]","2026-08-23T00:00:00Z","active","","","","","","","","","{""check_type"":""topology"",""id"":""urn:uuid:d691953e-93bc-5718-9b63-c54a5adb1e55"",""note"":""bounded structural and normalized-formula replay, two independent mathematical and bilingual/accessibility audits, ADV-0173, converter zero-error XML gate, and isolated 225-page TeX integration pass; receipt qa/builds/ra-id-volume2-multivar-rectangles-20260822/BUILD_RECEIPT.md"",""record_type"":""qa_event"",""recorded_at"":""2026-08-23T00:00:00Z"",""result"":""pass"",""schema_name"":""lebl.backend.record"",""schema_version"":""0.3.0"",""semantic_aliases"":[],""semantic_key"":""lebl.ra.qa.live-manifest.ra.v2.multivariable-integrals.rectangles-partitions"",""status"":""active"",""subject_ids"":[""urn:uuid:6fc772ee-acee-5f7c-bdc3-4fecbead138b""],""supersedes_id"":null,""toolchain"":[""bounded unit QA"",""OpenAI Codex gpt-5.6-sol, Ultra""],""witness"":{""kind"":""file"",""locator"":""translation/TRANSLATION_MANIFEST.jsonl:ra.v2.multivariable-integrals.rectangles-partitions"",""sha256"":""sha256:8382588b2ec5b24be26c5fc50473aae58390c98f87763aeebb49951e6a8fc8ec""},""workflow_id"":""01a01f57-a34b-7740-9717-596b8116910c/backend-production-v0.4-live""}"
"urn:uuid:d8401618-e1ab-555a-8366-e2bec58f727d","lebl.ra.qa.live-manifest.ra.v2.riemann-integrable.oscillation-continuity","topology","[""urn:uuid:f7fdff39-af49-5911-a4c6-35afbf1c9eb1""]","pass","{""kind"":""file"",""locator"":""translation/TRANSLATION_MANIFEST.jsonl:ra.v2.riemann-integrable.oscillation-continuity"",""sha256"":""sha256:e65365b2d2b9bc81561859bd3fdd1fce6907392803452c700d4bfac7b4103e4a""}","[""bounded unit QA"",""OpenAI Codex gpt-5.6-sol, Ultra""]","2026-08-23T00:00:00Z","active","","","","","","","","","{""check_type"":""topology"",""id"":""urn:uuid:d8401618-e1ab-555a-8366-e2bec58f727d"",""note"":""bounded structural/formula/accessibility replay, three independent final mathematical/bilingual/topology audits after ADV-0202 through ADV-0205, converter zero-error XML gate, converged three-pass 231-page TeX build, text-extraction replay, and visual inspection of physical pages 131-132; receipt qa/builds/ra-id-volume2-oscillation-continuity-20260822/BUILD_RECEIPT.md"",""record_type"":""qa_event"",""recorded_at"":""2026-08-23T00:00:00Z"",""result"":""pass"",""schema_name"":""lebl.backend.record"",""schema_version"":""0.3.0"",""semantic_aliases"":[],""semantic_key"":""lebl.ra.qa.live-manifest.ra.v2.riemann-integrable.oscillation-continuity"",""status"":""active"",""subject_ids"":[""urn:uuid:f7fdff39-af49-5911-a4c6-35afbf1c9eb1""],""supersedes_id"":null,""toolchain"":[""bounded unit QA"",""OpenAI Codex gpt-5.6-sol, Ultra""],""witness"":{""kind"":""file"",""locator"":""translation/TRANSLATION_MANIFEST.jsonl:ra.v2.riemann-integrable.oscillation-continuity"",""sha256"":""sha256:e65365b2d2b9bc81561859bd3fdd1fce6907392803452c700d4bfac7b4103e4a""},""workflow_id"":""01a01f57-a34b-7740-9717-596b8116910c/backend-production-v0.4-live""}"
"urn:uuid:d9584bcb-ed92-5a10-a32f-129670f4a264","lebl.ra.qa.live-manifest.ra.v2.change-of-variables.linear-volume-scaling","topology","[""urn:uuid:220fae1d-9642-53ef-a833-0cc964439929""]","pass","{""kind"":""file"",""locator"":""translation/TRANSLATION_MANIFEST.jsonl:ra.v2.change-of-variables.linear-volume-scaling"",""sha256"":""sha256:3dfc58f632c8d00594320eb14d71bdb8b97f6f68b0479580cd4f04998a696b55""}","[""bounded unit QA"",""OpenAI Codex gpt-5.6-sol, Ultra""]","2026-08-23T00:00:00Z","active","","","","","","","","","{""check_type"":""topology"",""id"":""urn:uuid:d9584bcb-ed92-5a10-a32f-129670f4a264"",""note"":""independent mathematical and natural-id-ID audit; all four mathematical payloads and proposition/proof topology preserved; final zero-error converter, converged five-pass TeX build, extraction, fonts, and page 151 visual gate passed; receipt qa/builds/ra-id-volume2-change-vars-theorem-20260823/BUILD_RECEIPT.md"",""record_type"":""qa_event"",""recorded_at"":""2026-08-23T00:00:00Z"",""result"":""pass"",""schema_name"":""lebl.backend.record"",""schema_version"":""0.3.0"",""semantic_aliases"":[],""semantic_key"":""lebl.ra.qa.live-manifest.ra.v2.change-of-variables.linear-volume-scaling"",""status"":""active"",""subject_ids"":[""urn:uuid:220fae1d-9642-53ef-a833-0cc964439929""],""supersedes_id"":null,""toolchain"":[""bounded unit QA"",""OpenAI Codex gpt-5.6-sol, Ultra""],""witness"":{""kind"":""file"",""locator"":""translation/TRANSLATION_MANIFEST.jsonl:ra.v2.change-of-variables.linear-volume-scaling"",""sha256"":""sha256:3dfc58f632c8d00594320eb14d71bdb8b97f6f68b0479580cd4f04998a696b55""},""workflow_id"":""01a01f57-a34b-7740-9717-596b8116910c/backend-production-v0.4-live""}"
"urn:uuid:da344523-947a-563a-90bf-8b95a9348b2c","lebl.ra.qa.live-manifest.ra.v2.path-integrals.function","topology","[""urn:uuid:821e0a4c-b8a1-5af3-8c3b-1cae29b26bdb""]","pass","{""kind"":""file"",""locator"":""translation/TRANSLATION_MANIFEST.jsonl:ra.v2.path-integrals.function"",""sha256"":""sha256:7966d963e27d06c1fd6866e450635ffd1ae987b33d5fa826404e675863ea5680""}","[""bounded unit QA"",""OpenAI Codex gpt-5.6-sol, Ultra""]","2026-08-23T00:00:00Z","active","","","","","","","","","{""check_type"":""topology"",""id"":""urn:uuid:da344523-947a-563a-90bf-8b95a9348b2c"",""note"":""bounded structural and formula replay plus independent bilingual/accessibility audit and independent theorem/proof/example audit, including ADV-0148 through ADV-0154"",""record_type"":""qa_event"",""recorded_at"":""2026-08-23T00:00:00Z"",""result"":""pass"",""schema_name"":""lebl.backend.record"",""schema_version"":""0.3.0"",""semantic_aliases"":[],""semantic_key"":""lebl.ra.qa.live-manifest.ra.v2.path-integrals.function"",""status"":""active"",""subject_ids"":[""urn:uuid:821e0a4c-b8a1-5af3-8c3b-1cae29b26bdb""],""supersedes_id"":null,""toolchain"":[""bounded unit QA"",""OpenAI Codex gpt-5.6-sol, Ultra""],""witness"":{""kind"":""file"",""locator"":""translation/TRANSLATION_MANIFEST.jsonl:ra.v2.path-integrals.function"",""sha256"":""sha256:7966d963e27d06c1fd6866e450635ffd1ae987b33d5fa826404e675863ea5680""},""workflow_id"":""01a01f57-a34b-7740-9717-596b8116910c/backend-production-v0.4-live""}"
"urn:uuid:db5ef254-232b-54aa-bf85-0bebd21af8c5","lebl.ca.qa.live-manifest.ca.v1.9.complex-plane.real-linear-map-exercise","topology","[""urn:uuid:54bc242f-01ea-57f7-bccb-570fbba067cd""]","pass","{""kind"":""file"",""locator"":""translation/TRANSLATION_MANIFEST.jsonl:ca.v1.9.complex-plane.real-linear-map-exercise"",""sha256"":""sha256:9f46cf4991a113d78790b33253879b3bb0fa9e55de1d740f0fceb8925fdf9791""}","[""bounded unit QA"",""OpenAI Codex gpt-5.6-sol, Ultra""]","2026-08-23T00:00:00Z","active","","","","","","","","","{""check_type"":""topology"",""id"":""urn:uuid:db5ef254-232b-54aa-bf85-0bebd21af8c5"",""note"":""independent natural-id-ID and structural audit; 6/6 math segments exact, 4/4 braces, 12 math-dollar delimiters, exact label/xi/zeta/mapsto topology, no mojibake, and exercise left unsolved; exact provenance OpenAI Codex gpt-5.6-sol, Ultra retained; full target 674 bytes SHA-256 09215532b1a43d2b18beeae7e7e6bd2da5cb4ba35d7cf57745bf8d0d85f9266a"",""record_type"":""qa_event"",""recorded_at"":""2026-08-23T00:00:00Z"",""result"":""pass"",""schema_name"":""lebl.backend.record"",""schema_version"":""0.3.0"",""semantic_aliases"":[],""semantic_key"":""lebl.ca.qa.live-manifest.ca.v1.9.complex-plane.real-linear-map-exercise"",""status"":""active"",""subject_ids"":[""urn:uuid:54bc242f-01ea-57f7-bccb-570fbba067cd""],""supersedes_id"":null,""toolchain"":[""bounded unit QA"",""OpenAI Codex gpt-5.6-sol, Ultra""],""witness"":{""kind"":""file"",""locator"":""translation/TRANSLATION_MANIFEST.jsonl:ca.v1.9.complex-plane.real-linear-map-exercise"",""sha256"":""sha256:9f46cf4991a113d78790b33253879b3bb0fa9e55de1d740f0fceb8925fdf9791""},""workflow_id"":""01a01f57-a34b-7740-9717-596b8116910c/backend-production-v0.4-live""}"
"urn:uuid:dd7789a5-aa0f-5acb-81d6-6d382b382053","lebl.ra.qa.live-manifest.ra.v2.multivariable-integrals.opening","topology","[""urn:uuid:271fd9d0-c7d9-5d35-a223-e44fb8d06d79""]","pass","{""kind"":""file"",""locator"":""translation/TRANSLATION_MANIFEST.jsonl:ra.v2.multivariable-integrals.opening"",""sha256"":""sha256:3b1c6322fd26a39c73c686da175fc08da8bc5bcde93c985d441b192a82431d91""}","[""bounded unit QA"",""OpenAI Codex gpt-5.6-sol, Ultra""]","2026-08-23T00:00:00Z","active","","","","","","","","","{""check_type"":""topology"",""id"":""urn:uuid:dd7789a5-aa0f-5acb-81d6-6d382b382053"",""note"":""bounded exact structure and identifier replay plus independent mathematical and natural-id-ID audit"",""record_type"":""qa_event"",""recorded_at"":""2026-08-23T00:00:00Z"",""result"":""pass"",""schema_name"":""lebl.backend.record"",""schema_version"":""0.3.0"",""semantic_aliases"":[],""semantic_key"":""lebl.ra.qa.live-manifest.ra.v2.multivariable-integrals.opening"",""status"":""active"",""subject_ids"":[""urn:uuid:271fd9d0-c7d9-5d35-a223-e44fb8d06d79""],""supersedes_id"":null,""toolchain"":[""bounded unit QA"",""OpenAI Codex gpt-5.6-sol, Ultra""],""witness"":{""kind"":""file"",""locator"":""translation/TRANSLATION_MANIFEST.jsonl:ra.v2.multivariable-integrals.opening"",""sha256"":""sha256:3b1c6322fd26a39c73c686da175fc08da8bc5bcde93c985d441b192a82431d91""},""workflow_id"":""01a01f57-a34b-7740-9717-596b8116910c/backend-production-v0.4-live""}"
"urn:uuid:de01bc98-ca78-5ff9-b10e-9e8c8f3efad9","lebl.ra.qa.live-manifest.ra.v2.functions-as-limits.complex-plane.uniform-norm-definition","topology","[""urn:uuid:8f1b67cc-21c0-56b8-8d2d-af538ac2d9bb""]","pass","{""kind"":""file"",""locator"":""translation/TRANSLATION_MANIFEST.jsonl:ra.v2.functions-as-limits.complex-plane.uniform-norm-definition"",""sha256"":""sha256:8b33fc81400cb74897c73b9677174baef6a62344a24475da651115339039e4a9""}","[""bounded unit QA"",""OpenAI Codex gpt-5.6-sol, Ultra""]","2026-08-23T00:00:00Z","active","","","","","","","","","{""check_type"":""topology"",""id"":""urn:uuid:de01bc98-ca78-5ff9-b10e-9e8c8f3efad9"",""note"":""independent natural-id-ID and structural audit; 12/12 lines, 4/4 ordered-identical mathematical payloads, 4/4 environment boundaries, 29/29 commands, three indexing/glossary hooks, balanced braces, and zero reader-facing English residue; exact provenance OpenAI Codex gpt-5.6-sol, Ultra retained; full target 180955 bytes SHA-256 08a5d1c3fe42b20f9c98c251eaeca4ef265d2d59e5233066b2e07d310cbf60e7"",""record_type"":""qa_event"",""recorded_at"":""2026-08-23T00:00:00Z"",""result"":""pass"",""schema_name"":""lebl.backend.record"",""schema_version"":""0.3.0"",""semantic_aliases"":[],""semantic_key"":""lebl.ra.qa.live-manifest.ra.v2.functions-as-limits.complex-plane.uniform-norm-definition"",""status"":""active"",""subject_ids"":[""urn:uuid:8f1b67cc-21c0-56b8-8d2d-af538ac2d9bb""],""supersedes_id"":null,""toolchain"":[""bounded unit QA"",""OpenAI Codex gpt-5.6-sol, Ultra""],""witness"":{""kind"":""file"",""locator"":""translation/TRANSLATION_MANIFEST.jsonl:ra.v2.functions-as-limits.complex-plane.uniform-norm-definition"",""sha256"":""sha256:8b33fc81400cb74897c73b9677174baef6a62344a24475da651115339039e4a9""},""workflow_id"":""01a01f57-a34b-7740-9717-596b8116910c/backend-production-v0.4-live""}"
"urn:uuid:de185d7a-9b91-541a-91ca-8ccddbd992d4","lebl.ra.qa.live-manifest.ra.v2.green-theorem.harmonic-mean-value-example","topology","[""urn:uuid:336049fc-47bb-5db0-b530-5b33a8a7207b""]","pass","{""kind"":""file"",""locator"":""translation/TRANSLATION_MANIFEST.jsonl:ra.v2.green-theorem.harmonic-mean-value-example"",""sha256"":""sha256:f746861bdc2ae2f118c4ab3f005d764e0b80117c6da7cb2848216db314e02ff5""}","[""bounded unit QA"",""OpenAI Codex gpt-5.6-sol, Ultra""]","2026-08-23T00:00:00Z","active","","","","","","","","","{""check_type"":""topology"",""id"":""urn:uuid:de185d7a-9b91-541a-91ca-8ccddbd992d4"",""note"":""independent mathematical, natural formal id-ID/terminology, and strict topology/formula audits; all 20 inline and all three display payloads raw-byte identical; exact example/split/xref topology preserved; zero-error converter with 672 unique IDs and 952 resolved references; converged 334-page Volume I and 235-page Volume II builds; all fonts embedded, extraction clean, and physical pages 148-149 visually inspected; receipt qa/builds/ra-id-volume2-green-harmonic-mean-value-20260823/BUILD_RECEIPT.md"",""record_type"":""qa_event"",""recorded_at"":""2026-08-23T00:00:00Z"",""result"":""pass"",""schema_name"":""lebl.backend.record"",""schema_version"":""0.3.0"",""semantic_aliases"":[],""semantic_key"":""lebl.ra.qa.live-manifest.ra.v2.green-theorem.harmonic-mean-value-example"",""status"":""active"",""subject_ids"":[""urn:uuid:336049fc-47bb-5db0-b530-5b33a8a7207b""],""supersedes_id"":null,""toolchain"":[""bounded unit QA"",""OpenAI Codex gpt-5.6-sol, Ultra""],""witness"":{""kind"":""file"",""locator"":""translation/TRANSLATION_MANIFEST.jsonl:ra.v2.green-theorem.harmonic-mean-value-example"",""sha256"":""sha256:f746861bdc2ae2f118c4ab3f005d764e0b80117c6da7cb2848216db314e02ff5""},""workflow_id"":""01a01f57-a34b-7740-9717-596b8116910c/backend-production-v0.4-live""}"
"urn:uuid:df83b935-1013-531d-a635-10150ebb303a","lebl.diffyqs.qa.live-manifest.diffyqs.v6.11.introduction.differential-equations-in-practice","topology","[""urn:uuid:24ab2c57-a46c-505b-b352-d44a726aeb67""]","pass","{""kind"":""file"",""locator"":""translation/TRANSLATION_MANIFEST.jsonl:diffyqs.v6.11.introduction.differential-equations-in-practice"",""sha256"":""sha256:157d3239a2b2180dfc179cc6a41c4b274f8baf75aa8bb36f8fdc057e848bccc1""}","[""bounded unit QA"",""OpenAI Codex gpt-5.6-sol, Ultra""]","2026-08-23T00:00:00Z","active","","","","","","","","","{""check_type"":""topology"",""id"":""urn:uuid:df83b935-1013-531d-a635-10150ebb303a"",""note"":""independent natural-id-ID and structural audit; 64/64 command inventories equal, 75/75 braces, 20/20 environment boundaries, 50/50 dollar markers, 7/7 myindex hooks, figure/diagram topology and labels preserved, only intentional in-math text so to jadi, and zero mojibake; exact provenance OpenAI Codex gpt-5.6-sol, Ultra retained; full target 22695 bytes SHA-256 f267c3cacc84cf3843639fc9864ee9941944cb5d8baf6c4a86f8472bd8233066"",""record_type"":""qa_event"",""recorded_at"":""2026-08-23T00:00:00Z"",""result"":""pass"",""schema_name"":""lebl.backend.record"",""schema_version"":""0.3.0"",""semantic_aliases"":[],""semantic_key"":""lebl.diffyqs.qa.live-manifest.diffyqs.v6.11.introduction.differential-equations-in-practice"",""status"":""active"",""subject_ids"":[""urn:uuid:24ab2c57-a46c-505b-b352-d44a726aeb67""],""supersedes_id"":null,""toolchain"":[""bounded unit QA"",""OpenAI Codex gpt-5.6-sol, Ultra""],""witness"":{""kind"":""file"",""locator"":""translation/TRANSLATION_MANIFEST.jsonl:diffyqs.v6.11.introduction.differential-equations-in-practice"",""sha256"":""sha256:157d3239a2b2180dfc179cc6a41c4b274f8baf75aa8bb36f8fdc057e848bccc1""},""workflow_id"":""01a01f57-a34b-7740-9717-596b8116910c/backend-production-v0.4-live""}"
"urn:uuid:e2d99912-e01f-5181-a165-454c6aa98b11","lebl.ra.qa.live-manifest.ra.v2.functions-as-limits.complex-plane.uniformly-cauchy-definition","topology","[""urn:uuid:3cd894f6-dd12-5721-b1f0-47e0c8e670e8""]","pass","{""kind"":""file"",""locator"":""translation/TRANSLATION_MANIFEST.jsonl:ra.v2.functions-as-limits.complex-plane.uniformly-cauchy-definition"",""sha256"":""sha256:5959a0cfe666d26c1c8f9173103f67c95ae7758c830a440e3abc7e88ad6e887f""}","[""bounded unit QA"",""OpenAI Codex gpt-5.6-sol, Ultra""]","2026-08-23T00:00:00Z","active","","","","","","","","","{""check_type"":""topology"",""id"":""urn:uuid:e2d99912-e01f-5181-a165-454c6aa98b11"",""note"":""independent natural-id-ID and structural audit; 19/19 lines, 15/15 ordered-identical mathematical payloads, 4/4 environment boundaries, 21/21 commands, myindex hook 1/1, balanced braces, and zero reader-facing English residue; exact provenance OpenAI Codex gpt-5.6-sol, Ultra retained; full target 180940 bytes SHA-256 733354121660ff1c327c17a2c3a899c08ed716e75ec12f730aaf14853c7e2fde"",""record_type"":""qa_event"",""recorded_at"":""2026-08-23T00:00:00Z"",""result"":""pass"",""schema_name"":""lebl.backend.record"",""schema_version"":""0.3.0"",""semantic_aliases"":[],""semantic_key"":""lebl.ra.qa.live-manifest.ra.v2.functions-as-limits.complex-plane.uniformly-cauchy-definition"",""status"":""active"",""subject_ids"":[""urn:uuid:3cd894f6-dd12-5721-b1f0-47e0c8e670e8""],""supersedes_id"":null,""toolchain"":[""bounded unit QA"",""OpenAI Codex gpt-5.6-sol, Ultra""],""witness"":{""kind"":""file"",""locator"":""translation/TRANSLATION_MANIFEST.jsonl:ra.v2.functions-as-limits.complex-plane.uniformly-cauchy-definition"",""sha256"":""sha256:5959a0cfe666d26c1c8f9173103f67c95ae7758c830a440e3abc7e88ad6e887f""},""workflow_id"":""01a01f57-a34b-7740-9717-596b8116910c/backend-production-v0.4-live""}"
"urn:uuid:e36cad8c-b011-5380-bf7f-d2ba84e852b7","lebl.ra.qa.live-manifest.ra.v2.outer-measure.interval-and-compact-null","topology","[""urn:uuid:803f3f3a-230f-539c-8a1d-2c6ab3b56966""]","pass","{""kind"":""file"",""locator"":""translation/TRANSLATION_MANIFEST.jsonl:ra.v2.outer-measure.interval-and-compact-null"",""sha256"":""sha256:49fe2b0f8988948c9237411c5564902a30f9c6a48448e7ced1bde69d212fbcc3""}","[""bounded unit QA"",""OpenAI Codex gpt-5.6-sol, Ultra""]","2026-08-23T00:00:00Z","active","","","","","","","","","{""check_type"":""topology"",""id"":""urn:uuid:e36cad8c-b011-5380-bf7f-d2ba84e852b7"",""note"":""bounded structural/formula/accessibility replay, three independent mathematical/bilingual/continuity audits after ADV-0192 repair, converter zero-error XML gate, converged three-pass 231-page TeX build, and visual inspection of physical pages 124-125; shared receipt qa/builds/ra-id-volume2-outer-measure-examples-images-20260822/BUILD_RECEIPT.md"",""record_type"":""qa_event"",""recorded_at"":""2026-08-23T00:00:00Z"",""result"":""pass"",""schema_name"":""lebl.backend.record"",""schema_version"":""0.3.0"",""semantic_aliases"":[],""semantic_key"":""lebl.ra.qa.live-manifest.ra.v2.outer-measure.interval-and-compact-null"",""status"":""active"",""subject_ids"":[""urn:uuid:803f3f3a-230f-539c-8a1d-2c6ab3b56966""],""supersedes_id"":null,""toolchain"":[""bounded unit QA"",""OpenAI Codex gpt-5.6-sol, Ultra""],""witness"":{""kind"":""file"",""locator"":""translation/TRANSLATION_MANIFEST.jsonl:ra.v2.outer-measure.interval-and-compact-null"",""sha256"":""sha256:49fe2b0f8988948c9237411c5564902a30f9c6a48448e7ced1bde69d212fbcc3""},""workflow_id"":""01a01f57-a34b-7740-9717-596b8116910c/backend-production-v0.4-live""}"
"urn:uuid:e4283d99-b843-5233-a15e-268f355381f1","lebl.ca.qa.live-manifest.ca.v1.9.complex-plane.principal-argument-continuity-exercise","topology","[""urn:uuid:cf4aaac8-38e2-5260-bb20-957be9bed6f1""]","pass","{""kind"":""file"",""locator"":""translation/TRANSLATION_MANIFEST.jsonl:ca.v1.9.complex-plane.principal-argument-continuity-exercise"",""sha256"":""sha256:5793a976374e83abd113e2e6d17fe96242da13b9639623cd125b963a72f8e023""}","[""bounded unit QA"",""OpenAI Codex gpt-5.6-sol, Ultra""]","2026-08-23T00:00:00Z","active","","","","","","","","","{""check_type"":""topology"",""id"":""urn:uuid:e4283d99-b843-5233-a15e-268f355381f1"",""note"":""independent natural-id-ID and structural audit; 2/2 mathematical payloads, 4/4 braces, 4/4 dollar delimiters, 2/2 environments, exact Arg/C/setminus inventories, and no mojibake; exercise remains unsolved; exact provenance OpenAI Codex gpt-5.6-sol, Ultra retained; full target 524 bytes SHA-256 7178ebc7a056d7eaa78b2f55ccc803d50c64b4b0575be7cafa95d25d752df513"",""record_type"":""qa_event"",""recorded_at"":""2026-08-23T00:00:00Z"",""result"":""pass"",""schema_name"":""lebl.backend.record"",""schema_version"":""0.3.0"",""semantic_aliases"":[],""semantic_key"":""lebl.ca.qa.live-manifest.ca.v1.9.complex-plane.principal-argument-continuity-exercise"",""status"":""active"",""subject_ids"":[""urn:uuid:cf4aaac8-38e2-5260-bb20-957be9bed6f1""],""supersedes_id"":null,""toolchain"":[""bounded unit QA"",""OpenAI Codex gpt-5.6-sol, Ultra""],""witness"":{""kind"":""file"",""locator"":""translation/TRANSLATION_MANIFEST.jsonl:ca.v1.9.complex-plane.principal-argument-continuity-exercise"",""sha256"":""sha256:5793a976374e83abd113e2e6d17fe96242da13b9639623cd125b963a72f8e023""},""workflow_id"":""01a01f57-a34b-7740-9717-596b8116910c/backend-production-v0.4-live""}"
"urn:uuid:e50872f9-fd7c-5953-863e-7af19f337815","lebl.ca.qa.live-manifest.ca.v1.9.complex-plane.complex-subring","topology","[""urn:uuid:198b5dd2-7108-5771-be95-4256d59d7820""]","pass","{""kind"":""file"",""locator"":""translation/TRANSLATION_MANIFEST.jsonl:ca.v1.9.complex-plane.complex-subring"",""sha256"":""sha256:684abadab420e908757f009eadc32a28bb745724eff53bfc4459d12bc73f17ed""}","[""bounded unit QA"",""OpenAI Codex gpt-5.6-sol, Ultra""]","2026-08-23T00:00:00Z","active","","","","","","","","","{""check_type"":""topology"",""id"":""urn:uuid:e50872f9-fd7c-5953-863e-7af19f337815"",""note"":""independent natural-id-ID and structural audit; two ordered-identical math segments, four unescaped math-dollar delimiters, exact R/times commands, and zero mojibake; exact provenance OpenAI Codex gpt-5.6-sol, Ultra retained; full target 703 bytes SHA-256 4adc60a7674536300a89c7644259a3bbbda6dc074371517e3ee4006e9608fb20"",""record_type"":""qa_event"",""recorded_at"":""2026-08-23T00:00:00Z"",""result"":""pass"",""schema_name"":""lebl.backend.record"",""schema_version"":""0.3.0"",""semantic_aliases"":[],""semantic_key"":""lebl.ca.qa.live-manifest.ca.v1.9.complex-plane.complex-subring"",""status"":""active"",""subject_ids"":[""urn:uuid:198b5dd2-7108-5771-be95-4256d59d7820""],""supersedes_id"":null,""toolchain"":[""bounded unit QA"",""OpenAI Codex gpt-5.6-sol, Ultra""],""witness"":{""kind"":""file"",""locator"":""translation/TRANSLATION_MANIFEST.jsonl:ca.v1.9.complex-plane.complex-subring"",""sha256"":""sha256:684abadab420e908757f009eadc32a28bb745724eff53bfc4459d12bc73f17ed""},""workflow_id"":""01a01f57-a34b-7740-9717-596b8116910c/backend-production-v0.4-live""}"
"urn:uuid:e6a57178-11ca-5ef6-a98b-750b9b53be96","lebl.ra.qa.live-manifest.ra.v2.outer-measure.definition-null-sets","topology","[""urn:uuid:4ac229d8-4c08-5538-8244-f29e8ca6ee7a""]","pass","{""kind"":""file"",""locator"":""translation/TRANSLATION_MANIFEST.jsonl:ra.v2.outer-measure.definition-null-sets"",""sha256"":""sha256:f1fef39e0107300f11664a3e9124811114f3d17904072590970014f786f2beeb""}","[""bounded unit QA"",""OpenAI Codex gpt-5.6-sol, Ultra""]","2026-08-23T00:00:00Z","active","","","","","","","","","{""check_type"":""topology"",""id"":""urn:uuid:e6a57178-11ca-5ef6-a98b-750b9b53be96"",""note"":""bounded structural/formula/accessibility replay, three independent mathematical/bilingual/structural audits, converter zero-error XML gate, converged three-pass 231-page TeX build, and visual inspection of physical page 120; shared receipt qa/builds/ra-id-volume2-outer-measure-balls-20260822/BUILD_RECEIPT.md"",""record_type"":""qa_event"",""recorded_at"":""2026-08-23T00:00:00Z"",""result"":""pass"",""schema_name"":""lebl.backend.record"",""schema_version"":""0.3.0"",""semantic_aliases"":[],""semantic_key"":""lebl.ra.qa.live-manifest.ra.v2.outer-measure.definition-null-sets"",""status"":""active"",""subject_ids"":[""urn:uuid:4ac229d8-4c08-5538-8244-f29e8ca6ee7a""],""supersedes_id"":null,""toolchain"":[""bounded unit QA"",""OpenAI Codex gpt-5.6-sol, Ultra""],""witness"":{""kind"":""file"",""locator"":""translation/TRANSLATION_MANIFEST.jsonl:ra.v2.outer-measure.definition-null-sets"",""sha256"":""sha256:f1fef39e0107300f11664a3e9124811114f3d17904072590970014f786f2beeb""},""workflow_id"":""01a01f57-a34b-7740-9717-596b8116910c/backend-production-v0.4-live""}"
"urn:uuid:e6f8032d-36fd-54c1-a0b4-b44556870419","lebl.ra.qa.live-manifest.ra.v2.functions-as-limits.complex-plane.opening","topology","[""urn:uuid:21128674-d98d-56fe-9460-5c796176da2c""]","pass","{""kind"":""file"",""locator"":""translation/TRANSLATION_MANIFEST.jsonl:ra.v2.functions-as-limits.complex-plane.opening"",""sha256"":""sha256:b648c0cbdd5b39051f31b00453600a381cf43782ac2cf3c6edfb29efc15f5453""}","[""bounded unit QA"",""OpenAI Codex gpt-5.6-sol, Ultra""]","2026-08-23T00:00:00Z","active","","","","","","","","","{""check_type"":""topology"",""id"":""urn:uuid:e6f8032d-36fd-54c1-a0b4-b44556870419"",""note"":""independent natural-id-ID and structural audit; 27 ordered-identical inline mathematical payloads, 8 ordered-identical environment boundaries, 3 labels, 1 figure reference, 44 ordered-identical command names, and zero reader-facing English residue; no high-confidence source defect; full target hash after contiguous continuation e922d4094c5afa68fda28eaa3a67588d5f07cc056d90ca5c80a1eaccbb3448c5"",""record_type"":""qa_event"",""recorded_at"":""2026-08-23T00:00:00Z"",""result"":""pass"",""schema_name"":""lebl.backend.record"",""schema_version"":""0.3.0"",""semantic_aliases"":[],""semantic_key"":""lebl.ra.qa.live-manifest.ra.v2.functions-as-limits.complex-plane.opening"",""status"":""active"",""subject_ids"":[""urn:uuid:21128674-d98d-56fe-9460-5c796176da2c""],""supersedes_id"":null,""toolchain"":[""bounded unit QA"",""OpenAI Codex gpt-5.6-sol, Ultra""],""witness"":{""kind"":""file"",""locator"":""translation/TRANSLATION_MANIFEST.jsonl:ra.v2.functions-as-limits.complex-plane.opening"",""sha256"":""sha256:b648c0cbdd5b39051f31b00453600a381cf43782ac2cf3c6edfb29efc15f5453""},""workflow_id"":""01a01f57-a34b-7740-9717-596b8116910c/backend-production-v0.4-live""}"
"urn:uuid:e8956149-f84e-5395-a35d-4936fa66aada","lebl.ra.qa.live-manifest.ra.v2.change-of-variables.opening","topology","[""urn:uuid:4e733f59-b73f-5da3-8214-5caf33da6c2c""]","pass","{""kind"":""file"",""locator"":""translation/TRANSLATION_MANIFEST.jsonl:ra.v2.change-of-variables.opening"",""sha256"":""sha256:5f27441faea53511b153dd1081d61900c73c48b1dfe4798d424e7e764078d149""}","[""bounded unit QA"",""OpenAI Codex gpt-5.6-sol, Ultra""]","2026-08-23T00:00:00Z","active","","","","","","","","","{""check_type"":""topology"",""id"":""urn:uuid:e8956149-f84e-5395-a35d-4936fa66aada"",""note"":""independent mathematical, final natural formal id-ID/terminology, and strict topology/raw-math audits; one-time Indonesian field-usage terminology evidence revalidated against downloaded arXiv TeX and the 60-page Universitas Terbuka fallback PDF; exact OpenAI Codex gpt-5.6-sol, Ultra provenance retained in every reader driver; all 17 inline and both display payloads raw-byte identical; zero-error converter with 672 unique IDs and 952 resolved references; converged 235-page Volume II QA build; all fonts embedded, extraction clean, and physical page 151 visually inspected; receipt qa/builds/ra-id-volume2-change-vars-opening-20260823/BUILD_RECEIPT.md"",""record_type"":""qa_event"",""recorded_at"":""2026-08-23T00:00:00Z"",""result"":""pass"",""schema_name"":""lebl.backend.record"",""schema_version"":""0.3.0"",""semantic_aliases"":[],""semantic_key"":""lebl.ra.qa.live-manifest.ra.v2.change-of-variables.opening"",""status"":""active"",""subject_ids"":[""urn:uuid:4e733f59-b73f-5da3-8214-5caf33da6c2c""],""supersedes_id"":null,""toolchain"":[""bounded unit QA"",""OpenAI Codex gpt-5.6-sol, Ultra""],""witness"":{""kind"":""file"",""locator"":""translation/TRANSLATION_MANIFEST.jsonl:ra.v2.change-of-variables.opening"",""sha256"":""sha256:5f27441faea53511b153dd1081d61900c73c48b1dfe4798d424e7e764078d149""},""workflow_id"":""01a01f57-a34b-7740-9717-596b8116910c/backend-production-v0.4-live""}"
"urn:uuid:e996c349-0f38-50e6-9aa8-389eb1e9faf1","lebl.ra.qa.live-manifest.ra.v2.outer-measure.cantor-set","topology","[""urn:uuid:5d2c8922-2535-5aea-a473-a042729eea71""]","pass","{""kind"":""file"",""locator"":""translation/TRANSLATION_MANIFEST.jsonl:ra.v2.outer-measure.cantor-set"",""sha256"":""sha256:b0b4e3f09115750d95cf04dc5ff3710cf29f2e68c4e5fd0fdae44e573e013f5c""}","[""bounded unit QA"",""OpenAI Codex gpt-5.6-sol, Ultra""]","2026-08-23T00:00:00Z","active","","","","","","","","","{""check_type"":""topology"",""id"":""urn:uuid:e996c349-0f38-50e6-9aa8-389eb1e9faf1"",""note"":""bounded structural/formula/accessibility replay, three independent mathematical/bilingual/continuity audits after ADV-0193 through ADV-0195 repairs, converter zero-error XML gate, converged three-pass 231-page TeX build, and visual inspection of physical pages 125-126; shared receipt qa/builds/ra-id-volume2-outer-measure-examples-images-20260822/BUILD_RECEIPT.md"",""record_type"":""qa_event"",""recorded_at"":""2026-08-23T00:00:00Z"",""result"":""pass"",""schema_name"":""lebl.backend.record"",""schema_version"":""0.3.0"",""semantic_aliases"":[],""semantic_key"":""lebl.ra.qa.live-manifest.ra.v2.outer-measure.cantor-set"",""status"":""active"",""subject_ids"":[""urn:uuid:5d2c8922-2535-5aea-a473-a042729eea71""],""supersedes_id"":null,""toolchain"":[""bounded unit QA"",""OpenAI Codex gpt-5.6-sol, Ultra""],""witness"":{""kind"":""file"",""locator"":""translation/TRANSLATION_MANIFEST.jsonl:ra.v2.outer-measure.cantor-set"",""sha256"":""sha256:b0b4e3f09115750d95cf04dc5ff3710cf29f2e68c4e5fd0fdae44e573e013f5c""},""workflow_id"":""01a01f57-a34b-7740-9717-596b8116910c/backend-production-v0.4-live""}"
"urn:uuid:ea6a9e56-c0c8-580c-8f06-bacb120d5b97","lebl.ra.qa.live-manifest.ra.v2.functions-as-limits.complex-plane.weierstrass-m-test-proof","topology","[""urn:uuid:340f0469-3c96-5ac8-87dd-766dfa5d72b9""]","pass","{""kind"":""file"",""locator"":""translation/TRANSLATION_MANIFEST.jsonl:ra.v2.functions-as-limits.complex-plane.weierstrass-m-test-proof"",""sha256"":""sha256:d92a24432d22c3238a5f80c106c640531f967bb40fa93d009d64a69ffe001d81""}","[""bounded unit QA"",""OpenAI Codex gpt-5.6-sol, Ultra""]","2026-08-23T00:00:00Z","active","","","","","","","","","{""check_type"":""topology"",""id"":""urn:uuid:ea6a9e56-c0c8-580c-8f06-bacb120d5b97"",""note"":""independent natural-id-ID and structural audit; 23/23 lines, 9/9 mathematical payloads, 8/8 environment boundaries, 37/37 commands, proposition reference 1/1, balanced braces, and zero reader-facing English residue; exact provenance OpenAI Codex gpt-5.6-sol, Ultra retained; full target 181168 bytes SHA-256 456516671b61b884493a38d2e6f29f88fc0006b272eca08b39b7cd81538317d3"",""record_type"":""qa_event"",""recorded_at"":""2026-08-23T00:00:00Z"",""result"":""pass"",""schema_name"":""lebl.backend.record"",""schema_version"":""0.3.0"",""semantic_aliases"":[],""semantic_key"":""lebl.ra.qa.live-manifest.ra.v2.functions-as-limits.complex-plane.weierstrass-m-test-proof"",""status"":""active"",""subject_ids"":[""urn:uuid:340f0469-3c96-5ac8-87dd-766dfa5d72b9""],""supersedes_id"":null,""toolchain"":[""bounded unit QA"",""OpenAI Codex gpt-5.6-sol, Ultra""],""witness"":{""kind"":""file"",""locator"":""translation/TRANSLATION_MANIFEST.jsonl:ra.v2.functions-as-limits.complex-plane.weierstrass-m-test-proof"",""sha256"":""sha256:d92a24432d22c3238a5f80c106c640531f967bb40fa93d009d64a69ffe001d81""},""workflow_id"":""01a01f57-a34b-7740-9717-596b8116910c/backend-production-v0.4-live""}"
"urn:uuid:ec226604-dfad-536b-aa7e-76427a81ed1c","lebl.diffyqs.qa.live-manifest.diffyqs.v6.11.introduction.notes-about-notes","topology","[""urn:uuid:1d46f797-20c7-5185-99df-5d7e5afd5389""]","pass","{""kind"":""file"",""locator"":""translation/TRANSLATION_MANIFEST.jsonl:diffyqs.v6.11.introduction.notes-about-notes"",""sha256"":""sha256:f80dca3bb6bef20c2aab731c6fa87c5668577bb80732b53d4210d41746ca1ed5""}","[""bounded unit QA"",""OpenAI Codex gpt-5.6-sol, Ultra""]","2026-08-23T00:00:00Z","active","","","","","","","","","{""check_type"":""topology"",""id"":""urn:uuid:ec226604-dfad-536b-aa7e-76427a81ed1c"",""note"":""independent natural-id-ID and structural audit; 24 ordered-identical TeX control sequences, labels intro:chapter and notes:section, six identical citation keys, 27 opening and 27 closing braces, zero display/environment boundaries, zero dollar-math markers, UTF-8 decode passed, zero mojibake and no omitted or added mathematical claims; exact provenance OpenAI Codex gpt-5.6-sol, Ultra retained; full target 1798 bytes SHA-256 0a3876e7507ff90274ecbfb6e52edcd1f9c45c00f0fd56bfc3a93ef7bc0e8aad"",""record_type"":""qa_event"",""recorded_at"":""2026-08-23T00:00:00Z"",""result"":""pass"",""schema_name"":""lebl.backend.record"",""schema_version"":""0.3.0"",""semantic_aliases"":[],""semantic_key"":""lebl.diffyqs.qa.live-manifest.diffyqs.v6.11.introduction.notes-about-notes"",""status"":""active"",""subject_ids"":[""urn:uuid:1d46f797-20c7-5185-99df-5d7e5afd5389""],""supersedes_id"":null,""toolchain"":[""bounded unit QA"",""OpenAI Codex gpt-5.6-sol, Ultra""],""witness"":{""kind"":""file"",""locator"":""translation/TRANSLATION_MANIFEST.jsonl:diffyqs.v6.11.introduction.notes-about-notes"",""sha256"":""sha256:f80dca3bb6bef20c2aab731c6fa87c5668577bb80732b53d4210d41746ca1ed5""},""workflow_id"":""01a01f57-a34b-7740-9717-596b8116910c/backend-production-v0.4-live""}"
"urn:uuid:ec4cb0d2-aa46-54de-a75a-edf48036ccc9","lebl.ra.qa.live-manifest.ra.v2.green-theorem.statement-and-type-domains","topology","[""urn:uuid:329a4313-43d4-5b37-9e1c-7c689f01291d""]","pass","{""kind"":""file"",""locator"":""translation/TRANSLATION_MANIFEST.jsonl:ra.v2.green-theorem.statement-and-type-domains"",""sha256"":""sha256:a01d69125b05ce8efbf6838fcd914fe1cf1d474c17206b7486af7aab48a12730""}","[""bounded unit QA"",""OpenAI Codex gpt-5.6-sol, Ultra""]","2026-08-23T00:00:00Z","active","","","","","","","","","{""check_type"":""topology"",""id"":""urn:uuid:ec4cb0d2-aa46-54de-a75a-edf48036ccc9"",""note"":""independent mathematical, natural-id-ID/terminology, and topology/accessibility audits; one-time Indonesian field-usage terminology QA with two propagated prior-term refinements; exact OpenAI Codex gpt-5.6-sol, Ultra provenance in every reader driver; zero-error converter with 672 unique IDs and 952 resolved references; converged 334-page Volume I and 233-page Volume II builds; embedded-font, extraction, and visual replay on affected pages; receipt qa/builds/ra-id-volume2-green-statement-types-20260822/BUILD_RECEIPT.md"",""record_type"":""qa_event"",""recorded_at"":""2026-08-23T00:00:00Z"",""result"":""pass"",""schema_name"":""lebl.backend.record"",""schema_version"":""0.3.0"",""semantic_aliases"":[],""semantic_key"":""lebl.ra.qa.live-manifest.ra.v2.green-theorem.statement-and-type-domains"",""status"":""active"",""subject_ids"":[""urn:uuid:329a4313-43d4-5b37-9e1c-7c689f01291d""],""supersedes_id"":null,""toolchain"":[""bounded unit QA"",""OpenAI Codex gpt-5.6-sol, Ultra""],""witness"":{""kind"":""file"",""locator"":""translation/TRANSLATION_MANIFEST.jsonl:ra.v2.green-theorem.statement-and-type-domains"",""sha256"":""sha256:a01d69125b05ce8efbf6838fcd914fe1cf1d474c17206b7486af7aab48a12730""},""workflow_id"":""01a01f57-a34b-7740-9717-596b8116910c/backend-production-v0.4-live""}"
"urn:uuid:efd51ab0-9c18-5771-a69a-05b730b0ac60","lebl.ra.qa.live-manifest.ra.v2.iterated-integrals.exercises","topology","[""urn:uuid:1557e374-85ae-5893-80d7-154897af9f62""]","pass","{""kind"":""file"",""locator"":""translation/TRANSLATION_MANIFEST.jsonl:ra.v2.iterated-integrals.exercises"",""sha256"":""sha256:32c7dfbb05c62aa389cb9668f9b8ff5a31a46c068d90f5b500ccb99170755946""}","[""bounded unit QA"",""OpenAI Codex gpt-5.6-sol, Ultra""]","2026-08-23T00:00:00Z","active","","","","","","","","","{""check_type"":""topology"",""id"":""urn:uuid:efd51ab0-9c18-5771-a69a-05b730b0ac60"",""note"":""bounded structural and normalized-formula replay, three independent mathematical/bilingual/structural/pathological-example audits after repair, ADV-0187 and ADV-0188, converter zero-error XML gate, two converged 229-page TeX passes, and visual inspection of physical pages 118-120; receipt qa/builds/ra-id-volume2-fubini-exercises-20260822/BUILD_RECEIPT.md"",""record_type"":""qa_event"",""recorded_at"":""2026-08-23T00:00:00Z"",""result"":""pass"",""schema_name"":""lebl.backend.record"",""schema_version"":""0.3.0"",""semantic_aliases"":[],""semantic_key"":""lebl.ra.qa.live-manifest.ra.v2.iterated-integrals.exercises"",""status"":""active"",""subject_ids"":[""urn:uuid:1557e374-85ae-5893-80d7-154897af9f62""],""supersedes_id"":null,""toolchain"":[""bounded unit QA"",""OpenAI Codex gpt-5.6-sol, Ultra""],""witness"":{""kind"":""file"",""locator"":""translation/TRANSLATION_MANIFEST.jsonl:ra.v2.iterated-integrals.exercises"",""sha256"":""sha256:32c7dfbb05c62aa389cb9668f9b8ff5a31a46c068d90f5b500ccb99170755946""},""workflow_id"":""01a01f57-a34b-7740-9717-596b8116910c/backend-production-v0.4-live""}"
"urn:uuid:f0dc4c7e-8829-58a7-9a17-9cfef2c5a49c","lebl.ca.qa.live-manifest.ca.v1.9.complex-plane.upper-half-plane","topology","[""urn:uuid:eb7cc80b-43c9-5c7b-9604-55f1d7489d71""]","pass","{""kind"":""file"",""locator"":""translation/TRANSLATION_MANIFEST.jsonl:ca.v1.9.complex-plane.upper-half-plane"",""sha256"":""sha256:514aa2052203afb688c401fdb50e62060a9694b81fc93dd0261c5967aaa893dc""}","[""bounded unit QA"",""OpenAI Codex gpt-5.6-sol, Ultra""]","2026-08-23T00:00:00Z","active","","","","","","","","","{""check_type"":""topology"",""id"":""urn:uuid:f0dc4c7e-8829-58a7-9a17-9cfef2c5a49c"",""note"":""independent natural-id-ID and structural audit; two ordered-identical math segments, 10 opening and 10 closing braces, four unescaped math-dollar delimiters, one equation* pair, exact command/glossary hooks, and zero mojibake; exact provenance OpenAI Codex gpt-5.6-sol, Ultra retained; full target 785 bytes SHA-256 8c243c571f2b433d80c2efa22bf7dafdcbced03c02747f57561811eed81c60d9"",""record_type"":""qa_event"",""recorded_at"":""2026-08-23T00:00:00Z"",""result"":""pass"",""schema_name"":""lebl.backend.record"",""schema_version"":""0.3.0"",""semantic_aliases"":[],""semantic_key"":""lebl.ca.qa.live-manifest.ca.v1.9.complex-plane.upper-half-plane"",""status"":""active"",""subject_ids"":[""urn:uuid:eb7cc80b-43c9-5c7b-9604-55f1d7489d71""],""supersedes_id"":null,""toolchain"":[""bounded unit QA"",""OpenAI Codex gpt-5.6-sol, Ultra""],""witness"":{""kind"":""file"",""locator"":""translation/TRANSLATION_MANIFEST.jsonl:ca.v1.9.complex-plane.upper-half-plane"",""sha256"":""sha256:514aa2052203afb688c401fdb50e62060a9694b81fc93dd0261c5967aaa893dc""},""workflow_id"":""01a01f57-a34b-7740-9717-596b8116910c/backend-production-v0.4-live""}"
"urn:uuid:f2884153-946b-5299-b2ae-89169424af2d","lebl.ca.qa.live-manifest.ca.v1.9.riemann-sphere.infinity-arithmetic","topology","[""urn:uuid:6ab33327-908b-5687-8a23-867272d8c382""]","pass","{""kind"":""file"",""locator"":""translation/TRANSLATION_MANIFEST.jsonl:ca.v1.9.riemann-sphere.infinity-arithmetic"",""sha256"":""sha256:7b21213555d7f16b3d2fe2cb4ffa004559673b3f7f4e0e44e0958fdbdfe7c1f4""}","[""bounded unit QA"",""OpenAI Codex gpt-5.6-sol, Ultra""]","2026-08-23T00:00:00Z","active","","","","","","","","","{""check_type"":""topology"",""id"":""urn:uuid:f2884153-946b-5299-b2ae-89169424af2d"",""note"":""deterministic receipt translation/complex-analysis/qa-r008-riemann-sphere-infinity-arithmetic.json plus independent bilingual review pass; 58/58 lines, 97 ordered TeX commands, 45 mathematical spans, environments, label exercise:polygoesinf, comments, order, and the unsolved exercise state preserved; natural id-ID and consistent bola Riemann and bilangan real diperluas terminology confirmed; exact provenance OpenAI Codex gpt-5.6-sol, Ultra retained; full target 3129 bytes SHA-256 1c760b51c24c048ff0fd695c75c5dda705274d9fab698ef8a4003556755cbf76"",""record_type"":""qa_event"",""recorded_at"":""2026-08-23T00:00:00Z"",""result"":""pass"",""schema_name"":""lebl.backend.record"",""schema_version"":""0.3.0"",""semantic_aliases"":[],""semantic_key"":""lebl.ca.qa.live-manifest.ca.v1.9.riemann-sphere.infinity-arithmetic"",""status"":""active"",""subject_ids"":[""urn:uuid:6ab33327-908b-5687-8a23-867272d8c382""],""supersedes_id"":null,""toolchain"":[""bounded unit QA"",""OpenAI Codex gpt-5.6-sol, Ultra""],""witness"":{""kind"":""file"",""locator"":""translation/TRANSLATION_MANIFEST.jsonl:ca.v1.9.riemann-sphere.infinity-arithmetic"",""sha256"":""sha256:7b21213555d7f16b3d2fe2cb4ffa004559673b3f7f4e0e44e0958fdbdfe7c1f4""},""workflow_id"":""01a01f57-a34b-7740-9717-596b8116910c/backend-production-v0.4-live""}"
"urn:uuid:f30d8b57-7864-5efe-b612-6004f5660cba","lebl.ca.qa.live-manifest.ca.v1.9.complex-plane.opening","topology","[""urn:uuid:a8fd854b-2c22-54e6-9ba9-5370a03a0727""]","pass","{""kind"":""file"",""locator"":""translation/TRANSLATION_MANIFEST.jsonl:ca.v1.9.complex-plane.opening"",""sha256"":""sha256:dc66cb6af39920c7116eee0cdb2581be7b53540e2c7c6f174e3b8f77cbe8f688""}","[""bounded unit QA"",""OpenAI Codex gpt-5.6-sol, Ultra""]","2026-08-23T00:00:00Z","active","","","","","","","","","{""check_type"":""topology"",""id"":""urn:uuid:f30d8b57-7864-5efe-b612-6004f5660cba"",""note"":""independent natural-id-ID and structural audit; 16 ordered-identical math segments, 26 opening and 26 closing braces, 32 unescaped math-dollar delimiters, one myepigraph begin/end pair, exact command inventory and unchanged labels/glossary hooks, no unmatched delimiters or mojibake; exact provenance OpenAI Codex gpt-5.6-sol, Ultra retained; full target 3438 bytes SHA-256 b8429ed41de648809b77a549c58aeb9fd453007bab9806a9034a9a2bf9d66b37"",""record_type"":""qa_event"",""recorded_at"":""2026-08-23T00:00:00Z"",""result"":""pass"",""schema_name"":""lebl.backend.record"",""schema_version"":""0.3.0"",""semantic_aliases"":[],""semantic_key"":""lebl.ca.qa.live-manifest.ca.v1.9.complex-plane.opening"",""status"":""active"",""subject_ids"":[""urn:uuid:a8fd854b-2c22-54e6-9ba9-5370a03a0727""],""supersedes_id"":null,""toolchain"":[""bounded unit QA"",""OpenAI Codex gpt-5.6-sol, Ultra""],""witness"":{""kind"":""file"",""locator"":""translation/TRANSLATION_MANIFEST.jsonl:ca.v1.9.complex-plane.opening"",""sha256"":""sha256:dc66cb6af39920c7116eee0cdb2581be7b53540e2c7c6f174e3b8f77cbe8f688""},""workflow_id"":""01a01f57-a34b-7740-9717-596b8116910c/backend-production-v0.4-live""}"
"urn:uuid:f9a0eaae-67af-54c7-9cfc-9b9e3b811d98","lebl.diffyqs.qa.live-manifest.diffyqs.v6.11.introduction.introduction-to-differential-equations","topology","[""urn:uuid:5b56ee31-6fac-513b-9aa8-79fed7cdc8b1""]","pass","{""kind"":""file"",""locator"":""translation/TRANSLATION_MANIFEST.jsonl:diffyqs.v6.11.introduction.introduction-to-differential-equations"",""sha256"":""sha256:415ce1a007b2a20e8d1fef19cc04f93571a8e09f21da0a79e3bcd3e1d7bb043e""}","[""bounded unit QA"",""OpenAI Codex gpt-5.6-sol, Ultra""]","2026-08-23T00:00:00Z","active","","","","","","","","","{""check_type"":""topology"",""id"":""urn:uuid:f9a0eaae-67af-54c7-9cfc-9b9e3b811d98"",""note"":""independent natural-id-ID and structural audit; 24 ordered-identical command names, 22 opening and 22 closing braces, two environment pairs, eight inline math markers with identical payloads, exact differential-equation display payload, labels introde:section and eq1 retained, and zero mojibake; exact provenance OpenAI Codex gpt-5.6-sol, Ultra retained; full target 12826 bytes SHA-256 c600d627b86ffde011d9e3e90892be5cde61c5f0c8bf08363fa0598e62849a30"",""record_type"":""qa_event"",""recorded_at"":""2026-08-23T00:00:00Z"",""result"":""pass"",""schema_name"":""lebl.backend.record"",""schema_version"":""0.3.0"",""semantic_aliases"":[],""semantic_key"":""lebl.diffyqs.qa.live-manifest.diffyqs.v6.11.introduction.introduction-to-differential-equations"",""status"":""active"",""subject_ids"":[""urn:uuid:5b56ee31-6fac-513b-9aa8-79fed7cdc8b1""],""supersedes_id"":null,""toolchain"":[""bounded unit QA"",""OpenAI Codex gpt-5.6-sol, Ultra""],""witness"":{""kind"":""file"",""locator"":""translation/TRANSLATION_MANIFEST.jsonl:diffyqs.v6.11.introduction.introduction-to-differential-equations"",""sha256"":""sha256:415ce1a007b2a20e8d1fef19cc04f93571a8e09f21da0a79e3bcd3e1d7bb043e""},""workflow_id"":""01a01f57-a34b-7740-9717-596b8116910c/backend-production-v0.4-live""}"
"urn:uuid:f9ee910d-6e8e-5239-b5ac-dbc0a753b764","lebl.ra.qa.live-manifest.ra.v2.functions-as-limits.complex-plane.complex-valued-functions","topology","[""urn:uuid:cf1573b1-825c-5a60-b889-d60afd97a946""]","pass","{""kind"":""file"",""locator"":""translation/TRANSLATION_MANIFEST.jsonl:ra.v2.functions-as-limits.complex-plane.complex-valued-functions"",""sha256"":""sha256:f50e23d6507f51ee319fbb28c42987960b58432b168f9ff3a2999c77ed5a5aa1""}","[""bounded unit QA"",""OpenAI Codex gpt-5.6-sol, Ultra""]","2026-08-23T00:00:00Z","active","","","","","","","","","{""check_type"":""topology"",""id"":""urn:uuid:f9ee910d-6e8e-5239-b5ac-dbc0a753b764"",""note"":""independent natural-id-ID, mathematical, and structural audit; 22 ordered-identical inline mathematical payloads, 4 ordered-identical environment-boundary tokens, 2 index commands with matching topology, glossary hook glsadd{not:mvder} preserved, 35 ordered-identical command names, one nonbreaking tilde preserved, 10 opening and 10 closing braces, zero reader-facing English residue, and no mojibake; exact provenance OpenAI Codex gpt-5.6-sol, Ultra retained; no high-confidence source issue; full target 180523 bytes SHA-256 8bf815a9e22b52ca236298be9ced84e54fc06b5d5a037954e68408fc897be6fa"",""record_type"":""qa_event"",""recorded_at"":""2026-08-23T00:00:00Z"",""result"":""pass"",""schema_name"":""lebl.backend.record"",""schema_version"":""0.3.0"",""semantic_aliases"":[],""semantic_key"":""lebl.ra.qa.live-manifest.ra.v2.functions-as-limits.complex-plane.complex-valued-functions"",""status"":""active"",""subject_ids"":[""urn:uuid:cf1573b1-825c-5a60-b889-d60afd97a946""],""supersedes_id"":null,""toolchain"":[""bounded unit QA"",""OpenAI Codex gpt-5.6-sol, Ultra""],""witness"":{""kind"":""file"",""locator"":""translation/TRANSLATION_MANIFEST.jsonl:ra.v2.functions-as-limits.complex-plane.complex-valued-functions"",""sha256"":""sha256:f50e23d6507f51ee319fbb28c42987960b58432b168f9ff3a2999c77ed5a5aa1""},""workflow_id"":""01a01f57-a34b-7740-9717-596b8116910c/backend-production-v0.4-live""}"
"urn:uuid:fa1d7766-4dfe-51e9-ac92-2ff053e3fa07","lebl.ra.qa.live-manifest.ra.v2.iterated-integrals.fubini-a-statement","topology","[""urn:uuid:6bbd85c8-4a3d-5b52-aac4-79fdcfd45ec5""]","pass","{""kind"":""file"",""locator"":""translation/TRANSLATION_MANIFEST.jsonl:ra.v2.iterated-integrals.fubini-a-statement"",""sha256"":""sha256:83fb33395f71a8c1c018b9250dce33d80d9f472eab193dac54b03f5a639b3868""}","[""bounded unit QA"",""OpenAI Codex gpt-5.6-sol, Ultra""]","2026-08-23T00:00:00Z","active","","","","","","","","","{""check_type"":""topology"",""id"":""urn:uuid:fa1d7766-4dfe-51e9-ac92-2ff053e3fa07"",""note"":""bounded structural and normalized-formula replay, three independent mathematical/bilingual/structural/degenerate-factor audits, converter zero-error XML gate, two converged 229-page TeX passes with build-local font maps, and visual inspection of physical pages 115-116; receipt qa/builds/ra-id-volume2-fubini-a-statement-20260822/BUILD_RECEIPT.md"",""record_type"":""qa_event"",""recorded_at"":""2026-08-23T00:00:00Z"",""result"":""pass"",""schema_name"":""lebl.backend.record"",""schema_version"":""0.3.0"",""semantic_aliases"":[],""semantic_key"":""lebl.ra.qa.live-manifest.ra.v2.iterated-integrals.fubini-a-statement"",""status"":""active"",""subject_ids"":[""urn:uuid:6bbd85c8-4a3d-5b52-aac4-79fdcfd45ec5""],""supersedes_id"":null,""toolchain"":[""bounded unit QA"",""OpenAI Codex gpt-5.6-sol, Ultra""],""witness"":{""kind"":""file"",""locator"":""translation/TRANSLATION_MANIFEST.jsonl:ra.v2.iterated-integrals.fubini-a-statement"",""sha256"":""sha256:83fb33395f71a8c1c018b9250dce33d80d9f472eab193dac54b03f5a639b3868""},""workflow_id"":""01a01f57-a34b-7740-9717-596b8116910c/backend-production-v0.4-live""}"
"urn:uuid:fa4da4e5-0f06-5ead-8501-ef0b21da2549","lebl.ra.qa.live-manifest.ra.v2.functions-as-limits.complex-plane.exercises","topology","[""urn:uuid:e9a3c3c6-2c9e-589c-9db5-8b7ea99824e2""]","pass","{""kind"":""file"",""locator"":""translation/TRANSLATION_MANIFEST.jsonl:ra.v2.functions-as-limits.complex-plane.exercises"",""sha256"":""sha256:4ec5f259f4f1ddd609b4973690d9e6b91820145cfcabd66c2128cb2b29255841""}","[""bounded unit QA"",""OpenAI Codex gpt-5.6-sol, Ultra""]","2026-08-23T00:00:00Z","active","","","","","","","","","{""check_type"":""topology"",""id"":""urn:uuid:fa4da4e5-0f06-5ead-8501-ef0b21da2549"",""note"":""independent natural-id-ID and structural audit; 34 ordered-identical inline mathematical payloads, 28 ordered-identical environment-boundary tokens, three proposition references with matching topology, 77 ordered-identical command names, two literal backslash-space tokens, 44 opening and 44 closing braces, zero reader-facing English residue, and no mojibake; exact provenance OpenAI Codex gpt-5.6-sol, Ultra retained; source prose defect recorded as LEBL-ID-ADV-0224; full target 180669 bytes SHA-256 35f14935f0f359f7be0f3974c6b67e9ee8cbd9a3f5327b0dc1bc829366205f00"",""record_type"":""qa_event"",""recorded_at"":""2026-08-23T00:00:00Z"",""result"":""pass"",""schema_name"":""lebl.backend.record"",""schema_version"":""0.3.0"",""semantic_aliases"":[],""semantic_key"":""lebl.ra.qa.live-manifest.ra.v2.functions-as-limits.complex-plane.exercises"",""status"":""active"",""subject_ids"":[""urn:uuid:e9a3c3c6-2c9e-589c-9db5-8b7ea99824e2""],""supersedes_id"":null,""toolchain"":[""bounded unit QA"",""OpenAI Codex gpt-5.6-sol, Ultra""],""witness"":{""kind"":""file"",""locator"":""translation/TRANSLATION_MANIFEST.jsonl:ra.v2.functions-as-limits.complex-plane.exercises"",""sha256"":""sha256:4ec5f259f4f1ddd609b4973690d9e6b91820145cfcabd66c2128cb2b29255841""},""workflow_id"":""01a01f57-a34b-7740-9717-596b8116910c/backend-production-v0.4-live""}"
"urn:uuid:fac2993f-0114-50a1-8ddc-f3d32f311cc2","lebl.diffyqs.qa.live-manifest.diffyqs.v6.11.introduction.acknowledgments","topology","[""urn:uuid:f3c7e6ac-9839-518d-a4c8-5f632c878bf1""]","pass","{""kind"":""file"",""locator"":""translation/TRANSLATION_MANIFEST.jsonl:diffyqs.v6.11.introduction.acknowledgments"",""sha256"":""sha256:e832b8d608cc32c88e1b89fd3ae575594dcd4318bfe9291456fd7cfc1c288afa""}","[""bounded unit QA"",""OpenAI Codex gpt-5.6-sol, Ultra""]","2026-08-23T00:00:00Z","active","","","","","","","","","{""check_type"":""topology"",""id"":""urn:uuid:fac2993f-0114-50a1-8ddc-f3d32f311cc2"",""note"":""independent natural-id-ID and structural audit; four alphabetic control sequences with identical multiset, accent macros retained byte-for-byte, five opening and five closing braces, two separator markers, 65 comma-delimited contributor entries, and zero mojibake; exact provenance OpenAI Codex gpt-5.6-sol, Ultra retained; full target 11114 bytes SHA-256 f87fe656e44fb8b29c183b80ee679ab62930f9d18bb560bd3d7dedd2da071136"",""record_type"":""qa_event"",""recorded_at"":""2026-08-23T00:00:00Z"",""result"":""pass"",""schema_name"":""lebl.backend.record"",""schema_version"":""0.3.0"",""semantic_aliases"":[],""semantic_key"":""lebl.diffyqs.qa.live-manifest.diffyqs.v6.11.introduction.acknowledgments"",""status"":""active"",""subject_ids"":[""urn:uuid:f3c7e6ac-9839-518d-a4c8-5f632c878bf1""],""supersedes_id"":null,""toolchain"":[""bounded unit QA"",""OpenAI Codex gpt-5.6-sol, Ultra""],""witness"":{""kind"":""file"",""locator"":""translation/TRANSLATION_MANIFEST.jsonl:diffyqs.v6.11.introduction.acknowledgments"",""sha256"":""sha256:e832b8d608cc32c88e1b89fd3ae575594dcd4318bfe9291456fd7cfc1c288afa""},""workflow_id"":""01a01f57-a34b-7740-9717-596b8116910c/backend-production-v0.4-live""}"
"urn:uuid:fc6261e1-03aa-5ec9-95e2-8646598981d1","lebl.ra.qa.live-manifest.ra.v2.functions-as-limits.complex-plane.real-imaginary-modulus","topology","[""urn:uuid:5bc4ec01-61b0-5dc3-886c-f702912899c3""]","pass","{""kind"":""file"",""locator"":""translation/TRANSLATION_MANIFEST.jsonl:ra.v2.functions-as-limits.complex-plane.real-imaginary-modulus"",""sha256"":""sha256:293fffb810ae3cb78ee49884df2a4cf7ddfe4b0780e9b8b49930d40800ab1e3a""}","[""bounded unit QA"",""OpenAI Codex gpt-5.6-sol, Ultra""]","2026-08-23T00:00:00Z","active","","","","","","","","","{""check_type"":""topology"",""id"":""urn:uuid:fc6261e1-03aa-5ec9-95e2-8646598981d1"",""note"":""independent natural-id-ID and structural audit; 5 ordered-identical inline mathematical payloads, 8 ordered-identical environment boundaries, 4 ordered-identical glossary hooks, 4 index/myindex commands with matching topology, 30 ordered-identical command names, 23 opening/closing braces, and zero reader-facing English residue; no high-confidence source defect; full target hash e922d4094c5afa68fda28eaa3a67588d5f07cc056d90ca5c80a1eaccbb3448c5"",""record_type"":""qa_event"",""recorded_at"":""2026-08-23T00:00:00Z"",""result"":""pass"",""schema_name"":""lebl.backend.record"",""schema_version"":""0.3.0"",""semantic_aliases"":[],""semantic_key"":""lebl.ra.qa.live-manifest.ra.v2.functions-as-limits.complex-plane.real-imaginary-modulus"",""status"":""active"",""subject_ids"":[""urn:uuid:5bc4ec01-61b0-5dc3-886c-f702912899c3""],""supersedes_id"":null,""toolchain"":[""bounded unit QA"",""OpenAI Codex gpt-5.6-sol, Ultra""],""witness"":{""kind"":""file"",""locator"":""translation/TRANSLATION_MANIFEST.jsonl:ra.v2.functions-as-limits.complex-plane.real-imaginary-modulus"",""sha256"":""sha256:293fffb810ae3cb78ee49884df2a4cf7ddfe4b0780e9b8b49930d40800ab1e3a""},""workflow_id"":""01a01f57-a34b-7740-9717-596b8116910c/backend-production-v0.4-live""}"
"urn:uuid:fc63007d-8d7a-5315-a5c1-096e77fcbb65","lebl.ca.qa.live-manifest.ca.v1.9.complex-plane.geometry-proof","topology","[""urn:uuid:8d39ad91-f76b-59c4-8a0b-d68a59404ffe""]","pass","{""kind"":""file"",""locator"":""translation/TRANSLATION_MANIFEST.jsonl:ca.v1.9.complex-plane.geometry-proof"",""sha256"":""sha256:1a9753ec1b9a4bb161339b164bfbc099b3d03e2c74339d37e524106bae4a1c10""}","[""bounded unit QA"",""OpenAI Codex gpt-5.6-sol, Ultra""]","2026-08-23T00:00:00Z","active","","","","","","","","","{""check_type"":""topology"",""id"":""urn:uuid:fc63007d-8d7a-5315-a5c1-096e77fcbb65"",""note"":""independent natural-id-ID and structural audit; both equation* math blocks exact, 47 opening and 47 closing braces, five begin/end pairs, exact command inventory, and zero mojibake; exact provenance OpenAI Codex gpt-5.6-sol, Ultra retained; full target 1218 bytes SHA-256 812405c726f280b3e2721b07b471c9742f22e46c7358ce640c9b32ab8b7e9b28"",""record_type"":""qa_event"",""recorded_at"":""2026-08-23T00:00:00Z"",""result"":""pass"",""schema_name"":""lebl.backend.record"",""schema_version"":""0.3.0"",""semantic_aliases"":[],""semantic_key"":""lebl.ca.qa.live-manifest.ca.v1.9.complex-plane.geometry-proof"",""status"":""active"",""subject_ids"":[""urn:uuid:8d39ad91-f76b-59c4-8a0b-d68a59404ffe""],""supersedes_id"":null,""toolchain"":[""bounded unit QA"",""OpenAI Codex gpt-5.6-sol, Ultra""],""witness"":{""kind"":""file"",""locator"":""translation/TRANSLATION_MANIFEST.jsonl:ca.v1.9.complex-plane.geometry-proof"",""sha256"":""sha256:1a9753ec1b9a4bb161339b164bfbc099b3d03e2c74339d37e524106bae4a1c10""},""workflow_id"":""01a01f57-a34b-7740-9717-596b8116910c/backend-production-v0.4-live""}"
"urn:uuid:fcea8dfa-7df5-58b2-b125-95fe82610a5e","lebl.ra.qa.live-manifest.ra.v2.iterated-integrals.counterexample","topology","[""urn:uuid:0d9e3fd7-52e4-5b9e-bef5-7b19a2011182""]","pass","{""kind"":""file"",""locator"":""translation/TRANSLATION_MANIFEST.jsonl:ra.v2.iterated-integrals.counterexample"",""sha256"":""sha256:3daf375ea7dbf1d4795ccbf6996bf835be19c152ead014db94ca5fffc09b0b6e""}","[""bounded unit QA"",""OpenAI Codex gpt-5.6-sol, Ultra""]","2026-08-23T00:00:00Z","active","","","","","","","","","{""check_type"":""topology"",""id"":""urn:uuid:fcea8dfa-7df5-58b2-b125-95fe82610a5e"",""note"":""bounded structural and normalized-formula replay, three independent mathematical/bilingual/structural/accessibility audits, ADV-0180 and ADV-0181, converter zero-error XML gate, two converged 229-page TeX passes with build-local font maps, and visual inspection of physical pages 114-115; receipt qa/builds/ra-id-volume2-fubini-counterexample-20260822/BUILD_RECEIPT.md"",""record_type"":""qa_event"",""recorded_at"":""2026-08-23T00:00:00Z"",""result"":""pass"",""schema_name"":""lebl.backend.record"",""schema_version"":""0.3.0"",""semantic_aliases"":[],""semantic_key"":""lebl.ra.qa.live-manifest.ra.v2.iterated-integrals.counterexample"",""status"":""active"",""subject_ids"":[""urn:uuid:0d9e3fd7-52e4-5b9e-bef5-7b19a2011182""],""supersedes_id"":null,""toolchain"":[""bounded unit QA"",""OpenAI Codex gpt-5.6-sol, Ultra""],""witness"":{""kind"":""file"",""locator"":""translation/TRANSLATION_MANIFEST.jsonl:ra.v2.iterated-integrals.counterexample"",""sha256"":""sha256:3daf375ea7dbf1d4795ccbf6996bf835be19c152ead014db94ca5fffc09b0b6e""},""workflow_id"":""01a01f57-a34b-7740-9717-596b8116910c/backend-production-v0.4-live""}"
"urn:uuid:ffc3841a-d837-5cc7-ab66-6aa3b0ce9d73","lebl.ra.qa.live-manifest.ra.v2.functions-as-limits.complex-plane.integration","topology","[""urn:uuid:16cee983-2334-5e2a-ad99-1270a9e4b432""]","pass","{""kind"":""file"",""locator"":""translation/TRANSLATION_MANIFEST.jsonl:ra.v2.functions-as-limits.complex-plane.integration"",""sha256"":""sha256:629ad7c6d27e78e4cbb42e2abfd302d1278a2ac72ba36cbb5000a35fc0e71771""}","[""bounded unit QA"",""OpenAI Codex gpt-5.6-sol, Ultra""]","2026-08-23T00:00:00Z","active","","","","","","","","","{""check_type"":""topology"",""id"":""urn:uuid:ffc3841a-d837-5cc7-ab66-6aa3b0ce9d73"",""note"":""deterministic receipt qa/R006_INTEGRATION_726-776_QA.json plus independent bilingual review pass; 51/51 lines, 64/64 ordered TeX commands, 14/14 environment tokens, 7/7 inline-math payloads, 4/4 display equations, all four label/xref arguments, pagebreak, braces, and environment balance preserved; natural mathematical id-ID confirmed; exact provenance OpenAI Codex gpt-5.6-sol, Ultra retained; full target 181708 bytes SHA-256 21e9656e7b2d32c4b00413179fb4f4952da73d9c80ffac0d5a321a4d3a0cfe8a"",""record_type"":""qa_event"",""recorded_at"":""2026-08-23T00:00:00Z"",""result"":""pass"",""schema_name"":""lebl.backend.record"",""schema_version"":""0.3.0"",""semantic_aliases"":[],""semantic_key"":""lebl.ra.qa.live-manifest.ra.v2.functions-as-limits.complex-plane.integration"",""status"":""active"",""subject_ids"":[""urn:uuid:16cee983-2334-5e2a-ad99-1270a9e4b432""],""supersedes_id"":null,""toolchain"":[""bounded unit QA"",""OpenAI Codex gpt-5.6-sol, Ultra""],""witness"":{""kind"":""file"",""locator"":""translation/TRANSLATION_MANIFEST.jsonl:ra.v2.functions-as-limits.complex-plane.integration"",""sha256"":""sha256:629ad7c6d27e78e4cbb42e2abfd302d1278a2ac72ba36cbb5000a35fc0e71771""},""workflow_id"":""01a01f57-a34b-7740-9717-596b8116910c/backend-production-v0.4-live""}"
"urn:uuid:10b42913-c17e-5137-9001-e69a8526861e","lebl.ra.qa.adverse-ledger.lebl-id-adv-0080","visual","[""urn:uuid:220b0b5f-5464-5d10-8e91-e007ab89cc95""]","partial","{""kind"":""file"",""locator"":""backend/production/v0.3/inputs/ADVERSE_LEDGER.jsonl:LEBL-ID-ADV-0080"",""sha256"":""sha256:538f144dc8d1942a2358abf94390859786aacc2410a08254f2b9e7ac14dcbe50""}","[""adverse-ledger admission and recorded QA replay""]","2026-08-21T00:00:00Z","active","","","","","","","","","{""check_type"":""visual"",""id"":""urn:uuid:10b42913-c17e-5137-9001-e69a8526861e"",""note"":""the final TeX log no longer contains the overfull box and direct page inspection confirms a centered, fully visible display"",""record_type"":""qa_event"",""recorded_at"":""2026-08-21T00:00:00Z"",""result"":""partial"",""schema_name"":""lebl.backend.record"",""schema_version"":""0.3.0"",""semantic_aliases"":[],""semantic_key"":""lebl.ra.qa.adverse-ledger.lebl-id-adv-0080"",""status"":""active"",""subject_ids"":[""urn:uuid:220b0b5f-5464-5d10-8e91-e007ab89cc95""],""supersedes_id"":null,""toolchain"":[""adverse-ledger admission and recorded QA replay""],""witness"":{""kind"":""file"",""locator"":""backend/production/v0.3/inputs/ADVERSE_LEDGER.jsonl:LEBL-ID-ADV-0080"",""sha256"":""sha256:538f144dc8d1942a2358abf94390859786aacc2410a08254f2b9e7ac14dcbe50""},""workflow_id"":""01a01f57-a34b-7740-9717-596b8116910c/backend-production-v0.3-r006-live""}"
"urn:uuid:39794241-e48a-5c50-a1da-550b9a769607","lebl.ra.qa.adverse-ledger.lebl-id-adv-0078","visual","[""urn:uuid:76dd3ba2-1ab2-5af4-911b-e93f37eb4c30""]","partial","{""kind"":""file"",""locator"":""backend/production/v0.3/inputs/ADVERSE_LEDGER.jsonl:LEBL-ID-ADV-0078"",""sha256"":""sha256:d9dc245caf9aec7b4d613ea717da246ea37041bc5cbe5a4b47855b54d7ca7940""}","[""adverse-ledger admission and recorded QA replay""]","2026-08-21T00:00:00Z","active","","","","","","","","","{""check_type"":""visual"",""id"":""urn:uuid:39794241-e48a-5c50-a1da-550b9a769607"",""note"":""high-resolution final-page inspection is complete; all ten terms and the ellipsis are visible, and full-render comparison localizes downstream reflow to pages 64-66"",""record_type"":""qa_event"",""recorded_at"":""2026-08-21T00:00:00Z"",""result"":""partial"",""schema_name"":""lebl.backend.record"",""schema_version"":""0.3.0"",""semantic_aliases"":[],""semantic_key"":""lebl.ra.qa.adverse-ledger.lebl-id-adv-0078"",""status"":""active"",""subject_ids"":[""urn:uuid:76dd3ba2-1ab2-5af4-911b-e93f37eb4c30""],""supersedes_id"":null,""toolchain"":[""adverse-ledger admission and recorded QA replay""],""witness"":{""kind"":""file"",""locator"":""backend/production/v0.3/inputs/ADVERSE_LEDGER.jsonl:LEBL-ID-ADV-0078"",""sha256"":""sha256:d9dc245caf9aec7b4d613ea717da246ea37041bc5cbe5a4b47855b54d7ca7940""},""workflow_id"":""01a01f57-a34b-7740-9717-596b8116910c/backend-production-v0.3-r006-live""}"
"urn:uuid:d67af4e2-9afb-57e3-ba7d-fd18b101a28f","lebl.ra.qa.volume1-complete.visual-2026-08-21","visual","[""urn:uuid:72496543-fe18-56bf-a793-aea3da305f2c""]","pass","{""kind"":""file"",""locator"":""backend/production/v0.3/inputs/R006_VOLUME1_COMPLETE_CHECKPOINT_20260821.md"",""sha256"":""sha256:82cba4bdec2dad69ce471550cdf0959c8200b58a9a6836ceed603451745df06a""}","[""all-page 72-dpi render review plus direct high-resolution checks of changed pages""]","2026-08-21T00:00:00Z","active","visual_page_set_v1","","","","","","","","{""check_type"":""visual"",""id"":""urn:uuid:d67af4e2-9afb-57e3-ba7d-fd18b101a28f"",""metrics"":{""metric_schema"":""visual_page_set_v1"",""render_bytes"":39525828,""rendered_pages"":334},""note"":""All 334 pages passed with zero clipping, overlap, broken/missing page, figure, glyph, or running-element defect."",""record_type"":""qa_event"",""recorded_at"":""2026-08-21T00:00:00Z"",""result"":""pass"",""schema_name"":""lebl.backend.record"",""schema_version"":""0.3.0"",""semantic_aliases"":[],""semantic_key"":""lebl.ra.qa.volume1-complete.visual-2026-08-21"",""status"":""active"",""subject_ids"":[""urn:uuid:72496543-fe18-56bf-a793-aea3da305f2c""],""supersedes_id"":null,""toolchain"":[""all-page 72-dpi render review plus direct high-resolution checks of changed pages""],""witness"":{""kind"":""file"",""locator"":""backend/production/v0.3/inputs/R006_VOLUME1_COMPLETE_CHECKPOINT_20260821.md"",""sha256"":""sha256:82cba4bdec2dad69ce471550cdf0959c8200b58a9a6836ceed603451745df06a""},""workflow_id"":""01a01f57-a34b-7740-9717-596b8116910c/backend-production-v0.3-r006-live""}"
"urn:uuid:d781f1dd-3c04-56a2-9b09-dbec73596075","lebl.ra.qa.adverse-ledger.lebl-id-adv-0079","visual","[""urn:uuid:32056342-6788-5bc3-9c6b-2d68a22f08c1""]","partial","{""kind"":""file"",""locator"":""backend/production/v0.3/inputs/ADVERSE_LEDGER.jsonl:LEBL-ID-ADV-0079"",""sha256"":""sha256:68799bd4627609c8fd4534a98836fd9b9b212d90034579e3b979a177e0febcc9""}","[""adverse-ledger admission and recorded QA replay""]","2026-08-21T00:00:00Z","active","","","","","","","","","{""check_type"":""visual"",""id"":""urn:uuid:d781f1dd-3c04-56a2-9b09-dbec73596075"",""note"":""high-resolution final-page inspection confirms the complete condition and both cases fit inside the page"",""record_type"":""qa_event"",""recorded_at"":""2026-08-21T00:00:00Z"",""result"":""partial"",""schema_name"":""lebl.backend.record"",""schema_version"":""0.3.0"",""semantic_aliases"":[],""semantic_key"":""lebl.ra.qa.adverse-ledger.lebl-id-adv-0079"",""status"":""active"",""subject_ids"":[""urn:uuid:32056342-6788-5bc3-9c6b-2d68a22f08c1""],""supersedes_id"":null,""toolchain"":[""adverse-ledger admission and recorded QA replay""],""witness"":{""kind"":""file"",""locator"":""backend/production/v0.3/inputs/ADVERSE_LEDGER.jsonl:LEBL-ID-ADV-0079"",""sha256"":""sha256:68799bd4627609c8fd4534a98836fd9b9b212d90034579e3b979a177e0febcc9""},""workflow_id"":""01a01f57-a34b-7740-9717-596b8116910c/backend-production-v0.3-r006-live""}"
