"id","semantic_key","label","definition","notation_json","source_bindings_json","rights_id","status","record_json"
"urn:uuid:00205b8c-aff2-55b0-9fa8-8ea73e7e6b4f","lebl.ra.concept.ledger.function.continuous-extension","continuous extension","","[]","[]","urn:uuid:a0273f1c-6fad-54c7-a75a-32a5161da656","active","{""definition"":"""",""id"":""urn:uuid:00205b8c-aff2-55b0-9fa8-8ea73e7e6b4f"",""label"":""continuous extension"",""notation"":[],""record_type"":""concept"",""recorded_at"":""2026-08-21T00:00:00Z"",""rights_id"":""urn:uuid:a0273f1c-6fad-54c7-a75a-32a5161da656"",""schema_name"":""lebl.backend.record"",""schema_version"":""0.3.0"",""semantic_aliases"":[],""semantic_key"":""lebl.ra.concept.ledger.function.continuous-extension"",""source_bindings"":[],""status"":""active"",""supersedes_id"":null,""workflow_id"":""01a01f57-a34b-7740-9717-596b8116910c/backend-production-v0.3-r006-live""}"
"urn:uuid:0184b2c4-b2a7-5559-b251-51ee2622622f","lebl.ra.concept.ledger.series.cauchy","Cauchy series","","[]","[]","urn:uuid:a0273f1c-6fad-54c7-a75a-32a5161da656","active","{""definition"":"""",""id"":""urn:uuid:0184b2c4-b2a7-5559-b251-51ee2622622f"",""label"":""Cauchy series"",""notation"":[],""record_type"":""concept"",""recorded_at"":""2026-08-21T00:00:00Z"",""rights_id"":""urn:uuid:a0273f1c-6fad-54c7-a75a-32a5161da656"",""schema_name"":""lebl.backend.record"",""schema_version"":""0.3.0"",""semantic_aliases"":[],""semantic_key"":""lebl.ra.concept.ledger.series.cauchy"",""source_bindings"":[],""status"":""active"",""supersedes_id"":null,""workflow_id"":""01a01f57-a34b-7740-9717-596b8116910c/backend-production-v0.3-r006-live""}"
"urn:uuid:03d8b547-82e8-52b7-a94c-fe2da3dd55a2","lebl.ra.concept.ledger.function.lipschitz-continuous","Lipschitz continuous","","[]","[]","urn:uuid:a0273f1c-6fad-54c7-a75a-32a5161da656","active","{""definition"":"""",""id"":""urn:uuid:03d8b547-82e8-52b7-a94c-fe2da3dd55a2"",""label"":""Lipschitz continuous"",""notation"":[],""record_type"":""concept"",""recorded_at"":""2026-08-21T00:00:00Z"",""rights_id"":""urn:uuid:a0273f1c-6fad-54c7-a75a-32a5161da656"",""schema_name"":""lebl.backend.record"",""schema_version"":""0.3.0"",""semantic_aliases"":[],""semantic_key"":""lebl.ra.concept.ledger.function.lipschitz-continuous"",""source_bindings"":[],""status"":""active"",""supersedes_id"":null,""workflow_id"":""01a01f57-a34b-7740-9717-596b8116910c/backend-production-v0.3-r006-live""}"
"urn:uuid:045957c0-a13f-560b-8d4f-fcc6fb59a1ca","lebl.ra.concept.ledger.permutation","permutation","","[]","[]","urn:uuid:a0273f1c-6fad-54c7-a75a-32a5161da656","active","{""definition"":"""",""id"":""urn:uuid:045957c0-a13f-560b-8d4f-fcc6fb59a1ca"",""label"":""permutation"",""notation"":[],""record_type"":""concept"",""recorded_at"":""2026-08-21T00:00:00Z"",""rights_id"":""urn:uuid:a0273f1c-6fad-54c7-a75a-32a5161da656"",""schema_name"":""lebl.backend.record"",""schema_version"":""0.3.0"",""semantic_aliases"":[],""semantic_key"":""lebl.ra.concept.ledger.permutation"",""source_bindings"":[],""status"":""active"",""supersedes_id"":null,""workflow_id"":""01a01f57-a34b-7740-9717-596b8116910c/backend-production-v0.3-r006-live""}"
"urn:uuid:061d8ed5-1e01-5407-b120-27faf2011263","lebl.ra.concept.ledger.geometry.sphere.unit","unit sphere","","[]","[]","urn:uuid:a0273f1c-6fad-54c7-a75a-32a5161da656","active","{""definition"":"""",""id"":""urn:uuid:061d8ed5-1e01-5407-b120-27faf2011263"",""label"":""unit sphere"",""notation"":[],""record_type"":""concept"",""recorded_at"":""2026-08-21T00:00:00Z"",""rights_id"":""urn:uuid:a0273f1c-6fad-54c7-a75a-32a5161da656"",""schema_name"":""lebl.backend.record"",""schema_version"":""0.3.0"",""semantic_aliases"":[],""semantic_key"":""lebl.ra.concept.ledger.geometry.sphere.unit"",""source_bindings"":[],""status"":""active"",""supersedes_id"":null,""workflow_id"":""01a01f57-a34b-7740-9717-596b8116910c/backend-production-v0.3-r006-live""}"
"urn:uuid:06330fb1-d158-567c-8b17-668589e06b0d","lebl.ra.concept.ledger.discontinuity.removable","removable discontinuity","","[]","[]","urn:uuid:a0273f1c-6fad-54c7-a75a-32a5161da656","active","{""definition"":"""",""id"":""urn:uuid:06330fb1-d158-567c-8b17-668589e06b0d"",""label"":""removable discontinuity"",""notation"":[],""record_type"":""concept"",""recorded_at"":""2026-08-21T00:00:00Z"",""rights_id"":""urn:uuid:a0273f1c-6fad-54c7-a75a-32a5161da656"",""schema_name"":""lebl.backend.record"",""schema_version"":""0.3.0"",""semantic_aliases"":[],""semantic_key"":""lebl.ra.concept.ledger.discontinuity.removable"",""source_bindings"":[],""status"":""active"",""supersedes_id"":null,""workflow_id"":""01a01f57-a34b-7740-9717-596b8116910c/backend-production-v0.3-r006-live""}"
"urn:uuid:0741ae13-7763-5481-9c79-8f4b7a7b3927","lebl.ra.concept.ledger.extremum.relative-maximum","relative maximum","","[]","[]","urn:uuid:a0273f1c-6fad-54c7-a75a-32a5161da656","active","{""definition"":"""",""id"":""urn:uuid:0741ae13-7763-5481-9c79-8f4b7a7b3927"",""label"":""relative maximum"",""notation"":[],""record_type"":""concept"",""recorded_at"":""2026-08-21T00:00:00Z"",""rights_id"":""urn:uuid:a0273f1c-6fad-54c7-a75a-32a5161da656"",""schema_name"":""lebl.backend.record"",""schema_version"":""0.3.0"",""semantic_aliases"":[],""semantic_key"":""lebl.ra.concept.ledger.extremum.relative-maximum"",""source_bindings"":[],""status"":""active"",""supersedes_id"":null,""workflow_id"":""01a01f57-a34b-7740-9717-596b8116910c/backend-production-v0.3-r006-live""}"
"urn:uuid:084b31a9-3515-56ef-9754-4682dddbea59","lebl.ra.concept.ledger.norm.supremum","supremum norm","","[]","[]","urn:uuid:a0273f1c-6fad-54c7-a75a-32a5161da656","active","{""definition"":"""",""id"":""urn:uuid:084b31a9-3515-56ef-9754-4682dddbea59"",""label"":""supremum norm"",""notation"":[],""record_type"":""concept"",""recorded_at"":""2026-08-21T00:00:00Z"",""rights_id"":""urn:uuid:a0273f1c-6fad-54c7-a75a-32a5161da656"",""schema_name"":""lebl.backend.record"",""schema_version"":""0.3.0"",""semantic_aliases"":[],""semantic_key"":""lebl.ra.concept.ledger.norm.supremum"",""source_bindings"":[],""status"":""active"",""supersedes_id"":null,""workflow_id"":""01a01f57-a34b-7740-9717-596b8116910c/backend-production-v0.3-r006-live""}"
"urn:uuid:08975ee2-c16a-5607-b880-f3902720e0df","lebl.ra.concept.ledger.order.maximum","maximum","","[]","[]","urn:uuid:a0273f1c-6fad-54c7-a75a-32a5161da656","active","{""definition"":"""",""id"":""urn:uuid:08975ee2-c16a-5607-b880-f3902720e0df"",""label"":""maximum"",""notation"":[],""record_type"":""concept"",""recorded_at"":""2026-08-21T00:00:00Z"",""rights_id"":""urn:uuid:a0273f1c-6fad-54c7-a75a-32a5161da656"",""schema_name"":""lebl.backend.record"",""schema_version"":""0.3.0"",""semantic_aliases"":[],""semantic_key"":""lebl.ra.concept.ledger.order.maximum"",""source_bindings"":[],""status"":""active"",""supersedes_id"":null,""workflow_id"":""01a01f57-a34b-7740-9717-596b8116910c/backend-production-v0.3-r006-live""}"
"urn:uuid:092c2184-cc1a-52e1-ad51-d1d6fb3e540a","lebl.ra.concept.ledger.set.diameter","diameter","","[]","[]","urn:uuid:a0273f1c-6fad-54c7-a75a-32a5161da656","active","{""definition"":"""",""id"":""urn:uuid:092c2184-cc1a-52e1-ad51-d1d6fb3e540a"",""label"":""diameter"",""notation"":[],""record_type"":""concept"",""recorded_at"":""2026-08-21T00:00:00Z"",""rights_id"":""urn:uuid:a0273f1c-6fad-54c7-a75a-32a5161da656"",""schema_name"":""lebl.backend.record"",""schema_version"":""0.3.0"",""semantic_aliases"":[],""semantic_key"":""lebl.ra.concept.ledger.set.diameter"",""source_bindings"":[],""status"":""active"",""supersedes_id"":null,""workflow_id"":""01a01f57-a34b-7740-9717-596b8116910c/backend-production-v0.3-r006-live""}"
"urn:uuid:0992da6a-5c0c-5c8c-b98b-43a1059400cb","lebl.ra.concept.ledger.integration.riemann-integral","Riemann integral","","[]","[]","urn:uuid:a0273f1c-6fad-54c7-a75a-32a5161da656","active","{""definition"":"""",""id"":""urn:uuid:0992da6a-5c0c-5c8c-b98b-43a1059400cb"",""label"":""Riemann integral"",""notation"":[],""record_type"":""concept"",""recorded_at"":""2026-08-21T00:00:00Z"",""rights_id"":""urn:uuid:a0273f1c-6fad-54c7-a75a-32a5161da656"",""schema_name"":""lebl.backend.record"",""schema_version"":""0.3.0"",""semantic_aliases"":[],""semantic_key"":""lebl.ra.concept.ledger.integration.riemann-integral"",""source_bindings"":[],""status"":""active"",""supersedes_id"":null,""workflow_id"":""01a01f57-a34b-7740-9717-596b8116910c/backend-production-v0.3-r006-live""}"
"urn:uuid:0995379f-0e5c-55d3-a30d-66a0eb674d61","lebl.ra.concept.ledger.matrix.diagonalizable","diagonalizable matrix","","[]","[]","urn:uuid:a0273f1c-6fad-54c7-a75a-32a5161da656","active","{""definition"":"""",""id"":""urn:uuid:0995379f-0e5c-55d3-a30d-66a0eb674d61"",""label"":""diagonalizable matrix"",""notation"":[],""record_type"":""concept"",""recorded_at"":""2026-08-21T00:00:00Z"",""rights_id"":""urn:uuid:a0273f1c-6fad-54c7-a75a-32a5161da656"",""schema_name"":""lebl.backend.record"",""schema_version"":""0.3.0"",""semantic_aliases"":[],""semantic_key"":""lebl.ra.concept.ledger.matrix.diagonalizable"",""source_bindings"":[],""status"":""active"",""supersedes_id"":null,""workflow_id"":""01a01f57-a34b-7740-9717-596b8116910c/backend-production-v0.3-r006-live""}"
"urn:uuid:0aa8a9e6-9517-5683-bb4e-2de3bab5f8b1","lebl.ra.concept.ledger.matrix.diagonal","diagonal matrix","","[]","[]","urn:uuid:a0273f1c-6fad-54c7-a75a-32a5161da656","active","{""definition"":"""",""id"":""urn:uuid:0aa8a9e6-9517-5683-bb4e-2de3bab5f8b1"",""label"":""diagonal matrix"",""notation"":[],""record_type"":""concept"",""recorded_at"":""2026-08-21T00:00:00Z"",""rights_id"":""urn:uuid:a0273f1c-6fad-54c7-a75a-32a5161da656"",""schema_name"":""lebl.backend.record"",""schema_version"":""0.3.0"",""semantic_aliases"":[],""semantic_key"":""lebl.ra.concept.ledger.matrix.diagonal"",""source_bindings"":[],""status"":""active"",""supersedes_id"":null,""workflow_id"":""01a01f57-a34b-7740-9717-596b8116910c/backend-production-v0.3-r006-live""}"
"urn:uuid:0b4cec82-e62d-5e08-a737-6b5daf96d906","lebl.ra.concept.ledger.number.lebesgue","Lebesgue number","","[]","[]","urn:uuid:a0273f1c-6fad-54c7-a75a-32a5161da656","active","{""definition"":"""",""id"":""urn:uuid:0b4cec82-e62d-5e08-a737-6b5daf96d906"",""label"":""Lebesgue number"",""notation"":[],""record_type"":""concept"",""recorded_at"":""2026-08-21T00:00:00Z"",""rights_id"":""urn:uuid:a0273f1c-6fad-54c7-a75a-32a5161da656"",""schema_name"":""lebl.backend.record"",""schema_version"":""0.3.0"",""semantic_aliases"":[],""semantic_key"":""lebl.ra.concept.ledger.number.lebesgue"",""source_bindings"":[],""status"":""active"",""supersedes_id"":null,""workflow_id"":""01a01f57-a34b-7740-9717-596b8116910c/backend-production-v0.3-r006-live""}"
"urn:uuid:0bb75f6a-d677-56bd-8a7c-e9287b4c5614","lebl.ra.concept.ledger.independence.linear","linearly independent","","[]","[]","urn:uuid:a0273f1c-6fad-54c7-a75a-32a5161da656","active","{""definition"":"""",""id"":""urn:uuid:0bb75f6a-d677-56bd-8a7c-e9287b4c5614"",""label"":""linearly independent"",""notation"":[],""record_type"":""concept"",""recorded_at"":""2026-08-21T00:00:00Z"",""rights_id"":""urn:uuid:a0273f1c-6fad-54c7-a75a-32a5161da656"",""schema_name"":""lebl.backend.record"",""schema_version"":""0.3.0"",""semantic_aliases"":[],""semantic_key"":""lebl.ra.concept.ledger.independence.linear"",""source_bindings"":[],""status"":""active"",""supersedes_id"":null,""workflow_id"":""01a01f57-a34b-7740-9717-596b8116910c/backend-production-v0.3-r006-live""}"
"urn:uuid:0be2747d-0bf6-5236-b50b-88e2cf1da04c","lebl.ra.concept.ledger.proof.induction-step","induction step","","[]","[]","urn:uuid:a0273f1c-6fad-54c7-a75a-32a5161da656","active","{""definition"":"""",""id"":""urn:uuid:0be2747d-0bf6-5236-b50b-88e2cf1da04c"",""label"":""induction step"",""notation"":[],""record_type"":""concept"",""recorded_at"":""2026-08-21T00:00:00Z"",""rights_id"":""urn:uuid:a0273f1c-6fad-54c7-a75a-32a5161da656"",""schema_name"":""lebl.backend.record"",""schema_version"":""0.3.0"",""semantic_aliases"":[],""semantic_key"":""lebl.ra.concept.ledger.proof.induction-step"",""source_bindings"":[],""status"":""active"",""supersedes_id"":null,""workflow_id"":""01a01f57-a34b-7740-9717-596b8116910c/backend-production-v0.3-r006-live""}"
"urn:uuid:0c63d847-9377-5f47-87df-90214120cc92","lebl.ra.concept.ledger.order.lower-bound","lower bound","","[]","[]","urn:uuid:a0273f1c-6fad-54c7-a75a-32a5161da656","active","{""definition"":"""",""id"":""urn:uuid:0c63d847-9377-5f47-87df-90214120cc92"",""label"":""lower bound"",""notation"":[],""record_type"":""concept"",""recorded_at"":""2026-08-21T00:00:00Z"",""rights_id"":""urn:uuid:a0273f1c-6fad-54c7-a75a-32a5161da656"",""schema_name"":""lebl.backend.record"",""schema_version"":""0.3.0"",""semantic_aliases"":[],""semantic_key"":""lebl.ra.concept.ledger.order.lower-bound"",""source_bindings"":[],""status"":""active"",""supersedes_id"":null,""workflow_id"":""01a01f57-a34b-7740-9717-596b8116910c/backend-production-v0.3-r006-live""}"
"urn:uuid:0d49be3e-7236-54d2-9205-d602ba61bf30","lebl.ra.concept.ledger.set.closed","closed set","","[]","[]","urn:uuid:a0273f1c-6fad-54c7-a75a-32a5161da656","active","{""definition"":"""",""id"":""urn:uuid:0d49be3e-7236-54d2-9205-d602ba61bf30"",""label"":""closed set"",""notation"":[],""record_type"":""concept"",""recorded_at"":""2026-08-21T00:00:00Z"",""rights_id"":""urn:uuid:a0273f1c-6fad-54c7-a75a-32a5161da656"",""schema_name"":""lebl.backend.record"",""schema_version"":""0.3.0"",""semantic_aliases"":[],""semantic_key"":""lebl.ra.concept.ledger.set.closed"",""source_bindings"":[],""status"":""active"",""supersedes_id"":null,""workflow_id"":""01a01f57-a34b-7740-9717-596b8116910c/backend-production-v0.3-r006-live""}"
"urn:uuid:0de16b63-0d61-550e-9445-d3b1b5886ac6","lebl.ra.concept.ledger.limit.function-at-infinity","limit of a function at infinity","","[]","[]","urn:uuid:a0273f1c-6fad-54c7-a75a-32a5161da656","active","{""definition"":"""",""id"":""urn:uuid:0de16b63-0d61-550e-9445-d3b1b5886ac6"",""label"":""limit of a function at infinity"",""notation"":[],""record_type"":""concept"",""recorded_at"":""2026-08-21T00:00:00Z"",""rights_id"":""urn:uuid:a0273f1c-6fad-54c7-a75a-32a5161da656"",""schema_name"":""lebl.backend.record"",""schema_version"":""0.3.0"",""semantic_aliases"":[],""semantic_key"":""lebl.ra.concept.ledger.limit.function-at-infinity"",""source_bindings"":[],""status"":""active"",""supersedes_id"":null,""workflow_id"":""01a01f57-a34b-7740-9717-596b8116910c/backend-production-v0.3-r006-live""}"
"urn:uuid:0ec453a9-5223-5413-98d6-4010a0a4f0b4","lebl.ra.concept.ledger.set.zero-set","zero set","","[]","[]","urn:uuid:a0273f1c-6fad-54c7-a75a-32a5161da656","active","{""definition"":"""",""id"":""urn:uuid:0ec453a9-5223-5413-98d6-4010a0a4f0b4"",""label"":""zero set"",""notation"":[],""record_type"":""concept"",""recorded_at"":""2026-08-21T00:00:00Z"",""rights_id"":""urn:uuid:a0273f1c-6fad-54c7-a75a-32a5161da656"",""schema_name"":""lebl.backend.record"",""schema_version"":""0.3.0"",""semantic_aliases"":[],""semantic_key"":""lebl.ra.concept.ledger.set.zero-set"",""source_bindings"":[],""status"":""active"",""supersedes_id"":null,""workflow_id"":""01a01f57-a34b-7740-9717-596b8116910c/backend-production-v0.3-r006-live""}"
"urn:uuid:103d51c4-145e-54cb-bf62-de3b3f8ef99a","lebl.ra.concept.ledger.calculus.chain-rule","chain rule","","[]","[]","urn:uuid:a0273f1c-6fad-54c7-a75a-32a5161da656","active","{""definition"":"""",""id"":""urn:uuid:103d51c4-145e-54cb-bf62-de3b3f8ef99a"",""label"":""chain rule"",""notation"":[],""record_type"":""concept"",""recorded_at"":""2026-08-21T00:00:00Z"",""rights_id"":""urn:uuid:a0273f1c-6fad-54c7-a75a-32a5161da656"",""schema_name"":""lebl.backend.record"",""schema_version"":""0.3.0"",""semantic_aliases"":[],""semantic_key"":""lebl.ra.concept.ledger.calculus.chain-rule"",""source_bindings"":[],""status"":""active"",""supersedes_id"":null,""workflow_id"":""01a01f57-a34b-7740-9717-596b8116910c/backend-production-v0.3-r006-live""}"
"urn:uuid:10a67951-f6e5-50fc-836b-5b426e9832d3","lebl.ra.concept.ledger.function.rational","rational function","","[]","[]","urn:uuid:a0273f1c-6fad-54c7-a75a-32a5161da656","active","{""definition"":"""",""id"":""urn:uuid:10a67951-f6e5-50fc-836b-5b426e9832d3"",""label"":""rational function"",""notation"":[],""record_type"":""concept"",""recorded_at"":""2026-08-21T00:00:00Z"",""rights_id"":""urn:uuid:a0273f1c-6fad-54c7-a75a-32a5161da656"",""schema_name"":""lebl.backend.record"",""schema_version"":""0.3.0"",""semantic_aliases"":[],""semantic_key"":""lebl.ra.concept.ledger.function.rational"",""source_bindings"":[],""status"":""active"",""supersedes_id"":null,""workflow_id"":""01a01f57-a34b-7740-9717-596b8116910c/backend-production-v0.3-r006-live""}"
"urn:uuid:1143ccec-7ba7-54db-b119-b5924cb8ef63","lebl.ra.concept.ledger.representation.unique","unique representation","","[]","[]","urn:uuid:a0273f1c-6fad-54c7-a75a-32a5161da656","active","{""definition"":"""",""id"":""urn:uuid:1143ccec-7ba7-54db-b119-b5924cb8ef63"",""label"":""unique representation"",""notation"":[],""record_type"":""concept"",""recorded_at"":""2026-08-21T00:00:00Z"",""rights_id"":""urn:uuid:a0273f1c-6fad-54c7-a75a-32a5161da656"",""schema_name"":""lebl.backend.record"",""schema_version"":""0.3.0"",""semantic_aliases"":[],""semantic_key"":""lebl.ra.concept.ledger.representation.unique"",""source_bindings"":[],""status"":""active"",""supersedes_id"":null,""workflow_id"":""01a01f57-a34b-7740-9717-596b8116910c/backend-production-v0.3-r006-live""}"
"urn:uuid:114b6c15-292a-5930-81a9-59137f50f3d8","lebl.ra.concept.ledger.calculus.jacobian.matrix","Jacobian matrix","","[]","[]","urn:uuid:a0273f1c-6fad-54c7-a75a-32a5161da656","active","{""definition"":"""",""id"":""urn:uuid:114b6c15-292a-5930-81a9-59137f50f3d8"",""label"":""Jacobian matrix"",""notation"":[],""record_type"":""concept"",""recorded_at"":""2026-08-21T00:00:00Z"",""rights_id"":""urn:uuid:a0273f1c-6fad-54c7-a75a-32a5161da656"",""schema_name"":""lebl.backend.record"",""schema_version"":""0.3.0"",""semantic_aliases"":[],""semantic_key"":""lebl.ra.concept.ledger.calculus.jacobian.matrix"",""source_bindings"":[],""status"":""active"",""supersedes_id"":null,""workflow_id"":""01a01f57-a34b-7740-9717-596b8116910c/backend-production-v0.3-r006-live""}"
"urn:uuid:11b48565-83eb-5241-9622-b94dc99f4dc1","lebl.ra.concept.ledger.lemma.squeeze","squeeze lemma","","[]","[]","urn:uuid:a0273f1c-6fad-54c7-a75a-32a5161da656","active","{""definition"":"""",""id"":""urn:uuid:11b48565-83eb-5241-9622-b94dc99f4dc1"",""label"":""squeeze lemma"",""notation"":[],""record_type"":""concept"",""recorded_at"":""2026-08-21T00:00:00Z"",""rights_id"":""urn:uuid:a0273f1c-6fad-54c7-a75a-32a5161da656"",""schema_name"":""lebl.backend.record"",""schema_version"":""0.3.0"",""semantic_aliases"":[],""semantic_key"":""lebl.ra.concept.ledger.lemma.squeeze"",""source_bindings"":[],""status"":""active"",""supersedes_id"":null,""workflow_id"":""01a01f57-a34b-7740-9717-596b8116910c/backend-production-v0.3-r006-live""}"
"urn:uuid:128dde11-546e-5d76-bd57-d73c729041ef","lebl.ra.concept.ledger.calculus.remainder-term","remainder term","","[]","[]","urn:uuid:a0273f1c-6fad-54c7-a75a-32a5161da656","active","{""definition"":"""",""id"":""urn:uuid:128dde11-546e-5d76-bd57-d73c729041ef"",""label"":""remainder term"",""notation"":[],""record_type"":""concept"",""recorded_at"":""2026-08-21T00:00:00Z"",""rights_id"":""urn:uuid:a0273f1c-6fad-54c7-a75a-32a5161da656"",""schema_name"":""lebl.backend.record"",""schema_version"":""0.3.0"",""semantic_aliases"":[],""semantic_key"":""lebl.ra.concept.ledger.calculus.remainder-term"",""source_bindings"":[],""status"":""active"",""supersedes_id"":null,""workflow_id"":""01a01f57-a34b-7740-9717-596b8116910c/backend-production-v0.3-r006-live""}"
"urn:uuid:12acd7e4-8fae-5953-91d1-0414ff5cfe3f","lebl.ra.concept.ledger.matrix.row","row","","[]","[]","urn:uuid:a0273f1c-6fad-54c7-a75a-32a5161da656","active","{""definition"":"""",""id"":""urn:uuid:12acd7e4-8fae-5953-91d1-0414ff5cfe3f"",""label"":""row"",""notation"":[],""record_type"":""concept"",""recorded_at"":""2026-08-21T00:00:00Z"",""rights_id"":""urn:uuid:a0273f1c-6fad-54c7-a75a-32a5161da656"",""schema_name"":""lebl.backend.record"",""schema_version"":""0.3.0"",""semantic_aliases"":[],""semantic_key"":""lebl.ra.concept.ledger.matrix.row"",""source_bindings"":[],""status"":""active"",""supersedes_id"":null,""workflow_id"":""01a01f57-a34b-7740-9717-596b8116910c/backend-production-v0.3-r006-live""}"
"urn:uuid:12c81838-8c5f-5425-a80b-4f61ac8cda3e","lebl.ra.concept.ledger.metric.standard","standard metric","","[]","[]","urn:uuid:a0273f1c-6fad-54c7-a75a-32a5161da656","active","{""definition"":"""",""id"":""urn:uuid:12c81838-8c5f-5425-a80b-4f61ac8cda3e"",""label"":""standard metric"",""notation"":[],""record_type"":""concept"",""recorded_at"":""2026-08-21T00:00:00Z"",""rights_id"":""urn:uuid:a0273f1c-6fad-54c7-a75a-32a5161da656"",""schema_name"":""lebl.backend.record"",""schema_version"":""0.3.0"",""semantic_aliases"":[],""semantic_key"":""lebl.ra.concept.ledger.metric.standard"",""source_bindings"":[],""status"":""active"",""supersedes_id"":null,""workflow_id"":""01a01f57-a34b-7740-9717-596b8116910c/backend-production-v0.3-r006-live""}"
"urn:uuid:12f20139-ecac-57dc-bdd5-c552fdd33b78","lebl.ra.concept.ledger.operation.algebraic","algebraic operations","","[]","[]","urn:uuid:a0273f1c-6fad-54c7-a75a-32a5161da656","active","{""definition"":"""",""id"":""urn:uuid:12f20139-ecac-57dc-bdd5-c552fdd33b78"",""label"":""algebraic operations"",""notation"":[],""record_type"":""concept"",""recorded_at"":""2026-08-21T00:00:00Z"",""rights_id"":""urn:uuid:a0273f1c-6fad-54c7-a75a-32a5161da656"",""schema_name"":""lebl.backend.record"",""schema_version"":""0.3.0"",""semantic_aliases"":[],""semantic_key"":""lebl.ra.concept.ledger.operation.algebraic"",""source_bindings"":[],""status"":""active"",""supersedes_id"":null,""workflow_id"":""01a01f57-a34b-7740-9717-596b8116910c/backend-production-v0.3-r006-live""}"
"urn:uuid:130a7d8e-3d29-583d-8eb6-11791432bd2d","lebl.ra.concept.ledger.set-theory.singleton","singleton","","[]","[]","urn:uuid:a0273f1c-6fad-54c7-a75a-32a5161da656","active","{""definition"":"""",""id"":""urn:uuid:130a7d8e-3d29-583d-8eb6-11791432bd2d"",""label"":""singleton"",""notation"":[],""record_type"":""concept"",""recorded_at"":""2026-08-21T00:00:00Z"",""rights_id"":""urn:uuid:a0273f1c-6fad-54c7-a75a-32a5161da656"",""schema_name"":""lebl.backend.record"",""schema_version"":""0.3.0"",""semantic_aliases"":[],""semantic_key"":""lebl.ra.concept.ledger.set-theory.singleton"",""source_bindings"":[],""status"":""active"",""supersedes_id"":null,""workflow_id"":""01a01f57-a34b-7740-9717-596b8116910c/backend-production-v0.3-r006-live""}"
"urn:uuid:141b5e26-8c2b-57a3-8dc1-ca3a0929158e","lebl.ra.concept.ledger.set.boundary","boundary","","[]","[]","urn:uuid:a0273f1c-6fad-54c7-a75a-32a5161da656","active","{""definition"":"""",""id"":""urn:uuid:141b5e26-8c2b-57a3-8dc1-ca3a0929158e"",""label"":""boundary"",""notation"":[],""record_type"":""concept"",""recorded_at"":""2026-08-21T00:00:00Z"",""rights_id"":""urn:uuid:a0273f1c-6fad-54c7-a75a-32a5161da656"",""schema_name"":""lebl.backend.record"",""schema_version"":""0.3.0"",""semantic_aliases"":[],""semantic_key"":""lebl.ra.concept.ledger.set.boundary"",""source_bindings"":[],""status"":""active"",""supersedes_id"":null,""workflow_id"":""01a01f57-a34b-7740-9717-596b8116910c/backend-production-v0.3-r006-live""}"
"urn:uuid:143e36d6-5e01-5592-9272-b16f3e7bfa10","lebl.ra.concept.ledger.set-theory.countable-union","countable union","","[]","[]","urn:uuid:a0273f1c-6fad-54c7-a75a-32a5161da656","active","{""definition"":"""",""id"":""urn:uuid:143e36d6-5e01-5592-9272-b16f3e7bfa10"",""label"":""countable union"",""notation"":[],""record_type"":""concept"",""recorded_at"":""2026-08-21T00:00:00Z"",""rights_id"":""urn:uuid:a0273f1c-6fad-54c7-a75a-32a5161da656"",""schema_name"":""lebl.backend.record"",""schema_version"":""0.3.0"",""semantic_aliases"":[],""semantic_key"":""lebl.ra.concept.ledger.set-theory.countable-union"",""source_bindings"":[],""status"":""active"",""supersedes_id"":null,""workflow_id"":""01a01f57-a34b-7740-9717-596b8116910c/backend-production-v0.3-r006-live""}"
"urn:uuid:14552ad8-7013-57b2-843f-14a20410c827","lebl.ra.concept.ledger.function.affine","affine function","","[]","[]","urn:uuid:a0273f1c-6fad-54c7-a75a-32a5161da656","active","{""definition"":"""",""id"":""urn:uuid:14552ad8-7013-57b2-843f-14a20410c827"",""label"":""affine function"",""notation"":[],""record_type"":""concept"",""recorded_at"":""2026-08-21T00:00:00Z"",""rights_id"":""urn:uuid:a0273f1c-6fad-54c7-a75a-32a5161da656"",""schema_name"":""lebl.backend.record"",""schema_version"":""0.3.0"",""semantic_aliases"":[],""semantic_key"":""lebl.ra.concept.ledger.function.affine"",""source_bindings"":[],""status"":""active"",""supersedes_id"":null,""workflow_id"":""01a01f57-a34b-7740-9717-596b8116910c/backend-production-v0.3-r006-live""}"
"urn:uuid:1516aacb-5a31-5870-b72f-217f34847f0b","lebl.ra.concept.ledger.basis.linear","basis","","[]","[]","urn:uuid:a0273f1c-6fad-54c7-a75a-32a5161da656","active","{""definition"":"""",""id"":""urn:uuid:1516aacb-5a31-5870-b72f-217f34847f0b"",""label"":""basis"",""notation"":[],""record_type"":""concept"",""recorded_at"":""2026-08-21T00:00:00Z"",""rights_id"":""urn:uuid:a0273f1c-6fad-54c7-a75a-32a5161da656"",""schema_name"":""lebl.backend.record"",""schema_version"":""0.3.0"",""semantic_aliases"":[],""semantic_key"":""lebl.ra.concept.ledger.basis.linear"",""source_bindings"":[],""status"":""active"",""supersedes_id"":null,""workflow_id"":""01a01f57-a34b-7740-9717-596b8116910c/backend-production-v0.3-r006-live""}"
"urn:uuid:154cb46d-f337-5284-9ef2-628493b1983f","lebl.ra.concept.ledger.transform.fourier-cosine","Fourier cosine transform","","[]","[]","urn:uuid:a0273f1c-6fad-54c7-a75a-32a5161da656","active","{""definition"":"""",""id"":""urn:uuid:154cb46d-f337-5284-9ef2-628493b1983f"",""label"":""Fourier cosine transform"",""notation"":[],""record_type"":""concept"",""recorded_at"":""2026-08-21T00:00:00Z"",""rights_id"":""urn:uuid:a0273f1c-6fad-54c7-a75a-32a5161da656"",""schema_name"":""lebl.backend.record"",""schema_version"":""0.3.0"",""semantic_aliases"":[],""semantic_key"":""lebl.ra.concept.ledger.transform.fourier-cosine"",""source_bindings"":[],""status"":""active"",""supersedes_id"":null,""workflow_id"":""01a01f57-a34b-7740-9717-596b8116910c/backend-production-v0.3-r006-live""}"
"urn:uuid:1556c69e-27bb-544e-a320-ba319e158f9f","lebl.ra.concept.ledger.series.tail","tail of a series","","[]","[]","urn:uuid:a0273f1c-6fad-54c7-a75a-32a5161da656","active","{""definition"":"""",""id"":""urn:uuid:1556c69e-27bb-544e-a320-ba319e158f9f"",""label"":""tail of a series"",""notation"":[],""record_type"":""concept"",""recorded_at"":""2026-08-21T00:00:00Z"",""rights_id"":""urn:uuid:a0273f1c-6fad-54c7-a75a-32a5161da656"",""schema_name"":""lebl.backend.record"",""schema_version"":""0.3.0"",""semantic_aliases"":[],""semantic_key"":""lebl.ra.concept.ledger.series.tail"",""source_bindings"":[],""status"":""active"",""supersedes_id"":null,""workflow_id"":""01a01f57-a34b-7740-9717-596b8116910c/backend-production-v0.3-r006-live""}"
"urn:uuid:1589d14b-dffb-56d5-a9d3-dc8ed7f45f15","lebl.ra.concept.ledger.neighborhood.open","open neighborhood","","[]","[]","urn:uuid:a0273f1c-6fad-54c7-a75a-32a5161da656","active","{""definition"":"""",""id"":""urn:uuid:1589d14b-dffb-56d5-a9d3-dc8ed7f45f15"",""label"":""open neighborhood"",""notation"":[],""record_type"":""concept"",""recorded_at"":""2026-08-21T00:00:00Z"",""rights_id"":""urn:uuid:a0273f1c-6fad-54c7-a75a-32a5161da656"",""schema_name"":""lebl.backend.record"",""schema_version"":""0.3.0"",""semantic_aliases"":[],""semantic_key"":""lebl.ra.concept.ledger.neighborhood.open"",""source_bindings"":[],""status"":""active"",""supersedes_id"":null,""workflow_id"":""01a01f57-a34b-7740-9717-596b8116910c/backend-production-v0.3-r006-live""}"
"urn:uuid:18161830-b6a0-5ff4-9d48-8a17edf38ee4","lebl.ra.concept.ledger.set-theory.cartesian-product","Cartesian product","","[]","[]","urn:uuid:a0273f1c-6fad-54c7-a75a-32a5161da656","active","{""definition"":"""",""id"":""urn:uuid:18161830-b6a0-5ff4-9d48-8a17edf38ee4"",""label"":""Cartesian product"",""notation"":[],""record_type"":""concept"",""recorded_at"":""2026-08-21T00:00:00Z"",""rights_id"":""urn:uuid:a0273f1c-6fad-54c7-a75a-32a5161da656"",""schema_name"":""lebl.backend.record"",""schema_version"":""0.3.0"",""semantic_aliases"":[],""semantic_key"":""lebl.ra.concept.ledger.set-theory.cartesian-product"",""source_bindings"":[],""status"":""active"",""supersedes_id"":null,""workflow_id"":""01a01f57-a34b-7740-9717-596b8116910c/backend-production-v0.3-r006-live""}"
"urn:uuid:1853e45a-f1d4-57ce-9d6c-a03556b1a48d","lebl.ra.concept.ledger.cauchy.uniform","uniformly Cauchy","","[]","[]","urn:uuid:a0273f1c-6fad-54c7-a75a-32a5161da656","active","{""definition"":"""",""id"":""urn:uuid:1853e45a-f1d4-57ce-9d6c-a03556b1a48d"",""label"":""uniformly Cauchy"",""notation"":[],""record_type"":""concept"",""recorded_at"":""2026-08-21T00:00:00Z"",""rights_id"":""urn:uuid:a0273f1c-6fad-54c7-a75a-32a5161da656"",""schema_name"":""lebl.backend.record"",""schema_version"":""0.3.0"",""semantic_aliases"":[],""semantic_key"":""lebl.ra.concept.ledger.cauchy.uniform"",""source_bindings"":[],""status"":""active"",""supersedes_id"":null,""workflow_id"":""01a01f57-a34b-7740-9717-596b8116910c/backend-production-v0.3-r006-live""}"
"urn:uuid:199aa17b-59c6-5a6b-b8e2-cb871cd832a3","lebl.ra.concept.ledger.test.alternating-series","alternating series test","","[]","[]","urn:uuid:a0273f1c-6fad-54c7-a75a-32a5161da656","active","{""definition"":"""",""id"":""urn:uuid:199aa17b-59c6-5a6b-b8e2-cb871cd832a3"",""label"":""alternating series test"",""notation"":[],""record_type"":""concept"",""recorded_at"":""2026-08-21T00:00:00Z"",""rights_id"":""urn:uuid:a0273f1c-6fad-54c7-a75a-32a5161da656"",""schema_name"":""lebl.backend.record"",""schema_version"":""0.3.0"",""semantic_aliases"":[],""semantic_key"":""lebl.ra.concept.ledger.test.alternating-series"",""source_bindings"":[],""status"":""active"",""supersedes_id"":null,""workflow_id"":""01a01f57-a34b-7740-9717-596b8116910c/backend-production-v0.3-r006-live""}"
"urn:uuid:1a91c029-2041-5be3-aca9-34b778804021","lebl.ra.concept.ledger.limit.one-sided","one-sided limit","","[]","[]","urn:uuid:a0273f1c-6fad-54c7-a75a-32a5161da656","active","{""definition"":"""",""id"":""urn:uuid:1a91c029-2041-5be3-aca9-34b778804021"",""label"":""one-sided limit"",""notation"":[],""record_type"":""concept"",""recorded_at"":""2026-08-21T00:00:00Z"",""rights_id"":""urn:uuid:a0273f1c-6fad-54c7-a75a-32a5161da656"",""schema_name"":""lebl.backend.record"",""schema_version"":""0.3.0"",""semantic_aliases"":[],""semantic_key"":""lebl.ra.concept.ledger.limit.one-sided"",""source_bindings"":[],""status"":""active"",""supersedes_id"":null,""workflow_id"":""01a01f57-a34b-7740-9717-596b8116910c/backend-production-v0.3-r006-live""}"
"urn:uuid:1b45db6c-114d-50fd-a305-a0f11a3a485f","lebl.ra.concept.ledger.function.range","range","","[]","[]","urn:uuid:a0273f1c-6fad-54c7-a75a-32a5161da656","active","{""definition"":"""",""id"":""urn:uuid:1b45db6c-114d-50fd-a305-a0f11a3a485f"",""label"":""range"",""notation"":[],""record_type"":""concept"",""recorded_at"":""2026-08-21T00:00:00Z"",""rights_id"":""urn:uuid:a0273f1c-6fad-54c7-a75a-32a5161da656"",""schema_name"":""lebl.backend.record"",""schema_version"":""0.3.0"",""semantic_aliases"":[],""semantic_key"":""lebl.ra.concept.ledger.function.range"",""source_bindings"":[],""status"":""active"",""supersedes_id"":null,""workflow_id"":""01a01f57-a34b-7740-9717-596b8116910c/backend-production-v0.3-r006-live""}"
"urn:uuid:1ba9143f-0392-5d48-94d5-55770e9204c4","lebl.ra.concept.ledger.proof.induction-principle","principle of induction","","[]","[]","urn:uuid:a0273f1c-6fad-54c7-a75a-32a5161da656","active","{""definition"":"""",""id"":""urn:uuid:1ba9143f-0392-5d48-94d5-55770e9204c4"",""label"":""principle of induction"",""notation"":[],""record_type"":""concept"",""recorded_at"":""2026-08-21T00:00:00Z"",""rights_id"":""urn:uuid:a0273f1c-6fad-54c7-a75a-32a5161da656"",""schema_name"":""lebl.backend.record"",""schema_version"":""0.3.0"",""semantic_aliases"":[],""semantic_key"":""lebl.ra.concept.ledger.proof.induction-principle"",""source_bindings"":[],""status"":""active"",""supersedes_id"":null,""workflow_id"":""01a01f57-a34b-7740-9717-596b8116910c/backend-production-v0.3-r006-live""}"
"urn:uuid:1c44d724-59b9-5ae2-8944-cd5e4c07780f","lebl.ra.concept.ledger.set.interior","interior","","[]","[]","urn:uuid:a0273f1c-6fad-54c7-a75a-32a5161da656","active","{""definition"":"""",""id"":""urn:uuid:1c44d724-59b9-5ae2-8944-cd5e4c07780f"",""label"":""interior"",""notation"":[],""record_type"":""concept"",""recorded_at"":""2026-08-21T00:00:00Z"",""rights_id"":""urn:uuid:a0273f1c-6fad-54c7-a75a-32a5161da656"",""schema_name"":""lebl.backend.record"",""schema_version"":""0.3.0"",""semantic_aliases"":[],""semantic_key"":""lebl.ra.concept.ledger.set.interior"",""source_bindings"":[],""status"":""active"",""supersedes_id"":null,""workflow_id"":""01a01f57-a34b-7740-9717-596b8116910c/backend-production-v0.3-r006-live""}"
"urn:uuid:1e5aed53-0835-5f7d-b8c1-0bff82b223b0","lebl.ra.concept.ledger.number.transcendental","transcendental number","","[]","[]","urn:uuid:a0273f1c-6fad-54c7-a75a-32a5161da656","active","{""definition"":"""",""id"":""urn:uuid:1e5aed53-0835-5f7d-b8c1-0bff82b223b0"",""label"":""transcendental number"",""notation"":[],""record_type"":""concept"",""recorded_at"":""2026-08-21T00:00:00Z"",""rights_id"":""urn:uuid:a0273f1c-6fad-54c7-a75a-32a5161da656"",""schema_name"":""lebl.backend.record"",""schema_version"":""0.3.0"",""semantic_aliases"":[],""semantic_key"":""lebl.ra.concept.ledger.number.transcendental"",""source_bindings"":[],""status"":""active"",""supersedes_id"":null,""workflow_id"":""01a01f57-a34b-7740-9717-596b8116910c/backend-production-v0.3-r006-live""}"
"urn:uuid:1f7c80c5-b7bc-55a7-bb47-dc6e54581506","lebl.ra.concept.ledger.function.bijective-mapping","bijective mapping","","[]","[]","urn:uuid:a0273f1c-6fad-54c7-a75a-32a5161da656","active","{""definition"":"""",""id"":""urn:uuid:1f7c80c5-b7bc-55a7-bb47-dc6e54581506"",""label"":""bijective mapping"",""notation"":[],""record_type"":""concept"",""recorded_at"":""2026-08-21T00:00:00Z"",""rights_id"":""urn:uuid:a0273f1c-6fad-54c7-a75a-32a5161da656"",""schema_name"":""lebl.backend.record"",""schema_version"":""0.3.0"",""semantic_aliases"":[],""semantic_key"":""lebl.ra.concept.ledger.function.bijective-mapping"",""source_bindings"":[],""status"":""active"",""supersedes_id"":null,""workflow_id"":""01a01f57-a34b-7740-9717-596b8116910c/backend-production-v0.3-r006-live""}"
"urn:uuid:20192335-360c-5223-82eb-12ac4c475620","lebl.ra.concept.ledger.mapping.contraction","contraction mapping","","[]","[]","urn:uuid:a0273f1c-6fad-54c7-a75a-32a5161da656","active","{""definition"":"""",""id"":""urn:uuid:20192335-360c-5223-82eb-12ac4c475620"",""label"":""contraction mapping"",""notation"":[],""record_type"":""concept"",""recorded_at"":""2026-08-21T00:00:00Z"",""rights_id"":""urn:uuid:a0273f1c-6fad-54c7-a75a-32a5161da656"",""schema_name"":""lebl.backend.record"",""schema_version"":""0.3.0"",""semantic_aliases"":[],""semantic_key"":""lebl.ra.concept.ledger.mapping.contraction"",""source_bindings"":[],""status"":""active"",""supersedes_id"":null,""workflow_id"":""01a01f57-a34b-7740-9717-596b8116910c/backend-production-v0.3-r006-live""}"
"urn:uuid:205814c2-0a05-5b50-997e-570cdbc67821","lebl.ra.concept.ledger.function.strictly-decreasing","strictly decreasing","","[]","[]","urn:uuid:a0273f1c-6fad-54c7-a75a-32a5161da656","active","{""definition"":"""",""id"":""urn:uuid:205814c2-0a05-5b50-997e-570cdbc67821"",""label"":""strictly decreasing"",""notation"":[],""record_type"":""concept"",""recorded_at"":""2026-08-21T00:00:00Z"",""rights_id"":""urn:uuid:a0273f1c-6fad-54c7-a75a-32a5161da656"",""schema_name"":""lebl.backend.record"",""schema_version"":""0.3.0"",""semantic_aliases"":[],""semantic_key"":""lebl.ra.concept.ledger.function.strictly-decreasing"",""source_bindings"":[],""status"":""active"",""supersedes_id"":null,""workflow_id"":""01a01f57-a34b-7740-9717-596b8116910c/backend-production-v0.3-r006-live""}"
"urn:uuid:20cf55c1-7132-5ffb-aa03-932972603840","lebl.ra.concept.ledger.permutation.even","even permutation","","[]","[]","urn:uuid:a0273f1c-6fad-54c7-a75a-32a5161da656","active","{""definition"":"""",""id"":""urn:uuid:20cf55c1-7132-5ffb-aa03-932972603840"",""label"":""even permutation"",""notation"":[],""record_type"":""concept"",""recorded_at"":""2026-08-21T00:00:00Z"",""rights_id"":""urn:uuid:a0273f1c-6fad-54c7-a75a-32a5161da656"",""schema_name"":""lebl.backend.record"",""schema_version"":""0.3.0"",""semantic_aliases"":[],""semantic_key"":""lebl.ra.concept.ledger.permutation.even"",""source_bindings"":[],""status"":""active"",""supersedes_id"":null,""workflow_id"":""01a01f57-a34b-7740-9717-596b8116910c/backend-production-v0.3-r006-live""}"
"urn:uuid:210d25cd-3433-5283-a75f-717258a9170b","lebl.ra.concept.ledger.iteration.picard","Picard iteration","","[]","[]","urn:uuid:a0273f1c-6fad-54c7-a75a-32a5161da656","active","{""definition"":"""",""id"":""urn:uuid:210d25cd-3433-5283-a75f-717258a9170b"",""label"":""Picard iteration"",""notation"":[],""record_type"":""concept"",""recorded_at"":""2026-08-21T00:00:00Z"",""rights_id"":""urn:uuid:a0273f1c-6fad-54c7-a75a-32a5161da656"",""schema_name"":""lebl.backend.record"",""schema_version"":""0.3.0"",""semantic_aliases"":[],""semantic_key"":""lebl.ra.concept.ledger.iteration.picard"",""source_bindings"":[],""status"":""active"",""supersedes_id"":null,""workflow_id"":""01a01f57-a34b-7740-9717-596b8116910c/backend-production-v0.3-r006-live""}"
"urn:uuid:211f7616-f081-5d60-b321-a3c848b9eed8","lebl.ra.concept.ledger.function.bounded","bounded function","","[]","[]","urn:uuid:a0273f1c-6fad-54c7-a75a-32a5161da656","active","{""definition"":"""",""id"":""urn:uuid:211f7616-f081-5d60-b321-a3c848b9eed8"",""label"":""bounded function"",""notation"":[],""record_type"":""concept"",""recorded_at"":""2026-08-21T00:00:00Z"",""rights_id"":""urn:uuid:a0273f1c-6fad-54c7-a75a-32a5161da656"",""schema_name"":""lebl.backend.record"",""schema_version"":""0.3.0"",""semantic_aliases"":[],""semantic_key"":""lebl.ra.concept.ledger.function.bounded"",""source_bindings"":[],""status"":""active"",""supersedes_id"":null,""workflow_id"":""01a01f57-a34b-7740-9717-596b8116910c/backend-production-v0.3-r006-live""}"
"urn:uuid:233214e6-5e62-5880-a52a-c3337d3effaf","lebl.ra.concept.ledger.function.decreasing","decreasing","","[]","[]","urn:uuid:a0273f1c-6fad-54c7-a75a-32a5161da656","active","{""definition"":"""",""id"":""urn:uuid:233214e6-5e62-5880-a52a-c3337d3effaf"",""label"":""decreasing"",""notation"":[],""record_type"":""concept"",""recorded_at"":""2026-08-21T00:00:00Z"",""rights_id"":""urn:uuid:a0273f1c-6fad-54c7-a75a-32a5161da656"",""schema_name"":""lebl.backend.record"",""schema_version"":""0.3.0"",""semantic_aliases"":[],""semantic_key"":""lebl.ra.concept.ledger.function.decreasing"",""source_bindings"":[],""status"":""active"",""supersedes_id"":null,""workflow_id"":""01a01f57-a34b-7740-9717-596b8116910c/backend-production-v0.3-r006-live""}"
"urn:uuid:23679b19-84b5-59d7-9d2a-e436c4909070","lebl.ra.concept.ledger.limit.function","limit of a function","","[]","[]","urn:uuid:a0273f1c-6fad-54c7-a75a-32a5161da656","active","{""definition"":"""",""id"":""urn:uuid:23679b19-84b5-59d7-9d2a-e436c4909070"",""label"":""limit of a function"",""notation"":[],""record_type"":""concept"",""recorded_at"":""2026-08-21T00:00:00Z"",""rights_id"":""urn:uuid:a0273f1c-6fad-54c7-a75a-32a5161da656"",""schema_name"":""lebl.backend.record"",""schema_version"":""0.3.0"",""semantic_aliases"":[],""semantic_key"":""lebl.ra.concept.ledger.limit.function"",""source_bindings"":[],""status"":""active"",""supersedes_id"":null,""workflow_id"":""01a01f57-a34b-7740-9717-596b8116910c/backend-production-v0.3-r006-live""}"
"urn:uuid:23d2125e-88cd-5fc3-83c9-05d8fa8fe13c","lebl.ra.concept.ledger.set-theory.complement","complement","","[]","[]","urn:uuid:a0273f1c-6fad-54c7-a75a-32a5161da656","active","{""definition"":"""",""id"":""urn:uuid:23d2125e-88cd-5fc3-83c9-05d8fa8fe13c"",""label"":""complement"",""notation"":[],""record_type"":""concept"",""recorded_at"":""2026-08-21T00:00:00Z"",""rights_id"":""urn:uuid:a0273f1c-6fad-54c7-a75a-32a5161da656"",""schema_name"":""lebl.backend.record"",""schema_version"":""0.3.0"",""semantic_aliases"":[],""semantic_key"":""lebl.ra.concept.ledger.set-theory.complement"",""source_bindings"":[],""status"":""active"",""supersedes_id"":null,""workflow_id"":""01a01f57-a34b-7740-9717-596b8116910c/backend-production-v0.3-r006-live""}"
"urn:uuid:254eef9a-55db-56ac-8090-bd7b3c921ccc","lebl.ra.concept.ledger.integration.p-test","integral p-test","","[]","[]","urn:uuid:a0273f1c-6fad-54c7-a75a-32a5161da656","active","{""definition"":"""",""id"":""urn:uuid:254eef9a-55db-56ac-8090-bd7b3c921ccc"",""label"":""integral p-test"",""notation"":[],""record_type"":""concept"",""recorded_at"":""2026-08-21T00:00:00Z"",""rights_id"":""urn:uuid:a0273f1c-6fad-54c7-a75a-32a5161da656"",""schema_name"":""lebl.backend.record"",""schema_version"":""0.3.0"",""semantic_aliases"":[],""semantic_key"":""lebl.ra.concept.ledger.integration.p-test"",""source_bindings"":[],""status"":""active"",""supersedes_id"":null,""workflow_id"":""01a01f57-a34b-7740-9717-596b8116910c/backend-production-v0.3-r006-live""}"
"urn:uuid:256c338c-2cb1-5da5-9b90-364e41608631","lebl.ra.concept.ledger.calculus.lagrange-form","Lagrange form","","[]","[]","urn:uuid:a0273f1c-6fad-54c7-a75a-32a5161da656","active","{""definition"":"""",""id"":""urn:uuid:256c338c-2cb1-5da5-9b90-364e41608631"",""label"":""Lagrange form"",""notation"":[],""record_type"":""concept"",""recorded_at"":""2026-08-21T00:00:00Z"",""rights_id"":""urn:uuid:a0273f1c-6fad-54c7-a75a-32a5161da656"",""schema_name"":""lebl.backend.record"",""schema_version"":""0.3.0"",""semantic_aliases"":[],""semantic_key"":""lebl.ra.concept.ledger.calculus.lagrange-form"",""source_bindings"":[],""status"":""active"",""supersedes_id"":null,""workflow_id"":""01a01f57-a34b-7740-9717-596b8116910c/backend-production-v0.3-r006-live""}"
"urn:uuid:258dd099-13f5-5698-9008-18794d2a9b24","lebl.ra.concept.ledger.function.strictly-monotone","strictly monotone function","","[]","[]","urn:uuid:a0273f1c-6fad-54c7-a75a-32a5161da656","active","{""definition"":"""",""id"":""urn:uuid:258dd099-13f5-5698-9008-18794d2a9b24"",""label"":""strictly monotone function"",""notation"":[],""record_type"":""concept"",""recorded_at"":""2026-08-21T00:00:00Z"",""rights_id"":""urn:uuid:a0273f1c-6fad-54c7-a75a-32a5161da656"",""schema_name"":""lebl.backend.record"",""schema_version"":""0.3.0"",""semantic_aliases"":[],""semantic_key"":""lebl.ra.concept.ledger.function.strictly-monotone"",""source_bindings"":[],""status"":""active"",""supersedes_id"":null,""workflow_id"":""01a01f57-a34b-7740-9717-596b8116910c/backend-production-v0.3-r006-live""}"
"urn:uuid:2628d3cc-c4a3-58b6-844d-8f54a5b2ec94","lebl.ra.concept.ledger.test.root","root test","","[]","[]","urn:uuid:a0273f1c-6fad-54c7-a75a-32a5161da656","active","{""definition"":"""",""id"":""urn:uuid:2628d3cc-c4a3-58b6-844d-8f54a5b2ec94"",""label"":""root test"",""notation"":[],""record_type"":""concept"",""recorded_at"":""2026-08-21T00:00:00Z"",""rights_id"":""urn:uuid:a0273f1c-6fad-54c7-a75a-32a5161da656"",""schema_name"":""lebl.backend.record"",""schema_version"":""0.3.0"",""semantic_aliases"":[],""semantic_key"":""lebl.ra.concept.ledger.test.root"",""source_bindings"":[],""status"":""active"",""supersedes_id"":null,""workflow_id"":""01a01f57-a34b-7740-9717-596b8116910c/backend-production-v0.3-r006-live""}"
"urn:uuid:26c717c6-b2f4-5feb-8dc4-aff63ab478d4","lebl.ra.concept.ledger.function.domain","domain","","[]","[]","urn:uuid:a0273f1c-6fad-54c7-a75a-32a5161da656","active","{""definition"":"""",""id"":""urn:uuid:26c717c6-b2f4-5feb-8dc4-aff63ab478d4"",""label"":""domain"",""notation"":[],""record_type"":""concept"",""recorded_at"":""2026-08-21T00:00:00Z"",""rights_id"":""urn:uuid:a0273f1c-6fad-54c7-a75a-32a5161da656"",""schema_name"":""lebl.backend.record"",""schema_version"":""0.3.0"",""semantic_aliases"":[],""semantic_key"":""lebl.ra.concept.ledger.function.domain"",""source_bindings"":[],""status"":""active"",""supersedes_id"":null,""workflow_id"":""01a01f57-a34b-7740-9717-596b8116910c/backend-production-v0.3-r006-live""}"
"urn:uuid:276c5bf0-59a3-5920-b242-93f13f0a2689","lebl.ra.concept.ledger.series.harmonic","harmonic series","","[]","[]","urn:uuid:a0273f1c-6fad-54c7-a75a-32a5161da656","active","{""definition"":"""",""id"":""urn:uuid:276c5bf0-59a3-5920-b242-93f13f0a2689"",""label"":""harmonic series"",""notation"":[],""record_type"":""concept"",""recorded_at"":""2026-08-21T00:00:00Z"",""rights_id"":""urn:uuid:a0273f1c-6fad-54c7-a75a-32a5161da656"",""schema_name"":""lebl.backend.record"",""schema_version"":""0.3.0"",""semantic_aliases"":[],""semantic_key"":""lebl.ra.concept.ledger.series.harmonic"",""source_bindings"":[],""status"":""active"",""supersedes_id"":null,""workflow_id"":""01a01f57-a34b-7740-9717-596b8116910c/backend-production-v0.3-r006-live""}"
"urn:uuid:28709cc3-68b1-54b5-9b82-7c2e663e0740","lebl.ra.concept.ledger.relation.transitive","transitive","","[]","[]","urn:uuid:a0273f1c-6fad-54c7-a75a-32a5161da656","active","{""definition"":"""",""id"":""urn:uuid:28709cc3-68b1-54b5-9b82-7c2e663e0740"",""label"":""transitive"",""notation"":[],""record_type"":""concept"",""recorded_at"":""2026-08-21T00:00:00Z"",""rights_id"":""urn:uuid:a0273f1c-6fad-54c7-a75a-32a5161da656"",""schema_name"":""lebl.backend.record"",""schema_version"":""0.3.0"",""semantic_aliases"":[],""semantic_key"":""lebl.ra.concept.ledger.relation.transitive"",""source_bindings"":[],""status"":""active"",""supersedes_id"":null,""workflow_id"":""01a01f57-a34b-7740-9717-596b8116910c/backend-production-v0.3-r006-live""}"
"urn:uuid:2968c1d9-397f-52b4-9a43-f036ce798671","lebl.ra.concept.ledger.integrating-factor","integrating factor","","[]","[]","urn:uuid:a0273f1c-6fad-54c7-a75a-32a5161da656","active","{""definition"":"""",""id"":""urn:uuid:2968c1d9-397f-52b4-9a43-f036ce798671"",""label"":""integrating factor"",""notation"":[],""record_type"":""concept"",""recorded_at"":""2026-08-21T00:00:00Z"",""rights_id"":""urn:uuid:a0273f1c-6fad-54c7-a75a-32a5161da656"",""schema_name"":""lebl.backend.record"",""schema_version"":""0.3.0"",""semantic_aliases"":[],""semantic_key"":""lebl.ra.concept.ledger.integrating-factor"",""source_bindings"":[],""status"":""active"",""supersedes_id"":null,""workflow_id"":""01a01f57-a34b-7740-9717-596b8116910c/backend-production-v0.3-r006-live""}"
"urn:uuid:2b47fe83-c04c-5961-9aea-fe7846f0c302","lebl.ra.concept.ledger.calculus.several-variables","several variables","","[]","[]","urn:uuid:a0273f1c-6fad-54c7-a75a-32a5161da656","active","{""definition"":"""",""id"":""urn:uuid:2b47fe83-c04c-5961-9aea-fe7846f0c302"",""label"":""several variables"",""notation"":[],""record_type"":""concept"",""recorded_at"":""2026-08-21T00:00:00Z"",""rights_id"":""urn:uuid:a0273f1c-6fad-54c7-a75a-32a5161da656"",""schema_name"":""lebl.backend.record"",""schema_version"":""0.3.0"",""semantic_aliases"":[],""semantic_key"":""lebl.ra.concept.ledger.calculus.several-variables"",""source_bindings"":[],""status"":""active"",""supersedes_id"":null,""workflow_id"":""01a01f57-a34b-7740-9717-596b8116910c/backend-production-v0.3-r006-live""}"
"urn:uuid:2bc21e5e-0700-54be-b9fa-5e551a9e9a1a","lebl.ra.concept.ledger.set-theory.uncountable","uncountable","","[]","[]","urn:uuid:a0273f1c-6fad-54c7-a75a-32a5161da656","active","{""definition"":"""",""id"":""urn:uuid:2bc21e5e-0700-54be-b9fa-5e551a9e9a1a"",""label"":""uncountable"",""notation"":[],""record_type"":""concept"",""recorded_at"":""2026-08-21T00:00:00Z"",""rights_id"":""urn:uuid:a0273f1c-6fad-54c7-a75a-32a5161da656"",""schema_name"":""lebl.backend.record"",""schema_version"":""0.3.0"",""semantic_aliases"":[],""semantic_key"":""lebl.ra.concept.ledger.set-theory.uncountable"",""source_bindings"":[],""status"":""active"",""supersedes_id"":null,""workflow_id"":""01a01f57-a34b-7740-9717-596b8116910c/backend-production-v0.3-r006-live""}"
"urn:uuid:2cb783a1-b28d-5aaf-b906-22350fc954d9","lebl.ra.concept.ledger.function.strictly-increasing","strictly increasing","","[]","[]","urn:uuid:a0273f1c-6fad-54c7-a75a-32a5161da656","active","{""definition"":"""",""id"":""urn:uuid:2cb783a1-b28d-5aaf-b906-22350fc954d9"",""label"":""strictly increasing"",""notation"":[],""record_type"":""concept"",""recorded_at"":""2026-08-21T00:00:00Z"",""rights_id"":""urn:uuid:a0273f1c-6fad-54c7-a75a-32a5161da656"",""schema_name"":""lebl.backend.record"",""schema_version"":""0.3.0"",""semantic_aliases"":[],""semantic_key"":""lebl.ra.concept.ledger.function.strictly-increasing"",""source_bindings"":[],""status"":""active"",""supersedes_id"":null,""workflow_id"":""01a01f57-a34b-7740-9717-596b8116910c/backend-production-v0.3-r006-live""}"
"urn:uuid:2d2bb56f-fee5-5f7b-bf2d-df53b7ba3740","lebl.ra.concept.ledger.vector","vector","","[]","[]","urn:uuid:a0273f1c-6fad-54c7-a75a-32a5161da656","active","{""definition"":"""",""id"":""urn:uuid:2d2bb56f-fee5-5f7b-bf2d-df53b7ba3740"",""label"":""vector"",""notation"":[],""record_type"":""concept"",""recorded_at"":""2026-08-21T00:00:00Z"",""rights_id"":""urn:uuid:a0273f1c-6fad-54c7-a75a-32a5161da656"",""schema_name"":""lebl.backend.record"",""schema_version"":""0.3.0"",""semantic_aliases"":[],""semantic_key"":""lebl.ra.concept.ledger.vector"",""source_bindings"":[],""status"":""active"",""supersedes_id"":null,""workflow_id"":""01a01f57-a34b-7740-9717-596b8116910c/backend-production-v0.3-r006-live""}"
"urn:uuid:2e7d5ba8-42e2-5ba1-bdb1-4ca830b49c9f","lebl.ra.concept.ledger.set.connected","connected set","","[]","[]","urn:uuid:a0273f1c-6fad-54c7-a75a-32a5161da656","active","{""definition"":"""",""id"":""urn:uuid:2e7d5ba8-42e2-5ba1-bdb1-4ca830b49c9f"",""label"":""connected set"",""notation"":[],""record_type"":""concept"",""recorded_at"":""2026-08-21T00:00:00Z"",""rights_id"":""urn:uuid:a0273f1c-6fad-54c7-a75a-32a5161da656"",""schema_name"":""lebl.backend.record"",""schema_version"":""0.3.0"",""semantic_aliases"":[],""semantic_key"":""lebl.ra.concept.ledger.set.connected"",""source_bindings"":[],""status"":""active"",""supersedes_id"":null,""workflow_id"":""01a01f57-a34b-7740-9717-596b8116910c/backend-production-v0.3-r006-live""}"
"urn:uuid:2eb0bb13-5209-50e1-80b9-10416e0f9d4d","lebl.ra.concept.ledger.radius.spectral","spectral radius","","[]","[]","urn:uuid:a0273f1c-6fad-54c7-a75a-32a5161da656","active","{""definition"":"""",""id"":""urn:uuid:2eb0bb13-5209-50e1-80b9-10416e0f9d4d"",""label"":""spectral radius"",""notation"":[],""record_type"":""concept"",""recorded_at"":""2026-08-21T00:00:00Z"",""rights_id"":""urn:uuid:a0273f1c-6fad-54c7-a75a-32a5161da656"",""schema_name"":""lebl.backend.record"",""schema_version"":""0.3.0"",""semantic_aliases"":[],""semantic_key"":""lebl.ra.concept.ledger.radius.spectral"",""source_bindings"":[],""status"":""active"",""supersedes_id"":null,""workflow_id"":""01a01f57-a34b-7740-9717-596b8116910c/backend-production-v0.3-r006-live""}"
"urn:uuid:2f059965-7612-5d59-a09a-29eb7e6cff61","lebl.ra.concept.ledger.set-theory.element","element","","[]","[]","urn:uuid:a0273f1c-6fad-54c7-a75a-32a5161da656","active","{""definition"":"""",""id"":""urn:uuid:2f059965-7612-5d59-a09a-29eb7e6cff61"",""label"":""element"",""notation"":[],""record_type"":""concept"",""recorded_at"":""2026-08-21T00:00:00Z"",""rights_id"":""urn:uuid:a0273f1c-6fad-54c7-a75a-32a5161da656"",""schema_name"":""lebl.backend.record"",""schema_version"":""0.3.0"",""semantic_aliases"":[],""semantic_key"":""lebl.ra.concept.ledger.set-theory.element"",""source_bindings"":[],""status"":""active"",""supersedes_id"":null,""workflow_id"":""01a01f57-a34b-7740-9717-596b8116910c/backend-production-v0.3-r006-live""}"
"urn:uuid:2f0fae35-035f-564c-bc03-f108196efc8b","lebl.ra.concept.ledger.basis.change","change of basis","","[]","[]","urn:uuid:a0273f1c-6fad-54c7-a75a-32a5161da656","active","{""definition"":"""",""id"":""urn:uuid:2f0fae35-035f-564c-bc03-f108196efc8b"",""label"":""change of basis"",""notation"":[],""record_type"":""concept"",""recorded_at"":""2026-08-21T00:00:00Z"",""rights_id"":""urn:uuid:a0273f1c-6fad-54c7-a75a-32a5161da656"",""schema_name"":""lebl.backend.record"",""schema_version"":""0.3.0"",""semantic_aliases"":[],""semantic_key"":""lebl.ra.concept.ledger.basis.change"",""source_bindings"":[],""status"":""active"",""supersedes_id"":null,""workflow_id"":""01a01f57-a34b-7740-9717-596b8116910c/backend-production-v0.3-r006-live""}"
"urn:uuid:2fb01db9-fae9-5c6a-ad8e-92cab56befdd","lebl.ra.concept.ledger.norm.euclidean","Euclidean norm","","[]","[]","urn:uuid:a0273f1c-6fad-54c7-a75a-32a5161da656","active","{""definition"":"""",""id"":""urn:uuid:2fb01db9-fae9-5c6a-ad8e-92cab56befdd"",""label"":""Euclidean norm"",""notation"":[],""record_type"":""concept"",""recorded_at"":""2026-08-21T00:00:00Z"",""rights_id"":""urn:uuid:a0273f1c-6fad-54c7-a75a-32a5161da656"",""schema_name"":""lebl.backend.record"",""schema_version"":""0.3.0"",""semantic_aliases"":[],""semantic_key"":""lebl.ra.concept.ledger.norm.euclidean"",""source_bindings"":[],""status"":""active"",""supersedes_id"":null,""workflow_id"":""01a01f57-a34b-7740-9717-596b8116910c/backend-production-v0.3-r006-live""}"
"urn:uuid:2fb4c753-2232-5bf5-bd65-c57c586d8b37","lebl.ra.concept.ledger.compactness","compactness","","[]","[]","urn:uuid:a0273f1c-6fad-54c7-a75a-32a5161da656","active","{""definition"":"""",""id"":""urn:uuid:2fb4c753-2232-5bf5-bd65-c57c586d8b37"",""label"":""compactness"",""notation"":[],""record_type"":""concept"",""recorded_at"":""2026-08-21T00:00:00Z"",""rights_id"":""urn:uuid:a0273f1c-6fad-54c7-a75a-32a5161da656"",""schema_name"":""lebl.backend.record"",""schema_version"":""0.3.0"",""semantic_aliases"":[],""semantic_key"":""lebl.ra.concept.ledger.compactness"",""source_bindings"":[],""status"":""active"",""supersedes_id"":null,""workflow_id"":""01a01f57-a34b-7740-9717-596b8116910c/backend-production-v0.3-r006-live""}"
"urn:uuid:2fd2aa4d-1aeb-5de2-925e-408635d9c32b","lebl.ra.concept.ledger.set.closure","closure","","[]","[]","urn:uuid:a0273f1c-6fad-54c7-a75a-32a5161da656","active","{""definition"":"""",""id"":""urn:uuid:2fd2aa4d-1aeb-5de2-925e-408635d9c32b"",""label"":""closure"",""notation"":[],""record_type"":""concept"",""recorded_at"":""2026-08-21T00:00:00Z"",""rights_id"":""urn:uuid:a0273f1c-6fad-54c7-a75a-32a5161da656"",""schema_name"":""lebl.backend.record"",""schema_version"":""0.3.0"",""semantic_aliases"":[],""semantic_key"":""lebl.ra.concept.ledger.set.closure"",""source_bindings"":[],""status"":""active"",""supersedes_id"":null,""workflow_id"":""01a01f57-a34b-7740-9717-596b8116910c/backend-production-v0.3-r006-live""}"
"urn:uuid:2feae475-791c-5664-b583-32768c68bb14","lebl.ra.concept.ledger.function.direct-image","direct image","","[]","[]","urn:uuid:a0273f1c-6fad-54c7-a75a-32a5161da656","active","{""definition"":"""",""id"":""urn:uuid:2feae475-791c-5664-b583-32768c68bb14"",""label"":""direct image"",""notation"":[],""record_type"":""concept"",""recorded_at"":""2026-08-21T00:00:00Z"",""rights_id"":""urn:uuid:a0273f1c-6fad-54c7-a75a-32a5161da656"",""schema_name"":""lebl.backend.record"",""schema_version"":""0.3.0"",""semantic_aliases"":[],""semantic_key"":""lebl.ra.concept.ledger.function.direct-image"",""source_bindings"":[],""status"":""active"",""supersedes_id"":null,""workflow_id"":""01a01f57-a34b-7740-9717-596b8116910c/backend-production-v0.3-r006-live""}"
"urn:uuid:30ed97dc-2fc4-51f0-b1eb-892f6097739f","lebl.ra.concept.ledger.order.least-element","least element","","[]","[]","urn:uuid:a0273f1c-6fad-54c7-a75a-32a5161da656","active","{""definition"":"""",""id"":""urn:uuid:30ed97dc-2fc4-51f0-b1eb-892f6097739f"",""label"":""least element"",""notation"":[],""record_type"":""concept"",""recorded_at"":""2026-08-21T00:00:00Z"",""rights_id"":""urn:uuid:a0273f1c-6fad-54c7-a75a-32a5161da656"",""schema_name"":""lebl.backend.record"",""schema_version"":""0.3.0"",""semantic_aliases"":[],""semantic_key"":""lebl.ra.concept.ledger.order.least-element"",""source_bindings"":[],""status"":""active"",""supersedes_id"":null,""workflow_id"":""01a01f57-a34b-7740-9717-596b8116910c/backend-production-v0.3-r006-live""}"
"urn:uuid:315c3192-667e-5e25-89d5-0245f23e860c","lebl.ra.concept.ledger.equation.linear-first-order-differential","linear first-order differential equation","","[]","[]","urn:uuid:a0273f1c-6fad-54c7-a75a-32a5161da656","active","{""definition"":"""",""id"":""urn:uuid:315c3192-667e-5e25-89d5-0245f23e860c"",""label"":""linear first-order differential equation"",""notation"":[],""record_type"":""concept"",""recorded_at"":""2026-08-21T00:00:00Z"",""rights_id"":""urn:uuid:a0273f1c-6fad-54c7-a75a-32a5161da656"",""schema_name"":""lebl.backend.record"",""schema_version"":""0.3.0"",""semantic_aliases"":[],""semantic_key"":""lebl.ra.concept.ledger.equation.linear-first-order-differential"",""source_bindings"":[],""status"":""active"",""supersedes_id"":null,""workflow_id"":""01a01f57-a34b-7740-9717-596b8116910c/backend-production-v0.3-r006-live""}"
"urn:uuid:319058c0-b3a4-531e-82aa-68ac9f9b47a5","lebl.ra.concept.ledger.function.restriction","restriction","","[]","[]","urn:uuid:a0273f1c-6fad-54c7-a75a-32a5161da656","active","{""definition"":"""",""id"":""urn:uuid:319058c0-b3a4-531e-82aa-68ac9f9b47a5"",""label"":""restriction"",""notation"":[],""record_type"":""concept"",""recorded_at"":""2026-08-21T00:00:00Z"",""rights_id"":""urn:uuid:a0273f1c-6fad-54c7-a75a-32a5161da656"",""schema_name"":""lebl.backend.record"",""schema_version"":""0.3.0"",""semantic_aliases"":[],""semantic_key"":""lebl.ra.concept.ledger.function.restriction"",""source_bindings"":[],""status"":""active"",""supersedes_id"":null,""workflow_id"":""01a01f57-a34b-7740-9717-596b8116910c/backend-production-v0.3-r006-live""}"
"urn:uuid:31f8e109-dc4e-5128-b154-46c07dbf325b","lebl.ra.concept.ledger.integration.convolution","convolution","","[]","[]","urn:uuid:a0273f1c-6fad-54c7-a75a-32a5161da656","active","{""definition"":"""",""id"":""urn:uuid:31f8e109-dc4e-5128-b154-46c07dbf325b"",""label"":""convolution"",""notation"":[],""record_type"":""concept"",""recorded_at"":""2026-08-21T00:00:00Z"",""rights_id"":""urn:uuid:a0273f1c-6fad-54c7-a75a-32a5161da656"",""schema_name"":""lebl.backend.record"",""schema_version"":""0.3.0"",""semantic_aliases"":[],""semantic_key"":""lebl.ra.concept.ledger.integration.convolution"",""source_bindings"":[],""status"":""active"",""supersedes_id"":null,""workflow_id"":""01a01f57-a34b-7740-9717-596b8116910c/backend-production-v0.3-r006-live""}"
"urn:uuid:3264b084-c1c3-5b05-a39c-790a48cf1573","lebl.ra.concept.ledger.solution.weak","weak solution","","[]","[]","urn:uuid:a0273f1c-6fad-54c7-a75a-32a5161da656","active","{""definition"":"""",""id"":""urn:uuid:3264b084-c1c3-5b05-a39c-790a48cf1573"",""label"":""weak solution"",""notation"":[],""record_type"":""concept"",""recorded_at"":""2026-08-21T00:00:00Z"",""rights_id"":""urn:uuid:a0273f1c-6fad-54c7-a75a-32a5161da656"",""schema_name"":""lebl.backend.record"",""schema_version"":""0.3.0"",""semantic_aliases"":[],""semantic_key"":""lebl.ra.concept.ledger.solution.weak"",""source_bindings"":[],""status"":""active"",""supersedes_id"":null,""workflow_id"":""01a01f57-a34b-7740-9717-596b8116910c/backend-production-v0.3-r006-live""}"
"urn:uuid:32ca2ff9-80c4-5aab-94ac-780013cf4568","lebl.ra.concept.ledger.number.decimal-expansion","decimal expansion","","[]","[]","urn:uuid:a0273f1c-6fad-54c7-a75a-32a5161da656","active","{""definition"":"""",""id"":""urn:uuid:32ca2ff9-80c4-5aab-94ac-780013cf4568"",""label"":""decimal expansion"",""notation"":[],""record_type"":""concept"",""recorded_at"":""2026-08-21T00:00:00Z"",""rights_id"":""urn:uuid:a0273f1c-6fad-54c7-a75a-32a5161da656"",""schema_name"":""lebl.backend.record"",""schema_version"":""0.3.0"",""semantic_aliases"":[],""semantic_key"":""lebl.ra.concept.ledger.number.decimal-expansion"",""source_bindings"":[],""status"":""active"",""supersedes_id"":null,""workflow_id"":""01a01f57-a34b-7740-9717-596b8116910c/backend-production-v0.3-r006-live""}"
"urn:uuid:32d4e13f-6e33-5b7c-a704-f67dbae5b717","lebl.ra.concept.ledger.metric-space","metric space","","[]","[]","urn:uuid:a0273f1c-6fad-54c7-a75a-32a5161da656","active","{""definition"":"""",""id"":""urn:uuid:32d4e13f-6e33-5b7c-a704-f67dbae5b717"",""label"":""metric space"",""notation"":[],""record_type"":""concept"",""recorded_at"":""2026-08-21T00:00:00Z"",""rights_id"":""urn:uuid:a0273f1c-6fad-54c7-a75a-32a5161da656"",""schema_name"":""lebl.backend.record"",""schema_version"":""0.3.0"",""semantic_aliases"":[],""semantic_key"":""lebl.ra.concept.ledger.metric-space"",""source_bindings"":[],""status"":""active"",""supersedes_id"":null,""workflow_id"":""01a01f57-a34b-7740-9717-596b8116910c/backend-production-v0.3-r006-live""}"
"urn:uuid:32f80897-f9bb-52c9-a166-97d8fc37ba39","lebl.ra.concept.ledger.theorem.existence-uniqueness","existence and uniqueness theorem","","[]","[]","urn:uuid:a0273f1c-6fad-54c7-a75a-32a5161da656","active","{""definition"":"""",""id"":""urn:uuid:32f80897-f9bb-52c9-a166-97d8fc37ba39"",""label"":""existence and uniqueness theorem"",""notation"":[],""record_type"":""concept"",""recorded_at"":""2026-08-21T00:00:00Z"",""rights_id"":""urn:uuid:a0273f1c-6fad-54c7-a75a-32a5161da656"",""schema_name"":""lebl.backend.record"",""schema_version"":""0.3.0"",""semantic_aliases"":[],""semantic_key"":""lebl.ra.concept.ledger.theorem.existence-uniqueness"",""source_bindings"":[],""status"":""active"",""supersedes_id"":null,""workflow_id"":""01a01f57-a34b-7740-9717-596b8116910c/backend-production-v0.3-r006-live""}"
"urn:uuid:3302cd85-0394-5eae-96af-35d6823be1f5","lebl.ra.concept.ledger.slope-field","slope field","","[]","[]","urn:uuid:a0273f1c-6fad-54c7-a75a-32a5161da656","active","{""definition"":"""",""id"":""urn:uuid:3302cd85-0394-5eae-96af-35d6823be1f5"",""label"":""slope field"",""notation"":[],""record_type"":""concept"",""recorded_at"":""2026-08-21T00:00:00Z"",""rights_id"":""urn:uuid:a0273f1c-6fad-54c7-a75a-32a5161da656"",""schema_name"":""lebl.backend.record"",""schema_version"":""0.3.0"",""semantic_aliases"":[],""semantic_key"":""lebl.ra.concept.ledger.slope-field"",""source_bindings"":[],""status"":""active"",""supersedes_id"":null,""workflow_id"":""01a01f57-a34b-7740-9717-596b8116910c/backend-production-v0.3-r006-live""}"
"urn:uuid:33a47bf1-de91-5f88-8b1c-aa95dcd7a724","lebl.ra.concept.ledger.integration.integration-by-parts","integration by parts","","[]","[]","urn:uuid:a0273f1c-6fad-54c7-a75a-32a5161da656","active","{""definition"":"""",""id"":""urn:uuid:33a47bf1-de91-5f88-8b1c-aa95dcd7a724"",""label"":""integration by parts"",""notation"":[],""record_type"":""concept"",""recorded_at"":""2026-08-21T00:00:00Z"",""rights_id"":""urn:uuid:a0273f1c-6fad-54c7-a75a-32a5161da656"",""schema_name"":""lebl.backend.record"",""schema_version"":""0.3.0"",""semantic_aliases"":[],""semantic_key"":""lebl.ra.concept.ledger.integration.integration-by-parts"",""source_bindings"":[],""status"":""active"",""supersedes_id"":null,""workflow_id"":""01a01f57-a34b-7740-9717-596b8116910c/backend-production-v0.3-r006-live""}"
"urn:uuid:3440fa20-c845-5005-accd-b6627a4eaff5","lebl.ra.concept.ledger.calculus.taylor-series","Taylor series","","[]","[]","urn:uuid:a0273f1c-6fad-54c7-a75a-32a5161da656","active","{""definition"":"""",""id"":""urn:uuid:3440fa20-c845-5005-accd-b6627a4eaff5"",""label"":""Taylor series"",""notation"":[],""record_type"":""concept"",""recorded_at"":""2026-08-21T00:00:00Z"",""rights_id"":""urn:uuid:a0273f1c-6fad-54c7-a75a-32a5161da656"",""schema_name"":""lebl.backend.record"",""schema_version"":""0.3.0"",""semantic_aliases"":[],""semantic_key"":""lebl.ra.concept.ledger.calculus.taylor-series"",""source_bindings"":[],""status"":""active"",""supersedes_id"":null,""workflow_id"":""01a01f57-a34b-7740-9717-596b8116910c/backend-production-v0.3-r006-live""}"
"urn:uuid:344cbb32-1646-5686-a409-fe4396bb6657","lebl.ra.concept.ledger.relation.reflexive","reflexive","","[]","[]","urn:uuid:a0273f1c-6fad-54c7-a75a-32a5161da656","active","{""definition"":"""",""id"":""urn:uuid:344cbb32-1646-5686-a409-fe4396bb6657"",""label"":""reflexive"",""notation"":[],""record_type"":""concept"",""recorded_at"":""2026-08-21T00:00:00Z"",""rights_id"":""urn:uuid:a0273f1c-6fad-54c7-a75a-32a5161da656"",""schema_name"":""lebl.backend.record"",""schema_version"":""0.3.0"",""semantic_aliases"":[],""semantic_key"":""lebl.ra.concept.ledger.relation.reflexive"",""source_bindings"":[],""status"":""active"",""supersedes_id"":null,""workflow_id"":""01a01f57-a34b-7740-9717-596b8116910c/backend-production-v0.3-r006-live""}"
"urn:uuid:34d8bc54-36d4-5f88-9e2a-e5db01cbe3e9","lebl.ra.concept.ledger.map.proper","proper map","","[]","[]","urn:uuid:a0273f1c-6fad-54c7-a75a-32a5161da656","active","{""definition"":"""",""id"":""urn:uuid:34d8bc54-36d4-5f88-9e2a-e5db01cbe3e9"",""label"":""proper map"",""notation"":[],""record_type"":""concept"",""recorded_at"":""2026-08-21T00:00:00Z"",""rights_id"":""urn:uuid:a0273f1c-6fad-54c7-a75a-32a5161da656"",""schema_name"":""lebl.backend.record"",""schema_version"":""0.3.0"",""semantic_aliases"":[],""semantic_key"":""lebl.ra.concept.ledger.map.proper"",""source_bindings"":[],""status"":""active"",""supersedes_id"":null,""workflow_id"":""01a01f57-a34b-7740-9717-596b8116910c/backend-production-v0.3-r006-live""}"
"urn:uuid:36b6ac10-8a07-551d-9752-de5a18737d29","lebl.ra.concept.ledger.test.convergence","convergence test","","[]","[]","urn:uuid:a0273f1c-6fad-54c7-a75a-32a5161da656","active","{""definition"":"""",""id"":""urn:uuid:36b6ac10-8a07-551d-9752-de5a18737d29"",""label"":""convergence test"",""notation"":[],""record_type"":""concept"",""recorded_at"":""2026-08-21T00:00:00Z"",""rights_id"":""urn:uuid:a0273f1c-6fad-54c7-a75a-32a5161da656"",""schema_name"":""lebl.backend.record"",""schema_version"":""0.3.0"",""semantic_aliases"":[],""semantic_key"":""lebl.ra.concept.ledger.test.convergence"",""source_bindings"":[],""status"":""active"",""supersedes_id"":null,""workflow_id"":""01a01f57-a34b-7740-9717-596b8116910c/backend-production-v0.3-r006-live""}"
"urn:uuid:3714ceb3-4876-58a6-baf5-e8e49dd4782b","lebl.ra.concept.ledger.function.continuity","continuity","","[]","[]","urn:uuid:a0273f1c-6fad-54c7-a75a-32a5161da656","active","{""definition"":"""",""id"":""urn:uuid:3714ceb3-4876-58a6-baf5-e8e49dd4782b"",""label"":""continuity"",""notation"":[],""record_type"":""concept"",""recorded_at"":""2026-08-21T00:00:00Z"",""rights_id"":""urn:uuid:a0273f1c-6fad-54c7-a75a-32a5161da656"",""schema_name"":""lebl.backend.record"",""schema_version"":""0.3.0"",""semantic_aliases"":[],""semantic_key"":""lebl.ra.concept.ledger.function.continuity"",""source_bindings"":[],""status"":""active"",""supersedes_id"":null,""workflow_id"":""01a01f57-a34b-7740-9717-596b8116910c/backend-production-v0.3-r006-live""}"
"urn:uuid:37ac62fc-1a06-59db-933f-714351332fea","lebl.ra.concept.ledger.distance.taxicab","taxicab distance","","[]","[]","urn:uuid:a0273f1c-6fad-54c7-a75a-32a5161da656","active","{""definition"":"""",""id"":""urn:uuid:37ac62fc-1a06-59db-933f-714351332fea"",""label"":""taxicab distance"",""notation"":[],""record_type"":""concept"",""recorded_at"":""2026-08-21T00:00:00Z"",""rights_id"":""urn:uuid:a0273f1c-6fad-54c7-a75a-32a5161da656"",""schema_name"":""lebl.backend.record"",""schema_version"":""0.3.0"",""semantic_aliases"":[],""semantic_key"":""lebl.ra.concept.ledger.distance.taxicab"",""source_bindings"":[],""status"":""active"",""supersedes_id"":null,""workflow_id"":""01a01f57-a34b-7740-9717-596b8116910c/backend-production-v0.3-r006-live""}"
"urn:uuid:38657363-fa4a-52d3-9559-7c8ede480d89","lebl.ra.concept.ledger.transform.fourier-sine","Fourier sine transform","","[]","[]","urn:uuid:a0273f1c-6fad-54c7-a75a-32a5161da656","active","{""definition"":"""",""id"":""urn:uuid:38657363-fa4a-52d3-9559-7c8ede480d89"",""label"":""Fourier sine transform"",""notation"":[],""record_type"":""concept"",""recorded_at"":""2026-08-21T00:00:00Z"",""rights_id"":""urn:uuid:a0273f1c-6fad-54c7-a75a-32a5161da656"",""schema_name"":""lebl.backend.record"",""schema_version"":""0.3.0"",""semantic_aliases"":[],""semantic_key"":""lebl.ra.concept.ledger.transform.fourier-sine"",""source_bindings"":[],""status"":""active"",""supersedes_id"":null,""workflow_id"":""01a01f57-a34b-7740-9717-596b8116910c/backend-production-v0.3-r006-live""}"
"urn:uuid:386881dd-165a-548e-ad0a-360846e2469f","lebl.ra.concept.ledger.mapping.bilinear","bilinear","","[]","[]","urn:uuid:a0273f1c-6fad-54c7-a75a-32a5161da656","active","{""definition"":"""",""id"":""urn:uuid:386881dd-165a-548e-ad0a-360846e2469f"",""label"":""bilinear"",""notation"":[],""record_type"":""concept"",""recorded_at"":""2026-08-21T00:00:00Z"",""rights_id"":""urn:uuid:a0273f1c-6fad-54c7-a75a-32a5161da656"",""schema_name"":""lebl.backend.record"",""schema_version"":""0.3.0"",""semantic_aliases"":[],""semantic_key"":""lebl.ra.concept.ledger.mapping.bilinear"",""source_bindings"":[],""status"":""active"",""supersedes_id"":null,""workflow_id"":""01a01f57-a34b-7740-9717-596b8116910c/backend-production-v0.3-r006-live""}"
"urn:uuid:390cd01a-e5d8-54ea-a120-f1fb17687b9a","lebl.ra.concept.ledger.function.graph","graph","","[]","[]","urn:uuid:a0273f1c-6fad-54c7-a75a-32a5161da656","active","{""definition"":"""",""id"":""urn:uuid:390cd01a-e5d8-54ea-a120-f1fb17687b9a"",""label"":""graph"",""notation"":[],""record_type"":""concept"",""recorded_at"":""2026-08-21T00:00:00Z"",""rights_id"":""urn:uuid:a0273f1c-6fad-54c7-a75a-32a5161da656"",""schema_name"":""lebl.backend.record"",""schema_version"":""0.3.0"",""semantic_aliases"":[],""semantic_key"":""lebl.ra.concept.ledger.function.graph"",""source_bindings"":[],""status"":""active"",""supersedes_id"":null,""workflow_id"":""01a01f57-a34b-7740-9717-596b8116910c/backend-production-v0.3-r006-live""}"
"urn:uuid:396ae065-d5cb-575a-822e-91d9d23ebd54","lebl.ra.concept.ledger.order.ordered-set","ordered set","","[]","[]","urn:uuid:a0273f1c-6fad-54c7-a75a-32a5161da656","active","{""definition"":"""",""id"":""urn:uuid:396ae065-d5cb-575a-822e-91d9d23ebd54"",""label"":""ordered set"",""notation"":[],""record_type"":""concept"",""recorded_at"":""2026-08-21T00:00:00Z"",""rights_id"":""urn:uuid:a0273f1c-6fad-54c7-a75a-32a5161da656"",""schema_name"":""lebl.backend.record"",""schema_version"":""0.3.0"",""semantic_aliases"":[],""semantic_key"":""lebl.ra.concept.ledger.order.ordered-set"",""source_bindings"":[],""status"":""active"",""supersedes_id"":null,""workflow_id"":""01a01f57-a34b-7740-9717-596b8116910c/backend-production-v0.3-r006-live""}"
"urn:uuid:39a9f3d5-c883-50a9-80bf-4a8dbda9be07","lebl.ra.concept.ledger.test.comparison-series","comparison test","","[]","[]","urn:uuid:a0273f1c-6fad-54c7-a75a-32a5161da656","active","{""definition"":"""",""id"":""urn:uuid:39a9f3d5-c883-50a9-80bf-4a8dbda9be07"",""label"":""comparison test"",""notation"":[],""record_type"":""concept"",""recorded_at"":""2026-08-21T00:00:00Z"",""rights_id"":""urn:uuid:a0273f1c-6fad-54c7-a75a-32a5161da656"",""schema_name"":""lebl.backend.record"",""schema_version"":""0.3.0"",""semantic_aliases"":[],""semantic_key"":""lebl.ra.concept.ledger.test.comparison-series"",""source_bindings"":[],""status"":""active"",""supersedes_id"":null,""workflow_id"":""01a01f57-a34b-7740-9717-596b8116910c/backend-production-v0.3-r006-live""}"
"urn:uuid:3b86a995-5b62-5296-9839-e92d7d8fb33e","lebl.ra.concept.ledger.limit.infinite","infinite limit","","[]","[]","urn:uuid:a0273f1c-6fad-54c7-a75a-32a5161da656","active","{""definition"":"""",""id"":""urn:uuid:3b86a995-5b62-5296-9839-e92d7d8fb33e"",""label"":""infinite limit"",""notation"":[],""record_type"":""concept"",""recorded_at"":""2026-08-21T00:00:00Z"",""rights_id"":""urn:uuid:a0273f1c-6fad-54c7-a75a-32a5161da656"",""schema_name"":""lebl.backend.record"",""schema_version"":""0.3.0"",""semantic_aliases"":[],""semantic_key"":""lebl.ra.concept.ledger.limit.infinite"",""source_bindings"":[],""status"":""active"",""supersedes_id"":null,""workflow_id"":""01a01f57-a34b-7740-9717-596b8116910c/backend-production-v0.3-r006-live""}"
"urn:uuid:3b9a2f3e-831d-5f2c-bc0f-2e8b0a0e52c0","lebl.ra.concept.ledger.calculus.partial-derivative","partial derivative","","[]","[]","urn:uuid:a0273f1c-6fad-54c7-a75a-32a5161da656","active","{""definition"":"""",""id"":""urn:uuid:3b9a2f3e-831d-5f2c-bc0f-2e8b0a0e52c0"",""label"":""partial derivative"",""notation"":[],""record_type"":""concept"",""recorded_at"":""2026-08-21T00:00:00Z"",""rights_id"":""urn:uuid:a0273f1c-6fad-54c7-a75a-32a5161da656"",""schema_name"":""lebl.backend.record"",""schema_version"":""0.3.0"",""semantic_aliases"":[],""semantic_key"":""lebl.ra.concept.ledger.calculus.partial-derivative"",""source_bindings"":[],""status"":""active"",""supersedes_id"":null,""workflow_id"":""01a01f57-a34b-7740-9717-596b8116910c/backend-production-v0.3-r006-live""}"
"urn:uuid:3bc4de73-40e8-5745-90af-cb09e3368250","lebl.ra.concept.ledger.set.cluster-point","cluster point","","[]","[]","urn:uuid:a0273f1c-6fad-54c7-a75a-32a5161da656","active","{""definition"":"""",""id"":""urn:uuid:3bc4de73-40e8-5745-90af-cb09e3368250"",""label"":""cluster point"",""notation"":[],""record_type"":""concept"",""recorded_at"":""2026-08-21T00:00:00Z"",""rights_id"":""urn:uuid:a0273f1c-6fad-54c7-a75a-32a5161da656"",""schema_name"":""lebl.backend.record"",""schema_version"":""0.3.0"",""semantic_aliases"":[],""semantic_key"":""lebl.ra.concept.ledger.set.cluster-point"",""source_bindings"":[],""status"":""active"",""supersedes_id"":null,""workflow_id"":""01a01f57-a34b-7740-9717-596b8116910c/backend-production-v0.3-r006-live""}"
"urn:uuid:3c37da86-3cc6-5885-a80f-c1c01ba4191f","lebl.ra.concept.ledger.surface.peano","Peano surface","","[]","[]","urn:uuid:a0273f1c-6fad-54c7-a75a-32a5161da656","active","{""definition"":"""",""id"":""urn:uuid:3c37da86-3cc6-5885-a80f-c1c01ba4191f"",""label"":""Peano surface"",""notation"":[],""record_type"":""concept"",""recorded_at"":""2026-08-21T00:00:00Z"",""rights_id"":""urn:uuid:a0273f1c-6fad-54c7-a75a-32a5161da656"",""schema_name"":""lebl.backend.record"",""schema_version"":""0.3.0"",""semantic_aliases"":[],""semantic_key"":""lebl.ra.concept.ledger.surface.peano"",""source_bindings"":[],""status"":""active"",""supersedes_id"":null,""workflow_id"":""01a01f57-a34b-7740-9717-596b8116910c/backend-production-v0.3-r006-live""}"
"urn:uuid:3d15f83a-c3d3-5cad-8383-2098e2296ab3","lebl.ra.concept.ledger.series","series","","[]","[]","urn:uuid:a0273f1c-6fad-54c7-a75a-32a5161da656","active","{""definition"":"""",""id"":""urn:uuid:3d15f83a-c3d3-5cad-8383-2098e2296ab3"",""label"":""series"",""notation"":[],""record_type"":""concept"",""recorded_at"":""2026-08-21T00:00:00Z"",""rights_id"":""urn:uuid:a0273f1c-6fad-54c7-a75a-32a5161da656"",""schema_name"":""lebl.backend.record"",""schema_version"":""0.3.0"",""semantic_aliases"":[],""semantic_key"":""lebl.ra.concept.ledger.series"",""source_bindings"":[],""status"":""active"",""supersedes_id"":null,""workflow_id"":""01a01f57-a34b-7740-9717-596b8116910c/backend-production-v0.3-r006-live""}"
"urn:uuid:3e8144b3-6c7f-5512-90bb-72a7bc6ca43f","lebl.ra.concept.ledger.theorem.picard","Picard theorem","","[]","[]","urn:uuid:a0273f1c-6fad-54c7-a75a-32a5161da656","active","{""definition"":"""",""id"":""urn:uuid:3e8144b3-6c7f-5512-90bb-72a7bc6ca43f"",""label"":""Picard theorem"",""notation"":[],""record_type"":""concept"",""recorded_at"":""2026-08-21T00:00:00Z"",""rights_id"":""urn:uuid:a0273f1c-6fad-54c7-a75a-32a5161da656"",""schema_name"":""lebl.backend.record"",""schema_version"":""0.3.0"",""semantic_aliases"":[],""semantic_key"":""lebl.ra.concept.ledger.theorem.picard"",""source_bindings"":[],""status"":""active"",""supersedes_id"":null,""workflow_id"":""01a01f57-a34b-7740-9717-596b8116910c/backend-production-v0.3-r006-live""}"
"urn:uuid:3f68a252-d987-5fb0-8396-07d09d51974c","lebl.ra.concept.ledger.arithmetic.remainder","remainder","","[]","[]","urn:uuid:a0273f1c-6fad-54c7-a75a-32a5161da656","active","{""definition"":"""",""id"":""urn:uuid:3f68a252-d987-5fb0-8396-07d09d51974c"",""label"":""remainder"",""notation"":[],""record_type"":""concept"",""recorded_at"":""2026-08-21T00:00:00Z"",""rights_id"":""urn:uuid:a0273f1c-6fad-54c7-a75a-32a5161da656"",""schema_name"":""lebl.backend.record"",""schema_version"":""0.3.0"",""semantic_aliases"":[],""semantic_key"":""lebl.ra.concept.ledger.arithmetic.remainder"",""source_bindings"":[],""status"":""active"",""supersedes_id"":null,""workflow_id"":""01a01f57-a34b-7740-9717-596b8116910c/backend-production-v0.3-r006-live""}"
"urn:uuid:3fa2565f-4a37-5728-b52d-4ad7a63614d6","lebl.ra.concept.ledger.metric","metric","","[]","[]","urn:uuid:a0273f1c-6fad-54c7-a75a-32a5161da656","active","{""definition"":"""",""id"":""urn:uuid:3fa2565f-4a37-5728-b52d-4ad7a63614d6"",""label"":""metric"",""notation"":[],""record_type"":""concept"",""recorded_at"":""2026-08-21T00:00:00Z"",""rights_id"":""urn:uuid:a0273f1c-6fad-54c7-a75a-32a5161da656"",""schema_name"":""lebl.backend.record"",""schema_version"":""0.3.0"",""semantic_aliases"":[],""semantic_key"":""lebl.ra.concept.ledger.metric"",""source_bindings"":[],""status"":""active"",""supersedes_id"":null,""workflow_id"":""01a01f57-a34b-7740-9717-596b8116910c/backend-production-v0.3-r006-live""}"
"urn:uuid:3fc44635-f723-5029-95b0-d13a0add3c6f","lebl.ra.concept.ledger.integration.change-of-variables","change of variables","","[]","[]","urn:uuid:a0273f1c-6fad-54c7-a75a-32a5161da656","active","{""definition"":"""",""id"":""urn:uuid:3fc44635-f723-5029-95b0-d13a0add3c6f"",""label"":""change of variables"",""notation"":[],""record_type"":""concept"",""recorded_at"":""2026-08-21T00:00:00Z"",""rights_id"":""urn:uuid:a0273f1c-6fad-54c7-a75a-32a5161da656"",""schema_name"":""lebl.backend.record"",""schema_version"":""0.3.0"",""semantic_aliases"":[],""semantic_key"":""lebl.ra.concept.ledger.integration.change-of-variables"",""source_bindings"":[],""status"":""active"",""supersedes_id"":null,""workflow_id"":""01a01f57-a34b-7740-9717-596b8116910c/backend-production-v0.3-r006-live""}"
"urn:uuid:405cb16f-282d-5fb1-a965-160aa88680a4","lebl.ra.concept.ledger.number.negative","negative","","[]","[]","urn:uuid:a0273f1c-6fad-54c7-a75a-32a5161da656","active","{""definition"":"""",""id"":""urn:uuid:405cb16f-282d-5fb1-a965-160aa88680a4"",""label"":""negative"",""notation"":[],""record_type"":""concept"",""recorded_at"":""2026-08-21T00:00:00Z"",""rights_id"":""urn:uuid:a0273f1c-6fad-54c7-a75a-32a5161da656"",""schema_name"":""lebl.backend.record"",""schema_version"":""0.3.0"",""semantic_aliases"":[],""semantic_key"":""lebl.ra.concept.ledger.number.negative"",""source_bindings"":[],""status"":""active"",""supersedes_id"":null,""workflow_id"":""01a01f57-a34b-7740-9717-596b8116910c/backend-production-v0.3-r006-live""}"
"urn:uuid:40e4064c-579f-5e55-9d67-94540a6b9f02","lebl.ra.concept.ledger.line.secant","secant line","","[]","[]","urn:uuid:a0273f1c-6fad-54c7-a75a-32a5161da656","active","{""definition"":"""",""id"":""urn:uuid:40e4064c-579f-5e55-9d67-94540a6b9f02"",""label"":""secant line"",""notation"":[],""record_type"":""concept"",""recorded_at"":""2026-08-21T00:00:00Z"",""rights_id"":""urn:uuid:a0273f1c-6fad-54c7-a75a-32a5161da656"",""schema_name"":""lebl.backend.record"",""schema_version"":""0.3.0"",""semantic_aliases"":[],""semantic_key"":""lebl.ra.concept.ledger.line.secant"",""source_bindings"":[],""status"":""active"",""supersedes_id"":null,""workflow_id"":""01a01f57-a34b-7740-9717-596b8116910c/backend-production-v0.3-r006-live""}"
"urn:uuid:40e6e6fd-a367-5bd9-969d-8fb19f6d69d3","lebl.ra.concept.ledger.sequence.tail","tail of a sequence","","[]","[]","urn:uuid:a0273f1c-6fad-54c7-a75a-32a5161da656","active","{""definition"":"""",""id"":""urn:uuid:40e6e6fd-a367-5bd9-969d-8fb19f6d69d3"",""label"":""tail of a sequence"",""notation"":[],""record_type"":""concept"",""recorded_at"":""2026-08-21T00:00:00Z"",""rights_id"":""urn:uuid:a0273f1c-6fad-54c7-a75a-32a5161da656"",""schema_name"":""lebl.backend.record"",""schema_version"":""0.3.0"",""semantic_aliases"":[],""semantic_key"":""lebl.ra.concept.ledger.sequence.tail"",""source_bindings"":[],""status"":""active"",""supersedes_id"":null,""workflow_id"":""01a01f57-a34b-7740-9717-596b8116910c/backend-production-v0.3-r006-live""}"
"urn:uuid:40e85bdf-074f-5e27-a862-72e36d4e50a5","lebl.ra.concept.ledger.equation.differential","differential equation","","[]","[]","urn:uuid:a0273f1c-6fad-54c7-a75a-32a5161da656","active","{""definition"":"""",""id"":""urn:uuid:40e85bdf-074f-5e27-a862-72e36d4e50a5"",""label"":""differential equation"",""notation"":[],""record_type"":""concept"",""recorded_at"":""2026-08-21T00:00:00Z"",""rights_id"":""urn:uuid:a0273f1c-6fad-54c7-a75a-32a5161da656"",""schema_name"":""lebl.backend.record"",""schema_version"":""0.3.0"",""semantic_aliases"":[],""semantic_key"":""lebl.ra.concept.ledger.equation.differential"",""source_bindings"":[],""status"":""active"",""supersedes_id"":null,""workflow_id"":""01a01f57-a34b-7740-9717-596b8116910c/backend-production-v0.3-r006-live""}"
"urn:uuid:42030625-5772-570b-b59f-2105b4e8bd75","lebl.ra.concept.ledger.metric.subspace","subspace metric","","[]","[]","urn:uuid:a0273f1c-6fad-54c7-a75a-32a5161da656","active","{""definition"":"""",""id"":""urn:uuid:42030625-5772-570b-b59f-2105b4e8bd75"",""label"":""subspace metric"",""notation"":[],""record_type"":""concept"",""recorded_at"":""2026-08-21T00:00:00Z"",""rights_id"":""urn:uuid:a0273f1c-6fad-54c7-a75a-32a5161da656"",""schema_name"":""lebl.backend.record"",""schema_version"":""0.3.0"",""semantic_aliases"":[],""semantic_key"":""lebl.ra.concept.ledger.metric.subspace"",""source_bindings"":[],""status"":""active"",""supersedes_id"":null,""workflow_id"":""01a01f57-a34b-7740-9717-596b8116910c/backend-production-v0.3-r006-live""}"
"urn:uuid:4261092d-a130-5f27-a2ef-aa4584298e7e","lebl.ra.concept.ledger.function.locally-lipschitz","locally Lipschitz","","[]","[]","urn:uuid:a0273f1c-6fad-54c7-a75a-32a5161da656","active","{""definition"":"""",""id"":""urn:uuid:4261092d-a130-5f27-a2ef-aa4584298e7e"",""label"":""locally Lipschitz"",""notation"":[],""record_type"":""concept"",""recorded_at"":""2026-08-21T00:00:00Z"",""rights_id"":""urn:uuid:a0273f1c-6fad-54c7-a75a-32a5161da656"",""schema_name"":""lebl.backend.record"",""schema_version"":""0.3.0"",""semantic_aliases"":[],""semantic_key"":""lebl.ra.concept.ledger.function.locally-lipschitz"",""source_bindings"":[],""status"":""active"",""supersedes_id"":null,""workflow_id"":""01a01f57-a34b-7740-9717-596b8116910c/backend-production-v0.3-r006-live""}"
"urn:uuid:4302d576-442c-5c38-8dee-6c657b88eb48","lebl.ra.concept.ledger.inequality.strict","strict inequality","","[]","[]","urn:uuid:a0273f1c-6fad-54c7-a75a-32a5161da656","active","{""definition"":"""",""id"":""urn:uuid:4302d576-442c-5c38-8dee-6c657b88eb48"",""label"":""strict inequality"",""notation"":[],""record_type"":""concept"",""recorded_at"":""2026-08-21T00:00:00Z"",""rights_id"":""urn:uuid:a0273f1c-6fad-54c7-a75a-32a5161da656"",""schema_name"":""lebl.backend.record"",""schema_version"":""0.3.0"",""semantic_aliases"":[],""semantic_key"":""lebl.ra.concept.ledger.inequality.strict"",""source_bindings"":[],""status"":""active"",""supersedes_id"":null,""workflow_id"":""01a01f57-a34b-7740-9717-596b8116910c/backend-production-v0.3-r006-live""}"
"urn:uuid:431ff8ff-da12-538b-83a2-ecece19a4d24","lebl.ra.concept.ledger.theorem.inverse-function","inverse function theorem","","[]","[]","urn:uuid:a0273f1c-6fad-54c7-a75a-32a5161da656","active","{""definition"":"""",""id"":""urn:uuid:431ff8ff-da12-538b-83a2-ecece19a4d24"",""label"":""inverse function theorem"",""notation"":[],""record_type"":""concept"",""recorded_at"":""2026-08-21T00:00:00Z"",""rights_id"":""urn:uuid:a0273f1c-6fad-54c7-a75a-32a5161da656"",""schema_name"":""lebl.backend.record"",""schema_version"":""0.3.0"",""semantic_aliases"":[],""semantic_key"":""lebl.ra.concept.ledger.theorem.inverse-function"",""source_bindings"":[],""status"":""active"",""supersedes_id"":null,""workflow_id"":""01a01f57-a34b-7740-9717-596b8116910c/backend-production-v0.3-r006-live""}"
"urn:uuid:446325db-e0d2-5463-af96-d0dfdfbc88eb","lebl.ra.concept.ledger.set.convex","convex","","[]","[]","urn:uuid:a0273f1c-6fad-54c7-a75a-32a5161da656","active","{""definition"":"""",""id"":""urn:uuid:446325db-e0d2-5463-af96-d0dfdfbc88eb"",""label"":""convex"",""notation"":[],""record_type"":""concept"",""recorded_at"":""2026-08-21T00:00:00Z"",""rights_id"":""urn:uuid:a0273f1c-6fad-54c7-a75a-32a5161da656"",""schema_name"":""lebl.backend.record"",""schema_version"":""0.3.0"",""semantic_aliases"":[],""semantic_key"":""lebl.ra.concept.ledger.set.convex"",""source_bindings"":[],""status"":""active"",""supersedes_id"":null,""workflow_id"":""01a01f57-a34b-7740-9717-596b8116910c/backend-production-v0.3-r006-live""}"
"urn:uuid:448de826-ab92-535b-ad48-60743e3f3658","lebl.ra.concept.ledger.dimension.linear","dimension","","[]","[]","urn:uuid:a0273f1c-6fad-54c7-a75a-32a5161da656","active","{""definition"":"""",""id"":""urn:uuid:448de826-ab92-535b-ad48-60743e3f3658"",""label"":""dimension"",""notation"":[],""record_type"":""concept"",""recorded_at"":""2026-08-21T00:00:00Z"",""rights_id"":""urn:uuid:a0273f1c-6fad-54c7-a75a-32a5161da656"",""schema_name"":""lebl.backend.record"",""schema_version"":""0.3.0"",""semantic_aliases"":[],""semantic_key"":""lebl.ra.concept.ledger.dimension.linear"",""source_bindings"":[],""status"":""active"",""supersedes_id"":null,""workflow_id"":""01a01f57-a34b-7740-9717-596b8116910c/backend-production-v0.3-r006-live""}"
"urn:uuid:4522803b-4965-5805-b1da-4d17c02395b6","lebl.ra.concept.ledger.set-theory.union","union","","[]","[]","urn:uuid:a0273f1c-6fad-54c7-a75a-32a5161da656","active","{""definition"":"""",""id"":""urn:uuid:4522803b-4965-5805-b1da-4d17c02395b6"",""label"":""union"",""notation"":[],""record_type"":""concept"",""recorded_at"":""2026-08-21T00:00:00Z"",""rights_id"":""urn:uuid:a0273f1c-6fad-54c7-a75a-32a5161da656"",""schema_name"":""lebl.backend.record"",""schema_version"":""0.3.0"",""semantic_aliases"":[],""semantic_key"":""lebl.ra.concept.ledger.set-theory.union"",""source_bindings"":[],""status"":""active"",""supersedes_id"":null,""workflow_id"":""01a01f57-a34b-7740-9717-596b8116910c/backend-production-v0.3-r006-live""}"
"urn:uuid:45e70797-96ff-5087-ad85-b111b8ddb059","lebl.ra.concept.ledger.number.binary","binary","","[]","[]","urn:uuid:a0273f1c-6fad-54c7-a75a-32a5161da656","active","{""definition"":"""",""id"":""urn:uuid:45e70797-96ff-5087-ad85-b111b8ddb059"",""label"":""binary"",""notation"":[],""record_type"":""concept"",""recorded_at"":""2026-08-21T00:00:00Z"",""rights_id"":""urn:uuid:a0273f1c-6fad-54c7-a75a-32a5161da656"",""schema_name"":""lebl.backend.record"",""schema_version"":""0.3.0"",""semantic_aliases"":[],""semantic_key"":""lebl.ra.concept.ledger.number.binary"",""source_bindings"":[],""status"":""active"",""supersedes_id"":null,""workflow_id"":""01a01f57-a34b-7740-9717-596b8116910c/backend-production-v0.3-r006-live""}"
"urn:uuid:467d0d49-453c-583f-896b-2fd9c0a4d172","lebl.ra.concept.ledger.subspace","subspace","","[]","[]","urn:uuid:a0273f1c-6fad-54c7-a75a-32a5161da656","active","{""definition"":"""",""id"":""urn:uuid:467d0d49-453c-583f-896b-2fd9c0a4d172"",""label"":""subspace"",""notation"":[],""record_type"":""concept"",""recorded_at"":""2026-08-21T00:00:00Z"",""rights_id"":""urn:uuid:a0273f1c-6fad-54c7-a75a-32a5161da656"",""schema_name"":""lebl.backend.record"",""schema_version"":""0.3.0"",""semantic_aliases"":[],""semantic_key"":""lebl.ra.concept.ledger.subspace"",""source_bindings"":[],""status"":""active"",""supersedes_id"":null,""workflow_id"":""01a01f57-a34b-7740-9717-596b8116910c/backend-production-v0.3-r006-live""}"
"urn:uuid:480ad1dc-4532-5dcb-8ca1-047177474fd9","lebl.ra.concept.ledger.result.theorem","theorem","","[]","[]","urn:uuid:a0273f1c-6fad-54c7-a75a-32a5161da656","active","{""definition"":"""",""id"":""urn:uuid:480ad1dc-4532-5dcb-8ca1-047177474fd9"",""label"":""theorem"",""notation"":[],""record_type"":""concept"",""recorded_at"":""2026-08-21T00:00:00Z"",""rights_id"":""urn:uuid:a0273f1c-6fad-54c7-a75a-32a5161da656"",""schema_name"":""lebl.backend.record"",""schema_version"":""0.3.0"",""semantic_aliases"":[],""semantic_key"":""lebl.ra.concept.ledger.result.theorem"",""source_bindings"":[],""status"":""active"",""supersedes_id"":null,""workflow_id"":""01a01f57-a34b-7740-9717-596b8116910c/backend-production-v0.3-r006-live""}"
"urn:uuid:481f1bfe-1ef3-5e57-90c7-0b24c877807a","lebl.ra.concept.ledger.metric.identity-indiscernibles","identity of indiscernibles","","[]","[]","urn:uuid:a0273f1c-6fad-54c7-a75a-32a5161da656","active","{""definition"":"""",""id"":""urn:uuid:481f1bfe-1ef3-5e57-90c7-0b24c877807a"",""label"":""identity of indiscernibles"",""notation"":[],""record_type"":""concept"",""recorded_at"":""2026-08-21T00:00:00Z"",""rights_id"":""urn:uuid:a0273f1c-6fad-54c7-a75a-32a5161da656"",""schema_name"":""lebl.backend.record"",""schema_version"":""0.3.0"",""semantic_aliases"":[],""semantic_key"":""lebl.ra.concept.ledger.metric.identity-indiscernibles"",""source_bindings"":[],""status"":""active"",""supersedes_id"":null,""workflow_id"":""01a01f57-a34b-7740-9717-596b8116910c/backend-production-v0.3-r006-live""}"
"urn:uuid:48dcb7b8-1fb4-57df-94db-839f56270323","lebl.ra.concept.ledger.sequence.divergent","divergent","","[]","[]","urn:uuid:a0273f1c-6fad-54c7-a75a-32a5161da656","active","{""definition"":"""",""id"":""urn:uuid:48dcb7b8-1fb4-57df-94db-839f56270323"",""label"":""divergent"",""notation"":[],""record_type"":""concept"",""recorded_at"":""2026-08-21T00:00:00Z"",""rights_id"":""urn:uuid:a0273f1c-6fad-54c7-a75a-32a5161da656"",""schema_name"":""lebl.backend.record"",""schema_version"":""0.3.0"",""semantic_aliases"":[],""semantic_key"":""lebl.ra.concept.ledger.sequence.divergent"",""source_bindings"":[],""status"":""active"",""supersedes_id"":null,""workflow_id"":""01a01f57-a34b-7740-9717-596b8116910c/backend-production-v0.3-r006-live""}"
"urn:uuid:4a66c8fc-bed5-5640-acc2-04c52c1604f9","lebl.ra.concept.ledger.theorem.rolle","Rolle's theorem","","[]","[]","urn:uuid:a0273f1c-6fad-54c7-a75a-32a5161da656","active","{""definition"":"""",""id"":""urn:uuid:4a66c8fc-bed5-5640-acc2-04c52c1604f9"",""label"":""Rolle's theorem"",""notation"":[],""record_type"":""concept"",""recorded_at"":""2026-08-21T00:00:00Z"",""rights_id"":""urn:uuid:a0273f1c-6fad-54c7-a75a-32a5161da656"",""schema_name"":""lebl.backend.record"",""schema_version"":""0.3.0"",""semantic_aliases"":[],""semantic_key"":""lebl.ra.concept.ledger.theorem.rolle"",""source_bindings"":[],""status"":""active"",""supersedes_id"":null,""workflow_id"":""01a01f57-a34b-7740-9717-596b8116910c/backend-production-v0.3-r006-live""}"
"urn:uuid:4a6a7d9d-abf3-5349-8c24-832ceb105feb","lebl.ra.concept.ledger.function.surjective","surjective","","[]","[]","urn:uuid:a0273f1c-6fad-54c7-a75a-32a5161da656","active","{""definition"":"""",""id"":""urn:uuid:4a6a7d9d-abf3-5349-8c24-832ceb105feb"",""label"":""surjective"",""notation"":[],""record_type"":""concept"",""recorded_at"":""2026-08-21T00:00:00Z"",""rights_id"":""urn:uuid:a0273f1c-6fad-54c7-a75a-32a5161da656"",""schema_name"":""lebl.backend.record"",""schema_version"":""0.3.0"",""semantic_aliases"":[],""semantic_key"":""lebl.ra.concept.ledger.function.surjective"",""source_bindings"":[],""status"":""active"",""supersedes_id"":null,""workflow_id"":""01a01f57-a34b-7740-9717-596b8116910c/backend-production-v0.3-r006-live""}"
"urn:uuid:4bd12b4d-438c-51a6-ba7b-cabfd26dee6e","lebl.ra.concept.ledger.space.euclidean","euclidean space","","[]","[]","urn:uuid:a0273f1c-6fad-54c7-a75a-32a5161da656","active","{""definition"":"""",""id"":""urn:uuid:4bd12b4d-438c-51a6-ba7b-cabfd26dee6e"",""label"":""euclidean space"",""notation"":[],""record_type"":""concept"",""recorded_at"":""2026-08-21T00:00:00Z"",""rights_id"":""urn:uuid:a0273f1c-6fad-54c7-a75a-32a5161da656"",""schema_name"":""lebl.backend.record"",""schema_version"":""0.3.0"",""semantic_aliases"":[],""semantic_key"":""lebl.ra.concept.ledger.space.euclidean"",""source_bindings"":[],""status"":""active"",""supersedes_id"":null,""workflow_id"":""01a01f57-a34b-7740-9717-596b8116910c/backend-production-v0.3-r006-live""}"
"urn:uuid:4dfe9a15-0181-5dea-9257-dcd7a08b0d70","lebl.ra.concept.ledger.convergence.uniform-on-compact-subsets","uniform convergence on compact subsets","","[]","[]","urn:uuid:a0273f1c-6fad-54c7-a75a-32a5161da656","active","{""definition"":"""",""id"":""urn:uuid:4dfe9a15-0181-5dea-9257-dcd7a08b0d70"",""label"":""uniform convergence on compact subsets"",""notation"":[],""record_type"":""concept"",""recorded_at"":""2026-08-21T00:00:00Z"",""rights_id"":""urn:uuid:a0273f1c-6fad-54c7-a75a-32a5161da656"",""schema_name"":""lebl.backend.record"",""schema_version"":""0.3.0"",""semantic_aliases"":[],""semantic_key"":""lebl.ra.concept.ledger.convergence.uniform-on-compact-subsets"",""source_bindings"":[],""status"":""active"",""supersedes_id"":null,""workflow_id"":""01a01f57-a34b-7740-9717-596b8116910c/backend-production-v0.3-r006-live""}"
"urn:uuid:4e09110f-8638-54c0-ab62-82e52a98dc13","lebl.ra.concept.ledger.norm.operator","operator norm","","[]","[]","urn:uuid:a0273f1c-6fad-54c7-a75a-32a5161da656","active","{""definition"":"""",""id"":""urn:uuid:4e09110f-8638-54c0-ab62-82e52a98dc13"",""label"":""operator norm"",""notation"":[],""record_type"":""concept"",""recorded_at"":""2026-08-21T00:00:00Z"",""rights_id"":""urn:uuid:a0273f1c-6fad-54c7-a75a-32a5161da656"",""schema_name"":""lebl.backend.record"",""schema_version"":""0.3.0"",""semantic_aliases"":[],""semantic_key"":""lebl.ra.concept.ledger.norm.operator"",""source_bindings"":[],""status"":""active"",""supersedes_id"":null,""workflow_id"":""01a01f57-a34b-7740-9717-596b8116910c/backend-production-v0.3-r006-live""}"
"urn:uuid:4e1e6746-4621-524c-8267-a4866ae48c2f","lebl.ra.concept.ledger.limit.inferior","limit inferior","","[]","[]","urn:uuid:a0273f1c-6fad-54c7-a75a-32a5161da656","active","{""definition"":"""",""id"":""urn:uuid:4e1e6746-4621-524c-8267-a4866ae48c2f"",""label"":""limit inferior"",""notation"":[],""record_type"":""concept"",""recorded_at"":""2026-08-21T00:00:00Z"",""rights_id"":""urn:uuid:a0273f1c-6fad-54c7-a75a-32a5161da656"",""schema_name"":""lebl.backend.record"",""schema_version"":""0.3.0"",""semantic_aliases"":[],""semantic_key"":""lebl.ra.concept.ledger.limit.inferior"",""source_bindings"":[],""status"":""active"",""supersedes_id"":null,""workflow_id"":""01a01f57-a34b-7740-9717-596b8116910c/backend-production-v0.3-r006-live""}"
"urn:uuid:4e2c52da-960f-5707-a902-8563213e59a2","lebl.ra.concept.ledger.matrix.transpose","transpose","","[]","[]","urn:uuid:a0273f1c-6fad-54c7-a75a-32a5161da656","active","{""definition"":"""",""id"":""urn:uuid:4e2c52da-960f-5707-a902-8563213e59a2"",""label"":""transpose"",""notation"":[],""record_type"":""concept"",""recorded_at"":""2026-08-21T00:00:00Z"",""rights_id"":""urn:uuid:a0273f1c-6fad-54c7-a75a-32a5161da656"",""schema_name"":""lebl.backend.record"",""schema_version"":""0.3.0"",""semantic_aliases"":[],""semantic_key"":""lebl.ra.concept.ledger.matrix.transpose"",""source_bindings"":[],""status"":""active"",""supersedes_id"":null,""workflow_id"":""01a01f57-a34b-7740-9717-596b8116910c/backend-production-v0.3-r006-live""}"
"urn:uuid:4e770436-d19a-56a0-9fc2-acf21362930e","lebl.ra.concept.ledger.theorem.fubini-sums","Fubini for sums","","[]","[]","urn:uuid:a0273f1c-6fad-54c7-a75a-32a5161da656","active","{""definition"":"""",""id"":""urn:uuid:4e770436-d19a-56a0-9fc2-acf21362930e"",""label"":""Fubini for sums"",""notation"":[],""record_type"":""concept"",""recorded_at"":""2026-08-21T00:00:00Z"",""rights_id"":""urn:uuid:a0273f1c-6fad-54c7-a75a-32a5161da656"",""schema_name"":""lebl.backend.record"",""schema_version"":""0.3.0"",""semantic_aliases"":[],""semantic_key"":""lebl.ra.concept.ledger.theorem.fubini-sums"",""source_bindings"":[],""status"":""active"",""supersedes_id"":null,""workflow_id"":""01a01f57-a34b-7740-9717-596b8116910c/backend-production-v0.3-r006-live""}"
"urn:uuid:4f2d34cb-3b90-59f1-a42e-d65bcfd22000","lebl.ra.concept.ledger.extremum.strict-relative-maximum","strict relative maximum","","[]","[]","urn:uuid:a0273f1c-6fad-54c7-a75a-32a5161da656","active","{""definition"":"""",""id"":""urn:uuid:4f2d34cb-3b90-59f1-a42e-d65bcfd22000"",""label"":""strict relative maximum"",""notation"":[],""record_type"":""concept"",""recorded_at"":""2026-08-21T00:00:00Z"",""rights_id"":""urn:uuid:a0273f1c-6fad-54c7-a75a-32a5161da656"",""schema_name"":""lebl.backend.record"",""schema_version"":""0.3.0"",""semantic_aliases"":[],""semantic_key"":""lebl.ra.concept.ledger.extremum.strict-relative-maximum"",""source_bindings"":[],""status"":""active"",""supersedes_id"":null,""workflow_id"":""01a01f57-a34b-7740-9717-596b8116910c/backend-production-v0.3-r006-live""}"
"urn:uuid:4f7fde24-0abc-59c3-8dae-fb02da2948cd","lebl.ra.concept.ledger.function.injective","injective","","[]","[]","urn:uuid:a0273f1c-6fad-54c7-a75a-32a5161da656","active","{""definition"":"""",""id"":""urn:uuid:4f7fde24-0abc-59c3-8dae-fb02da2948cd"",""label"":""injective"",""notation"":[],""record_type"":""concept"",""recorded_at"":""2026-08-21T00:00:00Z"",""rights_id"":""urn:uuid:a0273f1c-6fad-54c7-a75a-32a5161da656"",""schema_name"":""lebl.backend.record"",""schema_version"":""0.3.0"",""semantic_aliases"":[],""semantic_key"":""lebl.ra.concept.ledger.function.injective"",""source_bindings"":[],""status"":""active"",""supersedes_id"":null,""workflow_id"":""01a01f57-a34b-7740-9717-596b8116910c/backend-production-v0.3-r006-live""}"
"urn:uuid:50be03e2-09c2-5ef8-a2da-b63b9dcf3145","lebl.ra.concept.ledger.theorem.tonelli-sums","Tonelli for sums","","[]","[]","urn:uuid:a0273f1c-6fad-54c7-a75a-32a5161da656","active","{""definition"":"""",""id"":""urn:uuid:50be03e2-09c2-5ef8-a2da-b63b9dcf3145"",""label"":""Tonelli for sums"",""notation"":[],""record_type"":""concept"",""recorded_at"":""2026-08-21T00:00:00Z"",""rights_id"":""urn:uuid:a0273f1c-6fad-54c7-a75a-32a5161da656"",""schema_name"":""lebl.backend.record"",""schema_version"":""0.3.0"",""semantic_aliases"":[],""semantic_key"":""lebl.ra.concept.ledger.theorem.tonelli-sums"",""source_bindings"":[],""status"":""active"",""supersedes_id"":null,""workflow_id"":""01a01f57-a34b-7740-9717-596b8116910c/backend-production-v0.3-r006-live""}"
"urn:uuid:517a737e-329b-568e-8b9a-740b9a05a81b","lebl.ra.concept.ledger.geometry.curve","curve","","[]","[]","urn:uuid:a0273f1c-6fad-54c7-a75a-32a5161da656","active","{""definition"":"""",""id"":""urn:uuid:517a737e-329b-568e-8b9a-740b9a05a81b"",""label"":""curve"",""notation"":[],""record_type"":""concept"",""recorded_at"":""2026-08-21T00:00:00Z"",""rights_id"":""urn:uuid:a0273f1c-6fad-54c7-a75a-32a5161da656"",""schema_name"":""lebl.backend.record"",""schema_version"":""0.3.0"",""semantic_aliases"":[],""semantic_key"":""lebl.ra.concept.ledger.geometry.curve"",""source_bindings"":[],""status"":""active"",""supersedes_id"":null,""workflow_id"":""01a01f57-a34b-7740-9717-596b8116910c/backend-production-v0.3-r006-live""}"
"urn:uuid:51b2f832-8c9d-5977-8220-0539abe4d78f","lebl.ra.concept.ledger.math.real-analysis","real analysis","","[]","[]","urn:uuid:a0273f1c-6fad-54c7-a75a-32a5161da656","active","{""definition"":"""",""id"":""urn:uuid:51b2f832-8c9d-5977-8220-0539abe4d78f"",""label"":""real analysis"",""notation"":[],""record_type"":""concept"",""recorded_at"":""2026-08-21T00:00:00Z"",""rights_id"":""urn:uuid:a0273f1c-6fad-54c7-a75a-32a5161da656"",""schema_name"":""lebl.backend.record"",""schema_version"":""0.3.0"",""semantic_aliases"":[],""semantic_key"":""lebl.ra.concept.ledger.math.real-analysis"",""source_bindings"":[],""status"":""active"",""supersedes_id"":null,""workflow_id"":""01a01f57-a34b-7740-9717-596b8116910c/backend-production-v0.3-r006-live""}"
"urn:uuid:53bc223a-1631-5605-8afe-4b4f02923bad","lebl.ra.concept.ledger.combination.linear","linear combination","","[]","[]","urn:uuid:a0273f1c-6fad-54c7-a75a-32a5161da656","active","{""definition"":"""",""id"":""urn:uuid:53bc223a-1631-5605-8afe-4b4f02923bad"",""label"":""linear combination"",""notation"":[],""record_type"":""concept"",""recorded_at"":""2026-08-21T00:00:00Z"",""rights_id"":""urn:uuid:a0273f1c-6fad-54c7-a75a-32a5161da656"",""schema_name"":""lebl.backend.record"",""schema_version"":""0.3.0"",""semantic_aliases"":[],""semantic_key"":""lebl.ra.concept.ledger.combination.linear"",""source_bindings"":[],""status"":""active"",""supersedes_id"":null,""workflow_id"":""01a01f57-a34b-7740-9717-596b8116910c/backend-production-v0.3-r006-live""}"
"urn:uuid:551d344b-c0de-5895-9e3f-323251dca8a5","lebl.ra.concept.ledger.polynomial.monic","monic polynomial","","[]","[]","urn:uuid:a0273f1c-6fad-54c7-a75a-32a5161da656","active","{""definition"":"""",""id"":""urn:uuid:551d344b-c0de-5895-9e3f-323251dca8a5"",""label"":""monic polynomial"",""notation"":[],""record_type"":""concept"",""recorded_at"":""2026-08-21T00:00:00Z"",""rights_id"":""urn:uuid:a0273f1c-6fad-54c7-a75a-32a5161da656"",""schema_name"":""lebl.backend.record"",""schema_version"":""0.3.0"",""semantic_aliases"":[],""semantic_key"":""lebl.ra.concept.ledger.polynomial.monic"",""source_bindings"":[],""status"":""active"",""supersedes_id"":null,""workflow_id"":""01a01f57-a34b-7740-9717-596b8116910c/backend-production-v0.3-r006-live""}"
"urn:uuid:55578d62-5b90-54a4-8e72-aee5c104e680","lebl.ra.concept.ledger.calculus.product-rule","product rule","","[]","[]","urn:uuid:a0273f1c-6fad-54c7-a75a-32a5161da656","active","{""definition"":"""",""id"":""urn:uuid:55578d62-5b90-54a4-8e72-aee5c104e680"",""label"":""product rule"",""notation"":[],""record_type"":""concept"",""recorded_at"":""2026-08-21T00:00:00Z"",""rights_id"":""urn:uuid:a0273f1c-6fad-54c7-a75a-32a5161da656"",""schema_name"":""lebl.backend.record"",""schema_version"":""0.3.0"",""semantic_aliases"":[],""semantic_key"":""lebl.ra.concept.ledger.calculus.product-rule"",""source_bindings"":[],""status"":""active"",""supersedes_id"":null,""workflow_id"":""01a01f57-a34b-7740-9717-596b8116910c/backend-production-v0.3-r006-live""}"
"urn:uuid:55ad1179-6187-565a-ad05-ff3e37802672","lebl.ra.concept.ledger.series.cauchy-product","Cauchy product","","[]","[]","urn:uuid:a0273f1c-6fad-54c7-a75a-32a5161da656","active","{""definition"":"""",""id"":""urn:uuid:55ad1179-6187-565a-ad05-ff3e37802672"",""label"":""Cauchy product"",""notation"":[],""record_type"":""concept"",""recorded_at"":""2026-08-21T00:00:00Z"",""rights_id"":""urn:uuid:a0273f1c-6fad-54c7-a75a-32a5161da656"",""schema_name"":""lebl.backend.record"",""schema_version"":""0.3.0"",""semantic_aliases"":[],""semantic_key"":""lebl.ra.concept.ledger.series.cauchy-product"",""source_bindings"":[],""status"":""active"",""supersedes_id"":null,""workflow_id"":""01a01f57-a34b-7740-9717-596b8116910c/backend-production-v0.3-r006-live""}"
"urn:uuid:55e182f7-390a-5f60-b982-3b5b75c37a61","lebl.ra.concept.ledger.limit.sequential","sequential limit","","[]","[]","urn:uuid:a0273f1c-6fad-54c7-a75a-32a5161da656","active","{""definition"":"""",""id"":""urn:uuid:55e182f7-390a-5f60-b982-3b5b75c37a61"",""label"":""sequential limit"",""notation"":[],""record_type"":""concept"",""recorded_at"":""2026-08-21T00:00:00Z"",""rights_id"":""urn:uuid:a0273f1c-6fad-54c7-a75a-32a5161da656"",""schema_name"":""lebl.backend.record"",""schema_version"":""0.3.0"",""semantic_aliases"":[],""semantic_key"":""lebl.ra.concept.ledger.limit.sequential"",""source_bindings"":[],""status"":""active"",""supersedes_id"":null,""workflow_id"":""01a01f57-a34b-7740-9717-596b8116910c/backend-production-v0.3-r006-live""}"
"urn:uuid:5607b8b5-6a5f-5246-b5f9-2c28ea01b42f","lebl.ra.concept.ledger.sequence.convergent","convergent","","[]","[]","urn:uuid:a0273f1c-6fad-54c7-a75a-32a5161da656","active","{""definition"":"""",""id"":""urn:uuid:5607b8b5-6a5f-5246-b5f9-2c28ea01b42f"",""label"":""convergent"",""notation"":[],""record_type"":""concept"",""recorded_at"":""2026-08-21T00:00:00Z"",""rights_id"":""urn:uuid:a0273f1c-6fad-54c7-a75a-32a5161da656"",""schema_name"":""lebl.backend.record"",""schema_version"":""0.3.0"",""semantic_aliases"":[],""semantic_key"":""lebl.ra.concept.ledger.sequence.convergent"",""source_bindings"":[],""status"":""active"",""supersedes_id"":null,""workflow_id"":""01a01f57-a34b-7740-9717-596b8116910c/backend-production-v0.3-r006-live""}"
"urn:uuid:56f6dede-0885-53de-ab1f-90a7104410e5","lebl.ra.concept.ledger.calculus.gradient","gradient","","[]","[]","urn:uuid:a0273f1c-6fad-54c7-a75a-32a5161da656","active","{""definition"":"""",""id"":""urn:uuid:56f6dede-0885-53de-ab1f-90a7104410e5"",""label"":""gradient"",""notation"":[],""record_type"":""concept"",""recorded_at"":""2026-08-21T00:00:00Z"",""rights_id"":""urn:uuid:a0273f1c-6fad-54c7-a75a-32a5161da656"",""schema_name"":""lebl.backend.record"",""schema_version"":""0.3.0"",""semantic_aliases"":[],""semantic_key"":""lebl.ra.concept.ledger.calculus.gradient"",""source_bindings"":[],""status"":""active"",""supersedes_id"":null,""workflow_id"":""01a01f57-a34b-7740-9717-596b8116910c/backend-production-v0.3-r006-live""}"
"urn:uuid:57142fd2-0b0d-5de6-b63f-78570d088daf","lebl.ra.concept.ledger.set-theory.proper-subset","proper subset","","[]","[]","urn:uuid:a0273f1c-6fad-54c7-a75a-32a5161da656","active","{""definition"":"""",""id"":""urn:uuid:57142fd2-0b0d-5de6-b63f-78570d088daf"",""label"":""proper subset"",""notation"":[],""record_type"":""concept"",""recorded_at"":""2026-08-21T00:00:00Z"",""rights_id"":""urn:uuid:a0273f1c-6fad-54c7-a75a-32a5161da656"",""schema_name"":""lebl.backend.record"",""schema_version"":""0.3.0"",""semantic_aliases"":[],""semantic_key"":""lebl.ra.concept.ledger.set-theory.proper-subset"",""source_bindings"":[],""status"":""active"",""supersedes_id"":null,""workflow_id"":""01a01f57-a34b-7740-9717-596b8116910c/backend-production-v0.3-r006-live""}"
"urn:uuid:5731c5a8-ad3d-5cb4-a05a-182e4aea9395","lebl.ra.concept.ledger.criterion.cauchy","Cauchy criterion","","[]","[]","urn:uuid:a0273f1c-6fad-54c7-a75a-32a5161da656","active","{""definition"":"""",""id"":""urn:uuid:5731c5a8-ad3d-5cb4-a05a-182e4aea9395"",""label"":""Cauchy criterion"",""notation"":[],""record_type"":""concept"",""recorded_at"":""2026-08-21T00:00:00Z"",""rights_id"":""urn:uuid:a0273f1c-6fad-54c7-a75a-32a5161da656"",""schema_name"":""lebl.backend.record"",""schema_version"":""0.3.0"",""semantic_aliases"":[],""semantic_key"":""lebl.ra.concept.ledger.criterion.cauchy"",""source_bindings"":[],""status"":""active"",""supersedes_id"":null,""workflow_id"":""01a01f57-a34b-7740-9717-596b8116910c/backend-production-v0.3-r006-live""}"
"urn:uuid:57960cb1-a7f0-5cc6-a6ad-c42be4e6bae2","lebl.ra.concept.ledger.principle.contraction-mapping","contraction mapping principle","","[]","[]","urn:uuid:a0273f1c-6fad-54c7-a75a-32a5161da656","active","{""definition"":"""",""id"":""urn:uuid:57960cb1-a7f0-5cc6-a6ad-c42be4e6bae2"",""label"":""contraction mapping principle"",""notation"":[],""record_type"":""concept"",""recorded_at"":""2026-08-21T00:00:00Z"",""rights_id"":""urn:uuid:a0273f1c-6fad-54c7-a75a-32a5161da656"",""schema_name"":""lebl.backend.record"",""schema_version"":""0.3.0"",""semantic_aliases"":[],""semantic_key"":""lebl.ra.concept.ledger.principle.contraction-mapping"",""source_bindings"":[],""status"":""active"",""supersedes_id"":null,""workflow_id"":""01a01f57-a34b-7740-9717-596b8116910c/backend-production-v0.3-r006-live""}"
"urn:uuid:58027456-baa9-5aea-8489-9fbf29be1561","lebl.ra.concept.ledger.math.analysis","analysis","","[]","[]","urn:uuid:a0273f1c-6fad-54c7-a75a-32a5161da656","active","{""definition"":"""",""id"":""urn:uuid:58027456-baa9-5aea-8489-9fbf29be1561"",""label"":""analysis"",""notation"":[],""record_type"":""concept"",""recorded_at"":""2026-08-21T00:00:00Z"",""rights_id"":""urn:uuid:a0273f1c-6fad-54c7-a75a-32a5161da656"",""schema_name"":""lebl.backend.record"",""schema_version"":""0.3.0"",""semantic_aliases"":[],""semantic_key"":""lebl.ra.concept.ledger.math.analysis"",""source_bindings"":[],""status"":""active"",""supersedes_id"":null,""workflow_id"":""01a01f57-a34b-7740-9717-596b8116910c/backend-production-v0.3-r006-live""}"
"urn:uuid:58777880-a68a-5e42-abf6-4c006874e40d","lebl.ra.concept.ledger.interval.bounded","bounded interval","","[]","[]","urn:uuid:a0273f1c-6fad-54c7-a75a-32a5161da656","active","{""definition"":"""",""id"":""urn:uuid:58777880-a68a-5e42-abf6-4c006874e40d"",""label"":""bounded interval"",""notation"":[],""record_type"":""concept"",""recorded_at"":""2026-08-21T00:00:00Z"",""rights_id"":""urn:uuid:a0273f1c-6fad-54c7-a75a-32a5161da656"",""schema_name"":""lebl.backend.record"",""schema_version"":""0.3.0"",""semantic_aliases"":[],""semantic_key"":""lebl.ra.concept.ledger.interval.bounded"",""source_bindings"":[],""status"":""active"",""supersedes_id"":null,""workflow_id"":""01a01f57-a34b-7740-9717-596b8116910c/backend-production-v0.3-r006-live""}"
"urn:uuid:58e270e1-570a-5b0b-a753-9b7844af5e8c","lebl.ra.concept.ledger.completeness.cauchy","Cauchy complete","","[]","[]","urn:uuid:a0273f1c-6fad-54c7-a75a-32a5161da656","active","{""definition"":"""",""id"":""urn:uuid:58e270e1-570a-5b0b-a753-9b7844af5e8c"",""label"":""Cauchy complete"",""notation"":[],""record_type"":""concept"",""recorded_at"":""2026-08-21T00:00:00Z"",""rights_id"":""urn:uuid:a0273f1c-6fad-54c7-a75a-32a5161da656"",""schema_name"":""lebl.backend.record"",""schema_version"":""0.3.0"",""semantic_aliases"":[],""semantic_key"":""lebl.ra.concept.ledger.completeness.cauchy"",""source_bindings"":[],""status"":""active"",""supersedes_id"":null,""workflow_id"":""01a01f57-a34b-7740-9717-596b8116910c/backend-production-v0.3-r006-live""}"
"urn:uuid:58f6bf0c-a97d-5a59-b20c-d2d4b0baeb9b","lebl.ra.concept.ledger.integration.lower-darboux-integral","lower Darboux integral","","[]","[]","urn:uuid:a0273f1c-6fad-54c7-a75a-32a5161da656","active","{""definition"":"""",""id"":""urn:uuid:58f6bf0c-a97d-5a59-b20c-d2d4b0baeb9b"",""label"":""lower Darboux integral"",""notation"":[],""record_type"":""concept"",""recorded_at"":""2026-08-21T00:00:00Z"",""rights_id"":""urn:uuid:a0273f1c-6fad-54c7-a75a-32a5161da656"",""schema_name"":""lebl.backend.record"",""schema_version"":""0.3.0"",""semantic_aliases"":[],""semantic_key"":""lebl.ra.concept.ledger.integration.lower-darboux-integral"",""source_bindings"":[],""status"":""active"",""supersedes_id"":null,""workflow_id"":""01a01f57-a34b-7740-9717-596b8116910c/backend-production-v0.3-r006-live""}"
"urn:uuid:59618427-d884-54ac-ae09-8bf02017ced4","lebl.ra.concept.ledger.geometry.algebraic","algebraic geometry","","[]","[]","urn:uuid:a0273f1c-6fad-54c7-a75a-32a5161da656","active","{""definition"":"""",""id"":""urn:uuid:59618427-d884-54ac-ae09-8bf02017ced4"",""label"":""algebraic geometry"",""notation"":[],""record_type"":""concept"",""recorded_at"":""2026-08-21T00:00:00Z"",""rights_id"":""urn:uuid:a0273f1c-6fad-54c7-a75a-32a5161da656"",""schema_name"":""lebl.backend.record"",""schema_version"":""0.3.0"",""semantic_aliases"":[],""semantic_key"":""lebl.ra.concept.ledger.geometry.algebraic"",""source_bindings"":[],""status"":""active"",""supersedes_id"":null,""workflow_id"":""01a01f57-a34b-7740-9717-596b8116910c/backend-production-v0.3-r006-live""}"
"urn:uuid:59aadec7-47d3-57d8-84e9-4873d30bd420","lebl.ra.concept.ledger.inequality.arithmetic-geometric-mean","arithmetic-geometric mean inequality","","[]","[]","urn:uuid:a0273f1c-6fad-54c7-a75a-32a5161da656","active","{""definition"":"""",""id"":""urn:uuid:59aadec7-47d3-57d8-84e9-4873d30bd420"",""label"":""arithmetic-geometric mean inequality"",""notation"":[],""record_type"":""concept"",""recorded_at"":""2026-08-21T00:00:00Z"",""rights_id"":""urn:uuid:a0273f1c-6fad-54c7-a75a-32a5161da656"",""schema_name"":""lebl.backend.record"",""schema_version"":""0.3.0"",""semantic_aliases"":[],""semantic_key"":""lebl.ra.concept.ledger.inequality.arithmetic-geometric-mean"",""source_bindings"":[],""status"":""active"",""supersedes_id"":null,""workflow_id"":""01a01f57-a34b-7740-9717-596b8116910c/backend-production-v0.3-r006-live""}"
"urn:uuid:5a02bec7-caa4-57c2-9c80-c7648ab457ec","lebl.ra.concept.ledger.vector.column","column vector","","[]","[]","urn:uuid:a0273f1c-6fad-54c7-a75a-32a5161da656","active","{""definition"":"""",""id"":""urn:uuid:5a02bec7-caa4-57c2-9c80-c7648ab457ec"",""label"":""column vector"",""notation"":[],""record_type"":""concept"",""recorded_at"":""2026-08-21T00:00:00Z"",""rights_id"":""urn:uuid:a0273f1c-6fad-54c7-a75a-32a5161da656"",""schema_name"":""lebl.backend.record"",""schema_version"":""0.3.0"",""semantic_aliases"":[],""semantic_key"":""lebl.ra.concept.ledger.vector.column"",""source_bindings"":[],""status"":""active"",""supersedes_id"":null,""workflow_id"":""01a01f57-a34b-7740-9717-596b8116910c/backend-production-v0.3-r006-live""}"
"urn:uuid:5a058fbe-9efd-521c-932a-9614613b82d3","lebl.ra.concept.ledger.calculus.first-derivative","first derivative","","[]","[]","urn:uuid:a0273f1c-6fad-54c7-a75a-32a5161da656","active","{""definition"":"""",""id"":""urn:uuid:5a058fbe-9efd-521c-932a-9614613b82d3"",""label"":""first derivative"",""notation"":[],""record_type"":""concept"",""recorded_at"":""2026-08-21T00:00:00Z"",""rights_id"":""urn:uuid:a0273f1c-6fad-54c7-a75a-32a5161da656"",""schema_name"":""lebl.backend.record"",""schema_version"":""0.3.0"",""semantic_aliases"":[],""semantic_key"":""lebl.ra.concept.ledger.calculus.first-derivative"",""source_bindings"":[],""status"":""active"",""supersedes_id"":null,""workflow_id"":""01a01f57-a34b-7740-9717-596b8116910c/backend-production-v0.3-r006-live""}"
"urn:uuid:5b231546-d683-52d6-a33f-2340a70ce0d8","lebl.ra.concept.ledger.integration.partition","partition","","[]","[]","urn:uuid:a0273f1c-6fad-54c7-a75a-32a5161da656","active","{""definition"":"""",""id"":""urn:uuid:5b231546-d683-52d6-a33f-2340a70ce0d8"",""label"":""partition"",""notation"":[],""record_type"":""concept"",""recorded_at"":""2026-08-21T00:00:00Z"",""rights_id"":""urn:uuid:a0273f1c-6fad-54c7-a75a-32a5161da656"",""schema_name"":""lebl.backend.record"",""schema_version"":""0.3.0"",""semantic_aliases"":[],""semantic_key"":""lebl.ra.concept.ledger.integration.partition"",""source_bindings"":[],""status"":""active"",""supersedes_id"":null,""workflow_id"":""01a01f57-a34b-7740-9717-596b8116910c/backend-production-v0.3-r006-live""}"
"urn:uuid:5c8e5a31-5baa-5c72-9aa0-cd054fe65dae","lebl.ra.concept.ledger.order.infimum","infimum","","[]","[]","urn:uuid:a0273f1c-6fad-54c7-a75a-32a5161da656","active","{""definition"":"""",""id"":""urn:uuid:5c8e5a31-5baa-5c72-9aa0-cd054fe65dae"",""label"":""infimum"",""notation"":[],""record_type"":""concept"",""recorded_at"":""2026-08-21T00:00:00Z"",""rights_id"":""urn:uuid:a0273f1c-6fad-54c7-a75a-32a5161da656"",""schema_name"":""lebl.backend.record"",""schema_version"":""0.3.0"",""semantic_aliases"":[],""semantic_key"":""lebl.ra.concept.ledger.order.infimum"",""source_bindings"":[],""status"":""active"",""supersedes_id"":null,""workflow_id"":""01a01f57-a34b-7740-9717-596b8116910c/backend-production-v0.3-r006-live""}"
"urn:uuid:5ced060e-4482-5ef2-8cb6-7e1095ff812c","lebl.ra.concept.ledger.eigenvalue","eigenvalue","","[]","[]","urn:uuid:a0273f1c-6fad-54c7-a75a-32a5161da656","active","{""definition"":"""",""id"":""urn:uuid:5ced060e-4482-5ef2-8cb6-7e1095ff812c"",""label"":""eigenvalue"",""notation"":[],""record_type"":""concept"",""recorded_at"":""2026-08-21T00:00:00Z"",""rights_id"":""urn:uuid:a0273f1c-6fad-54c7-a75a-32a5161da656"",""schema_name"":""lebl.backend.record"",""schema_version"":""0.3.0"",""semantic_aliases"":[],""semantic_key"":""lebl.ra.concept.ledger.eigenvalue"",""source_bindings"":[],""status"":""active"",""supersedes_id"":null,""workflow_id"":""01a01f57-a34b-7740-9717-596b8116910c/backend-production-v0.3-r006-live""}"
"urn:uuid:5e096205-8448-5117-b48c-08becd413386","lebl.ra.concept.ledger.space.vector","vector space","","[]","[]","urn:uuid:a0273f1c-6fad-54c7-a75a-32a5161da656","active","{""definition"":"""",""id"":""urn:uuid:5e096205-8448-5117-b48c-08becd413386"",""label"":""vector space"",""notation"":[],""record_type"":""concept"",""recorded_at"":""2026-08-21T00:00:00Z"",""rights_id"":""urn:uuid:a0273f1c-6fad-54c7-a75a-32a5161da656"",""schema_name"":""lebl.backend.record"",""schema_version"":""0.3.0"",""semantic_aliases"":[],""semantic_key"":""lebl.ra.concept.ledger.space.vector"",""source_bindings"":[],""status"":""active"",""supersedes_id"":null,""workflow_id"":""01a01f57-a34b-7740-9717-596b8116910c/backend-production-v0.3-r006-live""}"
"urn:uuid:5e63fe89-1fee-50a7-b00c-c87ce204f019","lebl.ra.concept.ledger.inequality.reverse-triangle","reverse triangle inequality","","[]","[]","urn:uuid:a0273f1c-6fad-54c7-a75a-32a5161da656","active","{""definition"":"""",""id"":""urn:uuid:5e63fe89-1fee-50a7-b00c-c87ce204f019"",""label"":""reverse triangle inequality"",""notation"":[],""record_type"":""concept"",""recorded_at"":""2026-08-21T00:00:00Z"",""rights_id"":""urn:uuid:a0273f1c-6fad-54c7-a75a-32a5161da656"",""schema_name"":""lebl.backend.record"",""schema_version"":""0.3.0"",""semantic_aliases"":[],""semantic_key"":""lebl.ra.concept.ledger.inequality.reverse-triangle"",""source_bindings"":[],""status"":""active"",""supersedes_id"":null,""workflow_id"":""01a01f57-a34b-7740-9717-596b8116910c/backend-production-v0.3-r006-live""}"
"urn:uuid:5e7e8d49-f097-5a15-ab00-81f8196d187d","lebl.ra.concept.ledger.number.base-b","base b","","[]","[]","urn:uuid:a0273f1c-6fad-54c7-a75a-32a5161da656","active","{""definition"":"""",""id"":""urn:uuid:5e7e8d49-f097-5a15-ab00-81f8196d187d"",""label"":""base b"",""notation"":[],""record_type"":""concept"",""recorded_at"":""2026-08-21T00:00:00Z"",""rights_id"":""urn:uuid:a0273f1c-6fad-54c7-a75a-32a5161da656"",""schema_name"":""lebl.backend.record"",""schema_version"":""0.3.0"",""semantic_aliases"":[],""semantic_key"":""lebl.ra.concept.ledger.number.base-b"",""source_bindings"":[],""status"":""active"",""supersedes_id"":null,""workflow_id"":""01a01f57-a34b-7740-9717-596b8116910c/backend-production-v0.3-r006-live""}"
"urn:uuid:5eade294-791c-5853-b4b8-dc97c3fa15c1","lebl.ra.concept.ledger.determinant","determinant","","[]","[]","urn:uuid:a0273f1c-6fad-54c7-a75a-32a5161da656","active","{""definition"":"""",""id"":""urn:uuid:5eade294-791c-5853-b4b8-dc97c3fa15c1"",""label"":""determinant"",""notation"":[],""record_type"":""concept"",""recorded_at"":""2026-08-21T00:00:00Z"",""rights_id"":""urn:uuid:a0273f1c-6fad-54c7-a75a-32a5161da656"",""schema_name"":""lebl.backend.record"",""schema_version"":""0.3.0"",""semantic_aliases"":[],""semantic_key"":""lebl.ra.concept.ledger.determinant"",""source_bindings"":[],""status"":""active"",""supersedes_id"":null,""workflow_id"":""01a01f57-a34b-7740-9717-596b8116910c/backend-production-v0.3-r006-live""}"
"urn:uuid:5ee539a8-7a03-5f7e-9b86-e5b478f6ed48","lebl.ra.concept.ledger.integration.additivity","additivity of the integral","","[]","[]","urn:uuid:a0273f1c-6fad-54c7-a75a-32a5161da656","active","{""definition"":"""",""id"":""urn:uuid:5ee539a8-7a03-5f7e-9b86-e5b478f6ed48"",""label"":""additivity of the integral"",""notation"":[],""record_type"":""concept"",""recorded_at"":""2026-08-21T00:00:00Z"",""rights_id"":""urn:uuid:a0273f1c-6fad-54c7-a75a-32a5161da656"",""schema_name"":""lebl.backend.record"",""schema_version"":""0.3.0"",""semantic_aliases"":[],""semantic_key"":""lebl.ra.concept.ledger.integration.additivity"",""source_bindings"":[],""status"":""active"",""supersedes_id"":null,""workflow_id"":""01a01f57-a34b-7740-9717-596b8116910c/backend-production-v0.3-r006-live""}"
"urn:uuid:5f52195d-63ed-563a-ab5d-6032b5022d5e","lebl.ra.concept.ledger.calculus.nth-derivative","nth derivative","","[]","[]","urn:uuid:a0273f1c-6fad-54c7-a75a-32a5161da656","active","{""definition"":"""",""id"":""urn:uuid:5f52195d-63ed-563a-ab5d-6032b5022d5e"",""label"":""nth derivative"",""notation"":[],""record_type"":""concept"",""recorded_at"":""2026-08-21T00:00:00Z"",""rights_id"":""urn:uuid:a0273f1c-6fad-54c7-a75a-32a5161da656"",""schema_name"":""lebl.backend.record"",""schema_version"":""0.3.0"",""semantic_aliases"":[],""semantic_key"":""lebl.ra.concept.ledger.calculus.nth-derivative"",""source_bindings"":[],""status"":""active"",""supersedes_id"":null,""workflow_id"":""01a01f57-a34b-7740-9717-596b8116910c/backend-production-v0.3-r006-live""}"
"urn:uuid:5f9b36f3-a4ff-5651-991b-f2dbbe188da6","lebl.ra.concept.ledger.diagram.commutative","commutative diagram","","[]","[]","urn:uuid:a0273f1c-6fad-54c7-a75a-32a5161da656","active","{""definition"":"""",""id"":""urn:uuid:5f9b36f3-a4ff-5651-991b-f2dbbe188da6"",""label"":""commutative diagram"",""notation"":[],""record_type"":""concept"",""recorded_at"":""2026-08-21T00:00:00Z"",""rights_id"":""urn:uuid:a0273f1c-6fad-54c7-a75a-32a5161da656"",""schema_name"":""lebl.backend.record"",""schema_version"":""0.3.0"",""semantic_aliases"":[],""semantic_key"":""lebl.ra.concept.ledger.diagram.commutative"",""source_bindings"":[],""status"":""active"",""supersedes_id"":null,""workflow_id"":""01a01f57-a34b-7740-9717-596b8116910c/backend-production-v0.3-r006-live""}"
"urn:uuid:5fd94020-b177-5da5-88e3-7828ab77b8fc","lebl.ra.concept.ledger.math.proof","proof","","[]","[]","urn:uuid:a0273f1c-6fad-54c7-a75a-32a5161da656","active","{""definition"":"""",""id"":""urn:uuid:5fd94020-b177-5da5-88e3-7828ab77b8fc"",""label"":""proof"",""notation"":[],""record_type"":""concept"",""recorded_at"":""2026-08-21T00:00:00Z"",""rights_id"":""urn:uuid:a0273f1c-6fad-54c7-a75a-32a5161da656"",""schema_name"":""lebl.backend.record"",""schema_version"":""0.3.0"",""semantic_aliases"":[],""semantic_key"":""lebl.ra.concept.ledger.math.proof"",""source_bindings"":[],""status"":""active"",""supersedes_id"":null,""workflow_id"":""01a01f57-a34b-7740-9717-596b8116910c/backend-production-v0.3-r006-live""}"
"urn:uuid:600304d3-8c14-5227-a227-7c0025edb87b","lebl.ra.concept.ledger.nullspace","nullspace","","[]","[]","urn:uuid:a0273f1c-6fad-54c7-a75a-32a5161da656","active","{""definition"":"""",""id"":""urn:uuid:600304d3-8c14-5227-a227-7c0025edb87b"",""label"":""nullspace"",""notation"":[],""record_type"":""concept"",""recorded_at"":""2026-08-21T00:00:00Z"",""rights_id"":""urn:uuid:a0273f1c-6fad-54c7-a75a-32a5161da656"",""schema_name"":""lebl.backend.record"",""schema_version"":""0.3.0"",""semantic_aliases"":[],""semantic_key"":""lebl.ra.concept.ledger.nullspace"",""source_bindings"":[],""status"":""active"",""supersedes_id"":null,""workflow_id"":""01a01f57-a34b-7740-9717-596b8116910c/backend-production-v0.3-r006-live""}"
"urn:uuid:613b6bb4-a505-5ac7-9a40-c7fbaa4072be","lebl.ra.concept.ledger.number.nonpositive","nonpositive","","[]","[]","urn:uuid:a0273f1c-6fad-54c7-a75a-32a5161da656","active","{""definition"":"""",""id"":""urn:uuid:613b6bb4-a505-5ac7-9a40-c7fbaa4072be"",""label"":""nonpositive"",""notation"":[],""record_type"":""concept"",""recorded_at"":""2026-08-21T00:00:00Z"",""rights_id"":""urn:uuid:a0273f1c-6fad-54c7-a75a-32a5161da656"",""schema_name"":""lebl.backend.record"",""schema_version"":""0.3.0"",""semantic_aliases"":[],""semantic_key"":""lebl.ra.concept.ledger.number.nonpositive"",""source_bindings"":[],""status"":""active"",""supersedes_id"":null,""workflow_id"":""01a01f57-a34b-7740-9717-596b8116910c/backend-production-v0.3-r006-live""}"
"urn:uuid:61e7f7db-6bea-5d11-9162-f980cb685bf3","lebl.ra.concept.ledger.number.decimal-truncation","truncation","","[]","[]","urn:uuid:a0273f1c-6fad-54c7-a75a-32a5161da656","active","{""definition"":"""",""id"":""urn:uuid:61e7f7db-6bea-5d11-9162-f980cb685bf3"",""label"":""truncation"",""notation"":[],""record_type"":""concept"",""recorded_at"":""2026-08-21T00:00:00Z"",""rights_id"":""urn:uuid:a0273f1c-6fad-54c7-a75a-32a5161da656"",""schema_name"":""lebl.backend.record"",""schema_version"":""0.3.0"",""semantic_aliases"":[],""semantic_key"":""lebl.ra.concept.ledger.number.decimal-truncation"",""source_bindings"":[],""status"":""active"",""supersedes_id"":null,""workflow_id"":""01a01f57-a34b-7740-9717-596b8116910c/backend-production-v0.3-r006-live""}"
"urn:uuid:62aff51c-d1af-5916-bbc4-130655001d8b","lebl.ra.concept.ledger.metric.discrete","discrete metric","","[]","[]","urn:uuid:a0273f1c-6fad-54c7-a75a-32a5161da656","active","{""definition"":"""",""id"":""urn:uuid:62aff51c-d1af-5916-bbc4-130655001d8b"",""label"":""discrete metric"",""notation"":[],""record_type"":""concept"",""recorded_at"":""2026-08-21T00:00:00Z"",""rights_id"":""urn:uuid:a0273f1c-6fad-54c7-a75a-32a5161da656"",""schema_name"":""lebl.backend.record"",""schema_version"":""0.3.0"",""semantic_aliases"":[],""semantic_key"":""lebl.ra.concept.ledger.metric.discrete"",""source_bindings"":[],""status"":""active"",""supersedes_id"":null,""workflow_id"":""01a01f57-a34b-7740-9717-596b8116910c/backend-production-v0.3-r006-live""}"
"urn:uuid:63e6ec00-8129-5969-b1d4-6a759d07391c","lebl.ra.concept.ledger.number.irrational","irrational","","[]","[]","urn:uuid:a0273f1c-6fad-54c7-a75a-32a5161da656","active","{""definition"":"""",""id"":""urn:uuid:63e6ec00-8129-5969-b1d4-6a759d07391c"",""label"":""irrational"",""notation"":[],""record_type"":""concept"",""recorded_at"":""2026-08-21T00:00:00Z"",""rights_id"":""urn:uuid:a0273f1c-6fad-54c7-a75a-32a5161da656"",""schema_name"":""lebl.backend.record"",""schema_version"":""0.3.0"",""semantic_aliases"":[],""semantic_key"":""lebl.ra.concept.ledger.number.irrational"",""source_bindings"":[],""status"":""active"",""supersedes_id"":null,""workflow_id"":""01a01f57-a34b-7740-9717-596b8116910c/backend-production-v0.3-r006-live""}"
"urn:uuid:6448c20f-81a6-5c86-9f45-85ff158a7542","lebl.ra.concept.ledger.integration.cauchy-principal-value","Cauchy principal value","","[]","[]","urn:uuid:a0273f1c-6fad-54c7-a75a-32a5161da656","active","{""definition"":"""",""id"":""urn:uuid:6448c20f-81a6-5c86-9f45-85ff158a7542"",""label"":""Cauchy principal value"",""notation"":[],""record_type"":""concept"",""recorded_at"":""2026-08-21T00:00:00Z"",""rights_id"":""urn:uuid:a0273f1c-6fad-54c7-a75a-32a5161da656"",""schema_name"":""lebl.backend.record"",""schema_version"":""0.3.0"",""semantic_aliases"":[],""semantic_key"":""lebl.ra.concept.ledger.integration.cauchy-principal-value"",""source_bindings"":[],""status"":""active"",""supersedes_id"":null,""workflow_id"":""01a01f57-a34b-7740-9717-596b8116910c/backend-production-v0.3-r006-live""}"
"urn:uuid:6474807b-9559-55f1-aba1-515977553a9d","lebl.ra.concept.ledger.series.alternating","alternating series","","[]","[]","urn:uuid:a0273f1c-6fad-54c7-a75a-32a5161da656","active","{""definition"":"""",""id"":""urn:uuid:6474807b-9559-55f1-aba1-515977553a9d"",""label"":""alternating series"",""notation"":[],""record_type"":""concept"",""recorded_at"":""2026-08-21T00:00:00Z"",""rights_id"":""urn:uuid:a0273f1c-6fad-54c7-a75a-32a5161da656"",""schema_name"":""lebl.backend.record"",""schema_version"":""0.3.0"",""semantic_aliases"":[],""semantic_key"":""lebl.ra.concept.ledger.series.alternating"",""source_bindings"":[],""status"":""active"",""supersedes_id"":null,""workflow_id"":""01a01f57-a34b-7740-9717-596b8116910c/backend-production-v0.3-r006-live""}"
"urn:uuid:64a93087-28a9-5b95-ab9d-6a7eaf6c5995","lebl.ra.concept.ledger.number.decimal-digit","decimal digit","","[]","[]","urn:uuid:a0273f1c-6fad-54c7-a75a-32a5161da656","active","{""definition"":"""",""id"":""urn:uuid:64a93087-28a9-5b95-ab9d-6a7eaf6c5995"",""label"":""decimal digit"",""notation"":[],""record_type"":""concept"",""recorded_at"":""2026-08-21T00:00:00Z"",""rights_id"":""urn:uuid:a0273f1c-6fad-54c7-a75a-32a5161da656"",""schema_name"":""lebl.backend.record"",""schema_version"":""0.3.0"",""semantic_aliases"":[],""semantic_key"":""lebl.ra.concept.ledger.number.decimal-digit"",""source_bindings"":[],""status"":""active"",""supersedes_id"":null,""workflow_id"":""01a01f57-a34b-7740-9717-596b8116910c/backend-production-v0.3-r006-live""}"
"urn:uuid:6587a056-5ff9-5f66-915a-cb9154e4dbeb","lebl.ra.concept.ledger.topology.subspace","subspace topology","","[]","[]","urn:uuid:a0273f1c-6fad-54c7-a75a-32a5161da656","active","{""definition"":"""",""id"":""urn:uuid:6587a056-5ff9-5f66-915a-cb9154e4dbeb"",""label"":""subspace topology"",""notation"":[],""record_type"":""concept"",""recorded_at"":""2026-08-21T00:00:00Z"",""rights_id"":""urn:uuid:a0273f1c-6fad-54c7-a75a-32a5161da656"",""schema_name"":""lebl.backend.record"",""schema_version"":""0.3.0"",""semantic_aliases"":[],""semantic_key"":""lebl.ra.concept.ledger.topology.subspace"",""source_bindings"":[],""status"":""active"",""supersedes_id"":null,""workflow_id"":""01a01f57-a34b-7740-9717-596b8116910c/backend-production-v0.3-r006-live""}"
"urn:uuid:65ac8e9e-5d33-5129-971b-9443bcfc4c3e","lebl.ra.concept.ledger.function.codomain","codomain","","[]","[]","urn:uuid:a0273f1c-6fad-54c7-a75a-32a5161da656","active","{""definition"":"""",""id"":""urn:uuid:65ac8e9e-5d33-5129-971b-9443bcfc4c3e"",""label"":""codomain"",""notation"":[],""record_type"":""concept"",""recorded_at"":""2026-08-21T00:00:00Z"",""rights_id"":""urn:uuid:a0273f1c-6fad-54c7-a75a-32a5161da656"",""schema_name"":""lebl.backend.record"",""schema_version"":""0.3.0"",""semantic_aliases"":[],""semantic_key"":""lebl.ra.concept.ledger.function.codomain"",""source_bindings"":[],""status"":""active"",""supersedes_id"":null,""workflow_id"":""01a01f57-a34b-7740-9717-596b8116910c/backend-production-v0.3-r006-live""}"
"urn:uuid:660edfd8-3068-5401-badd-1b3bbdc65999","lebl.ra.concept.ledger.calculus.derivative.directional","directional derivative","","[]","[]","urn:uuid:a0273f1c-6fad-54c7-a75a-32a5161da656","active","{""definition"":"""",""id"":""urn:uuid:660edfd8-3068-5401-badd-1b3bbdc65999"",""label"":""directional derivative"",""notation"":[],""record_type"":""concept"",""recorded_at"":""2026-08-21T00:00:00Z"",""rights_id"":""urn:uuid:a0273f1c-6fad-54c7-a75a-32a5161da656"",""schema_name"":""lebl.backend.record"",""schema_version"":""0.3.0"",""semantic_aliases"":[],""semantic_key"":""lebl.ra.concept.ledger.calculus.derivative.directional"",""source_bindings"":[],""status"":""active"",""supersedes_id"":null,""workflow_id"":""01a01f57-a34b-7740-9717-596b8116910c/backend-production-v0.3-r006-live""}"
"urn:uuid:6686782b-ed66-5e72-90e1-cb2bab0eaad7","lebl.ra.concept.ledger.function.set-theoretic-function","set-theoretic function","","[]","[]","urn:uuid:a0273f1c-6fad-54c7-a75a-32a5161da656","active","{""definition"":"""",""id"":""urn:uuid:6686782b-ed66-5e72-90e1-cb2bab0eaad7"",""label"":""set-theoretic function"",""notation"":[],""record_type"":""concept"",""recorded_at"":""2026-08-21T00:00:00Z"",""rights_id"":""urn:uuid:a0273f1c-6fad-54c7-a75a-32a5161da656"",""schema_name"":""lebl.backend.record"",""schema_version"":""0.3.0"",""semantic_aliases"":[],""semantic_key"":""lebl.ra.concept.ledger.function.set-theoretic-function"",""source_bindings"":[],""status"":""active"",""supersedes_id"":null,""workflow_id"":""01a01f57-a34b-7740-9717-596b8116910c/backend-production-v0.3-r006-live""}"
"urn:uuid:6687f028-d286-5cac-9461-e9e50ba71877","lebl.ra.concept.ledger.ball.closed","closed ball","","[]","[]","urn:uuid:a0273f1c-6fad-54c7-a75a-32a5161da656","active","{""definition"":"""",""id"":""urn:uuid:6687f028-d286-5cac-9461-e9e50ba71877"",""label"":""closed ball"",""notation"":[],""record_type"":""concept"",""recorded_at"":""2026-08-21T00:00:00Z"",""rights_id"":""urn:uuid:a0273f1c-6fad-54c7-a75a-32a5161da656"",""schema_name"":""lebl.backend.record"",""schema_version"":""0.3.0"",""semantic_aliases"":[],""semantic_key"":""lebl.ra.concept.ledger.ball.closed"",""source_bindings"":[],""status"":""active"",""supersedes_id"":null,""workflow_id"":""01a01f57-a34b-7740-9717-596b8116910c/backend-production-v0.3-r006-live""}"
"urn:uuid:66c3f9df-0d5f-50e3-b5e2-660583e096e8","lebl.ra.concept.ledger.order.bounded-below","bounded below","","[]","[]","urn:uuid:a0273f1c-6fad-54c7-a75a-32a5161da656","active","{""definition"":"""",""id"":""urn:uuid:66c3f9df-0d5f-50e3-b5e2-660583e096e8"",""label"":""bounded below"",""notation"":[],""record_type"":""concept"",""recorded_at"":""2026-08-21T00:00:00Z"",""rights_id"":""urn:uuid:a0273f1c-6fad-54c7-a75a-32a5161da656"",""schema_name"":""lebl.backend.record"",""schema_version"":""0.3.0"",""semantic_aliases"":[],""semantic_key"":""lebl.ra.concept.ledger.order.bounded-below"",""source_bindings"":[],""status"":""active"",""supersedes_id"":null,""workflow_id"":""01a01f57-a34b-7740-9717-596b8116910c/backend-production-v0.3-r006-live""}"
"urn:uuid:67000380-3dd1-5240-ad43-97beff70bd6f","lebl.ra.concept.ledger.completeness","completeness","","[]","[]","urn:uuid:a0273f1c-6fad-54c7-a75a-32a5161da656","active","{""definition"":"""",""id"":""urn:uuid:67000380-3dd1-5240-ad43-97beff70bd6f"",""label"":""completeness"",""notation"":[],""record_type"":""concept"",""recorded_at"":""2026-08-21T00:00:00Z"",""rights_id"":""urn:uuid:a0273f1c-6fad-54c7-a75a-32a5161da656"",""schema_name"":""lebl.backend.record"",""schema_version"":""0.3.0"",""semantic_aliases"":[],""semantic_key"":""lebl.ra.concept.ledger.completeness"",""source_bindings"":[],""status"":""active"",""supersedes_id"":null,""workflow_id"":""01a01f57-a34b-7740-9717-596b8116910c/backend-production-v0.3-r006-live""}"
"urn:uuid:681931ae-6317-58a6-b39a-c2bb8db3b578","lebl.ra.concept.ledger.extremum.relative-minimum","relative minimum","","[]","[]","urn:uuid:a0273f1c-6fad-54c7-a75a-32a5161da656","active","{""definition"":"""",""id"":""urn:uuid:681931ae-6317-58a6-b39a-c2bb8db3b578"",""label"":""relative minimum"",""notation"":[],""record_type"":""concept"",""recorded_at"":""2026-08-21T00:00:00Z"",""rights_id"":""urn:uuid:a0273f1c-6fad-54c7-a75a-32a5161da656"",""schema_name"":""lebl.backend.record"",""schema_version"":""0.3.0"",""semantic_aliases"":[],""semantic_key"":""lebl.ra.concept.ledger.extremum.relative-minimum"",""source_bindings"":[],""status"":""active"",""supersedes_id"":null,""workflow_id"":""01a01f57-a34b-7740-9717-596b8116910c/backend-production-v0.3-r006-live""}"
"urn:uuid:687e8194-dfa1-55e1-9793-01263754a20b","lebl.ra.concept.ledger.space.connected","connected space","","[]","[]","urn:uuid:a0273f1c-6fad-54c7-a75a-32a5161da656","active","{""definition"":"""",""id"":""urn:uuid:687e8194-dfa1-55e1-9793-01263754a20b"",""label"":""connected space"",""notation"":[],""record_type"":""concept"",""recorded_at"":""2026-08-21T00:00:00Z"",""rights_id"":""urn:uuid:a0273f1c-6fad-54c7-a75a-32a5161da656"",""schema_name"":""lebl.backend.record"",""schema_version"":""0.3.0"",""semantic_aliases"":[],""semantic_key"":""lebl.ra.concept.ledger.space.connected"",""source_bindings"":[],""status"":""active"",""supersedes_id"":null,""workflow_id"":""01a01f57-a34b-7740-9717-596b8116910c/backend-production-v0.3-r006-live""}"
"urn:uuid:68d295af-1946-50fe-b78b-f058b124aa01","lebl.ra.concept.ledger.function.uniformly-continuous","uniformly continuous","","[]","[]","urn:uuid:a0273f1c-6fad-54c7-a75a-32a5161da656","active","{""definition"":"""",""id"":""urn:uuid:68d295af-1946-50fe-b78b-f058b124aa01"",""label"":""uniformly continuous"",""notation"":[],""record_type"":""concept"",""recorded_at"":""2026-08-21T00:00:00Z"",""rights_id"":""urn:uuid:a0273f1c-6fad-54c7-a75a-32a5161da656"",""schema_name"":""lebl.backend.record"",""schema_version"":""0.3.0"",""semantic_aliases"":[],""semantic_key"":""lebl.ra.concept.ledger.function.uniformly-continuous"",""source_bindings"":[],""status"":""active"",""supersedes_id"":null,""workflow_id"":""01a01f57-a34b-7740-9717-596b8116910c/backend-production-v0.3-r006-live""}"
"urn:uuid:6914c112-9f26-5d74-a7d3-30f07d28d644","lebl.ra.concept.ledger.norm.uniform","uniform norm","","[]","[]","urn:uuid:a0273f1c-6fad-54c7-a75a-32a5161da656","active","{""definition"":"""",""id"":""urn:uuid:6914c112-9f26-5d74-a7d3-30f07d28d644"",""label"":""uniform norm"",""notation"":[],""record_type"":""concept"",""recorded_at"":""2026-08-21T00:00:00Z"",""rights_id"":""urn:uuid:a0273f1c-6fad-54c7-a75a-32a5161da656"",""schema_name"":""lebl.backend.record"",""schema_version"":""0.3.0"",""semantic_aliases"":[],""semantic_key"":""lebl.ra.concept.ledger.norm.uniform"",""source_bindings"":[],""status"":""active"",""supersedes_id"":null,""workflow_id"":""01a01f57-a34b-7740-9717-596b8116910c/backend-production-v0.3-r006-live""}"
"urn:uuid:6a2bcff5-45b1-5698-9c55-43daed9d84d3","lebl.ra.concept.ledger.calculus.fundamental-theorem-second-form","second form of the fundamental theorem","","[]","[]","urn:uuid:a0273f1c-6fad-54c7-a75a-32a5161da656","active","{""definition"":"""",""id"":""urn:uuid:6a2bcff5-45b1-5698-9c55-43daed9d84d3"",""label"":""second form of the fundamental theorem"",""notation"":[],""record_type"":""concept"",""recorded_at"":""2026-08-21T00:00:00Z"",""rights_id"":""urn:uuid:a0273f1c-6fad-54c7-a75a-32a5161da656"",""schema_name"":""lebl.backend.record"",""schema_version"":""0.3.0"",""semantic_aliases"":[],""semantic_key"":""lebl.ra.concept.ledger.calculus.fundamental-theorem-second-form"",""source_bindings"":[],""status"":""active"",""supersedes_id"":null,""workflow_id"":""01a01f57-a34b-7740-9717-596b8116910c/backend-production-v0.3-r006-live""}"
"urn:uuid:6a49fcce-2df8-53c5-a5df-f073a5cdee56","lebl.ra.concept.ledger.line.tangent","tangent line","","[]","[]","urn:uuid:a0273f1c-6fad-54c7-a75a-32a5161da656","active","{""definition"":"""",""id"":""urn:uuid:6a49fcce-2df8-53c5-a5df-f073a5cdee56"",""label"":""tangent line"",""notation"":[],""record_type"":""concept"",""recorded_at"":""2026-08-21T00:00:00Z"",""rights_id"":""urn:uuid:a0273f1c-6fad-54c7-a75a-32a5161da656"",""schema_name"":""lebl.backend.record"",""schema_version"":""0.3.0"",""semantic_aliases"":[],""semantic_key"":""lebl.ra.concept.ledger.line.tangent"",""source_bindings"":[],""status"":""active"",""supersedes_id"":null,""workflow_id"":""01a01f57-a34b-7740-9717-596b8116910c/backend-production-v0.3-r006-live""}"
"urn:uuid:6a5684be-e22d-5506-ade5-0cdfebf4fb2a","lebl.ra.concept.ledger.function.step-function","step function","","[]","[]","urn:uuid:a0273f1c-6fad-54c7-a75a-32a5161da656","active","{""definition"":"""",""id"":""urn:uuid:6a5684be-e22d-5506-ade5-0cdfebf4fb2a"",""label"":""step function"",""notation"":[],""record_type"":""concept"",""recorded_at"":""2026-08-21T00:00:00Z"",""rights_id"":""urn:uuid:a0273f1c-6fad-54c7-a75a-32a5161da656"",""schema_name"":""lebl.backend.record"",""schema_version"":""0.3.0"",""semantic_aliases"":[],""semantic_key"":""lebl.ra.concept.ledger.function.step-function"",""source_bindings"":[],""status"":""active"",""supersedes_id"":null,""workflow_id"":""01a01f57-a34b-7740-9717-596b8116910c/backend-production-v0.3-r006-live""}"
"urn:uuid:6ac7a9a6-6596-5004-a84b-71bad358ff38","lebl.ra.concept.ledger.function.monotone","monotone function","","[]","[]","urn:uuid:a0273f1c-6fad-54c7-a75a-32a5161da656","active","{""definition"":"""",""id"":""urn:uuid:6ac7a9a6-6596-5004-a84b-71bad358ff38"",""label"":""monotone function"",""notation"":[],""record_type"":""concept"",""recorded_at"":""2026-08-21T00:00:00Z"",""rights_id"":""urn:uuid:a0273f1c-6fad-54c7-a75a-32a5161da656"",""schema_name"":""lebl.backend.record"",""schema_version"":""0.3.0"",""semantic_aliases"":[],""semantic_key"":""lebl.ra.concept.ledger.function.monotone"",""source_bindings"":[],""status"":""active"",""supersedes_id"":null,""workflow_id"":""01a01f57-a34b-7740-9717-596b8116910c/backend-production-v0.3-r006-live""}"
"urn:uuid:6acd870e-01b6-5ab0-9263-341a6a552fc6","lebl.ra.concept.ledger.extremum.strict-relative-minimum","strict relative minimum","","[]","[]","urn:uuid:a0273f1c-6fad-54c7-a75a-32a5161da656","active","{""definition"":"""",""id"":""urn:uuid:6acd870e-01b6-5ab0-9263-341a6a552fc6"",""label"":""strict relative minimum"",""notation"":[],""record_type"":""concept"",""recorded_at"":""2026-08-21T00:00:00Z"",""rights_id"":""urn:uuid:a0273f1c-6fad-54c7-a75a-32a5161da656"",""schema_name"":""lebl.backend.record"",""schema_version"":""0.3.0"",""semantic_aliases"":[],""semantic_key"":""lebl.ra.concept.ledger.extremum.strict-relative-minimum"",""source_bindings"":[],""status"":""active"",""supersedes_id"":null,""workflow_id"":""01a01f57-a34b-7740-9717-596b8116910c/backend-production-v0.3-r006-live""}"
"urn:uuid:6bc215e0-48b8-52a8-acbb-f4c1a3bf51e8","lebl.ra.concept.ledger.sum.telescoping","telescoping sum","","[]","[]","urn:uuid:a0273f1c-6fad-54c7-a75a-32a5161da656","active","{""definition"":"""",""id"":""urn:uuid:6bc215e0-48b8-52a8-acbb-f4c1a3bf51e8"",""label"":""telescoping sum"",""notation"":[],""record_type"":""concept"",""recorded_at"":""2026-08-21T00:00:00Z"",""rights_id"":""urn:uuid:a0273f1c-6fad-54c7-a75a-32a5161da656"",""schema_name"":""lebl.backend.record"",""schema_version"":""0.3.0"",""semantic_aliases"":[],""semantic_key"":""lebl.ra.concept.ledger.sum.telescoping"",""source_bindings"":[],""status"":""active"",""supersedes_id"":null,""workflow_id"":""01a01f57-a34b-7740-9717-596b8116910c/backend-production-v0.3-r006-live""}"
"urn:uuid:6deb476d-7fe2-55f3-935b-84987b4caeee","lebl.ra.concept.ledger.algebra.field","field","","[]","[]","urn:uuid:a0273f1c-6fad-54c7-a75a-32a5161da656","active","{""definition"":"""",""id"":""urn:uuid:6deb476d-7fe2-55f3-935b-84987b4caeee"",""label"":""field"",""notation"":[],""record_type"":""concept"",""recorded_at"":""2026-08-21T00:00:00Z"",""rights_id"":""urn:uuid:a0273f1c-6fad-54c7-a75a-32a5161da656"",""schema_name"":""lebl.backend.record"",""schema_version"":""0.3.0"",""semantic_aliases"":[],""semantic_key"":""lebl.ra.concept.ledger.algebra.field"",""source_bindings"":[],""status"":""active"",""supersedes_id"":null,""workflow_id"":""01a01f57-a34b-7740-9717-596b8116910c/backend-production-v0.3-r006-live""}"
"urn:uuid:6e5941e2-26f0-57a1-9e7b-8e6d0f26738a","lebl.ra.concept.ledger.number-system.real-numbers","real numbers","","[]","[]","urn:uuid:a0273f1c-6fad-54c7-a75a-32a5161da656","active","{""definition"":"""",""id"":""urn:uuid:6e5941e2-26f0-57a1-9e7b-8e6d0f26738a"",""label"":""real numbers"",""notation"":[],""record_type"":""concept"",""recorded_at"":""2026-08-21T00:00:00Z"",""rights_id"":""urn:uuid:a0273f1c-6fad-54c7-a75a-32a5161da656"",""schema_name"":""lebl.backend.record"",""schema_version"":""0.3.0"",""semantic_aliases"":[],""semantic_key"":""lebl.ra.concept.ledger.number-system.real-numbers"",""source_bindings"":[],""status"":""active"",""supersedes_id"":null,""workflow_id"":""01a01f57-a34b-7740-9717-596b8116910c/backend-production-v0.3-r006-live""}"
"urn:uuid:6eebc12a-3b45-5951-8ec0-98c478cb0b07","lebl.ra.concept.ledger.orientation","orientation","","[]","[]","urn:uuid:a0273f1c-6fad-54c7-a75a-32a5161da656","active","{""definition"":"""",""id"":""urn:uuid:6eebc12a-3b45-5951-8ec0-98c478cb0b07"",""label"":""orientation"",""notation"":[],""record_type"":""concept"",""recorded_at"":""2026-08-21T00:00:00Z"",""rights_id"":""urn:uuid:a0273f1c-6fad-54c7-a75a-32a5161da656"",""schema_name"":""lebl.backend.record"",""schema_version"":""0.3.0"",""semantic_aliases"":[],""semantic_key"":""lebl.ra.concept.ledger.orientation"",""source_bindings"":[],""status"":""active"",""supersedes_id"":null,""workflow_id"":""01a01f57-a34b-7740-9717-596b8116910c/backend-production-v0.3-r006-live""}"
"urn:uuid:6fab0f57-c7e2-5b69-8825-450c6591210d","lebl.ra.concept.ledger.integration.improper-integral","improper integral","","[]","[]","urn:uuid:a0273f1c-6fad-54c7-a75a-32a5161da656","active","{""definition"":"""",""id"":""urn:uuid:6fab0f57-c7e2-5b69-8825-450c6591210d"",""label"":""improper integral"",""notation"":[],""record_type"":""concept"",""recorded_at"":""2026-08-21T00:00:00Z"",""rights_id"":""urn:uuid:a0273f1c-6fad-54c7-a75a-32a5161da656"",""schema_name"":""lebl.backend.record"",""schema_version"":""0.3.0"",""semantic_aliases"":[],""semantic_key"":""lebl.ra.concept.ledger.integration.improper-integral"",""source_bindings"":[],""status"":""active"",""supersedes_id"":null,""workflow_id"":""01a01f57-a34b-7740-9717-596b8116910c/backend-production-v0.3-r006-live""}"
"urn:uuid:70ad98e8-015e-53ce-93b9-de3fdf8b9a2c","lebl.ra.concept.ledger.theorem.mertens","Mertens' theorem","","[]","[]","urn:uuid:a0273f1c-6fad-54c7-a75a-32a5161da656","active","{""definition"":"""",""id"":""urn:uuid:70ad98e8-015e-53ce-93b9-de3fdf8b9a2c"",""label"":""Mertens' theorem"",""notation"":[],""record_type"":""concept"",""recorded_at"":""2026-08-21T00:00:00Z"",""rights_id"":""urn:uuid:a0273f1c-6fad-54c7-a75a-32a5161da656"",""schema_name"":""lebl.backend.record"",""schema_version"":""0.3.0"",""semantic_aliases"":[],""semantic_key"":""lebl.ra.concept.ledger.theorem.mertens"",""source_bindings"":[],""status"":""active"",""supersedes_id"":null,""workflow_id"":""01a01f57-a34b-7740-9717-596b8116910c/backend-production-v0.3-r006-live""}"
"urn:uuid:70d6b087-0872-57fe-bfd5-88a4bd406cd0","lebl.ra.concept.ledger.combination.convex","convex combination","","[]","[]","urn:uuid:a0273f1c-6fad-54c7-a75a-32a5161da656","active","{""definition"":"""",""id"":""urn:uuid:70d6b087-0872-57fe-bfd5-88a4bd406cd0"",""label"":""convex combination"",""notation"":[],""record_type"":""concept"",""recorded_at"":""2026-08-21T00:00:00Z"",""rights_id"":""urn:uuid:a0273f1c-6fad-54c7-a75a-32a5161da656"",""schema_name"":""lebl.backend.record"",""schema_version"":""0.3.0"",""semantic_aliases"":[],""semantic_key"":""lebl.ra.concept.ledger.combination.convex"",""source_bindings"":[],""status"":""active"",""supersedes_id"":null,""workflow_id"":""01a01f57-a34b-7740-9717-596b8116910c/backend-production-v0.3-r006-live""}"
"urn:uuid:716e5eb3-5427-5444-b9d4-5e9e00430ec9","lebl.ra.concept.ledger.series.geometric","geometric series","","[]","[]","urn:uuid:a0273f1c-6fad-54c7-a75a-32a5161da656","active","{""definition"":"""",""id"":""urn:uuid:716e5eb3-5427-5444-b9d4-5e9e00430ec9"",""label"":""geometric series"",""notation"":[],""record_type"":""concept"",""recorded_at"":""2026-08-21T00:00:00Z"",""rights_id"":""urn:uuid:a0273f1c-6fad-54c7-a75a-32a5161da656"",""schema_name"":""lebl.backend.record"",""schema_version"":""0.3.0"",""semantic_aliases"":[],""semantic_key"":""lebl.ra.concept.ledger.series.geometric"",""source_bindings"":[],""status"":""active"",""supersedes_id"":null,""workflow_id"":""01a01f57-a34b-7740-9717-596b8116910c/backend-production-v0.3-r006-live""}"
"urn:uuid:71867de3-1b66-5f05-9e46-8aee45c52c39","lebl.ra.concept.ledger.operator.linear","linear operator","","[]","[]","urn:uuid:a0273f1c-6fad-54c7-a75a-32a5161da656","active","{""definition"":"""",""id"":""urn:uuid:71867de3-1b66-5f05-9e46-8aee45c52c39"",""label"":""linear operator"",""notation"":[],""record_type"":""concept"",""recorded_at"":""2026-08-21T00:00:00Z"",""rights_id"":""urn:uuid:a0273f1c-6fad-54c7-a75a-32a5161da656"",""schema_name"":""lebl.backend.record"",""schema_version"":""0.3.0"",""semantic_aliases"":[],""semantic_key"":""lebl.ra.concept.ledger.operator.linear"",""source_bindings"":[],""status"":""active"",""supersedes_id"":null,""workflow_id"":""01a01f57-a34b-7740-9717-596b8116910c/backend-production-v0.3-r006-live""}"
"urn:uuid:724dca74-3e24-5452-8eef-3f36e1a2cc49","lebl.ra.concept.ledger.transform.laplace","Laplace transform","","[]","[]","urn:uuid:a0273f1c-6fad-54c7-a75a-32a5161da656","active","{""definition"":"""",""id"":""urn:uuid:724dca74-3e24-5452-8eef-3f36e1a2cc49"",""label"":""Laplace transform"",""notation"":[],""record_type"":""concept"",""recorded_at"":""2026-08-21T00:00:00Z"",""rights_id"":""urn:uuid:a0273f1c-6fad-54c7-a75a-32a5161da656"",""schema_name"":""lebl.backend.record"",""schema_version"":""0.3.0"",""semantic_aliases"":[],""semantic_key"":""lebl.ra.concept.ledger.transform.laplace"",""source_bindings"":[],""status"":""active"",""supersedes_id"":null,""workflow_id"":""01a01f57-a34b-7740-9717-596b8116910c/backend-production-v0.3-r006-live""}"
"urn:uuid:72aa1b8c-3abf-504f-819f-d0d465236a42","lebl.ra.concept.ledger.space.vector-subspace","vector subspace","","[]","[]","urn:uuid:a0273f1c-6fad-54c7-a75a-32a5161da656","active","{""definition"":"""",""id"":""urn:uuid:72aa1b8c-3abf-504f-819f-d0d465236a42"",""label"":""vector subspace"",""notation"":[],""record_type"":""concept"",""recorded_at"":""2026-08-21T00:00:00Z"",""rights_id"":""urn:uuid:a0273f1c-6fad-54c7-a75a-32a5161da656"",""schema_name"":""lebl.backend.record"",""schema_version"":""0.3.0"",""semantic_aliases"":[],""semantic_key"":""lebl.ra.concept.ledger.space.vector-subspace"",""source_bindings"":[],""status"":""active"",""supersedes_id"":null,""workflow_id"":""01a01f57-a34b-7740-9717-596b8116910c/backend-production-v0.3-r006-live""}"
"urn:uuid:72bbcaf4-2503-58ae-8a7e-15b8ca2d7cb4","lebl.ra.concept.ledger.calculus.quotient-rule","quotient rule","","[]","[]","urn:uuid:a0273f1c-6fad-54c7-a75a-32a5161da656","active","{""definition"":"""",""id"":""urn:uuid:72bbcaf4-2503-58ae-8a7e-15b8ca2d7cb4"",""label"":""quotient rule"",""notation"":[],""record_type"":""concept"",""recorded_at"":""2026-08-21T00:00:00Z"",""rights_id"":""urn:uuid:a0273f1c-6fad-54c7-a75a-32a5161da656"",""schema_name"":""lebl.backend.record"",""schema_version"":""0.3.0"",""semantic_aliases"":[],""semantic_key"":""lebl.ra.concept.ledger.calculus.quotient-rule"",""source_bindings"":[],""status"":""active"",""supersedes_id"":null,""workflow_id"":""01a01f57-a34b-7740-9717-596b8116910c/backend-production-v0.3-r006-live""}"
"urn:uuid:72caba11-de8b-5e56-b2c9-fdcd61c62ad9","lebl.ra.concept.ledger.function.evaluation","evaluation function","","[]","[]","urn:uuid:a0273f1c-6fad-54c7-a75a-32a5161da656","active","{""definition"":"""",""id"":""urn:uuid:72caba11-de8b-5e56-b2c9-fdcd61c62ad9"",""label"":""evaluation function"",""notation"":[],""record_type"":""concept"",""recorded_at"":""2026-08-21T00:00:00Z"",""rights_id"":""urn:uuid:a0273f1c-6fad-54c7-a75a-32a5161da656"",""schema_name"":""lebl.backend.record"",""schema_version"":""0.3.0"",""semantic_aliases"":[],""semantic_key"":""lebl.ra.concept.ledger.function.evaluation"",""source_bindings"":[],""status"":""active"",""supersedes_id"":null,""workflow_id"":""01a01f57-a34b-7740-9717-596b8116910c/backend-production-v0.3-r006-live""}"
"urn:uuid:7334cb2a-3b7b-51f7-99b2-de2551ac8b0d","lebl.ra.concept.ledger.function.uniform-continuity","uniform continuity","","[]","[]","urn:uuid:a0273f1c-6fad-54c7-a75a-32a5161da656","active","{""definition"":"""",""id"":""urn:uuid:7334cb2a-3b7b-51f7-99b2-de2551ac8b0d"",""label"":""uniform continuity"",""notation"":[],""record_type"":""concept"",""recorded_at"":""2026-08-21T00:00:00Z"",""rights_id"":""urn:uuid:a0273f1c-6fad-54c7-a75a-32a5161da656"",""schema_name"":""lebl.backend.record"",""schema_version"":""0.3.0"",""semantic_aliases"":[],""semantic_key"":""lebl.ra.concept.ledger.function.uniform-continuity"",""source_bindings"":[],""status"":""active"",""supersedes_id"":null,""workflow_id"":""01a01f57-a34b-7740-9717-596b8116910c/backend-production-v0.3-r006-live""}"
"urn:uuid:7335d222-6670-5590-9162-b42a9dcc4a3c","lebl.ra.concept.ledger.order.supremum","supremum","","[]","[]","urn:uuid:a0273f1c-6fad-54c7-a75a-32a5161da656","active","{""definition"":"""",""id"":""urn:uuid:7335d222-6670-5590-9162-b42a9dcc4a3c"",""label"":""supremum"",""notation"":[],""record_type"":""concept"",""recorded_at"":""2026-08-21T00:00:00Z"",""rights_id"":""urn:uuid:a0273f1c-6fad-54c7-a75a-32a5161da656"",""schema_name"":""lebl.backend.record"",""schema_version"":""0.3.0"",""semantic_aliases"":[],""semantic_key"":""lebl.ra.concept.ledger.order.supremum"",""source_bindings"":[],""status"":""active"",""supersedes_id"":null,""workflow_id"":""01a01f57-a34b-7740-9717-596b8116910c/backend-production-v0.3-r006-live""}"
"urn:uuid:7422979d-eef2-5931-baca-26b47640fcd5","lebl.ra.concept.ledger.calculus.differentiability","differentiability","","[]","[]","urn:uuid:a0273f1c-6fad-54c7-a75a-32a5161da656","active","{""definition"":"""",""id"":""urn:uuid:7422979d-eef2-5931-baca-26b47640fcd5"",""label"":""differentiability"",""notation"":[],""record_type"":""concept"",""recorded_at"":""2026-08-21T00:00:00Z"",""rights_id"":""urn:uuid:a0273f1c-6fad-54c7-a75a-32a5161da656"",""schema_name"":""lebl.backend.record"",""schema_version"":""0.3.0"",""semantic_aliases"":[],""semantic_key"":""lebl.ra.concept.ledger.calculus.differentiability"",""source_bindings"":[],""status"":""active"",""supersedes_id"":null,""workflow_id"":""01a01f57-a34b-7740-9717-596b8116910c/backend-production-v0.3-r006-live""}"
"urn:uuid:74b94672-9ed7-5818-bd9d-d03dab5e639c","lebl.ra.concept.ledger.relation.equivalence-relation","equivalence relation","","[]","[]","urn:uuid:a0273f1c-6fad-54c7-a75a-32a5161da656","active","{""definition"":"""",""id"":""urn:uuid:74b94672-9ed7-5818-bd9d-d03dab5e639c"",""label"":""equivalence relation"",""notation"":[],""record_type"":""concept"",""recorded_at"":""2026-08-21T00:00:00Z"",""rights_id"":""urn:uuid:a0273f1c-6fad-54c7-a75a-32a5161da656"",""schema_name"":""lebl.backend.record"",""schema_version"":""0.3.0"",""semantic_aliases"":[],""semantic_key"":""lebl.ra.concept.ledger.relation.equivalence-relation"",""source_bindings"":[],""status"":""active"",""supersedes_id"":null,""workflow_id"":""01a01f57-a34b-7740-9717-596b8116910c/backend-production-v0.3-r006-live""}"
"urn:uuid:7575677c-b1e2-55d3-b300-64119bf0bdd0","lebl.ra.concept.ledger.calculus.jacobian","Jacobian","","[]","[]","urn:uuid:a0273f1c-6fad-54c7-a75a-32a5161da656","active","{""definition"":"""",""id"":""urn:uuid:7575677c-b1e2-55d3-b300-64119bf0bdd0"",""label"":""Jacobian"",""notation"":[],""record_type"":""concept"",""recorded_at"":""2026-08-21T00:00:00Z"",""rights_id"":""urn:uuid:a0273f1c-6fad-54c7-a75a-32a5161da656"",""schema_name"":""lebl.backend.record"",""schema_version"":""0.3.0"",""semantic_aliases"":[],""semantic_key"":""lebl.ra.concept.ledger.calculus.jacobian"",""source_bindings"":[],""status"":""active"",""supersedes_id"":null,""workflow_id"":""01a01f57-a34b-7740-9717-596b8116910c/backend-production-v0.3-r006-live""}"
"urn:uuid:7683932d-fc38-5c3c-a0bf-b1ce1094b1be","lebl.ra.concept.ledger.limit.joint","joint limit","","[]","[]","urn:uuid:a0273f1c-6fad-54c7-a75a-32a5161da656","active","{""definition"":"""",""id"":""urn:uuid:7683932d-fc38-5c3c-a0bf-b1ce1094b1be"",""label"":""joint limit"",""notation"":[],""record_type"":""concept"",""recorded_at"":""2026-08-21T00:00:00Z"",""rights_id"":""urn:uuid:a0273f1c-6fad-54c7-a75a-32a5161da656"",""schema_name"":""lebl.backend.record"",""schema_version"":""0.3.0"",""semantic_aliases"":[],""semantic_key"":""lebl.ra.concept.ledger.limit.joint"",""source_bindings"":[],""status"":""active"",""supersedes_id"":null,""workflow_id"":""01a01f57-a34b-7740-9717-596b8116910c/backend-production-v0.3-r006-live""}"
"urn:uuid:77b9b4ad-56cc-557b-bc96-d628edc52dc2","lebl.ra.concept.ledger.group.symmetric","symmetric group","","[]","[]","urn:uuid:a0273f1c-6fad-54c7-a75a-32a5161da656","active","{""definition"":"""",""id"":""urn:uuid:77b9b4ad-56cc-557b-bc96-d628edc52dc2"",""label"":""symmetric group"",""notation"":[],""record_type"":""concept"",""recorded_at"":""2026-08-21T00:00:00Z"",""rights_id"":""urn:uuid:a0273f1c-6fad-54c7-a75a-32a5161da656"",""schema_name"":""lebl.backend.record"",""schema_version"":""0.3.0"",""semantic_aliases"":[],""semantic_key"":""lebl.ra.concept.ledger.group.symmetric"",""source_bindings"":[],""status"":""active"",""supersedes_id"":null,""workflow_id"":""01a01f57-a34b-7740-9717-596b8116910c/backend-production-v0.3-r006-live""}"
"urn:uuid:78576c2f-548e-5ae2-9975-8f431add0a36","lebl.ra.concept.ledger.test.ratio-sequences","ratio test for sequences","","[]","[]","urn:uuid:a0273f1c-6fad-54c7-a75a-32a5161da656","active","{""definition"":"""",""id"":""urn:uuid:78576c2f-548e-5ae2-9975-8f431add0a36"",""label"":""ratio test for sequences"",""notation"":[],""record_type"":""concept"",""recorded_at"":""2026-08-21T00:00:00Z"",""rights_id"":""urn:uuid:a0273f1c-6fad-54c7-a75a-32a5161da656"",""schema_name"":""lebl.backend.record"",""schema_version"":""0.3.0"",""semantic_aliases"":[],""semantic_key"":""lebl.ra.concept.ledger.test.ratio-sequences"",""source_bindings"":[],""status"":""active"",""supersedes_id"":null,""workflow_id"":""01a01f57-a34b-7740-9717-596b8116910c/backend-production-v0.3-r006-live""}"
"urn:uuid:78c243b2-98b4-5ae5-adc5-8cfe04edd83e","lebl.ra.concept.ledger.set-theory.countable-intersection","countable intersection","","[]","[]","urn:uuid:a0273f1c-6fad-54c7-a75a-32a5161da656","active","{""definition"":"""",""id"":""urn:uuid:78c243b2-98b4-5ae5-adc5-8cfe04edd83e"",""label"":""countable intersection"",""notation"":[],""record_type"":""concept"",""recorded_at"":""2026-08-21T00:00:00Z"",""rights_id"":""urn:uuid:a0273f1c-6fad-54c7-a75a-32a5161da656"",""schema_name"":""lebl.backend.record"",""schema_version"":""0.3.0"",""semantic_aliases"":[],""semantic_key"":""lebl.ra.concept.ledger.set-theory.countable-intersection"",""source_bindings"":[],""status"":""active"",""supersedes_id"":null,""workflow_id"":""01a01f57-a34b-7740-9717-596b8116910c/backend-production-v0.3-r006-live""}"
"urn:uuid:78cd77de-c8fe-5c09-958b-054fd4b15851","lebl.ra.concept.ledger.theorem.darboux","Darboux's theorem","","[]","[]","urn:uuid:a0273f1c-6fad-54c7-a75a-32a5161da656","active","{""definition"":"""",""id"":""urn:uuid:78cd77de-c8fe-5c09-958b-054fd4b15851"",""label"":""Darboux's theorem"",""notation"":[],""record_type"":""concept"",""recorded_at"":""2026-08-21T00:00:00Z"",""rights_id"":""urn:uuid:a0273f1c-6fad-54c7-a75a-32a5161da656"",""schema_name"":""lebl.backend.record"",""schema_version"":""0.3.0"",""semantic_aliases"":[],""semantic_key"":""lebl.ra.concept.ledger.theorem.darboux"",""source_bindings"":[],""status"":""active"",""supersedes_id"":null,""workflow_id"":""01a01f57-a34b-7740-9717-596b8116910c/backend-production-v0.3-r006-live""}"
"urn:uuid:79686f13-15d0-5280-8b46-dc0af684d662","lebl.ra.concept.ledger.order.greatest-lower-bound","greatest lower bound","","[]","[]","urn:uuid:a0273f1c-6fad-54c7-a75a-32a5161da656","active","{""definition"":"""",""id"":""urn:uuid:79686f13-15d0-5280-8b46-dc0af684d662"",""label"":""greatest lower bound"",""notation"":[],""record_type"":""concept"",""recorded_at"":""2026-08-21T00:00:00Z"",""rights_id"":""urn:uuid:a0273f1c-6fad-54c7-a75a-32a5161da656"",""schema_name"":""lebl.backend.record"",""schema_version"":""0.3.0"",""semantic_aliases"":[],""semantic_key"":""lebl.ra.concept.ledger.order.greatest-lower-bound"",""source_bindings"":[],""status"":""active"",""supersedes_id"":null,""workflow_id"":""01a01f57-a34b-7740-9717-596b8116910c/backend-production-v0.3-r006-live""}"
"urn:uuid:7982dafe-e577-572e-8eda-9fcc1df76197","lebl.ra.concept.ledger.inequality.triangle","triangle inequality","","[]","[]","urn:uuid:a0273f1c-6fad-54c7-a75a-32a5161da656","active","{""definition"":"""",""id"":""urn:uuid:7982dafe-e577-572e-8eda-9fcc1df76197"",""label"":""triangle inequality"",""notation"":[],""record_type"":""concept"",""recorded_at"":""2026-08-21T00:00:00Z"",""rights_id"":""urn:uuid:a0273f1c-6fad-54c7-a75a-32a5161da656"",""schema_name"":""lebl.backend.record"",""schema_version"":""0.3.0"",""semantic_aliases"":[],""semantic_key"":""lebl.ra.concept.ledger.inequality.triangle"",""source_bindings"":[],""status"":""active"",""supersedes_id"":null,""workflow_id"":""01a01f57-a34b-7740-9717-596b8116910c/backend-production-v0.3-r006-live""}"
"urn:uuid:79fc9e83-96a3-5422-bb18-52b56c72e5d1","lebl.ra.concept.ledger.matrix.elementary","elementary matrix","","[]","[]","urn:uuid:a0273f1c-6fad-54c7-a75a-32a5161da656","active","{""definition"":"""",""id"":""urn:uuid:79fc9e83-96a3-5422-bb18-52b56c72e5d1"",""label"":""elementary matrix"",""notation"":[],""record_type"":""concept"",""recorded_at"":""2026-08-21T00:00:00Z"",""rights_id"":""urn:uuid:a0273f1c-6fad-54c7-a75a-32a5161da656"",""schema_name"":""lebl.backend.record"",""schema_version"":""0.3.0"",""semantic_aliases"":[],""semantic_key"":""lebl.ra.concept.ledger.matrix.elementary"",""source_bindings"":[],""status"":""active"",""supersedes_id"":null,""workflow_id"":""01a01f57-a34b-7740-9717-596b8116910c/backend-production-v0.3-r006-live""}"
"urn:uuid:7a0f3b8a-08da-5645-814e-1f539394a68f","lebl.ra.concept.ledger.principle.cauchy-condensation","Cauchy condensation principle","","[]","[]","urn:uuid:a0273f1c-6fad-54c7-a75a-32a5161da656","active","{""definition"":"""",""id"":""urn:uuid:7a0f3b8a-08da-5645-814e-1f539394a68f"",""label"":""Cauchy condensation principle"",""notation"":[],""record_type"":""concept"",""recorded_at"":""2026-08-21T00:00:00Z"",""rights_id"":""urn:uuid:a0273f1c-6fad-54c7-a75a-32a5161da656"",""schema_name"":""lebl.backend.record"",""schema_version"":""0.3.0"",""semantic_aliases"":[],""semantic_key"":""lebl.ra.concept.ledger.principle.cauchy-condensation"",""source_bindings"":[],""status"":""active"",""supersedes_id"":null,""workflow_id"":""01a01f57-a34b-7740-9717-596b8116910c/backend-production-v0.3-r006-live""}"
"urn:uuid:7a3413cd-0ef4-5a6b-9cd1-2ec8adacf259","lebl.ra.concept.ledger.number.extended-real","extended real numbers","","[]","[]","urn:uuid:a0273f1c-6fad-54c7-a75a-32a5161da656","active","{""definition"":"""",""id"":""urn:uuid:7a3413cd-0ef4-5a6b-9cd1-2ec8adacf259"",""label"":""extended real numbers"",""notation"":[],""record_type"":""concept"",""recorded_at"":""2026-08-21T00:00:00Z"",""rights_id"":""urn:uuid:a0273f1c-6fad-54c7-a75a-32a5161da656"",""schema_name"":""lebl.backend.record"",""schema_version"":""0.3.0"",""semantic_aliases"":[],""semantic_key"":""lebl.ra.concept.ledger.number.extended-real"",""source_bindings"":[],""status"":""active"",""supersedes_id"":null,""workflow_id"":""01a01f57-a34b-7740-9717-596b8116910c/backend-production-v0.3-r006-live""}"
"urn:uuid:7b339790-afb8-57e1-b8b6-c43d6fd3e10d","lebl.ra.concept.ledger.order.dedekind-cut","Dedekind cut","","[]","[]","urn:uuid:a0273f1c-6fad-54c7-a75a-32a5161da656","active","{""definition"":"""",""id"":""urn:uuid:7b339790-afb8-57e1-b8b6-c43d6fd3e10d"",""label"":""Dedekind cut"",""notation"":[],""record_type"":""concept"",""recorded_at"":""2026-08-21T00:00:00Z"",""rights_id"":""urn:uuid:a0273f1c-6fad-54c7-a75a-32a5161da656"",""schema_name"":""lebl.backend.record"",""schema_version"":""0.3.0"",""semantic_aliases"":[],""semantic_key"":""lebl.ra.concept.ledger.order.dedekind-cut"",""source_bindings"":[],""status"":""active"",""supersedes_id"":null,""workflow_id"":""01a01f57-a34b-7740-9717-596b8116910c/backend-production-v0.3-r006-live""}"
"urn:uuid:7c384e67-07ef-5d89-bbc9-dbff617f81e6","lebl.ra.concept.ledger.denominator.common","common denominator","","[]","[]","urn:uuid:a0273f1c-6fad-54c7-a75a-32a5161da656","active","{""definition"":"""",""id"":""urn:uuid:7c384e67-07ef-5d89-bbc9-dbff617f81e6"",""label"":""common denominator"",""notation"":[],""record_type"":""concept"",""recorded_at"":""2026-08-21T00:00:00Z"",""rights_id"":""urn:uuid:a0273f1c-6fad-54c7-a75a-32a5161da656"",""schema_name"":""lebl.backend.record"",""schema_version"":""0.3.0"",""semantic_aliases"":[],""semantic_key"":""lebl.ra.concept.ledger.denominator.common"",""source_bindings"":[],""status"":""active"",""supersedes_id"":null,""workflow_id"":""01a01f57-a34b-7740-9717-596b8116910c/backend-production-v0.3-r006-live""}"
"urn:uuid:7d347a96-e8ca-5090-9b8f-4a43f83ca4f7","lebl.ra.concept.ledger.sequence.subsequence","subsequence","","[]","[]","urn:uuid:a0273f1c-6fad-54c7-a75a-32a5161da656","active","{""definition"":"""",""id"":""urn:uuid:7d347a96-e8ca-5090-9b8f-4a43f83ca4f7"",""label"":""subsequence"",""notation"":[],""record_type"":""concept"",""recorded_at"":""2026-08-21T00:00:00Z"",""rights_id"":""urn:uuid:a0273f1c-6fad-54c7-a75a-32a5161da656"",""schema_name"":""lebl.backend.record"",""schema_version"":""0.3.0"",""semantic_aliases"":[],""semantic_key"":""lebl.ra.concept.ledger.sequence.subsequence"",""source_bindings"":[],""status"":""active"",""supersedes_id"":null,""workflow_id"":""01a01f57-a34b-7740-9717-596b8116910c/backend-production-v0.3-r006-live""}"
"urn:uuid:7de200a2-799e-5c0f-a457-c76b28589ea1","lebl.ra.concept.ledger.order.least-upper-bound","least upper bound","","[]","[]","urn:uuid:a0273f1c-6fad-54c7-a75a-32a5161da656","active","{""definition"":"""",""id"":""urn:uuid:7de200a2-799e-5c0f-a457-c76b28589ea1"",""label"":""least upper bound"",""notation"":[],""record_type"":""concept"",""recorded_at"":""2026-08-21T00:00:00Z"",""rights_id"":""urn:uuid:a0273f1c-6fad-54c7-a75a-32a5161da656"",""schema_name"":""lebl.backend.record"",""schema_version"":""0.3.0"",""semantic_aliases"":[],""semantic_key"":""lebl.ra.concept.ledger.order.least-upper-bound"",""source_bindings"":[],""status"":""active"",""supersedes_id"":null,""workflow_id"":""01a01f57-a34b-7740-9717-596b8116910c/backend-production-v0.3-r006-live""}"
"urn:uuid:7e0ff6db-d13e-5705-b045-0fc1d36125aa","lebl.ra.concept.ledger.function.image","image","","[]","[]","urn:uuid:a0273f1c-6fad-54c7-a75a-32a5161da656","active","{""definition"":"""",""id"":""urn:uuid:7e0ff6db-d13e-5705-b045-0fc1d36125aa"",""label"":""image"",""notation"":[],""record_type"":""concept"",""recorded_at"":""2026-08-21T00:00:00Z"",""rights_id"":""urn:uuid:a0273f1c-6fad-54c7-a75a-32a5161da656"",""schema_name"":""lebl.backend.record"",""schema_version"":""0.3.0"",""semantic_aliases"":[],""semantic_key"":""lebl.ra.concept.ledger.function.image"",""source_bindings"":[],""status"":""active"",""supersedes_id"":null,""workflow_id"":""01a01f57-a34b-7740-9717-596b8116910c/backend-production-v0.3-r006-live""}"
"urn:uuid:80061b2e-ff43-5f79-be99-44c7ed2d41a0","lebl.ra.concept.ledger.boundedness.total","totally bounded","","[]","[]","urn:uuid:a0273f1c-6fad-54c7-a75a-32a5161da656","active","{""definition"":"""",""id"":""urn:uuid:80061b2e-ff43-5f79-be99-44c7ed2d41a0"",""label"":""totally bounded"",""notation"":[],""record_type"":""concept"",""recorded_at"":""2026-08-21T00:00:00Z"",""rights_id"":""urn:uuid:a0273f1c-6fad-54c7-a75a-32a5161da656"",""schema_name"":""lebl.backend.record"",""schema_version"":""0.3.0"",""semantic_aliases"":[],""semantic_key"":""lebl.ra.concept.ledger.boundedness.total"",""source_bindings"":[],""status"":""active"",""supersedes_id"":null,""workflow_id"":""01a01f57-a34b-7740-9717-596b8116910c/backend-production-v0.3-r006-live""}"
"urn:uuid:81362335-ff53-58b3-94a7-9cae3c2c30cb","lebl.ra.concept.ledger.set-theory.set-difference","set difference","","[]","[]","urn:uuid:a0273f1c-6fad-54c7-a75a-32a5161da656","active","{""definition"":"""",""id"":""urn:uuid:81362335-ff53-58b3-94a7-9cae3c2c30cb"",""label"":""set difference"",""notation"":[],""record_type"":""concept"",""recorded_at"":""2026-08-21T00:00:00Z"",""rights_id"":""urn:uuid:a0273f1c-6fad-54c7-a75a-32a5161da656"",""schema_name"":""lebl.backend.record"",""schema_version"":""0.3.0"",""semantic_aliases"":[],""semantic_key"":""lebl.ra.concept.ledger.set-theory.set-difference"",""source_bindings"":[],""status"":""active"",""supersedes_id"":null,""workflow_id"":""01a01f57-a34b-7740-9717-596b8116910c/backend-production-v0.3-r006-live""}"
"urn:uuid:8260a8c4-4c02-5b12-9d0e-33a61a1400ed","lebl.ra.concept.ledger.proof.induction-basis","basis statement","","[]","[]","urn:uuid:a0273f1c-6fad-54c7-a75a-32a5161da656","active","{""definition"":"""",""id"":""urn:uuid:8260a8c4-4c02-5b12-9d0e-33a61a1400ed"",""label"":""basis statement"",""notation"":[],""record_type"":""concept"",""recorded_at"":""2026-08-21T00:00:00Z"",""rights_id"":""urn:uuid:a0273f1c-6fad-54c7-a75a-32a5161da656"",""schema_name"":""lebl.backend.record"",""schema_version"":""0.3.0"",""semantic_aliases"":[],""semantic_key"":""lebl.ra.concept.ledger.proof.induction-basis"",""source_bindings"":[],""status"":""active"",""supersedes_id"":null,""workflow_id"":""01a01f57-a34b-7740-9717-596b8116910c/backend-production-v0.3-r006-live""}"
"urn:uuid:82a24bad-938a-5533-a800-05581cd7748e","lebl.ra.concept.ledger.sequence.bounded","bounded sequence","","[]","[]","urn:uuid:a0273f1c-6fad-54c7-a75a-32a5161da656","active","{""definition"":"""",""id"":""urn:uuid:82a24bad-938a-5533-a800-05581cd7748e"",""label"":""bounded sequence"",""notation"":[],""record_type"":""concept"",""recorded_at"":""2026-08-21T00:00:00Z"",""rights_id"":""urn:uuid:a0273f1c-6fad-54c7-a75a-32a5161da656"",""schema_name"":""lebl.backend.record"",""schema_version"":""0.3.0"",""semantic_aliases"":[],""semantic_key"":""lebl.ra.concept.ledger.sequence.bounded"",""source_bindings"":[],""status"":""active"",""supersedes_id"":null,""workflow_id"":""01a01f57-a34b-7740-9717-596b8116910c/backend-production-v0.3-r006-live""}"
"urn:uuid:83cf6a1d-4177-5ac1-a73e-4685435dceaa","lebl.ra.concept.ledger.theorem.bolzano-weierstrass","Bolzano--Weierstrass theorem","","[]","[]","urn:uuid:a0273f1c-6fad-54c7-a75a-32a5161da656","active","{""definition"":"""",""id"":""urn:uuid:83cf6a1d-4177-5ac1-a73e-4685435dceaa"",""label"":""Bolzano--Weierstrass theorem"",""notation"":[],""record_type"":""concept"",""recorded_at"":""2026-08-21T00:00:00Z"",""rights_id"":""urn:uuid:a0273f1c-6fad-54c7-a75a-32a5161da656"",""schema_name"":""lebl.backend.record"",""schema_version"":""0.3.0"",""semantic_aliases"":[],""semantic_key"":""lebl.ra.concept.ledger.theorem.bolzano-weierstrass"",""source_bindings"":[],""status"":""active"",""supersedes_id"":null,""workflow_id"":""01a01f57-a34b-7740-9717-596b8116910c/backend-production-v0.3-r006-live""}"
"urn:uuid:8436bf99-916d-5f43-aeb6-7a0660bc8299","lebl.ra.concept.ledger.set-theory.empty-set","empty set","","[]","[]","urn:uuid:a0273f1c-6fad-54c7-a75a-32a5161da656","active","{""definition"":"""",""id"":""urn:uuid:8436bf99-916d-5f43-aeb6-7a0660bc8299"",""label"":""empty set"",""notation"":[],""record_type"":""concept"",""recorded_at"":""2026-08-21T00:00:00Z"",""rights_id"":""urn:uuid:a0273f1c-6fad-54c7-a75a-32a5161da656"",""schema_name"":""lebl.backend.record"",""schema_version"":""0.3.0"",""semantic_aliases"":[],""semantic_key"":""lebl.ra.concept.ledger.set-theory.empty-set"",""source_bindings"":[],""status"":""active"",""supersedes_id"":null,""workflow_id"":""01a01f57-a34b-7740-9717-596b8116910c/backend-production-v0.3-r006-live""}"
"urn:uuid:85de08e0-4349-5572-9597-3397f5ff26c5","lebl.ra.concept.ledger.theorem.dini","Dini theorem","","[]","[]","urn:uuid:a0273f1c-6fad-54c7-a75a-32a5161da656","active","{""definition"":"""",""id"":""urn:uuid:85de08e0-4349-5572-9597-3397f5ff26c5"",""label"":""Dini theorem"",""notation"":[],""record_type"":""concept"",""recorded_at"":""2026-08-21T00:00:00Z"",""rights_id"":""urn:uuid:a0273f1c-6fad-54c7-a75a-32a5161da656"",""schema_name"":""lebl.backend.record"",""schema_version"":""0.3.0"",""semantic_aliases"":[],""semantic_key"":""lebl.ra.concept.ledger.theorem.dini"",""source_bindings"":[],""status"":""active"",""supersedes_id"":null,""workflow_id"":""01a01f57-a34b-7740-9717-596b8116910c/backend-production-v0.3-r006-live""}"
"urn:uuid:8655731b-8f76-5eae-bcf1-0f1a9045eb41","lebl.ra.concept.ledger.integration.linearity","linearity of the integral","","[]","[]","urn:uuid:a0273f1c-6fad-54c7-a75a-32a5161da656","active","{""definition"":"""",""id"":""urn:uuid:8655731b-8f76-5eae-bcf1-0f1a9045eb41"",""label"":""linearity of the integral"",""notation"":[],""record_type"":""concept"",""recorded_at"":""2026-08-21T00:00:00Z"",""rights_id"":""urn:uuid:a0273f1c-6fad-54c7-a75a-32a5161da656"",""schema_name"":""lebl.backend.record"",""schema_version"":""0.3.0"",""semantic_aliases"":[],""semantic_key"":""lebl.ra.concept.ledger.integration.linearity"",""source_bindings"":[],""status"":""active"",""supersedes_id"":null,""workflow_id"":""01a01f57-a34b-7740-9717-596b8116910c/backend-production-v0.3-r006-live""}"
"urn:uuid:86cb81b0-1c94-587f-9c15-aa7ef13b944e","lebl.ra.concept.ledger.geometry.curve.differentiable","differentiable curve","","[]","[]","urn:uuid:a0273f1c-6fad-54c7-a75a-32a5161da656","active","{""definition"":"""",""id"":""urn:uuid:86cb81b0-1c94-587f-9c15-aa7ef13b944e"",""label"":""differentiable curve"",""notation"":[],""record_type"":""concept"",""recorded_at"":""2026-08-21T00:00:00Z"",""rights_id"":""urn:uuid:a0273f1c-6fad-54c7-a75a-32a5161da656"",""schema_name"":""lebl.backend.record"",""schema_version"":""0.3.0"",""semantic_aliases"":[],""semantic_key"":""lebl.ra.concept.ledger.geometry.curve.differentiable"",""source_bindings"":[],""status"":""active"",""supersedes_id"":null,""workflow_id"":""01a01f57-a34b-7740-9717-596b8116910c/backend-production-v0.3-r006-live""}"
"urn:uuid:8725cd05-e8e6-5e70-a104-af11b162cc93","lebl.ra.concept.ledger.set-theory.set","set","","[]","[]","urn:uuid:a0273f1c-6fad-54c7-a75a-32a5161da656","active","{""definition"":"""",""id"":""urn:uuid:8725cd05-e8e6-5e70-a104-af11b162cc93"",""label"":""set"",""notation"":[],""record_type"":""concept"",""recorded_at"":""2026-08-21T00:00:00Z"",""rights_id"":""urn:uuid:a0273f1c-6fad-54c7-a75a-32a5161da656"",""schema_name"":""lebl.backend.record"",""schema_version"":""0.3.0"",""semantic_aliases"":[],""semantic_key"":""lebl.ra.concept.ledger.set-theory.set"",""source_bindings"":[],""status"":""active"",""supersedes_id"":null,""workflow_id"":""01a01f57-a34b-7740-9717-596b8116910c/backend-production-v0.3-r006-live""}"
"urn:uuid:88664909-26eb-562b-81cb-209ec4497530","lebl.ra.concept.ledger.calculus.infinitely-differentiable","infinitely differentiable","","[]","[]","urn:uuid:a0273f1c-6fad-54c7-a75a-32a5161da656","active","{""definition"":"""",""id"":""urn:uuid:88664909-26eb-562b-81cb-209ec4497530"",""label"":""infinitely differentiable"",""notation"":[],""record_type"":""concept"",""recorded_at"":""2026-08-21T00:00:00Z"",""rights_id"":""urn:uuid:a0273f1c-6fad-54c7-a75a-32a5161da656"",""schema_name"":""lebl.backend.record"",""schema_version"":""0.3.0"",""semantic_aliases"":[],""semantic_key"":""lebl.ra.concept.ledger.calculus.infinitely-differentiable"",""source_bindings"":[],""status"":""active"",""supersedes_id"":null,""workflow_id"":""01a01f57-a34b-7740-9717-596b8116910c/backend-production-v0.3-r006-live""}"
"urn:uuid:8a3d9c00-7923-5081-9302-6589f3f6f740","lebl.ra.concept.ledger.modulus.complex","complex modulus","","[]","[]","urn:uuid:a0273f1c-6fad-54c7-a75a-32a5161da656","active","{""definition"":"""",""id"":""urn:uuid:8a3d9c00-7923-5081-9302-6589f3f6f740"",""label"":""complex modulus"",""notation"":[],""record_type"":""concept"",""recorded_at"":""2026-08-21T00:00:00Z"",""rights_id"":""urn:uuid:a0273f1c-6fad-54c7-a75a-32a5161da656"",""schema_name"":""lebl.backend.record"",""schema_version"":""0.3.0"",""semantic_aliases"":[],""semantic_key"":""lebl.ra.concept.ledger.modulus.complex"",""source_bindings"":[],""status"":""active"",""supersedes_id"":null,""workflow_id"":""01a01f57-a34b-7740-9717-596b8116910c/backend-production-v0.3-r006-live""}"
"urn:uuid:8a80ad6d-55a5-5690-8360-fed573e1151c","lebl.ra.concept.ledger.basis.standard","standard basis","","[]","[]","urn:uuid:a0273f1c-6fad-54c7-a75a-32a5161da656","active","{""definition"":"""",""id"":""urn:uuid:8a80ad6d-55a5-5690-8360-fed573e1151c"",""label"":""standard basis"",""notation"":[],""record_type"":""concept"",""recorded_at"":""2026-08-21T00:00:00Z"",""rights_id"":""urn:uuid:a0273f1c-6fad-54c7-a75a-32a5161da656"",""schema_name"":""lebl.backend.record"",""schema_version"":""0.3.0"",""semantic_aliases"":[],""semantic_key"":""lebl.ra.concept.ledger.basis.standard"",""source_bindings"":[],""status"":""active"",""supersedes_id"":null,""workflow_id"":""01a01f57-a34b-7740-9717-596b8116910c/backend-production-v0.3-r006-live""}"
"urn:uuid:8cc36ca9-9f73-57da-a9c8-1681ed78261a","lebl.ra.concept.ledger.norm.one","1-norm","","[]","[]","urn:uuid:a0273f1c-6fad-54c7-a75a-32a5161da656","active","{""definition"":"""",""id"":""urn:uuid:8cc36ca9-9f73-57da-a9c8-1681ed78261a"",""label"":""1-norm"",""notation"":[],""record_type"":""concept"",""recorded_at"":""2026-08-21T00:00:00Z"",""rights_id"":""urn:uuid:a0273f1c-6fad-54c7-a75a-32a5161da656"",""schema_name"":""lebl.backend.record"",""schema_version"":""0.3.0"",""semantic_aliases"":[],""semantic_key"":""lebl.ra.concept.ledger.norm.one"",""source_bindings"":[],""status"":""active"",""supersedes_id"":null,""workflow_id"":""01a01f57-a34b-7740-9717-596b8116910c/backend-production-v0.3-r006-live""}"
"urn:uuid:8cf31f78-209e-5f7e-a358-395766a4a54f","lebl.ra.concept.ledger.series.integral-test","integral test for series","","[]","[]","urn:uuid:a0273f1c-6fad-54c7-a75a-32a5161da656","active","{""definition"":"""",""id"":""urn:uuid:8cf31f78-209e-5f7e-a358-395766a4a54f"",""label"":""integral test for series"",""notation"":[],""record_type"":""concept"",""recorded_at"":""2026-08-21T00:00:00Z"",""rights_id"":""urn:uuid:a0273f1c-6fad-54c7-a75a-32a5161da656"",""schema_name"":""lebl.backend.record"",""schema_version"":""0.3.0"",""semantic_aliases"":[],""semantic_key"":""lebl.ra.concept.ledger.series.integral-test"",""source_bindings"":[],""status"":""active"",""supersedes_id"":null,""workflow_id"":""01a01f57-a34b-7740-9717-596b8116910c/backend-production-v0.3-r006-live""}"
"urn:uuid:8d07293e-4796-52a4-84b3-c25bbe1076a4","lebl.ra.concept.ledger.function.riemann-zeta","Riemann zeta function","","[]","[]","urn:uuid:a0273f1c-6fad-54c7-a75a-32a5161da656","active","{""definition"":"""",""id"":""urn:uuid:8d07293e-4796-52a4-84b3-c25bbe1076a4"",""label"":""Riemann zeta function"",""notation"":[],""record_type"":""concept"",""recorded_at"":""2026-08-21T00:00:00Z"",""rights_id"":""urn:uuid:a0273f1c-6fad-54c7-a75a-32a5161da656"",""schema_name"":""lebl.backend.record"",""schema_version"":""0.3.0"",""semantic_aliases"":[],""semantic_key"":""lebl.ra.concept.ledger.function.riemann-zeta"",""source_bindings"":[],""status"":""active"",""supersedes_id"":null,""workflow_id"":""01a01f57-a34b-7740-9717-596b8116910c/backend-production-v0.3-r006-live""}"
"urn:uuid:8d0b4ac8-bff3-5650-98b9-921eb6af40e5","lebl.ra.concept.ledger.calculus.continuously-differentiable","continuously differentiable","","[]","[]","urn:uuid:a0273f1c-6fad-54c7-a75a-32a5161da656","active","{""definition"":"""",""id"":""urn:uuid:8d0b4ac8-bff3-5650-98b9-921eb6af40e5"",""label"":""continuously differentiable"",""notation"":[],""record_type"":""concept"",""recorded_at"":""2026-08-21T00:00:00Z"",""rights_id"":""urn:uuid:a0273f1c-6fad-54c7-a75a-32a5161da656"",""schema_name"":""lebl.backend.record"",""schema_version"":""0.3.0"",""semantic_aliases"":[],""semantic_key"":""lebl.ra.concept.ledger.calculus.continuously-differentiable"",""source_bindings"":[],""status"":""active"",""supersedes_id"":null,""workflow_id"":""01a01f57-a34b-7740-9717-596b8116910c/backend-production-v0.3-r006-live""}"
"urn:uuid:8d536995-c123-5ef4-ba97-fa07d7b4f38b","lebl.ra.concept.ledger.topology","topology","","[]","[]","urn:uuid:a0273f1c-6fad-54c7-a75a-32a5161da656","active","{""definition"":"""",""id"":""urn:uuid:8d536995-c123-5ef4-ba97-fa07d7b4f38b"",""label"":""topology"",""notation"":[],""record_type"":""concept"",""recorded_at"":""2026-08-21T00:00:00Z"",""rights_id"":""urn:uuid:a0273f1c-6fad-54c7-a75a-32a5161da656"",""schema_name"":""lebl.backend.record"",""schema_version"":""0.3.0"",""semantic_aliases"":[],""semantic_key"":""lebl.ra.concept.ledger.topology"",""source_bindings"":[],""status"":""active"",""supersedes_id"":null,""workflow_id"":""01a01f57-a34b-7740-9717-596b8116910c/backend-production-v0.3-r006-live""}"
"urn:uuid:8d94c4a8-e491-5819-b0fe-fd9b239d2185","lebl.ra.concept.ledger.test.p-series","p-test","","[]","[]","urn:uuid:a0273f1c-6fad-54c7-a75a-32a5161da656","active","{""definition"":"""",""id"":""urn:uuid:8d94c4a8-e491-5819-b0fe-fd9b239d2185"",""label"":""p-test"",""notation"":[],""record_type"":""concept"",""recorded_at"":""2026-08-21T00:00:00Z"",""rights_id"":""urn:uuid:a0273f1c-6fad-54c7-a75a-32a5161da656"",""schema_name"":""lebl.backend.record"",""schema_version"":""0.3.0"",""semantic_aliases"":[],""semantic_key"":""lebl.ra.concept.ledger.test.p-series"",""source_bindings"":[],""status"":""active"",""supersedes_id"":null,""workflow_id"":""01a01f57-a34b-7740-9717-596b8116910c/backend-production-v0.3-r006-live""}"
"urn:uuid:8e2ee6c9-e40c-56bd-ae33-cb4620db23e5","lebl.ra.concept.ledger.function.sinc","sinc function","","[]","[]","urn:uuid:a0273f1c-6fad-54c7-a75a-32a5161da656","active","{""definition"":"""",""id"":""urn:uuid:8e2ee6c9-e40c-56bd-ae33-cb4620db23e5"",""label"":""sinc function"",""notation"":[],""record_type"":""concept"",""recorded_at"":""2026-08-21T00:00:00Z"",""rights_id"":""urn:uuid:a0273f1c-6fad-54c7-a75a-32a5161da656"",""schema_name"":""lebl.backend.record"",""schema_version"":""0.3.0"",""semantic_aliases"":[],""semantic_key"":""lebl.ra.concept.ledger.function.sinc"",""source_bindings"":[],""status"":""active"",""supersedes_id"":null,""workflow_id"":""01a01f57-a34b-7740-9717-596b8116910c/backend-production-v0.3-r006-live""}"
"urn:uuid:8eafd978-84c7-585a-b124-5ffea277c91d","lebl.ra.concept.ledger.set.symmetric","symmetric set","","[]","[]","urn:uuid:a0273f1c-6fad-54c7-a75a-32a5161da656","active","{""definition"":"""",""id"":""urn:uuid:8eafd978-84c7-585a-b124-5ffea277c91d"",""label"":""symmetric set"",""notation"":[],""record_type"":""concept"",""recorded_at"":""2026-08-21T00:00:00Z"",""rights_id"":""urn:uuid:a0273f1c-6fad-54c7-a75a-32a5161da656"",""schema_name"":""lebl.backend.record"",""schema_version"":""0.3.0"",""semantic_aliases"":[],""semantic_key"":""lebl.ra.concept.ledger.set.symmetric"",""source_bindings"":[],""status"":""active"",""supersedes_id"":null,""workflow_id"":""01a01f57-a34b-7740-9717-596b8116910c/backend-production-v0.3-r006-live""}"
"urn:uuid:8ee232f8-df4f-5da2-a3f1-a9625fb405b7","lebl.ra.concept.ledger.convergence.pointwise","pointwise convergence","","[]","[]","urn:uuid:a0273f1c-6fad-54c7-a75a-32a5161da656","active","{""definition"":"""",""id"":""urn:uuid:8ee232f8-df4f-5da2-a3f1-a9625fb405b7"",""label"":""pointwise convergence"",""notation"":[],""record_type"":""concept"",""recorded_at"":""2026-08-21T00:00:00Z"",""rights_id"":""urn:uuid:a0273f1c-6fad-54c7-a75a-32a5161da656"",""schema_name"":""lebl.backend.record"",""schema_version"":""0.3.0"",""semantic_aliases"":[],""semantic_key"":""lebl.ra.concept.ledger.convergence.pointwise"",""source_bindings"":[],""status"":""active"",""supersedes_id"":null,""workflow_id"":""01a01f57-a34b-7740-9717-596b8116910c/backend-production-v0.3-r006-live""}"
"urn:uuid:8f3cfdcb-7489-57ce-90af-c9b554501df0","lebl.ra.concept.ledger.cardinality.countably-infinite","countably infinite","","[]","[]","urn:uuid:a0273f1c-6fad-54c7-a75a-32a5161da656","active","{""definition"":"""",""id"":""urn:uuid:8f3cfdcb-7489-57ce-90af-c9b554501df0"",""label"":""countably infinite"",""notation"":[],""record_type"":""concept"",""recorded_at"":""2026-08-21T00:00:00Z"",""rights_id"":""urn:uuid:a0273f1c-6fad-54c7-a75a-32a5161da656"",""schema_name"":""lebl.backend.record"",""schema_version"":""0.3.0"",""semantic_aliases"":[],""semantic_key"":""lebl.ra.concept.ledger.cardinality.countably-infinite"",""source_bindings"":[],""status"":""active"",""supersedes_id"":null,""workflow_id"":""01a01f57-a34b-7740-9717-596b8116910c/backend-production-v0.3-r006-live""}"
"urn:uuid:8f568ea3-caf4-50a7-b555-b054124f71a0","lebl.ra.concept.ledger.relation.symmetric","symmetric","","[]","[]","urn:uuid:a0273f1c-6fad-54c7-a75a-32a5161da656","active","{""definition"":"""",""id"":""urn:uuid:8f568ea3-caf4-50a7-b555-b054124f71a0"",""label"":""symmetric"",""notation"":[],""record_type"":""concept"",""recorded_at"":""2026-08-21T00:00:00Z"",""rights_id"":""urn:uuid:a0273f1c-6fad-54c7-a75a-32a5161da656"",""schema_name"":""lebl.backend.record"",""schema_version"":""0.3.0"",""semantic_aliases"":[],""semantic_key"":""lebl.ra.concept.ledger.relation.symmetric"",""source_bindings"":[],""status"":""active"",""supersedes_id"":null,""workflow_id"":""01a01f57-a34b-7740-9717-596b8116910c/backend-production-v0.3-r006-live""}"
"urn:uuid:8f8e7976-6902-5622-bc14-7a8a36121827","lebl.ra.concept.ledger.theorem.bolzano-intermediate-value","Bolzano intermediate value theorem","","[]","[]","urn:uuid:a0273f1c-6fad-54c7-a75a-32a5161da656","active","{""definition"":"""",""id"":""urn:uuid:8f8e7976-6902-5622-bc14-7a8a36121827"",""label"":""Bolzano intermediate value theorem"",""notation"":[],""record_type"":""concept"",""recorded_at"":""2026-08-21T00:00:00Z"",""rights_id"":""urn:uuid:a0273f1c-6fad-54c7-a75a-32a5161da656"",""schema_name"":""lebl.backend.record"",""schema_version"":""0.3.0"",""semantic_aliases"":[],""semantic_key"":""lebl.ra.concept.ledger.theorem.bolzano-intermediate-value"",""source_bindings"":[],""status"":""active"",""supersedes_id"":null,""workflow_id"":""01a01f57-a34b-7740-9717-596b8116910c/backend-production-v0.3-r006-live""}"
"urn:uuid:91d78ad1-e6b4-5fdf-97ba-f4f4ca6a5f0e","lebl.ra.concept.ledger.function.composition","composition of functions","","[]","[]","urn:uuid:a0273f1c-6fad-54c7-a75a-32a5161da656","active","{""definition"":"""",""id"":""urn:uuid:91d78ad1-e6b4-5fdf-97ba-f4f4ca6a5f0e"",""label"":""composition of functions"",""notation"":[],""record_type"":""concept"",""recorded_at"":""2026-08-21T00:00:00Z"",""rights_id"":""urn:uuid:a0273f1c-6fad-54c7-a75a-32a5161da656"",""schema_name"":""lebl.backend.record"",""schema_version"":""0.3.0"",""semantic_aliases"":[],""semantic_key"":""lebl.ra.concept.ledger.function.composition"",""source_bindings"":[],""status"":""active"",""supersedes_id"":null,""workflow_id"":""01a01f57-a34b-7740-9717-596b8116910c/backend-production-v0.3-r006-live""}"
"urn:uuid:91ea4762-59fa-5384-80b4-bb7e6f978ccd","lebl.ra.concept.ledger.ball.open","open ball","","[]","[]","urn:uuid:a0273f1c-6fad-54c7-a75a-32a5161da656","active","{""definition"":"""",""id"":""urn:uuid:91ea4762-59fa-5384-80b4-bb7e6f978ccd"",""label"":""open ball"",""notation"":[],""record_type"":""concept"",""recorded_at"":""2026-08-21T00:00:00Z"",""rights_id"":""urn:uuid:a0273f1c-6fad-54c7-a75a-32a5161da656"",""schema_name"":""lebl.backend.record"",""schema_version"":""0.3.0"",""semantic_aliases"":[],""semantic_key"":""lebl.ra.concept.ledger.ball.open"",""source_bindings"":[],""status"":""active"",""supersedes_id"":null,""workflow_id"":""01a01f57-a34b-7740-9717-596b8116910c/backend-production-v0.3-r006-live""}"
"urn:uuid:924bd279-3a43-580a-a993-465625fb32e2","lebl.ra.concept.ledger.set-theory.power-set","power set","","[]","[]","urn:uuid:a0273f1c-6fad-54c7-a75a-32a5161da656","active","{""definition"":"""",""id"":""urn:uuid:924bd279-3a43-580a-a993-465625fb32e2"",""label"":""power set"",""notation"":[],""record_type"":""concept"",""recorded_at"":""2026-08-21T00:00:00Z"",""rights_id"":""urn:uuid:a0273f1c-6fad-54c7-a75a-32a5161da656"",""schema_name"":""lebl.backend.record"",""schema_version"":""0.3.0"",""semantic_aliases"":[],""semantic_key"":""lebl.ra.concept.ledger.set-theory.power-set"",""source_bindings"":[],""status"":""active"",""supersedes_id"":null,""workflow_id"":""01a01f57-a34b-7740-9717-596b8116910c/backend-production-v0.3-r006-live""}"
"urn:uuid:9267b054-fb67-56b6-aee5-b31d7b0f9273","lebl.ra.concept.ledger.sequence.infinite-digit-sequence","infinite sequence of digits","","[]","[]","urn:uuid:a0273f1c-6fad-54c7-a75a-32a5161da656","active","{""definition"":"""",""id"":""urn:uuid:9267b054-fb67-56b6-aee5-b31d7b0f9273"",""label"":""infinite sequence of digits"",""notation"":[],""record_type"":""concept"",""recorded_at"":""2026-08-21T00:00:00Z"",""rights_id"":""urn:uuid:a0273f1c-6fad-54c7-a75a-32a5161da656"",""schema_name"":""lebl.backend.record"",""schema_version"":""0.3.0"",""semantic_aliases"":[],""semantic_key"":""lebl.ra.concept.ledger.sequence.infinite-digit-sequence"",""source_bindings"":[],""status"":""active"",""supersedes_id"":null,""workflow_id"":""01a01f57-a34b-7740-9717-596b8116910c/backend-production-v0.3-r006-live""}"
"urn:uuid:92ecc6a6-6f35-5c2e-a5a8-0473291d6210","lebl.ra.concept.ledger.group.general-linear","general linear group","","[]","[]","urn:uuid:a0273f1c-6fad-54c7-a75a-32a5161da656","active","{""definition"":"""",""id"":""urn:uuid:92ecc6a6-6f35-5c2e-a5a8-0473291d6210"",""label"":""general linear group"",""notation"":[],""record_type"":""concept"",""recorded_at"":""2026-08-21T00:00:00Z"",""rights_id"":""urn:uuid:a0273f1c-6fad-54c7-a75a-32a5161da656"",""schema_name"":""lebl.backend.record"",""schema_version"":""0.3.0"",""semantic_aliases"":[],""semantic_key"":""lebl.ra.concept.ledger.group.general-linear"",""source_bindings"":[],""status"":""active"",""supersedes_id"":null,""workflow_id"":""01a01f57-a34b-7740-9717-596b8116910c/backend-production-v0.3-r006-live""}"
"urn:uuid:941c211e-d840-5680-ad01-e156d770fd03","lebl.ra.concept.ledger.function.function","function","","[]","[]","urn:uuid:a0273f1c-6fad-54c7-a75a-32a5161da656","active","{""definition"":"""",""id"":""urn:uuid:941c211e-d840-5680-ad01-e156d770fd03"",""label"":""function"",""notation"":[],""record_type"":""concept"",""recorded_at"":""2026-08-21T00:00:00Z"",""rights_id"":""urn:uuid:a0273f1c-6fad-54c7-a75a-32a5161da656"",""schema_name"":""lebl.backend.record"",""schema_version"":""0.3.0"",""semantic_aliases"":[],""semantic_key"":""lebl.ra.concept.ledger.function.function"",""source_bindings"":[],""status"":""active"",""supersedes_id"":null,""workflow_id"":""01a01f57-a34b-7740-9717-596b8116910c/backend-production-v0.3-r006-live""}"
"urn:uuid:943e75ae-397e-53f7-accd-d42db76f5ed8","lebl.ra.concept.ledger.function.increasing","increasing","","[]","[]","urn:uuid:a0273f1c-6fad-54c7-a75a-32a5161da656","active","{""definition"":"""",""id"":""urn:uuid:943e75ae-397e-53f7-accd-d42db76f5ed8"",""label"":""increasing"",""notation"":[],""record_type"":""concept"",""recorded_at"":""2026-08-21T00:00:00Z"",""rights_id"":""urn:uuid:a0273f1c-6fad-54c7-a75a-32a5161da656"",""schema_name"":""lebl.backend.record"",""schema_version"":""0.3.0"",""semantic_aliases"":[],""semantic_key"":""lebl.ra.concept.ledger.function.increasing"",""source_bindings"":[],""status"":""active"",""supersedes_id"":null,""workflow_id"":""01a01f57-a34b-7740-9717-596b8116910c/backend-production-v0.3-r006-live""}"
"urn:uuid:949cc784-9d93-52be-ac80-bce86fa94be0","lebl.ra.concept.ledger.function.nonincreasing","nonincreasing","","[]","[]","urn:uuid:a0273f1c-6fad-54c7-a75a-32a5161da656","active","{""definition"":"""",""id"":""urn:uuid:949cc784-9d93-52be-ac80-bce86fa94be0"",""label"":""nonincreasing"",""notation"":[],""record_type"":""concept"",""recorded_at"":""2026-08-21T00:00:00Z"",""rights_id"":""urn:uuid:a0273f1c-6fad-54c7-a75a-32a5161da656"",""schema_name"":""lebl.backend.record"",""schema_version"":""0.3.0"",""semantic_aliases"":[],""semantic_key"":""lebl.ra.concept.ledger.function.nonincreasing"",""source_bindings"":[],""status"":""active"",""supersedes_id"":null,""workflow_id"":""01a01f57-a34b-7740-9717-596b8116910c/backend-production-v0.3-r006-live""}"
"urn:uuid:953c9bbf-4e81-53ef-a555-16de3a019898","lebl.ra.concept.ledger.number-system.rational-numbers","rational numbers","","[]","[]","urn:uuid:a0273f1c-6fad-54c7-a75a-32a5161da656","active","{""definition"":"""",""id"":""urn:uuid:953c9bbf-4e81-53ef-a555-16de3a019898"",""label"":""rational numbers"",""notation"":[],""record_type"":""concept"",""recorded_at"":""2026-08-21T00:00:00Z"",""rights_id"":""urn:uuid:a0273f1c-6fad-54c7-a75a-32a5161da656"",""schema_name"":""lebl.backend.record"",""schema_version"":""0.3.0"",""semantic_aliases"":[],""semantic_key"":""lebl.ra.concept.ledger.number-system.rational-numbers"",""source_bindings"":[],""status"":""active"",""supersedes_id"":null,""workflow_id"":""01a01f57-a34b-7740-9717-596b8116910c/backend-production-v0.3-r006-live""}"
"urn:uuid:95c9e95e-c7f6-518b-96e3-d4cff6e69ee4","lebl.ra.concept.ledger.number.positive","positive","","[]","[]","urn:uuid:a0273f1c-6fad-54c7-a75a-32a5161da656","active","{""definition"":"""",""id"":""urn:uuid:95c9e95e-c7f6-518b-96e3-d4cff6e69ee4"",""label"":""positive"",""notation"":[],""record_type"":""concept"",""recorded_at"":""2026-08-21T00:00:00Z"",""rights_id"":""urn:uuid:a0273f1c-6fad-54c7-a75a-32a5161da656"",""schema_name"":""lebl.backend.record"",""schema_version"":""0.3.0"",""semantic_aliases"":[],""semantic_key"":""lebl.ra.concept.ledger.number.positive"",""source_bindings"":[],""status"":""active"",""supersedes_id"":null,""workflow_id"":""01a01f57-a34b-7740-9717-596b8116910c/backend-production-v0.3-r006-live""}"
"urn:uuid:962cdae2-2f55-5c77-b502-a75c2db2d0d8","lebl.ra.concept.ledger.sequence","sequence","","[]","[]","urn:uuid:a0273f1c-6fad-54c7-a75a-32a5161da656","active","{""definition"":"""",""id"":""urn:uuid:962cdae2-2f55-5c77-b502-a75c2db2d0d8"",""label"":""sequence"",""notation"":[],""record_type"":""concept"",""recorded_at"":""2026-08-21T00:00:00Z"",""rights_id"":""urn:uuid:a0273f1c-6fad-54c7-a75a-32a5161da656"",""schema_name"":""lebl.backend.record"",""schema_version"":""0.3.0"",""semantic_aliases"":[],""semantic_key"":""lebl.ra.concept.ledger.sequence"",""source_bindings"":[],""status"":""active"",""supersedes_id"":null,""workflow_id"":""01a01f57-a34b-7740-9717-596b8116910c/backend-production-v0.3-r006-live""}"
"urn:uuid:966a5fd9-56fe-5679-a36a-7e115d9edc78","lebl.ra.concept.ledger.function.finitely-many-discontinuities","finitely many discontinuities","","[]","[]","urn:uuid:a0273f1c-6fad-54c7-a75a-32a5161da656","active","{""definition"":"""",""id"":""urn:uuid:966a5fd9-56fe-5679-a36a-7e115d9edc78"",""label"":""finitely many discontinuities"",""notation"":[],""record_type"":""concept"",""recorded_at"":""2026-08-21T00:00:00Z"",""rights_id"":""urn:uuid:a0273f1c-6fad-54c7-a75a-32a5161da656"",""schema_name"":""lebl.backend.record"",""schema_version"":""0.3.0"",""semantic_aliases"":[],""semantic_key"":""lebl.ra.concept.ledger.function.finitely-many-discontinuities"",""source_bindings"":[],""status"":""active"",""supersedes_id"":null,""workflow_id"":""01a01f57-a34b-7740-9717-596b8116910c/backend-production-v0.3-r006-live""}"
"urn:uuid:9681df9a-a9d6-5f5e-a1e7-03ef44ce8896","lebl.ra.concept.ledger.dimension.finite","finite-dimensional","","[]","[]","urn:uuid:a0273f1c-6fad-54c7-a75a-32a5161da656","active","{""definition"":"""",""id"":""urn:uuid:9681df9a-a9d6-5f5e-a1e7-03ef44ce8896"",""label"":""finite-dimensional"",""notation"":[],""record_type"":""concept"",""recorded_at"":""2026-08-21T00:00:00Z"",""rights_id"":""urn:uuid:a0273f1c-6fad-54c7-a75a-32a5161da656"",""schema_name"":""lebl.backend.record"",""schema_version"":""0.3.0"",""semantic_aliases"":[],""semantic_key"":""lebl.ra.concept.ledger.dimension.finite"",""source_bindings"":[],""status"":""active"",""supersedes_id"":null,""workflow_id"":""01a01f57-a34b-7740-9717-596b8116910c/backend-production-v0.3-r006-live""}"
"urn:uuid:97a7e8b0-220b-5511-ae76-2510ffda840d","lebl.ra.concept.ledger.set-theory.disjoint","disjoint","","[]","[]","urn:uuid:a0273f1c-6fad-54c7-a75a-32a5161da656","active","{""definition"":"""",""id"":""urn:uuid:97a7e8b0-220b-5511-ae76-2510ffda840d"",""label"":""disjoint"",""notation"":[],""record_type"":""concept"",""recorded_at"":""2026-08-21T00:00:00Z"",""rights_id"":""urn:uuid:a0273f1c-6fad-54c7-a75a-32a5161da656"",""schema_name"":""lebl.backend.record"",""schema_version"":""0.3.0"",""semantic_aliases"":[],""semantic_key"":""lebl.ra.concept.ledger.set-theory.disjoint"",""source_bindings"":[],""status"":""active"",""supersedes_id"":null,""workflow_id"":""01a01f57-a34b-7740-9717-596b8116910c/backend-production-v0.3-r006-live""}"
"urn:uuid:9804e699-c155-5f0c-bb8e-42e0af8452c8","lebl.ra.concept.ledger.function.mapping","mapping","","[]","[]","urn:uuid:a0273f1c-6fad-54c7-a75a-32a5161da656","active","{""definition"":"""",""id"":""urn:uuid:9804e699-c155-5f0c-bb8e-42e0af8452c8"",""label"":""mapping"",""notation"":[],""record_type"":""concept"",""recorded_at"":""2026-08-21T00:00:00Z"",""rights_id"":""urn:uuid:a0273f1c-6fad-54c7-a75a-32a5161da656"",""schema_name"":""lebl.backend.record"",""schema_version"":""0.3.0"",""semantic_aliases"":[],""semantic_key"":""lebl.ra.concept.ledger.function.mapping"",""source_bindings"":[],""status"":""active"",""supersedes_id"":null,""workflow_id"":""01a01f57-a34b-7740-9717-596b8116910c/backend-production-v0.3-r006-live""}"
"urn:uuid:98333e7d-d6f0-56ac-9025-3a4387c1bfee","lebl.ra.concept.ledger.operation.scalar-multiplication","scalar multiplication","","[]","[]","urn:uuid:a0273f1c-6fad-54c7-a75a-32a5161da656","active","{""definition"":"""",""id"":""urn:uuid:98333e7d-d6f0-56ac-9025-3a4387c1bfee"",""label"":""scalar multiplication"",""notation"":[],""record_type"":""concept"",""recorded_at"":""2026-08-21T00:00:00Z"",""rights_id"":""urn:uuid:a0273f1c-6fad-54c7-a75a-32a5161da656"",""schema_name"":""lebl.backend.record"",""schema_version"":""0.3.0"",""semantic_aliases"":[],""semantic_key"":""lebl.ra.concept.ledger.operation.scalar-multiplication"",""source_bindings"":[],""status"":""active"",""supersedes_id"":null,""workflow_id"":""01a01f57-a34b-7740-9717-596b8116910c/backend-production-v0.3-r006-live""}"
"urn:uuid:9881cdd0-09be-5aad-89cb-67fb29ab4be1","lebl.ra.concept.ledger.number.nth-root","nth root","","[]","[]","urn:uuid:a0273f1c-6fad-54c7-a75a-32a5161da656","active","{""definition"":"""",""id"":""urn:uuid:9881cdd0-09be-5aad-89cb-67fb29ab4be1"",""label"":""nth root"",""notation"":[],""record_type"":""concept"",""recorded_at"":""2026-08-21T00:00:00Z"",""rights_id"":""urn:uuid:a0273f1c-6fad-54c7-a75a-32a5161da656"",""schema_name"":""lebl.backend.record"",""schema_version"":""0.3.0"",""semantic_aliases"":[],""semantic_key"":""lebl.ra.concept.ledger.number.nth-root"",""source_bindings"":[],""status"":""active"",""supersedes_id"":null,""workflow_id"":""01a01f57-a34b-7740-9717-596b8116910c/backend-production-v0.3-r006-live""}"
"urn:uuid:989ca0e2-6e7a-5a8f-8a83-836ccc122424","lebl.ra.concept.ledger.integration.partition-refinement","refinement of a partition","","[]","[]","urn:uuid:a0273f1c-6fad-54c7-a75a-32a5161da656","active","{""definition"":"""",""id"":""urn:uuid:989ca0e2-6e7a-5a8f-8a83-836ccc122424"",""label"":""refinement of a partition"",""notation"":[],""record_type"":""concept"",""recorded_at"":""2026-08-21T00:00:00Z"",""rights_id"":""urn:uuid:a0273f1c-6fad-54c7-a75a-32a5161da656"",""schema_name"":""lebl.backend.record"",""schema_version"":""0.3.0"",""semantic_aliases"":[],""semantic_key"":""lebl.ra.concept.ledger.integration.partition-refinement"",""source_bindings"":[],""status"":""active"",""supersedes_id"":null,""workflow_id"":""01a01f57-a34b-7740-9717-596b8116910c/backend-production-v0.3-r006-live""}"
"urn:uuid:98ae43f0-8053-5c24-baae-dd28b3abcede","lebl.ra.concept.ledger.function.odd","odd function","","[]","[]","urn:uuid:a0273f1c-6fad-54c7-a75a-32a5161da656","active","{""definition"":"""",""id"":""urn:uuid:98ae43f0-8053-5c24-baae-dd28b3abcede"",""label"":""odd function"",""notation"":[],""record_type"":""concept"",""recorded_at"":""2026-08-21T00:00:00Z"",""rights_id"":""urn:uuid:a0273f1c-6fad-54c7-a75a-32a5161da656"",""schema_name"":""lebl.backend.record"",""schema_version"":""0.3.0"",""semantic_aliases"":[],""semantic_key"":""lebl.ra.concept.ledger.function.odd"",""source_bindings"":[],""status"":""active"",""supersedes_id"":null,""workflow_id"":""01a01f57-a34b-7740-9717-596b8116910c/backend-production-v0.3-r006-live""}"
"urn:uuid:98c0e27e-9e05-540b-9333-1d282fce8a6d","lebl.ra.concept.ledger.integration.antiderivative","antiderivative","","[]","[]","urn:uuid:a0273f1c-6fad-54c7-a75a-32a5161da656","active","{""definition"":"""",""id"":""urn:uuid:98c0e27e-9e05-540b-9333-1d282fce8a6d"",""label"":""antiderivative"",""notation"":[],""record_type"":""concept"",""recorded_at"":""2026-08-21T00:00:00Z"",""rights_id"":""urn:uuid:a0273f1c-6fad-54c7-a75a-32a5161da656"",""schema_name"":""lebl.backend.record"",""schema_version"":""0.3.0"",""semantic_aliases"":[],""semantic_key"":""lebl.ra.concept.ledger.integration.antiderivative"",""source_bindings"":[],""status"":""active"",""supersedes_id"":null,""workflow_id"":""01a01f57-a34b-7740-9717-596b8116910c/backend-production-v0.3-r006-live""}"
"urn:uuid:99abc17f-d438-57c7-abea-4b7aa8e22865","lebl.ra.concept.ledger.function.continuous","continuous function","","[]","[]","urn:uuid:a0273f1c-6fad-54c7-a75a-32a5161da656","active","{""definition"":"""",""id"":""urn:uuid:99abc17f-d438-57c7-abea-4b7aa8e22865"",""label"":""continuous function"",""notation"":[],""record_type"":""concept"",""recorded_at"":""2026-08-21T00:00:00Z"",""rights_id"":""urn:uuid:a0273f1c-6fad-54c7-a75a-32a5161da656"",""schema_name"":""lebl.backend.record"",""schema_version"":""0.3.0"",""semantic_aliases"":[],""semantic_key"":""lebl.ra.concept.ledger.function.continuous"",""source_bindings"":[],""status"":""active"",""supersedes_id"":null,""workflow_id"":""01a01f57-a34b-7740-9717-596b8116910c/backend-production-v0.3-r006-live""}"
"urn:uuid:99fe7d45-0d56-5747-9586-5388db6638ae","lebl.ra.concept.ledger.integration.lower-darboux-sum","lower Darboux sum","","[]","[]","urn:uuid:a0273f1c-6fad-54c7-a75a-32a5161da656","active","{""definition"":"""",""id"":""urn:uuid:99fe7d45-0d56-5747-9586-5388db6638ae"",""label"":""lower Darboux sum"",""notation"":[],""record_type"":""concept"",""recorded_at"":""2026-08-21T00:00:00Z"",""rights_id"":""urn:uuid:a0273f1c-6fad-54c7-a75a-32a5161da656"",""schema_name"":""lebl.backend.record"",""schema_version"":""0.3.0"",""semantic_aliases"":[],""semantic_key"":""lebl.ra.concept.ledger.integration.lower-darboux-sum"",""source_bindings"":[],""status"":""active"",""supersedes_id"":null,""workflow_id"":""01a01f57-a34b-7740-9717-596b8116910c/backend-production-v0.3-r006-live""}"
"urn:uuid:9af879ad-36f3-573a-a0ff-3d09fd1257e6","lebl.ra.concept.ledger.set.finite","finite set","","[]","[]","urn:uuid:a0273f1c-6fad-54c7-a75a-32a5161da656","active","{""definition"":"""",""id"":""urn:uuid:9af879ad-36f3-573a-a0ff-3d09fd1257e6"",""label"":""finite set"",""notation"":[],""record_type"":""concept"",""recorded_at"":""2026-08-21T00:00:00Z"",""rights_id"":""urn:uuid:a0273f1c-6fad-54c7-a75a-32a5161da656"",""schema_name"":""lebl.backend.record"",""schema_version"":""0.3.0"",""semantic_aliases"":[],""semantic_key"":""lebl.ra.concept.ledger.set.finite"",""source_bindings"":[],""status"":""active"",""supersedes_id"":null,""workflow_id"":""01a01f57-a34b-7740-9717-596b8116910c/backend-production-v0.3-r006-live""}"
"urn:uuid:9b087d71-2813-5fef-bdd3-784e672f6aa0","lebl.ra.concept.ledger.function.heaviside","Heaviside function","","[]","[]","urn:uuid:a0273f1c-6fad-54c7-a75a-32a5161da656","active","{""definition"":"""",""id"":""urn:uuid:9b087d71-2813-5fef-bdd3-784e672f6aa0"",""label"":""Heaviside function"",""notation"":[],""record_type"":""concept"",""recorded_at"":""2026-08-21T00:00:00Z"",""rights_id"":""urn:uuid:a0273f1c-6fad-54c7-a75a-32a5161da656"",""schema_name"":""lebl.backend.record"",""schema_version"":""0.3.0"",""semantic_aliases"":[],""semantic_key"":""lebl.ra.concept.ledger.function.heaviside"",""source_bindings"":[],""status"":""active"",""supersedes_id"":null,""workflow_id"":""01a01f57-a34b-7740-9717-596b8116910c/backend-production-v0.3-r006-live""}"
"urn:uuid:9b114475-1c6b-582d-9806-c5a8142ccb22","lebl.ra.concept.ledger.sequence.range","range of a sequence","","[]","[]","urn:uuid:a0273f1c-6fad-54c7-a75a-32a5161da656","active","{""definition"":"""",""id"":""urn:uuid:9b114475-1c6b-582d-9806-c5a8142ccb22"",""label"":""range of a sequence"",""notation"":[],""record_type"":""concept"",""recorded_at"":""2026-08-21T00:00:00Z"",""rights_id"":""urn:uuid:a0273f1c-6fad-54c7-a75a-32a5161da656"",""schema_name"":""lebl.backend.record"",""schema_version"":""0.3.0"",""semantic_aliases"":[],""semantic_key"":""lebl.ra.concept.ledger.sequence.range"",""source_bindings"":[],""status"":""active"",""supersedes_id"":null,""workflow_id"":""01a01f57-a34b-7740-9717-596b8116910c/backend-production-v0.3-r006-live""}"
"urn:uuid:9ba8664a-1403-52de-9a07-e3873f7c6b23","lebl.ra.concept.ledger.set-theory.infinite","infinite","","[]","[]","urn:uuid:a0273f1c-6fad-54c7-a75a-32a5161da656","active","{""definition"":"""",""id"":""urn:uuid:9ba8664a-1403-52de-9a07-e3873f7c6b23"",""label"":""infinite"",""notation"":[],""record_type"":""concept"",""recorded_at"":""2026-08-21T00:00:00Z"",""rights_id"":""urn:uuid:a0273f1c-6fad-54c7-a75a-32a5161da656"",""schema_name"":""lebl.backend.record"",""schema_version"":""0.3.0"",""semantic_aliases"":[],""semantic_key"":""lebl.ra.concept.ledger.set-theory.infinite"",""source_bindings"":[],""status"":""active"",""supersedes_id"":null,""workflow_id"":""01a01f57-a34b-7740-9717-596b8116910c/backend-production-v0.3-r006-live""}"
"urn:uuid:9bdc48eb-4c80-5f58-a01e-1cf4293cdab2","lebl.ra.concept.ledger.order.bounded-above","bounded above","","[]","[]","urn:uuid:a0273f1c-6fad-54c7-a75a-32a5161da656","active","{""definition"":"""",""id"":""urn:uuid:9bdc48eb-4c80-5f58-a01e-1cf4293cdab2"",""label"":""bounded above"",""notation"":[],""record_type"":""concept"",""recorded_at"":""2026-08-21T00:00:00Z"",""rights_id"":""urn:uuid:a0273f1c-6fad-54c7-a75a-32a5161da656"",""schema_name"":""lebl.backend.record"",""schema_version"":""0.3.0"",""semantic_aliases"":[],""semantic_key"":""lebl.ra.concept.ledger.order.bounded-above"",""source_bindings"":[],""status"":""active"",""supersedes_id"":null,""workflow_id"":""01a01f57-a34b-7740-9717-596b8116910c/backend-production-v0.3-r006-live""}"
"urn:uuid:9d412291-5a73-5ef8-ae6f-8b4461505985","lebl.ra.concept.ledger.number.repeating-digit-period","repeating digit period","","[]","[]","urn:uuid:a0273f1c-6fad-54c7-a75a-32a5161da656","active","{""definition"":"""",""id"":""urn:uuid:9d412291-5a73-5ef8-ae6f-8b4461505985"",""label"":""repeating digit period"",""notation"":[],""record_type"":""concept"",""recorded_at"":""2026-08-21T00:00:00Z"",""rights_id"":""urn:uuid:a0273f1c-6fad-54c7-a75a-32a5161da656"",""schema_name"":""lebl.backend.record"",""schema_version"":""0.3.0"",""semantic_aliases"":[],""semantic_key"":""lebl.ra.concept.ledger.number.repeating-digit-period"",""source_bindings"":[],""status"":""active"",""supersedes_id"":null,""workflow_id"":""01a01f57-a34b-7740-9717-596b8116910c/backend-production-v0.3-r006-live""}"
"urn:uuid:9d496619-8e90-5f18-8e6c-c0ce35abcb60","lebl.ra.concept.ledger.function.inverse-image","inverse image","","[]","[]","urn:uuid:a0273f1c-6fad-54c7-a75a-32a5161da656","active","{""definition"":"""",""id"":""urn:uuid:9d496619-8e90-5f18-8e6c-c0ce35abcb60"",""label"":""inverse image"",""notation"":[],""record_type"":""concept"",""recorded_at"":""2026-08-21T00:00:00Z"",""rights_id"":""urn:uuid:a0273f1c-6fad-54c7-a75a-32a5161da656"",""schema_name"":""lebl.backend.record"",""schema_version"":""0.3.0"",""semantic_aliases"":[],""semantic_key"":""lebl.ra.concept.ledger.function.inverse-image"",""source_bindings"":[],""status"":""active"",""supersedes_id"":null,""workflow_id"":""01a01f57-a34b-7740-9717-596b8116910c/backend-production-v0.3-r006-live""}"
"urn:uuid:9dba1197-bfca-5616-9b00-4d9aa90ea077","lebl.ra.concept.ledger.set-theory.subset","subset","","[]","[]","urn:uuid:a0273f1c-6fad-54c7-a75a-32a5161da656","active","{""definition"":"""",""id"":""urn:uuid:9dba1197-bfca-5616-9b00-4d9aa90ea077"",""label"":""subset"",""notation"":[],""record_type"":""concept"",""recorded_at"":""2026-08-21T00:00:00Z"",""rights_id"":""urn:uuid:a0273f1c-6fad-54c7-a75a-32a5161da656"",""schema_name"":""lebl.backend.record"",""schema_version"":""0.3.0"",""semantic_aliases"":[],""semantic_key"":""lebl.ra.concept.ledger.set-theory.subset"",""source_bindings"":[],""status"":""active"",""supersedes_id"":null,""workflow_id"":""01a01f57-a34b-7740-9717-596b8116910c/backend-production-v0.3-r006-live""}"
"urn:uuid:9e1bc62c-fab7-5a74-a85d-9400041d3aaa","lebl.ra.concept.ledger.algebra.ordered-field","ordered field","","[]","[]","urn:uuid:a0273f1c-6fad-54c7-a75a-32a5161da656","active","{""definition"":"""",""id"":""urn:uuid:9e1bc62c-fab7-5a74-a85d-9400041d3aaa"",""label"":""ordered field"",""notation"":[],""record_type"":""concept"",""recorded_at"":""2026-08-21T00:00:00Z"",""rights_id"":""urn:uuid:a0273f1c-6fad-54c7-a75a-32a5161da656"",""schema_name"":""lebl.backend.record"",""schema_version"":""0.3.0"",""semantic_aliases"":[],""semantic_key"":""lebl.ra.concept.ledger.algebra.ordered-field"",""source_bindings"":[],""status"":""active"",""supersedes_id"":null,""workflow_id"":""01a01f57-a34b-7740-9717-596b8116910c/backend-production-v0.3-r006-live""}"
"urn:uuid:9e813cbc-da67-502b-ad85-2d0205b8ebcb","lebl.ra.concept.ledger.proof.constructive","constructive proof","","[]","[]","urn:uuid:a0273f1c-6fad-54c7-a75a-32a5161da656","active","{""definition"":"""",""id"":""urn:uuid:9e813cbc-da67-502b-ad85-2d0205b8ebcb"",""label"":""constructive proof"",""notation"":[],""record_type"":""concept"",""recorded_at"":""2026-08-21T00:00:00Z"",""rights_id"":""urn:uuid:a0273f1c-6fad-54c7-a75a-32a5161da656"",""schema_name"":""lebl.backend.record"",""schema_version"":""0.3.0"",""semantic_aliases"":[],""semantic_key"":""lebl.ra.concept.ledger.proof.constructive"",""source_bindings"":[],""status"":""active"",""supersedes_id"":null,""workflow_id"":""01a01f57-a34b-7740-9717-596b8116910c/backend-production-v0.3-r006-live""}"
"urn:uuid:9ed2828c-f89e-5839-982c-a879598f3d1b","lebl.ra.concept.ledger.order.least-upper-bound-property","least-upper-bound property","","[]","[]","urn:uuid:a0273f1c-6fad-54c7-a75a-32a5161da656","active","{""definition"":"""",""id"":""urn:uuid:9ed2828c-f89e-5839-982c-a879598f3d1b"",""label"":""least-upper-bound property"",""notation"":[],""record_type"":""concept"",""recorded_at"":""2026-08-21T00:00:00Z"",""rights_id"":""urn:uuid:a0273f1c-6fad-54c7-a75a-32a5161da656"",""schema_name"":""lebl.backend.record"",""schema_version"":""0.3.0"",""semantic_aliases"":[],""semantic_key"":""lebl.ra.concept.ledger.order.least-upper-bound-property"",""source_bindings"":[],""status"":""active"",""supersedes_id"":null,""workflow_id"":""01a01f57-a34b-7740-9717-596b8116910c/backend-production-v0.3-r006-live""}"
"urn:uuid:a0dd2c8b-2fea-5d72-937a-54fb053f441c","lebl.ra.concept.ledger.transformation.invertible","invertible linear transformation","","[]","[]","urn:uuid:a0273f1c-6fad-54c7-a75a-32a5161da656","active","{""definition"":"""",""id"":""urn:uuid:a0dd2c8b-2fea-5d72-937a-54fb053f441c"",""label"":""invertible linear transformation"",""notation"":[],""record_type"":""concept"",""recorded_at"":""2026-08-21T00:00:00Z"",""rights_id"":""urn:uuid:a0273f1c-6fad-54c7-a75a-32a5161da656"",""schema_name"":""lebl.backend.record"",""schema_version"":""0.3.0"",""semantic_aliases"":[],""semantic_key"":""lebl.ra.concept.ledger.transformation.invertible"",""source_bindings"":[],""status"":""active"",""supersedes_id"":null,""workflow_id"":""01a01f57-a34b-7740-9717-596b8116910c/backend-production-v0.3-r006-live""}"
"urn:uuid:a1aa9d65-c874-53ca-ab90-ab120c871863","lebl.ra.concept.ledger.scalar","scalar","","[]","[]","urn:uuid:a0273f1c-6fad-54c7-a75a-32a5161da656","active","{""definition"":"""",""id"":""urn:uuid:a1aa9d65-c874-53ca-ab90-ab120c871863"",""label"":""scalar"",""notation"":[],""record_type"":""concept"",""recorded_at"":""2026-08-21T00:00:00Z"",""rights_id"":""urn:uuid:a0273f1c-6fad-54c7-a75a-32a5161da656"",""schema_name"":""lebl.backend.record"",""schema_version"":""0.3.0"",""semantic_aliases"":[],""semantic_key"":""lebl.ra.concept.ledger.scalar"",""source_bindings"":[],""status"":""active"",""supersedes_id"":null,""workflow_id"":""01a01f57-a34b-7740-9717-596b8116910c/backend-production-v0.3-r006-live""}"
"urn:uuid:a1de756a-b7d3-5ad5-8539-fede9b579f96","lebl.ra.concept.ledger.series.absolute-convergence","absolute convergence","","[]","[]","urn:uuid:a0273f1c-6fad-54c7-a75a-32a5161da656","active","{""definition"":"""",""id"":""urn:uuid:a1de756a-b7d3-5ad5-8539-fede9b579f96"",""label"":""absolute convergence"",""notation"":[],""record_type"":""concept"",""recorded_at"":""2026-08-21T00:00:00Z"",""rights_id"":""urn:uuid:a0273f1c-6fad-54c7-a75a-32a5161da656"",""schema_name"":""lebl.backend.record"",""schema_version"":""0.3.0"",""semantic_aliases"":[],""semantic_key"":""lebl.ra.concept.ledger.series.absolute-convergence"",""source_bindings"":[],""status"":""active"",""supersedes_id"":null,""workflow_id"":""01a01f57-a34b-7740-9717-596b8116910c/backend-production-v0.3-r006-live""}"
"urn:uuid:a20c2317-1450-5163-9a16-fec8b3690804","lebl.ra.concept.ledger.function.intermediate-value-property","intermediate value property","","[]","[]","urn:uuid:a0273f1c-6fad-54c7-a75a-32a5161da656","active","{""definition"":"""",""id"":""urn:uuid:a20c2317-1450-5163-9a16-fec8b3690804"",""label"":""intermediate value property"",""notation"":[],""record_type"":""concept"",""recorded_at"":""2026-08-21T00:00:00Z"",""rights_id"":""urn:uuid:a0273f1c-6fad-54c7-a75a-32a5161da656"",""schema_name"":""lebl.backend.record"",""schema_version"":""0.3.0"",""semantic_aliases"":[],""semantic_key"":""lebl.ra.concept.ledger.function.intermediate-value-property"",""source_bindings"":[],""status"":""active"",""supersedes_id"":null,""workflow_id"":""01a01f57-a34b-7740-9717-596b8116910c/backend-production-v0.3-r006-live""}"
"urn:uuid:a2828f2a-420a-53ba-a2c6-09e754bd403c","lebl.ra.concept.ledger.cover.open","open cover","","[]","[]","urn:uuid:a0273f1c-6fad-54c7-a75a-32a5161da656","active","{""definition"":"""",""id"":""urn:uuid:a2828f2a-420a-53ba-a2c6-09e754bd403c"",""label"":""open cover"",""notation"":[],""record_type"":""concept"",""recorded_at"":""2026-08-21T00:00:00Z"",""rights_id"":""urn:uuid:a0273f1c-6fad-54c7-a75a-32a5161da656"",""schema_name"":""lebl.backend.record"",""schema_version"":""0.3.0"",""semantic_aliases"":[],""semantic_key"":""lebl.ra.concept.ledger.cover.open"",""source_bindings"":[],""status"":""active"",""supersedes_id"":null,""workflow_id"":""01a01f57-a34b-7740-9717-596b8116910c/backend-production-v0.3-r006-live""}"
"urn:uuid:a3acfef4-1603-5f5f-964d-c8b6227e5835","lebl.ra.concept.ledger.number-system.integers","integers","","[]","[]","urn:uuid:a0273f1c-6fad-54c7-a75a-32a5161da656","active","{""definition"":"""",""id"":""urn:uuid:a3acfef4-1603-5f5f-964d-c8b6227e5835"",""label"":""integers"",""notation"":[],""record_type"":""concept"",""recorded_at"":""2026-08-21T00:00:00Z"",""rights_id"":""urn:uuid:a0273f1c-6fad-54c7-a75a-32a5161da656"",""schema_name"":""lebl.backend.record"",""schema_version"":""0.3.0"",""semantic_aliases"":[],""semantic_key"":""lebl.ra.concept.ledger.number-system.integers"",""source_bindings"":[],""status"":""active"",""supersedes_id"":null,""workflow_id"":""01a01f57-a34b-7740-9717-596b8116910c/backend-production-v0.3-r006-live""}"
"urn:uuid:a41bb0ec-f3b8-56b0-a6d8-ee9a694a616d","lebl.ra.concept.ledger.calculus.second-derivative","second derivative","","[]","[]","urn:uuid:a0273f1c-6fad-54c7-a75a-32a5161da656","active","{""definition"":"""",""id"":""urn:uuid:a41bb0ec-f3b8-56b0-a6d8-ee9a694a616d"",""label"":""second derivative"",""notation"":[],""record_type"":""concept"",""recorded_at"":""2026-08-21T00:00:00Z"",""rights_id"":""urn:uuid:a0273f1c-6fad-54c7-a75a-32a5161da656"",""schema_name"":""lebl.backend.record"",""schema_version"":""0.3.0"",""semantic_aliases"":[],""semantic_key"":""lebl.ra.concept.ledger.calculus.second-derivative"",""source_bindings"":[],""status"":""active"",""supersedes_id"":null,""workflow_id"":""01a01f57-a34b-7740-9717-596b8116910c/backend-production-v0.3-r006-live""}"
"urn:uuid:a59b3bc5-9d3a-56fe-bb44-79a359683531","lebl.ra.concept.ledger.result.proposition","proposition","","[]","[]","urn:uuid:a0273f1c-6fad-54c7-a75a-32a5161da656","active","{""definition"":"""",""id"":""urn:uuid:a59b3bc5-9d3a-56fe-bb44-79a359683531"",""label"":""proposition"",""notation"":[],""record_type"":""concept"",""recorded_at"":""2026-08-21T00:00:00Z"",""rights_id"":""urn:uuid:a0273f1c-6fad-54c7-a75a-32a5161da656"",""schema_name"":""lebl.backend.record"",""schema_version"":""0.3.0"",""semantic_aliases"":[],""semantic_key"":""lebl.ra.concept.ledger.result.proposition"",""source_bindings"":[],""status"":""active"",""supersedes_id"":null,""workflow_id"":""01a01f57-a34b-7740-9717-596b8116910c/backend-production-v0.3-r006-live""}"
"urn:uuid:a62ff359-7bde-503f-a42e-0219ea0f568d","lebl.ra.concept.ledger.interval.closed","closed interval","","[]","[]","urn:uuid:a0273f1c-6fad-54c7-a75a-32a5161da656","active","{""definition"":"""",""id"":""urn:uuid:a62ff359-7bde-503f-a42e-0219ea0f568d"",""label"":""closed interval"",""notation"":[],""record_type"":""concept"",""recorded_at"":""2026-08-21T00:00:00Z"",""rights_id"":""urn:uuid:a0273f1c-6fad-54c7-a75a-32a5161da656"",""schema_name"":""lebl.backend.record"",""schema_version"":""0.3.0"",""semantic_aliases"":[],""semantic_key"":""lebl.ra.concept.ledger.interval.closed"",""source_bindings"":[],""status"":""active"",""supersedes_id"":null,""workflow_id"":""01a01f57-a34b-7740-9717-596b8116910c/backend-production-v0.3-r006-live""}"
"urn:uuid:a654f034-1d88-5e37-9cfb-a948c60a7ad9","lebl.ra.concept.ledger.limit.superior","limit superior","","[]","[]","urn:uuid:a0273f1c-6fad-54c7-a75a-32a5161da656","active","{""definition"":"""",""id"":""urn:uuid:a654f034-1d88-5e37-9cfb-a948c60a7ad9"",""label"":""limit superior"",""notation"":[],""record_type"":""concept"",""recorded_at"":""2026-08-21T00:00:00Z"",""rights_id"":""urn:uuid:a0273f1c-6fad-54c7-a75a-32a5161da656"",""schema_name"":""lebl.backend.record"",""schema_version"":""0.3.0"",""semantic_aliases"":[],""semantic_key"":""lebl.ra.concept.ledger.limit.superior"",""source_bindings"":[],""status"":""active"",""supersedes_id"":null,""workflow_id"":""01a01f57-a34b-7740-9717-596b8116910c/backend-production-v0.3-r006-live""}"
"urn:uuid:a65c38f9-dcc3-51b2-b7c9-cbafd9b355fe","lebl.ra.concept.ledger.sequence.bounded-below","bounded below","","[]","[]","urn:uuid:a0273f1c-6fad-54c7-a75a-32a5161da656","active","{""definition"":"""",""id"":""urn:uuid:a65c38f9-dcc3-51b2-b7c9-cbafd9b355fe"",""label"":""bounded below"",""notation"":[],""record_type"":""concept"",""recorded_at"":""2026-08-21T00:00:00Z"",""rights_id"":""urn:uuid:a0273f1c-6fad-54c7-a75a-32a5161da656"",""schema_name"":""lebl.backend.record"",""schema_version"":""0.3.0"",""semantic_aliases"":[],""semantic_key"":""lebl.ra.concept.ledger.sequence.bounded-below"",""source_bindings"":[],""status"":""active"",""supersedes_id"":null,""workflow_id"":""01a01f57-a34b-7740-9717-596b8116910c/backend-production-v0.3-r006-live""}"
"urn:uuid:a707665a-09ed-5aa2-ba43-03d19858f143","lebl.ra.concept.ledger.sequence.bounded-above","bounded above","","[]","[]","urn:uuid:a0273f1c-6fad-54c7-a75a-32a5161da656","active","{""definition"":"""",""id"":""urn:uuid:a707665a-09ed-5aa2-ba43-03d19858f143"",""label"":""bounded above"",""notation"":[],""record_type"":""concept"",""recorded_at"":""2026-08-21T00:00:00Z"",""rights_id"":""urn:uuid:a0273f1c-6fad-54c7-a75a-32a5161da656"",""schema_name"":""lebl.backend.record"",""schema_version"":""0.3.0"",""semantic_aliases"":[],""semantic_key"":""lebl.ra.concept.ledger.sequence.bounded-above"",""source_bindings"":[],""status"":""active"",""supersedes_id"":null,""workflow_id"":""01a01f57-a34b-7740-9717-596b8116910c/backend-production-v0.3-r006-live""}"
"urn:uuid:a71217f5-e41e-569e-9927-dc4288b0b42f","lebl.ra.concept.ledger.hull.convex","convex hull","","[]","[]","urn:uuid:a0273f1c-6fad-54c7-a75a-32a5161da656","active","{""definition"":"""",""id"":""urn:uuid:a71217f5-e41e-569e-9927-dc4288b0b42f"",""label"":""convex hull"",""notation"":[],""record_type"":""concept"",""recorded_at"":""2026-08-21T00:00:00Z"",""rights_id"":""urn:uuid:a0273f1c-6fad-54c7-a75a-32a5161da656"",""schema_name"":""lebl.backend.record"",""schema_version"":""0.3.0"",""semantic_aliases"":[],""semantic_key"":""lebl.ra.concept.ledger.hull.convex"",""source_bindings"":[],""status"":""active"",""supersedes_id"":null,""workflow_id"":""01a01f57-a34b-7740-9717-596b8116910c/backend-production-v0.3-r006-live""}"
"urn:uuid:a72b45be-db2d-51bf-91c6-4c0518c4c51d","lebl.ra.concept.ledger.sequence.monotone-decreasing","monotone decreasing sequence","","[]","[]","urn:uuid:a0273f1c-6fad-54c7-a75a-32a5161da656","active","{""definition"":"""",""id"":""urn:uuid:a72b45be-db2d-51bf-91c6-4c0518c4c51d"",""label"":""monotone decreasing sequence"",""notation"":[],""record_type"":""concept"",""recorded_at"":""2026-08-21T00:00:00Z"",""rights_id"":""urn:uuid:a0273f1c-6fad-54c7-a75a-32a5161da656"",""schema_name"":""lebl.backend.record"",""schema_version"":""0.3.0"",""semantic_aliases"":[],""semantic_key"":""lebl.ra.concept.ledger.sequence.monotone-decreasing"",""source_bindings"":[],""status"":""active"",""supersedes_id"":null,""workflow_id"":""01a01f57-a34b-7740-9717-596b8116910c/backend-production-v0.3-r006-live""}"
"urn:uuid:a7737795-b6c8-58d9-93ba-56711b6a34ec","lebl.ra.concept.ledger.series.multiplication","multiplication of series","","[]","[]","urn:uuid:a0273f1c-6fad-54c7-a75a-32a5161da656","active","{""definition"":"""",""id"":""urn:uuid:a7737795-b6c8-58d9-93ba-56711b6a34ec"",""label"":""multiplication of series"",""notation"":[],""record_type"":""concept"",""recorded_at"":""2026-08-21T00:00:00Z"",""rights_id"":""urn:uuid:a0273f1c-6fad-54c7-a75a-32a5161da656"",""schema_name"":""lebl.backend.record"",""schema_version"":""0.3.0"",""semantic_aliases"":[],""semantic_key"":""lebl.ra.concept.ledger.series.multiplication"",""source_bindings"":[],""status"":""active"",""supersedes_id"":null,""workflow_id"":""01a01f57-a34b-7740-9717-596b8116910c/backend-production-v0.3-r006-live""}"
"urn:uuid:a861f623-98af-5d6e-9edc-3be48571a332","lebl.ra.concept.ledger.interval.half-open","half-open interval","","[]","[]","urn:uuid:a0273f1c-6fad-54c7-a75a-32a5161da656","active","{""definition"":"""",""id"":""urn:uuid:a861f623-98af-5d6e-9edc-3be48571a332"",""label"":""half-open interval"",""notation"":[],""record_type"":""concept"",""recorded_at"":""2026-08-21T00:00:00Z"",""rights_id"":""urn:uuid:a0273f1c-6fad-54c7-a75a-32a5161da656"",""schema_name"":""lebl.backend.record"",""schema_version"":""0.3.0"",""semantic_aliases"":[],""semantic_key"":""lebl.ra.concept.ledger.interval.half-open"",""source_bindings"":[],""status"":""active"",""supersedes_id"":null,""workflow_id"":""01a01f57-a34b-7740-9717-596b8116910c/backend-production-v0.3-r006-live""}"
"urn:uuid:a8c3b5a6-c4ba-5f6d-95e8-e159a57410b9","lebl.ra.concept.ledger.method.bisection","bisection method","","[]","[]","urn:uuid:a0273f1c-6fad-54c7-a75a-32a5161da656","active","{""definition"":"""",""id"":""urn:uuid:a8c3b5a6-c4ba-5f6d-95e8-e159a57410b9"",""label"":""bisection method"",""notation"":[],""record_type"":""concept"",""recorded_at"":""2026-08-21T00:00:00Z"",""rights_id"":""urn:uuid:a0273f1c-6fad-54c7-a75a-32a5161da656"",""schema_name"":""lebl.backend.record"",""schema_version"":""0.3.0"",""semantic_aliases"":[],""semantic_key"":""lebl.ra.concept.ledger.method.bisection"",""source_bindings"":[],""status"":""active"",""supersedes_id"":null,""workflow_id"":""01a01f57-a34b-7740-9717-596b8116910c/backend-production-v0.3-r006-live""}"
"urn:uuid:aa355d0b-60a9-5b30-b255-f7480bd13137","lebl.ra.concept.ledger.set.clopen","clopen set","","[]","[]","urn:uuid:a0273f1c-6fad-54c7-a75a-32a5161da656","active","{""definition"":"""",""id"":""urn:uuid:aa355d0b-60a9-5b30-b255-f7480bd13137"",""label"":""clopen set"",""notation"":[],""record_type"":""concept"",""recorded_at"":""2026-08-21T00:00:00Z"",""rights_id"":""urn:uuid:a0273f1c-6fad-54c7-a75a-32a5161da656"",""schema_name"":""lebl.backend.record"",""schema_version"":""0.3.0"",""semantic_aliases"":[],""semantic_key"":""lebl.ra.concept.ledger.set.clopen"",""source_bindings"":[],""status"":""active"",""supersedes_id"":null,""workflow_id"":""01a01f57-a34b-7740-9717-596b8116910c/backend-production-v0.3-r006-live""}"
"urn:uuid:aa4f6302-6ccf-5083-ab89-c73e434cf05e","lebl.ra.concept.ledger.convergence.uniform","uniform convergence","","[]","[]","urn:uuid:a0273f1c-6fad-54c7-a75a-32a5161da656","active","{""definition"":"""",""id"":""urn:uuid:aa4f6302-6ccf-5083-ab89-c73e434cf05e"",""label"":""uniform convergence"",""notation"":[],""record_type"":""concept"",""recorded_at"":""2026-08-21T00:00:00Z"",""rights_id"":""urn:uuid:a0273f1c-6fad-54c7-a75a-32a5161da656"",""schema_name"":""lebl.backend.record"",""schema_version"":""0.3.0"",""semantic_aliases"":[],""semantic_key"":""lebl.ra.concept.ledger.convergence.uniform"",""source_bindings"":[],""status"":""active"",""supersedes_id"":null,""workflow_id"":""01a01f57-a34b-7740-9717-596b8116910c/backend-production-v0.3-r006-live""}"
"urn:uuid:ab5c838e-1c43-5428-8846-c18eb890d2a6","lebl.ra.concept.ledger.transformation.linear","linear transformation","","[]","[]","urn:uuid:a0273f1c-6fad-54c7-a75a-32a5161da656","active","{""definition"":"""",""id"":""urn:uuid:ab5c838e-1c43-5428-8846-c18eb890d2a6"",""label"":""linear transformation"",""notation"":[],""record_type"":""concept"",""recorded_at"":""2026-08-21T00:00:00Z"",""rights_id"":""urn:uuid:a0273f1c-6fad-54c7-a75a-32a5161da656"",""schema_name"":""lebl.backend.record"",""schema_version"":""0.3.0"",""semantic_aliases"":[],""semantic_key"":""lebl.ra.concept.ledger.transformation.linear"",""source_bindings"":[],""status"":""active"",""supersedes_id"":null,""workflow_id"":""01a01f57-a34b-7740-9717-596b8116910c/backend-production-v0.3-r006-live""}"
"urn:uuid:ac5481b1-7f78-5e5b-846c-27e649b0ecf5","lebl.ra.concept.ledger.test.ratio-series","ratio test for series","","[]","[]","urn:uuid:a0273f1c-6fad-54c7-a75a-32a5161da656","active","{""definition"":"""",""id"":""urn:uuid:ac5481b1-7f78-5e5b-846c-27e649b0ecf5"",""label"":""ratio test for series"",""notation"":[],""record_type"":""concept"",""recorded_at"":""2026-08-21T00:00:00Z"",""rights_id"":""urn:uuid:a0273f1c-6fad-54c7-a75a-32a5161da656"",""schema_name"":""lebl.backend.record"",""schema_version"":""0.3.0"",""semantic_aliases"":[],""semantic_key"":""lebl.ra.concept.ledger.test.ratio-series"",""source_bindings"":[],""status"":""active"",""supersedes_id"":null,""workflow_id"":""01a01f57-a34b-7740-9717-596b8116910c/backend-production-v0.3-r006-live""}"
"urn:uuid:ad29d5a8-66a5-5c2a-a691-8b6671ef544c","lebl.ra.concept.ledger.iterate.picard","Picard iterate","","[]","[]","urn:uuid:a0273f1c-6fad-54c7-a75a-32a5161da656","active","{""definition"":"""",""id"":""urn:uuid:ad29d5a8-66a5-5c2a-a691-8b6671ef544c"",""label"":""Picard iterate"",""notation"":[],""record_type"":""concept"",""recorded_at"":""2026-08-21T00:00:00Z"",""rights_id"":""urn:uuid:a0273f1c-6fad-54c7-a75a-32a5161da656"",""schema_name"":""lebl.backend.record"",""schema_version"":""0.3.0"",""semantic_aliases"":[],""semantic_key"":""lebl.ra.concept.ledger.iterate.picard"",""source_bindings"":[],""status"":""active"",""supersedes_id"":null,""workflow_id"":""01a01f57-a34b-7740-9717-596b8116910c/backend-production-v0.3-r006-live""}"
"urn:uuid:ad3c4da0-2e03-58e2-b582-dcb0415a3bc3","lebl.ra.concept.ledger.sequence.monotone","monotone sequence","","[]","[]","urn:uuid:a0273f1c-6fad-54c7-a75a-32a5161da656","active","{""definition"":"""",""id"":""urn:uuid:ad3c4da0-2e03-58e2-b582-dcb0415a3bc3"",""label"":""monotone sequence"",""notation"":[],""record_type"":""concept"",""recorded_at"":""2026-08-21T00:00:00Z"",""rights_id"":""urn:uuid:a0273f1c-6fad-54c7-a75a-32a5161da656"",""schema_name"":""lebl.backend.record"",""schema_version"":""0.3.0"",""semantic_aliases"":[],""semantic_key"":""lebl.ra.concept.ledger.sequence.monotone"",""source_bindings"":[],""status"":""active"",""supersedes_id"":null,""workflow_id"":""01a01f57-a34b-7740-9717-596b8116910c/backend-production-v0.3-r006-live""}"
"urn:uuid:ad4ab348-c90b-5049-a484-1aee30b3a800","lebl.ra.concept.ledger.integration.upper-darboux-sum","upper Darboux sum","","[]","[]","urn:uuid:a0273f1c-6fad-54c7-a75a-32a5161da656","active","{""definition"":"""",""id"":""urn:uuid:ad4ab348-c90b-5049-a484-1aee30b3a800"",""label"":""upper Darboux sum"",""notation"":[],""record_type"":""concept"",""recorded_at"":""2026-08-21T00:00:00Z"",""rights_id"":""urn:uuid:a0273f1c-6fad-54c7-a75a-32a5161da656"",""schema_name"":""lebl.backend.record"",""schema_version"":""0.3.0"",""semantic_aliases"":[],""semantic_key"":""lebl.ra.concept.ledger.integration.upper-darboux-sum"",""source_bindings"":[],""status"":""active"",""supersedes_id"":null,""workflow_id"":""01a01f57-a34b-7740-9717-596b8116910c/backend-production-v0.3-r006-live""}"
"urn:uuid:ae3e4d14-b507-5cde-9612-582ff50ce31c","lebl.ra.concept.ledger.extremum.absolute-minimum","absolute minimum","","[]","[]","urn:uuid:a0273f1c-6fad-54c7-a75a-32a5161da656","active","{""definition"":"""",""id"":""urn:uuid:ae3e4d14-b507-5cde-9612-582ff50ce31c"",""label"":""absolute minimum"",""notation"":[],""record_type"":""concept"",""recorded_at"":""2026-08-21T00:00:00Z"",""rights_id"":""urn:uuid:a0273f1c-6fad-54c7-a75a-32a5161da656"",""schema_name"":""lebl.backend.record"",""schema_version"":""0.3.0"",""semantic_aliases"":[],""semantic_key"":""lebl.ra.concept.ledger.extremum.absolute-minimum"",""source_bindings"":[],""status"":""active"",""supersedes_id"":null,""workflow_id"":""01a01f57-a34b-7740-9717-596b8116910c/backend-production-v0.3-r006-live""}"
"urn:uuid:af4e71d0-c2f5-547f-860f-ac18d8505f6a","lebl.ra.concept.ledger.convergence.to-infinity-informal","converges to infinity","","[]","[]","urn:uuid:a0273f1c-6fad-54c7-a75a-32a5161da656","active","{""definition"":"""",""id"":""urn:uuid:af4e71d0-c2f5-547f-860f-ac18d8505f6a"",""label"":""converges to infinity"",""notation"":[],""record_type"":""concept"",""recorded_at"":""2026-08-21T00:00:00Z"",""rights_id"":""urn:uuid:a0273f1c-6fad-54c7-a75a-32a5161da656"",""schema_name"":""lebl.backend.record"",""schema_version"":""0.3.0"",""semantic_aliases"":[],""semantic_key"":""lebl.ra.concept.ledger.convergence.to-infinity-informal"",""source_bindings"":[],""status"":""active"",""supersedes_id"":null,""workflow_id"":""01a01f57-a34b-7740-9717-596b8116910c/backend-production-v0.3-r006-live""}"
"urn:uuid:af54a11a-d9ea-5e4b-a5c2-185eddfb6864","lebl.ra.concept.ledger.calculus.derivative-linearity","linearity of the derivative","","[]","[]","urn:uuid:a0273f1c-6fad-54c7-a75a-32a5161da656","active","{""definition"":"""",""id"":""urn:uuid:af54a11a-d9ea-5e4b-a5c2-185eddfb6864"",""label"":""linearity of the derivative"",""notation"":[],""record_type"":""concept"",""recorded_at"":""2026-08-21T00:00:00Z"",""rights_id"":""urn:uuid:a0273f1c-6fad-54c7-a75a-32a5161da656"",""schema_name"":""lebl.backend.record"",""schema_version"":""0.3.0"",""semantic_aliases"":[],""semantic_key"":""lebl.ra.concept.ledger.calculus.derivative-linearity"",""source_bindings"":[],""status"":""active"",""supersedes_id"":null,""workflow_id"":""01a01f57-a34b-7740-9717-596b8116910c/backend-production-v0.3-r006-live""}"
"urn:uuid:af92b6d9-d0ce-5b6e-b5bc-76474d9e42e7","lebl.ra.concept.ledger.span.linear","span","","[]","[]","urn:uuid:a0273f1c-6fad-54c7-a75a-32a5161da656","active","{""definition"":"""",""id"":""urn:uuid:af92b6d9-d0ce-5b6e-b5bc-76474d9e42e7"",""label"":""span"",""notation"":[],""record_type"":""concept"",""recorded_at"":""2026-08-21T00:00:00Z"",""rights_id"":""urn:uuid:a0273f1c-6fad-54c7-a75a-32a5161da656"",""schema_name"":""lebl.backend.record"",""schema_version"":""0.3.0"",""semantic_aliases"":[],""semantic_key"":""lebl.ra.concept.ledger.span.linear"",""source_bindings"":[],""status"":""active"",""supersedes_id"":null,""workflow_id"":""01a01f57-a34b-7740-9717-596b8116910c/backend-production-v0.3-r006-live""}"
"urn:uuid:b0a3a629-8771-5977-b7b4-1bc9b369a761","lebl.ra.concept.ledger.number.algebraic","algebraic number","","[]","[]","urn:uuid:a0273f1c-6fad-54c7-a75a-32a5161da656","active","{""definition"":"""",""id"":""urn:uuid:b0a3a629-8771-5977-b7b4-1bc9b369a761"",""label"":""algebraic number"",""notation"":[],""record_type"":""concept"",""recorded_at"":""2026-08-21T00:00:00Z"",""rights_id"":""urn:uuid:a0273f1c-6fad-54c7-a75a-32a5161da656"",""schema_name"":""lebl.backend.record"",""schema_version"":""0.3.0"",""semantic_aliases"":[],""semantic_key"":""lebl.ra.concept.ledger.number.algebraic"",""source_bindings"":[],""status"":""active"",""supersedes_id"":null,""workflow_id"":""01a01f57-a34b-7740-9717-596b8116910c/backend-production-v0.3-r006-live""}"
"urn:uuid:b0c5dc7f-9529-5edb-83b8-8b0ccafa6e26","lebl.ra.concept.ledger.space.totally-separated","totally separated","","[]","[]","urn:uuid:a0273f1c-6fad-54c7-a75a-32a5161da656","active","{""definition"":"""",""id"":""urn:uuid:b0c5dc7f-9529-5edb-83b8-8b0ccafa6e26"",""label"":""totally separated"",""notation"":[],""record_type"":""concept"",""recorded_at"":""2026-08-21T00:00:00Z"",""rights_id"":""urn:uuid:a0273f1c-6fad-54c7-a75a-32a5161da656"",""schema_name"":""lebl.backend.record"",""schema_version"":""0.3.0"",""semantic_aliases"":[],""semantic_key"":""lebl.ra.concept.ledger.space.totally-separated"",""source_bindings"":[],""status"":""active"",""supersedes_id"":null,""workflow_id"":""01a01f57-a34b-7740-9717-596b8116910c/backend-production-v0.3-r006-live""}"
"urn:uuid:b2a673a9-05a1-5967-8d19-72c3838fd879","lebl.ra.concept.ledger.set-theory.finite","finite","","[]","[]","urn:uuid:a0273f1c-6fad-54c7-a75a-32a5161da656","active","{""definition"":"""",""id"":""urn:uuid:b2a673a9-05a1-5967-8d19-72c3838fd879"",""label"":""finite"",""notation"":[],""record_type"":""concept"",""recorded_at"":""2026-08-21T00:00:00Z"",""rights_id"":""urn:uuid:a0273f1c-6fad-54c7-a75a-32a5161da656"",""schema_name"":""lebl.backend.record"",""schema_version"":""0.3.0"",""semantic_aliases"":[],""semantic_key"":""lebl.ra.concept.ledger.set-theory.finite"",""source_bindings"":[],""status"":""active"",""supersedes_id"":null,""workflow_id"":""01a01f57-a34b-7740-9717-596b8116910c/backend-production-v0.3-r006-live""}"
"urn:uuid:b2af5da7-9fdf-5f60-b89a-a7587c266c7a","lebl.ra.concept.ledger.sequence.limit","limit","","[]","[]","urn:uuid:a0273f1c-6fad-54c7-a75a-32a5161da656","active","{""definition"":"""",""id"":""urn:uuid:b2af5da7-9fdf-5f60-b89a-a7587c266c7a"",""label"":""limit"",""notation"":[],""record_type"":""concept"",""recorded_at"":""2026-08-21T00:00:00Z"",""rights_id"":""urn:uuid:a0273f1c-6fad-54c7-a75a-32a5161da656"",""schema_name"":""lebl.backend.record"",""schema_version"":""0.3.0"",""semantic_aliases"":[],""semantic_key"":""lebl.ra.concept.ledger.sequence.limit"",""source_bindings"":[],""status"":""active"",""supersedes_id"":null,""workflow_id"":""01a01f57-a34b-7740-9717-596b8116910c/backend-production-v0.3-r006-live""}"
"urn:uuid:b30dc386-8d76-527d-82d4-18a75f90f3db","lebl.ra.concept.ledger.limit.subsequential","subsequential limit","","[]","[]","urn:uuid:a0273f1c-6fad-54c7-a75a-32a5161da656","active","{""definition"":"""",""id"":""urn:uuid:b30dc386-8d76-527d-82d4-18a75f90f3db"",""label"":""subsequential limit"",""notation"":[],""record_type"":""concept"",""recorded_at"":""2026-08-21T00:00:00Z"",""rights_id"":""urn:uuid:a0273f1c-6fad-54c7-a75a-32a5161da656"",""schema_name"":""lebl.backend.record"",""schema_version"":""0.3.0"",""semantic_aliases"":[],""semantic_key"":""lebl.ra.concept.ledger.limit.subsequential"",""source_bindings"":[],""status"":""active"",""supersedes_id"":null,""workflow_id"":""01a01f57-a34b-7740-9717-596b8116910c/backend-production-v0.3-r006-live""}"
"urn:uuid:b371f7ee-686e-5531-adcb-58fbb09014ca","lebl.ra.concept.ledger.theorem.banach-fixed-point","Banach fixed point theorem","","[]","[]","urn:uuid:a0273f1c-6fad-54c7-a75a-32a5161da656","active","{""definition"":"""",""id"":""urn:uuid:b371f7ee-686e-5531-adcb-58fbb09014ca"",""label"":""Banach fixed point theorem"",""notation"":[],""record_type"":""concept"",""recorded_at"":""2026-08-21T00:00:00Z"",""rights_id"":""urn:uuid:a0273f1c-6fad-54c7-a75a-32a5161da656"",""schema_name"":""lebl.backend.record"",""schema_version"":""0.3.0"",""semantic_aliases"":[],""semantic_key"":""lebl.ra.concept.ledger.theorem.banach-fixed-point"",""source_bindings"":[],""status"":""active"",""supersedes_id"":null,""workflow_id"":""01a01f57-a34b-7740-9717-596b8116910c/backend-production-v0.3-r006-live""}"
"urn:uuid:b3d76f31-6e1f-5214-89fd-c0465797f589","lebl.ra.concept.ledger.number.decimal-representation","decimal representation","","[]","[]","urn:uuid:a0273f1c-6fad-54c7-a75a-32a5161da656","active","{""definition"":"""",""id"":""urn:uuid:b3d76f31-6e1f-5214-89fd-c0465797f589"",""label"":""decimal representation"",""notation"":[],""record_type"":""concept"",""recorded_at"":""2026-08-21T00:00:00Z"",""rights_id"":""urn:uuid:a0273f1c-6fad-54c7-a75a-32a5161da656"",""schema_name"":""lebl.backend.record"",""schema_version"":""0.3.0"",""semantic_aliases"":[],""semantic_key"":""lebl.ra.concept.ledger.number.decimal-representation"",""source_bindings"":[],""status"":""active"",""supersedes_id"":null,""workflow_id"":""01a01f57-a34b-7740-9717-596b8116910c/backend-production-v0.3-r006-live""}"
"urn:uuid:b451524e-f4ed-5233-9d40-cd502b00654f","lebl.ra.concept.ledger.calculus.derivative","derivative","","[]","[]","urn:uuid:a0273f1c-6fad-54c7-a75a-32a5161da656","active","{""definition"":"""",""id"":""urn:uuid:b451524e-f4ed-5233-9d40-cd502b00654f"",""label"":""derivative"",""notation"":[],""record_type"":""concept"",""recorded_at"":""2026-08-21T00:00:00Z"",""rights_id"":""urn:uuid:a0273f1c-6fad-54c7-a75a-32a5161da656"",""schema_name"":""lebl.backend.record"",""schema_version"":""0.3.0"",""semantic_aliases"":[],""semantic_key"":""lebl.ra.concept.ledger.calculus.derivative"",""source_bindings"":[],""status"":""active"",""supersedes_id"":null,""workflow_id"":""01a01f57-a34b-7740-9717-596b8116910c/backend-production-v0.3-r006-live""}"
"urn:uuid:b46a7127-23d2-56df-8044-8a9a3287ac48","lebl.ra.concept.ledger.function.injection","injection","","[]","[]","urn:uuid:a0273f1c-6fad-54c7-a75a-32a5161da656","active","{""definition"":"""",""id"":""urn:uuid:b46a7127-23d2-56df-8044-8a9a3287ac48"",""label"":""injection"",""notation"":[],""record_type"":""concept"",""recorded_at"":""2026-08-21T00:00:00Z"",""rights_id"":""urn:uuid:a0273f1c-6fad-54c7-a75a-32a5161da656"",""schema_name"":""lebl.backend.record"",""schema_version"":""0.3.0"",""semantic_aliases"":[],""semantic_key"":""lebl.ra.concept.ledger.function.injection"",""source_bindings"":[],""status"":""active"",""supersedes_id"":null,""workflow_id"":""01a01f57-a34b-7740-9717-596b8116910c/backend-production-v0.3-r006-live""}"
"urn:uuid:b4919f05-eea1-57d2-9022-6980c0a88f03","lebl.ra.concept.ledger.order.archimedean-property","Archimedean property","","[]","[]","urn:uuid:a0273f1c-6fad-54c7-a75a-32a5161da656","active","{""definition"":"""",""id"":""urn:uuid:b4919f05-eea1-57d2-9022-6980c0a88f03"",""label"":""Archimedean property"",""notation"":[],""record_type"":""concept"",""recorded_at"":""2026-08-21T00:00:00Z"",""rights_id"":""urn:uuid:a0273f1c-6fad-54c7-a75a-32a5161da656"",""schema_name"":""lebl.backend.record"",""schema_version"":""0.3.0"",""semantic_aliases"":[],""semantic_key"":""lebl.ra.concept.ledger.order.archimedean-property"",""source_bindings"":[],""status"":""active"",""supersedes_id"":null,""workflow_id"":""01a01f57-a34b-7740-9717-596b8116910c/backend-production-v0.3-r006-live""}"
"urn:uuid:b4fe49a2-f058-5359-b340-e07352ef6a4a","lebl.ra.concept.ledger.matrix.column","column","","[]","[]","urn:uuid:a0273f1c-6fad-54c7-a75a-32a5161da656","active","{""definition"":"""",""id"":""urn:uuid:b4fe49a2-f058-5359-b340-e07352ef6a4a"",""label"":""column"",""notation"":[],""record_type"":""concept"",""recorded_at"":""2026-08-21T00:00:00Z"",""rights_id"":""urn:uuid:a0273f1c-6fad-54c7-a75a-32a5161da656"",""schema_name"":""lebl.backend.record"",""schema_version"":""0.3.0"",""semantic_aliases"":[],""semantic_key"":""lebl.ra.concept.ledger.matrix.column"",""source_bindings"":[],""status"":""active"",""supersedes_id"":null,""workflow_id"":""01a01f57-a34b-7740-9717-596b8116910c/backend-production-v0.3-r006-live""}"
"urn:uuid:b61e4ce9-f367-5923-b224-4a5bb6061f12","lebl.ra.concept.ledger.logic.axiom","axiom","","[]","[]","urn:uuid:a0273f1c-6fad-54c7-a75a-32a5161da656","active","{""definition"":"""",""id"":""urn:uuid:b61e4ce9-f367-5923-b224-4a5bb6061f12"",""label"":""axiom"",""notation"":[],""record_type"":""concept"",""recorded_at"":""2026-08-21T00:00:00Z"",""rights_id"":""urn:uuid:a0273f1c-6fad-54c7-a75a-32a5161da656"",""schema_name"":""lebl.backend.record"",""schema_version"":""0.3.0"",""semantic_aliases"":[],""semantic_key"":""lebl.ra.concept.ledger.logic.axiom"",""source_bindings"":[],""status"":""active"",""supersedes_id"":null,""workflow_id"":""01a01f57-a34b-7740-9717-596b8116910c/backend-production-v0.3-r006-live""}"
"urn:uuid:b6fe0354-cb98-5aa2-b8cd-c5fcfb0a5a45","lebl.ra.concept.ledger.theorem.peano-existence","Peano existence theorem","","[]","[]","urn:uuid:a0273f1c-6fad-54c7-a75a-32a5161da656","active","{""definition"":"""",""id"":""urn:uuid:b6fe0354-cb98-5aa2-b8cd-c5fcfb0a5a45"",""label"":""Peano existence theorem"",""notation"":[],""record_type"":""concept"",""recorded_at"":""2026-08-21T00:00:00Z"",""rights_id"":""urn:uuid:a0273f1c-6fad-54c7-a75a-32a5161da656"",""schema_name"":""lebl.backend.record"",""schema_version"":""0.3.0"",""semantic_aliases"":[],""semantic_key"":""lebl.ra.concept.ledger.theorem.peano-existence"",""source_bindings"":[],""status"":""active"",""supersedes_id"":null,""workflow_id"":""01a01f57-a34b-7740-9717-596b8116910c/backend-production-v0.3-r006-live""}"
"urn:uuid:b719dc0c-b23b-553e-9f68-9478c2d44830","lebl.ra.concept.ledger.calculus.higher-order-derivative","higher-order derivative","","[]","[]","urn:uuid:a0273f1c-6fad-54c7-a75a-32a5161da656","active","{""definition"":"""",""id"":""urn:uuid:b719dc0c-b23b-553e-9f68-9478c2d44830"",""label"":""higher-order derivative"",""notation"":[],""record_type"":""concept"",""recorded_at"":""2026-08-21T00:00:00Z"",""rights_id"":""urn:uuid:a0273f1c-6fad-54c7-a75a-32a5161da656"",""schema_name"":""lebl.backend.record"",""schema_version"":""0.3.0"",""semantic_aliases"":[],""semantic_key"":""lebl.ra.concept.ledger.calculus.higher-order-derivative"",""source_bindings"":[],""status"":""active"",""supersedes_id"":null,""workflow_id"":""01a01f57-a34b-7740-9717-596b8116910c/backend-production-v0.3-r006-live""}"
"urn:uuid:b72453c5-de9a-558e-b963-2027502b61e8","lebl.ra.concept.ledger.norm","norm","","[]","[]","urn:uuid:a0273f1c-6fad-54c7-a75a-32a5161da656","active","{""definition"":"""",""id"":""urn:uuid:b72453c5-de9a-558e-b963-2027502b61e8"",""label"":""norm"",""notation"":[],""record_type"":""concept"",""recorded_at"":""2026-08-21T00:00:00Z"",""rights_id"":""urn:uuid:a0273f1c-6fad-54c7-a75a-32a5161da656"",""schema_name"":""lebl.backend.record"",""schema_version"":""0.3.0"",""semantic_aliases"":[],""semantic_key"":""lebl.ra.concept.ledger.norm"",""source_bindings"":[],""status"":""active"",""supersedes_id"":null,""workflow_id"":""01a01f57-a34b-7740-9717-596b8116910c/backend-production-v0.3-r006-live""}"
"urn:uuid:b894e149-28ea-5130-aca2-9cf1d9323663","lebl.ra.concept.ledger.order.trichotomy","trichotomy","","[]","[]","urn:uuid:a0273f1c-6fad-54c7-a75a-32a5161da656","active","{""definition"":"""",""id"":""urn:uuid:b894e149-28ea-5130-aca2-9cf1d9323663"",""label"":""trichotomy"",""notation"":[],""record_type"":""concept"",""recorded_at"":""2026-08-21T00:00:00Z"",""rights_id"":""urn:uuid:a0273f1c-6fad-54c7-a75a-32a5161da656"",""schema_name"":""lebl.backend.record"",""schema_version"":""0.3.0"",""semantic_aliases"":[],""semantic_key"":""lebl.ra.concept.ledger.order.trichotomy"",""source_bindings"":[],""status"":""active"",""supersedes_id"":null,""workflow_id"":""01a01f57-a34b-7740-9717-596b8116910c/backend-production-v0.3-r006-live""}"
"urn:uuid:b8a3985a-3ae1-58f8-b4e4-cd76525714fb","lebl.ra.concept.ledger.distance-function","distance function","","[]","[]","urn:uuid:a0273f1c-6fad-54c7-a75a-32a5161da656","active","{""definition"":"""",""id"":""urn:uuid:b8a3985a-3ae1-58f8-b4e4-cd76525714fb"",""label"":""distance function"",""notation"":[],""record_type"":""concept"",""recorded_at"":""2026-08-21T00:00:00Z"",""rights_id"":""urn:uuid:a0273f1c-6fad-54c7-a75a-32a5161da656"",""schema_name"":""lebl.backend.record"",""schema_version"":""0.3.0"",""semantic_aliases"":[],""semantic_key"":""lebl.ra.concept.ledger.distance-function"",""source_bindings"":[],""status"":""active"",""supersedes_id"":null,""workflow_id"":""01a01f57-a34b-7740-9717-596b8116910c/backend-production-v0.3-r006-live""}"
"urn:uuid:b9bbdad4-c8c1-5076-a8f2-db370e3f5f07","lebl.ra.concept.ledger.set-theory.countable","countable","","[]","[]","urn:uuid:a0273f1c-6fad-54c7-a75a-32a5161da656","active","{""definition"":"""",""id"":""urn:uuid:b9bbdad4-c8c1-5076-a8f2-db370e3f5f07"",""label"":""countable"",""notation"":[],""record_type"":""concept"",""recorded_at"":""2026-08-21T00:00:00Z"",""rights_id"":""urn:uuid:a0273f1c-6fad-54c7-a75a-32a5161da656"",""schema_name"":""lebl.backend.record"",""schema_version"":""0.3.0"",""semantic_aliases"":[],""semantic_key"":""lebl.ra.concept.ledger.set-theory.countable"",""source_bindings"":[],""status"":""active"",""supersedes_id"":null,""workflow_id"":""01a01f57-a34b-7740-9717-596b8116910c/backend-production-v0.3-r006-live""}"
"urn:uuid:ba0e4546-5168-52b1-adbd-f205575eac75","lebl.ra.concept.ledger.set.open","open set","","[]","[]","urn:uuid:a0273f1c-6fad-54c7-a75a-32a5161da656","active","{""definition"":"""",""id"":""urn:uuid:ba0e4546-5168-52b1-adbd-f205575eac75"",""label"":""open set"",""notation"":[],""record_type"":""concept"",""recorded_at"":""2026-08-21T00:00:00Z"",""rights_id"":""urn:uuid:a0273f1c-6fad-54c7-a75a-32a5161da656"",""schema_name"":""lebl.backend.record"",""schema_version"":""0.3.0"",""semantic_aliases"":[],""semantic_key"":""lebl.ra.concept.ledger.set.open"",""source_bindings"":[],""status"":""active"",""supersedes_id"":null,""workflow_id"":""01a01f57-a34b-7740-9717-596b8116910c/backend-production-v0.3-r006-live""}"
"urn:uuid:baab3811-c940-5d9c-a731-b4a156a9285d","lebl.ra.concept.ledger.divergence.to-infinity","diverges to infinity","","[]","[]","urn:uuid:a0273f1c-6fad-54c7-a75a-32a5161da656","active","{""definition"":"""",""id"":""urn:uuid:baab3811-c940-5d9c-a731-b4a156a9285d"",""label"":""diverges to infinity"",""notation"":[],""record_type"":""concept"",""recorded_at"":""2026-08-21T00:00:00Z"",""rights_id"":""urn:uuid:a0273f1c-6fad-54c7-a75a-32a5161da656"",""schema_name"":""lebl.backend.record"",""schema_version"":""0.3.0"",""semantic_aliases"":[],""semantic_key"":""lebl.ra.concept.ledger.divergence.to-infinity"",""source_bindings"":[],""status"":""active"",""supersedes_id"":null,""workflow_id"":""01a01f57-a34b-7740-9717-596b8116910c/backend-production-v0.3-r006-live""}"
"urn:uuid:bc53e539-ee36-550c-a178-fb9b3ea36656","lebl.ra.concept.ledger.function.dirichlet","Dirichlet function","","[]","[]","urn:uuid:a0273f1c-6fad-54c7-a75a-32a5161da656","active","{""definition"":"""",""id"":""urn:uuid:bc53e539-ee36-550c-a178-fb9b3ea36656"",""label"":""Dirichlet function"",""notation"":[],""record_type"":""concept"",""recorded_at"":""2026-08-21T00:00:00Z"",""rights_id"":""urn:uuid:a0273f1c-6fad-54c7-a75a-32a5161da656"",""schema_name"":""lebl.backend.record"",""schema_version"":""0.3.0"",""semantic_aliases"":[],""semantic_key"":""lebl.ra.concept.ledger.function.dirichlet"",""source_bindings"":[],""status"":""active"",""supersedes_id"":null,""workflow_id"":""01a01f57-a34b-7740-9717-596b8116910c/backend-production-v0.3-r006-live""}"
"urn:uuid:bd633c20-2064-5180-b4c2-d0113ceb7391","lebl.ra.concept.ledger.calculus.fundamental-theorem-first-form","first form of the fundamental theorem","","[]","[]","urn:uuid:a0273f1c-6fad-54c7-a75a-32a5161da656","active","{""definition"":"""",""id"":""urn:uuid:bd633c20-2064-5180-b4c2-d0113ceb7391"",""label"":""first form of the fundamental theorem"",""notation"":[],""record_type"":""concept"",""recorded_at"":""2026-08-21T00:00:00Z"",""rights_id"":""urn:uuid:a0273f1c-6fad-54c7-a75a-32a5161da656"",""schema_name"":""lebl.backend.record"",""schema_version"":""0.3.0"",""semantic_aliases"":[],""semantic_key"":""lebl.ra.concept.ledger.calculus.fundamental-theorem-first-form"",""source_bindings"":[],""status"":""active"",""supersedes_id"":null,""workflow_id"":""01a01f57-a34b-7740-9717-596b8116910c/backend-production-v0.3-r006-live""}"
"urn:uuid:bd6a16c9-598d-5dc8-8de3-262cbe1e7fa1","lebl.ra.concept.ledger.compactness.relative","relatively compact","","[]","[]","urn:uuid:a0273f1c-6fad-54c7-a75a-32a5161da656","active","{""definition"":"""",""id"":""urn:uuid:bd6a16c9-598d-5dc8-8de3-262cbe1e7fa1"",""label"":""relatively compact"",""notation"":[],""record_type"":""concept"",""recorded_at"":""2026-08-21T00:00:00Z"",""rights_id"":""urn:uuid:a0273f1c-6fad-54c7-a75a-32a5161da656"",""schema_name"":""lebl.backend.record"",""schema_version"":""0.3.0"",""semantic_aliases"":[],""semantic_key"":""lebl.ra.concept.ledger.compactness.relative"",""source_bindings"":[],""status"":""active"",""supersedes_id"":null,""workflow_id"":""01a01f57-a34b-7740-9717-596b8116910c/backend-production-v0.3-r006-live""}"
"urn:uuid:bf9ad1f2-852d-50b2-bf44-238315d77825","lebl.ra.concept.ledger.set-theory.cardinality","cardinality","","[]","[]","urn:uuid:a0273f1c-6fad-54c7-a75a-32a5161da656","active","{""definition"":"""",""id"":""urn:uuid:bf9ad1f2-852d-50b2-bf44-238315d77825"",""label"":""cardinality"",""notation"":[],""record_type"":""concept"",""recorded_at"":""2026-08-21T00:00:00Z"",""rights_id"":""urn:uuid:a0273f1c-6fad-54c7-a75a-32a5161da656"",""schema_name"":""lebl.backend.record"",""schema_version"":""0.3.0"",""semantic_aliases"":[],""semantic_key"":""lebl.ra.concept.ledger.set-theory.cardinality"",""source_bindings"":[],""status"":""active"",""supersedes_id"":null,""workflow_id"":""01a01f57-a34b-7740-9717-596b8116910c/backend-production-v0.3-r006-live""}"
"urn:uuid:bfa4bc51-2ac1-5e4a-80f9-f40cdd13c615","lebl.ra.concept.ledger.set.dense","dense set","","[]","[]","urn:uuid:a0273f1c-6fad-54c7-a75a-32a5161da656","active","{""definition"":"""",""id"":""urn:uuid:bfa4bc51-2ac1-5e4a-80f9-f40cdd13c615"",""label"":""dense set"",""notation"":[],""record_type"":""concept"",""recorded_at"":""2026-08-21T00:00:00Z"",""rights_id"":""urn:uuid:a0273f1c-6fad-54c7-a75a-32a5161da656"",""schema_name"":""lebl.backend.record"",""schema_version"":""0.3.0"",""semantic_aliases"":[],""semantic_key"":""lebl.ra.concept.ledger.set.dense"",""source_bindings"":[],""status"":""active"",""supersedes_id"":null,""workflow_id"":""01a01f57-a34b-7740-9717-596b8116910c/backend-production-v0.3-r006-live""}"
"urn:uuid:c065e812-d85d-52fb-83fe-977e269d274f","lebl.ra.concept.ledger.order.upper-bound","upper bound","","[]","[]","urn:uuid:a0273f1c-6fad-54c7-a75a-32a5161da656","active","{""definition"":"""",""id"":""urn:uuid:c065e812-d85d-52fb-83fe-977e269d274f"",""label"":""upper bound"",""notation"":[],""record_type"":""concept"",""recorded_at"":""2026-08-21T00:00:00Z"",""rights_id"":""urn:uuid:a0273f1c-6fad-54c7-a75a-32a5161da656"",""schema_name"":""lebl.backend.record"",""schema_version"":""0.3.0"",""semantic_aliases"":[],""semantic_key"":""lebl.ra.concept.ledger.order.upper-bound"",""source_bindings"":[],""status"":""active"",""supersedes_id"":null,""workflow_id"":""01a01f57-a34b-7740-9717-596b8116910c/backend-production-v0.3-r006-live""}"
"urn:uuid:c2085ed2-843b-5690-b07d-ae2d758c9be0","lebl.ra.concept.ledger.series.conditional-convergence","conditional convergence","","[]","[]","urn:uuid:a0273f1c-6fad-54c7-a75a-32a5161da656","active","{""definition"":"""",""id"":""urn:uuid:c2085ed2-843b-5690-b07d-ae2d758c9be0"",""label"":""conditional convergence"",""notation"":[],""record_type"":""concept"",""recorded_at"":""2026-08-21T00:00:00Z"",""rights_id"":""urn:uuid:a0273f1c-6fad-54c7-a75a-32a5161da656"",""schema_name"":""lebl.backend.record"",""schema_version"":""0.3.0"",""semantic_aliases"":[],""semantic_key"":""lebl.ra.concept.ledger.series.conditional-convergence"",""source_bindings"":[],""status"":""active"",""supersedes_id"":null,""workflow_id"":""01a01f57-a34b-7740-9717-596b8116910c/backend-production-v0.3-r006-live""}"
"urn:uuid:c5db6a4e-f9c4-5f40-b74f-8bf872f70cb5","lebl.ra.concept.ledger.series.radius-of-convergence","radius of convergence","","[]","[]","urn:uuid:a0273f1c-6fad-54c7-a75a-32a5161da656","active","{""definition"":"""",""id"":""urn:uuid:c5db6a4e-f9c4-5f40-b74f-8bf872f70cb5"",""label"":""radius of convergence"",""notation"":[],""record_type"":""concept"",""recorded_at"":""2026-08-21T00:00:00Z"",""rights_id"":""urn:uuid:a0273f1c-6fad-54c7-a75a-32a5161da656"",""schema_name"":""lebl.backend.record"",""schema_version"":""0.3.0"",""semantic_aliases"":[],""semantic_key"":""lebl.ra.concept.ledger.series.radius-of-convergence"",""source_bindings"":[],""status"":""active"",""supersedes_id"":null,""workflow_id"":""01a01f57-a34b-7740-9717-596b8116910c/backend-production-v0.3-r006-live""}"
"urn:uuid:c602db9b-60af-5f62-915c-583615dabfd9","lebl.ra.concept.ledger.function.bijection","bijection","","[]","[]","urn:uuid:a0273f1c-6fad-54c7-a75a-32a5161da656","active","{""definition"":"""",""id"":""urn:uuid:c602db9b-60af-5f62-915c-583615dabfd9"",""label"":""bijection"",""notation"":[],""record_type"":""concept"",""recorded_at"":""2026-08-21T00:00:00Z"",""rights_id"":""urn:uuid:a0273f1c-6fad-54c7-a75a-32a5161da656"",""schema_name"":""lebl.backend.record"",""schema_version"":""0.3.0"",""semantic_aliases"":[],""semantic_key"":""lebl.ra.concept.ledger.function.bijection"",""source_bindings"":[],""status"":""active"",""supersedes_id"":null,""workflow_id"":""01a01f57-a34b-7740-9717-596b8116910c/backend-production-v0.3-r006-live""}"
"urn:uuid:c64fa1d1-8354-5341-95d0-7d2301abc68d","lebl.ra.concept.ledger.set.compact","compact set","","[]","[]","urn:uuid:a0273f1c-6fad-54c7-a75a-32a5161da656","active","{""definition"":"""",""id"":""urn:uuid:c64fa1d1-8354-5341-95d0-7d2301abc68d"",""label"":""compact set"",""notation"":[],""record_type"":""concept"",""recorded_at"":""2026-08-21T00:00:00Z"",""rights_id"":""urn:uuid:a0273f1c-6fad-54c7-a75a-32a5161da656"",""schema_name"":""lebl.backend.record"",""schema_version"":""0.3.0"",""semantic_aliases"":[],""semantic_key"":""lebl.ra.concept.ledger.set.compact"",""source_bindings"":[],""status"":""active"",""supersedes_id"":null,""workflow_id"":""01a01f57-a34b-7740-9717-596b8116910c/backend-production-v0.3-r006-live""}"
"urn:uuid:c66990a5-a8b2-5444-9bf7-734877170bab","lebl.ra.concept.ledger.equation.ordinary-differential","ordinary differential equation","","[]","[]","urn:uuid:a0273f1c-6fad-54c7-a75a-32a5161da656","active","{""definition"":"""",""id"":""urn:uuid:c66990a5-a8b2-5444-9bf7-734877170bab"",""label"":""ordinary differential equation"",""notation"":[],""record_type"":""concept"",""recorded_at"":""2026-08-21T00:00:00Z"",""rights_id"":""urn:uuid:a0273f1c-6fad-54c7-a75a-32a5161da656"",""schema_name"":""lebl.backend.record"",""schema_version"":""0.3.0"",""semantic_aliases"":[],""semantic_key"":""lebl.ra.concept.ledger.equation.ordinary-differential"",""source_bindings"":[],""status"":""active"",""supersedes_id"":null,""workflow_id"":""01a01f57-a34b-7740-9717-596b8116910c/backend-production-v0.3-r006-live""}"
"urn:uuid:c6792636-4251-53a4-8218-9db1cbb768bc","lebl.ra.concept.ledger.initial-condition","initial condition","","[]","[]","urn:uuid:a0273f1c-6fad-54c7-a75a-32a5161da656","active","{""definition"":"""",""id"":""urn:uuid:c6792636-4251-53a4-8218-9db1cbb768bc"",""label"":""initial condition"",""notation"":[],""record_type"":""concept"",""recorded_at"":""2026-08-21T00:00:00Z"",""rights_id"":""urn:uuid:a0273f1c-6fad-54c7-a75a-32a5161da656"",""schema_name"":""lebl.backend.record"",""schema_version"":""0.3.0"",""semantic_aliases"":[],""semantic_key"":""lebl.ra.concept.ledger.initial-condition"",""source_bindings"":[],""status"":""active"",""supersedes_id"":null,""workflow_id"":""01a01f57-a34b-7740-9717-596b8116910c/backend-production-v0.3-r006-live""}"
"urn:uuid:c6ada7a5-23cb-555d-af83-b893cb5d7799","lebl.ra.concept.ledger.number.nonnegative","nonnegative","","[]","[]","urn:uuid:a0273f1c-6fad-54c7-a75a-32a5161da656","active","{""definition"":"""",""id"":""urn:uuid:c6ada7a5-23cb-555d-af83-b893cb5d7799"",""label"":""nonnegative"",""notation"":[],""record_type"":""concept"",""recorded_at"":""2026-08-21T00:00:00Z"",""rights_id"":""urn:uuid:a0273f1c-6fad-54c7-a75a-32a5161da656"",""schema_name"":""lebl.backend.record"",""schema_version"":""0.3.0"",""semantic_aliases"":[],""semantic_key"":""lebl.ra.concept.ledger.number.nonnegative"",""source_bindings"":[],""status"":""active"",""supersedes_id"":null,""workflow_id"":""01a01f57-a34b-7740-9717-596b8116910c/backend-production-v0.3-r006-live""}"
"urn:uuid:c6e90084-1fff-5360-b474-3807ca953c8a","lebl.ra.concept.ledger.space.vector-real","real vector space","","[]","[]","urn:uuid:a0273f1c-6fad-54c7-a75a-32a5161da656","active","{""definition"":"""",""id"":""urn:uuid:c6e90084-1fff-5360-b474-3807ca953c8a"",""label"":""real vector space"",""notation"":[],""record_type"":""concept"",""recorded_at"":""2026-08-21T00:00:00Z"",""rights_id"":""urn:uuid:a0273f1c-6fad-54c7-a75a-32a5161da656"",""schema_name"":""lebl.backend.record"",""schema_version"":""0.3.0"",""semantic_aliases"":[],""semantic_key"":""lebl.ra.concept.ledger.space.vector-real"",""source_bindings"":[],""status"":""active"",""supersedes_id"":null,""workflow_id"":""01a01f57-a34b-7740-9717-596b8116910c/backend-production-v0.3-r006-live""}"
"urn:uuid:c8233b5f-020a-571e-ab56-c6eea8de11e6","lebl.ra.concept.ledger.set.bounded","bounded set","","[]","[]","urn:uuid:a0273f1c-6fad-54c7-a75a-32a5161da656","active","{""definition"":"""",""id"":""urn:uuid:c8233b5f-020a-571e-ab56-c6eea8de11e6"",""label"":""bounded set"",""notation"":[],""record_type"":""concept"",""recorded_at"":""2026-08-21T00:00:00Z"",""rights_id"":""urn:uuid:a0273f1c-6fad-54c7-a75a-32a5161da656"",""schema_name"":""lebl.backend.record"",""schema_version"":""0.3.0"",""semantic_aliases"":[],""semantic_key"":""lebl.ra.concept.ledger.set.bounded"",""source_bindings"":[],""status"":""active"",""supersedes_id"":null,""workflow_id"":""01a01f57-a34b-7740-9717-596b8116910c/backend-production-v0.3-r006-live""}"
"urn:uuid:c9976f48-35de-5979-8f94-16977bbf6c24","lebl.ra.concept.ledger.definition.well-defined","well-defined","","[]","[]","urn:uuid:a0273f1c-6fad-54c7-a75a-32a5161da656","active","{""definition"":"""",""id"":""urn:uuid:c9976f48-35de-5979-8f94-16977bbf6c24"",""label"":""well-defined"",""notation"":[],""record_type"":""concept"",""recorded_at"":""2026-08-21T00:00:00Z"",""rights_id"":""urn:uuid:a0273f1c-6fad-54c7-a75a-32a5161da656"",""schema_name"":""lebl.backend.record"",""schema_version"":""0.3.0"",""semantic_aliases"":[],""semantic_key"":""lebl.ra.concept.ledger.definition.well-defined"",""source_bindings"":[],""status"":""active"",""supersedes_id"":null,""workflow_id"":""01a01f57-a34b-7740-9717-596b8116910c/backend-production-v0.3-r006-live""}"
"urn:uuid:c9a8caaf-b07e-5c3c-b368-a4f197235b15","lebl.ra.concept.ledger.set.disconnected","disconnected set","","[]","[]","urn:uuid:a0273f1c-6fad-54c7-a75a-32a5161da656","active","{""definition"":"""",""id"":""urn:uuid:c9a8caaf-b07e-5c3c-b368-a4f197235b15"",""label"":""disconnected set"",""notation"":[],""record_type"":""concept"",""recorded_at"":""2026-08-21T00:00:00Z"",""rights_id"":""urn:uuid:a0273f1c-6fad-54c7-a75a-32a5161da656"",""schema_name"":""lebl.backend.record"",""schema_version"":""0.3.0"",""semantic_aliases"":[],""semantic_key"":""lebl.ra.concept.ledger.set.disconnected"",""source_bindings"":[],""status"":""active"",""supersedes_id"":null,""workflow_id"":""01a01f57-a34b-7740-9717-596b8116910c/backend-production-v0.3-r006-live""}"
"urn:uuid:c9df96fc-e23e-53ee-856a-c274b16f7c42","lebl.ra.concept.ledger.integration.riemann-integrable","Riemann integrable","","[]","[]","urn:uuid:a0273f1c-6fad-54c7-a75a-32a5161da656","active","{""definition"":"""",""id"":""urn:uuid:c9df96fc-e23e-53ee-856a-c274b16f7c42"",""label"":""Riemann integrable"",""notation"":[],""record_type"":""concept"",""recorded_at"":""2026-08-21T00:00:00Z"",""rights_id"":""urn:uuid:a0273f1c-6fad-54c7-a75a-32a5161da656"",""schema_name"":""lebl.backend.record"",""schema_version"":""0.3.0"",""semantic_aliases"":[],""semantic_key"":""lebl.ra.concept.ledger.integration.riemann-integrable"",""source_bindings"":[],""status"":""active"",""supersedes_id"":null,""workflow_id"":""01a01f57-a34b-7740-9717-596b8116910c/backend-production-v0.3-r006-live""}"
"urn:uuid:ca080955-3679-51e5-a132-17add960f817","lebl.ra.concept.ledger.function.logarithm","logarithm","","[]","[]","urn:uuid:a0273f1c-6fad-54c7-a75a-32a5161da656","active","{""definition"":"""",""id"":""urn:uuid:ca080955-3679-51e5-a132-17add960f817"",""label"":""logarithm"",""notation"":[],""record_type"":""concept"",""recorded_at"":""2026-08-21T00:00:00Z"",""rights_id"":""urn:uuid:a0273f1c-6fad-54c7-a75a-32a5161da656"",""schema_name"":""lebl.backend.record"",""schema_version"":""0.3.0"",""semantic_aliases"":[],""semantic_key"":""lebl.ra.concept.ledger.function.logarithm"",""source_bindings"":[],""status"":""active"",""supersedes_id"":null,""workflow_id"":""01a01f57-a34b-7740-9717-596b8116910c/backend-production-v0.3-r006-live""}"
"urn:uuid:ca446141-e22f-5b82-8740-9c93b45c4182","lebl.ra.concept.ledger.proof.cantor-diagonalization","Cantor diagonalization","","[]","[]","urn:uuid:a0273f1c-6fad-54c7-a75a-32a5161da656","active","{""definition"":"""",""id"":""urn:uuid:ca446141-e22f-5b82-8740-9c93b45c4182"",""label"":""Cantor diagonalization"",""notation"":[],""record_type"":""concept"",""recorded_at"":""2026-08-21T00:00:00Z"",""rights_id"":""urn:uuid:a0273f1c-6fad-54c7-a75a-32a5161da656"",""schema_name"":""lebl.backend.record"",""schema_version"":""0.3.0"",""semantic_aliases"":[],""semantic_key"":""lebl.ra.concept.ledger.proof.cantor-diagonalization"",""source_bindings"":[],""status"":""active"",""supersedes_id"":null,""workflow_id"":""01a01f57-a34b-7740-9717-596b8116910c/backend-production-v0.3-r006-live""}"
"urn:uuid:ccaca74c-3dfa-5307-9aa0-9af1e58efa5a","lebl.ra.concept.ledger.function.analytic","analytic function","","[]","[]","urn:uuid:a0273f1c-6fad-54c7-a75a-32a5161da656","active","{""definition"":"""",""id"":""urn:uuid:ccaca74c-3dfa-5307-9aa0-9af1e58efa5a"",""label"":""analytic function"",""notation"":[],""record_type"":""concept"",""recorded_at"":""2026-08-21T00:00:00Z"",""rights_id"":""urn:uuid:a0273f1c-6fad-54c7-a75a-32a5161da656"",""schema_name"":""lebl.backend.record"",""schema_version"":""0.3.0"",""semantic_aliases"":[],""semantic_key"":""lebl.ra.concept.ledger.function.analytic"",""source_bindings"":[],""status"":""active"",""supersedes_id"":null,""workflow_id"":""01a01f57-a34b-7740-9717-596b8116910c/backend-production-v0.3-r006-live""}"
"urn:uuid:ccfd7771-c23d-5b32-a769-55173daf3501","lebl.ra.concept.ledger.series.p-series","p-series","","[]","[]","urn:uuid:a0273f1c-6fad-54c7-a75a-32a5161da656","active","{""definition"":"""",""id"":""urn:uuid:ccfd7771-c23d-5b32-a769-55173daf3501"",""label"":""p-series"",""notation"":[],""record_type"":""concept"",""recorded_at"":""2026-08-21T00:00:00Z"",""rights_id"":""urn:uuid:a0273f1c-6fad-54c7-a75a-32a5161da656"",""schema_name"":""lebl.backend.record"",""schema_version"":""0.3.0"",""semantic_aliases"":[],""semantic_key"":""lebl.ra.concept.ledger.series.p-series"",""source_bindings"":[],""status"":""active"",""supersedes_id"":null,""workflow_id"":""01a01f57-a34b-7740-9717-596b8116910c/backend-production-v0.3-r006-live""}"
"urn:uuid:cd6e405e-27b9-5cda-aa72-9e63eb8025e7","lebl.ra.concept.ledger.interval.open","open interval","","[]","[]","urn:uuid:a0273f1c-6fad-54c7-a75a-32a5161da656","active","{""definition"":"""",""id"":""urn:uuid:cd6e405e-27b9-5cda-aa72-9e63eb8025e7"",""label"":""open interval"",""notation"":[],""record_type"":""concept"",""recorded_at"":""2026-08-21T00:00:00Z"",""rights_id"":""urn:uuid:a0273f1c-6fad-54c7-a75a-32a5161da656"",""schema_name"":""lebl.backend.record"",""schema_version"":""0.3.0"",""semantic_aliases"":[],""semantic_key"":""lebl.ra.concept.ledger.interval.open"",""source_bindings"":[],""status"":""active"",""supersedes_id"":null,""workflow_id"":""01a01f57-a34b-7740-9717-596b8116910c/backend-production-v0.3-r006-live""}"
"urn:uuid:cd815d26-d139-52e5-94e6-51e0ac2ec9cc","lebl.ra.concept.ledger.fixed-point","fixed point","","[]","[]","urn:uuid:a0273f1c-6fad-54c7-a75a-32a5161da656","active","{""definition"":"""",""id"":""urn:uuid:cd815d26-d139-52e5-94e6-51e0ac2ec9cc"",""label"":""fixed point"",""notation"":[],""record_type"":""concept"",""recorded_at"":""2026-08-21T00:00:00Z"",""rights_id"":""urn:uuid:a0273f1c-6fad-54c7-a75a-32a5161da656"",""schema_name"":""lebl.backend.record"",""schema_version"":""0.3.0"",""semantic_aliases"":[],""semantic_key"":""lebl.ra.concept.ledger.fixed-point"",""source_bindings"":[],""status"":""active"",""supersedes_id"":null,""workflow_id"":""01a01f57-a34b-7740-9717-596b8116910c/backend-production-v0.3-r006-live""}"
"urn:uuid:ce9e5a41-8e4e-543c-9ccb-f3dcd9a62591","lebl.ra.concept.ledger.calculus.second-derivative-test","second derivative test","","[]","[]","urn:uuid:a0273f1c-6fad-54c7-a75a-32a5161da656","active","{""definition"":"""",""id"":""urn:uuid:ce9e5a41-8e4e-543c-9ccb-f3dcd9a62591"",""label"":""second derivative test"",""notation"":[],""record_type"":""concept"",""recorded_at"":""2026-08-21T00:00:00Z"",""rights_id"":""urn:uuid:a0273f1c-6fad-54c7-a75a-32a5161da656"",""schema_name"":""lebl.backend.record"",""schema_version"":""0.3.0"",""semantic_aliases"":[],""semantic_key"":""lebl.ra.concept.ledger.calculus.second-derivative-test"",""source_bindings"":[],""status"":""active"",""supersedes_id"":null,""workflow_id"":""01a01f57-a34b-7740-9717-596b8116910c/backend-production-v0.3-r006-live""}"
"urn:uuid:cea45cc7-7712-567a-a79b-76c28e6f2075","lebl.ra.concept.ledger.metric.nonnegativity","nonnegativity of a metric","","[]","[]","urn:uuid:a0273f1c-6fad-54c7-a75a-32a5161da656","active","{""definition"":"""",""id"":""urn:uuid:cea45cc7-7712-567a-a79b-76c28e6f2075"",""label"":""nonnegativity of a metric"",""notation"":[],""record_type"":""concept"",""recorded_at"":""2026-08-21T00:00:00Z"",""rights_id"":""urn:uuid:a0273f1c-6fad-54c7-a75a-32a5161da656"",""schema_name"":""lebl.backend.record"",""schema_version"":""0.3.0"",""semantic_aliases"":[],""semantic_key"":""lebl.ra.concept.ledger.metric.nonnegativity"",""source_bindings"":[],""status"":""active"",""supersedes_id"":null,""workflow_id"":""01a01f57-a34b-7740-9717-596b8116910c/backend-production-v0.3-r006-live""}"
"urn:uuid:cee443de-9af7-52c7-9fa7-38d0f8732296","lebl.ra.concept.ledger.set-theory.intersection","intersection","","[]","[]","urn:uuid:a0273f1c-6fad-54c7-a75a-32a5161da656","active","{""definition"":"""",""id"":""urn:uuid:cee443de-9af7-52c7-9fa7-38d0f8732296"",""label"":""intersection"",""notation"":[],""record_type"":""concept"",""recorded_at"":""2026-08-21T00:00:00Z"",""rights_id"":""urn:uuid:a0273f1c-6fad-54c7-a75a-32a5161da656"",""schema_name"":""lebl.backend.record"",""schema_version"":""0.3.0"",""semantic_aliases"":[],""semantic_key"":""lebl.ra.concept.ledger.set-theory.intersection"",""source_bindings"":[],""status"":""active"",""supersedes_id"":null,""workflow_id"":""01a01f57-a34b-7740-9717-596b8116910c/backend-production-v0.3-r006-live""}"
"urn:uuid:cf0adfcf-53b0-5932-9c48-0ddca4e66aab","lebl.ra.concept.ledger.dimension.infinite","infinite-dimensional","","[]","[]","urn:uuid:a0273f1c-6fad-54c7-a75a-32a5161da656","active","{""definition"":"""",""id"":""urn:uuid:cf0adfcf-53b0-5932-9c48-0ddca4e66aab"",""label"":""infinite-dimensional"",""notation"":[],""record_type"":""concept"",""recorded_at"":""2026-08-21T00:00:00Z"",""rights_id"":""urn:uuid:a0273f1c-6fad-54c7-a75a-32a5161da656"",""schema_name"":""lebl.backend.record"",""schema_version"":""0.3.0"",""semantic_aliases"":[],""semantic_key"":""lebl.ra.concept.ledger.dimension.infinite"",""source_bindings"":[],""status"":""active"",""supersedes_id"":null,""workflow_id"":""01a01f57-a34b-7740-9717-596b8116910c/backend-production-v0.3-r006-live""}"
"urn:uuid:d06cc163-9f21-5c57-a1a6-87ab775e8709","lebl.ra.concept.ledger.matrix.upper-triangular","upper triangular matrix","","[]","[]","urn:uuid:a0273f1c-6fad-54c7-a75a-32a5161da656","active","{""definition"":"""",""id"":""urn:uuid:d06cc163-9f21-5c57-a1a6-87ab775e8709"",""label"":""upper triangular matrix"",""notation"":[],""record_type"":""concept"",""recorded_at"":""2026-08-21T00:00:00Z"",""rights_id"":""urn:uuid:a0273f1c-6fad-54c7-a75a-32a5161da656"",""schema_name"":""lebl.backend.record"",""schema_version"":""0.3.0"",""semantic_aliases"":[],""semantic_key"":""lebl.ra.concept.ledger.matrix.upper-triangular"",""source_bindings"":[],""status"":""active"",""supersedes_id"":null,""workflow_id"":""01a01f57-a34b-7740-9717-596b8116910c/backend-production-v0.3-r006-live""}"
"urn:uuid:d08f63d9-5198-5f08-8bef-d994e4fc50e0","lebl.ra.concept.ledger.theorem.extreme-value","extreme value theorem","","[]","[]","urn:uuid:a0273f1c-6fad-54c7-a75a-32a5161da656","active","{""definition"":"""",""id"":""urn:uuid:d08f63d9-5198-5f08-8bef-d994e4fc50e0"",""label"":""extreme value theorem"",""notation"":[],""record_type"":""concept"",""recorded_at"":""2026-08-21T00:00:00Z"",""rights_id"":""urn:uuid:a0273f1c-6fad-54c7-a75a-32a5161da656"",""schema_name"":""lebl.backend.record"",""schema_version"":""0.3.0"",""semantic_aliases"":[],""semantic_key"":""lebl.ra.concept.ledger.theorem.extreme-value"",""source_bindings"":[],""status"":""active"",""supersedes_id"":null,""workflow_id"":""01a01f57-a34b-7740-9717-596b8116910c/backend-production-v0.3-r006-live""}"
"urn:uuid:d0ee77c2-3d8f-5c56-b6c2-c395583ee8c4","lebl.ra.concept.ledger.calculus.differentiable","differentiable","","[]","[]","urn:uuid:a0273f1c-6fad-54c7-a75a-32a5161da656","active","{""definition"":"""",""id"":""urn:uuid:d0ee77c2-3d8f-5c56-b6c2-c395583ee8c4"",""label"":""differentiable"",""notation"":[],""record_type"":""concept"",""recorded_at"":""2026-08-21T00:00:00Z"",""rights_id"":""urn:uuid:a0273f1c-6fad-54c7-a75a-32a5161da656"",""schema_name"":""lebl.backend.record"",""schema_version"":""0.3.0"",""semantic_aliases"":[],""semantic_key"":""lebl.ra.concept.ledger.calculus.differentiable"",""source_bindings"":[],""status"":""active"",""supersedes_id"":null,""workflow_id"":""01a01f57-a34b-7740-9717-596b8116910c/backend-production-v0.3-r006-live""}"
"urn:uuid:d156ad3a-1b05-5c3a-892f-ed1914b7538e","lebl.ra.concept.ledger.theorem.abel","Abel's theorem","","[]","[]","urn:uuid:a0273f1c-6fad-54c7-a75a-32a5161da656","active","{""definition"":"""",""id"":""urn:uuid:d156ad3a-1b05-5c3a-892f-ed1914b7538e"",""label"":""Abel's theorem"",""notation"":[],""record_type"":""concept"",""recorded_at"":""2026-08-21T00:00:00Z"",""rights_id"":""urn:uuid:a0273f1c-6fad-54c7-a75a-32a5161da656"",""schema_name"":""lebl.backend.record"",""schema_version"":""0.3.0"",""semantic_aliases"":[],""semantic_key"":""lebl.ra.concept.ledger.theorem.abel"",""source_bindings"":[],""status"":""active"",""supersedes_id"":null,""workflow_id"":""01a01f57-a34b-7740-9717-596b8116910c/backend-production-v0.3-r006-live""}"
"urn:uuid:d1c106d3-c8fc-560b-8fe5-9e0ab6e20228","lebl.ra.concept.ledger.operator.differentiation","differentiation operator","","[]","[]","urn:uuid:a0273f1c-6fad-54c7-a75a-32a5161da656","active","{""definition"":"""",""id"":""urn:uuid:d1c106d3-c8fc-560b-8fe5-9e0ab6e20228"",""label"":""differentiation operator"",""notation"":[],""record_type"":""concept"",""recorded_at"":""2026-08-21T00:00:00Z"",""rights_id"":""urn:uuid:a0273f1c-6fad-54c7-a75a-32a5161da656"",""schema_name"":""lebl.backend.record"",""schema_version"":""0.3.0"",""semantic_aliases"":[],""semantic_key"":""lebl.ra.concept.ledger.operator.differentiation"",""source_bindings"":[],""status"":""active"",""supersedes_id"":null,""workflow_id"":""01a01f57-a34b-7740-9717-596b8116910c/backend-production-v0.3-r006-live""}"
"urn:uuid:d297dfcd-4e7d-5ee6-8495-64531ea9a631","lebl.ra.concept.ledger.sequence.recursively-defined","recursively defined sequence","","[]","[]","urn:uuid:a0273f1c-6fad-54c7-a75a-32a5161da656","active","{""definition"":"""",""id"":""urn:uuid:d297dfcd-4e7d-5ee6-8495-64531ea9a631"",""label"":""recursively defined sequence"",""notation"":[],""record_type"":""concept"",""recorded_at"":""2026-08-21T00:00:00Z"",""rights_id"":""urn:uuid:a0273f1c-6fad-54c7-a75a-32a5161da656"",""schema_name"":""lebl.backend.record"",""schema_version"":""0.3.0"",""semantic_aliases"":[],""semantic_key"":""lebl.ra.concept.ledger.sequence.recursively-defined"",""source_bindings"":[],""status"":""active"",""supersedes_id"":null,""workflow_id"":""01a01f57-a34b-7740-9717-596b8116910c/backend-production-v0.3-r006-live""}"
"urn:uuid:d2b4a5ca-024c-5255-9c68-50a1d18175b3","lebl.ra.concept.ledger.function.even","even function","","[]","[]","urn:uuid:a0273f1c-6fad-54c7-a75a-32a5161da656","active","{""definition"":"""",""id"":""urn:uuid:d2b4a5ca-024c-5255-9c68-50a1d18175b3"",""label"":""even function"",""notation"":[],""record_type"":""concept"",""recorded_at"":""2026-08-21T00:00:00Z"",""rights_id"":""urn:uuid:a0273f1c-6fad-54c7-a75a-32a5161da656"",""schema_name"":""lebl.backend.record"",""schema_version"":""0.3.0"",""semantic_aliases"":[],""semantic_key"":""lebl.ra.concept.ledger.function.even"",""source_bindings"":[],""status"":""active"",""supersedes_id"":null,""workflow_id"":""01a01f57-a34b-7740-9717-596b8116910c/backend-production-v0.3-r006-live""}"
"urn:uuid:d3f7cb1e-08db-5095-93c3-e6b41bed93d4","lebl.ra.concept.ledger.algebra.linear","algebra","","[]","[]","urn:uuid:a0273f1c-6fad-54c7-a75a-32a5161da656","active","{""definition"":"""",""id"":""urn:uuid:d3f7cb1e-08db-5095-93c3-e6b41bed93d4"",""label"":""algebra"",""notation"":[],""record_type"":""concept"",""recorded_at"":""2026-08-21T00:00:00Z"",""rights_id"":""urn:uuid:a0273f1c-6fad-54c7-a75a-32a5161da656"",""schema_name"":""lebl.backend.record"",""schema_version"":""0.3.0"",""semantic_aliases"":[],""semantic_key"":""lebl.ra.concept.ledger.algebra.linear"",""source_bindings"":[],""status"":""active"",""supersedes_id"":null,""workflow_id"":""01a01f57-a34b-7740-9717-596b8116910c/backend-production-v0.3-r006-live""}"
"urn:uuid:d4c90937-b5d9-5117-a169-bdae238e2a06","lebl.ra.concept.ledger.sequence.term","term","","[]","[]","urn:uuid:a0273f1c-6fad-54c7-a75a-32a5161da656","active","{""definition"":"""",""id"":""urn:uuid:d4c90937-b5d9-5117-a169-bdae238e2a06"",""label"":""term"",""notation"":[],""record_type"":""concept"",""recorded_at"":""2026-08-21T00:00:00Z"",""rights_id"":""urn:uuid:a0273f1c-6fad-54c7-a75a-32a5161da656"",""schema_name"":""lebl.backend.record"",""schema_version"":""0.3.0"",""semantic_aliases"":[],""semantic_key"":""lebl.ra.concept.ledger.sequence.term"",""source_bindings"":[],""status"":""active"",""supersedes_id"":null,""workflow_id"":""01a01f57-a34b-7740-9717-596b8116910c/backend-production-v0.3-r006-live""}"
"urn:uuid:d4dc0118-0388-536e-b6bf-6b49ef4e4c5a","lebl.ra.concept.ledger.sequence.strictly-increasing-index","strictly increasing sequence of natural numbers","","[]","[]","urn:uuid:a0273f1c-6fad-54c7-a75a-32a5161da656","active","{""definition"":"""",""id"":""urn:uuid:d4dc0118-0388-536e-b6bf-6b49ef4e4c5a"",""label"":""strictly increasing sequence of natural numbers"",""notation"":[],""record_type"":""concept"",""recorded_at"":""2026-08-21T00:00:00Z"",""rights_id"":""urn:uuid:a0273f1c-6fad-54c7-a75a-32a5161da656"",""schema_name"":""lebl.backend.record"",""schema_version"":""0.3.0"",""semantic_aliases"":[],""semantic_key"":""lebl.ra.concept.ledger.sequence.strictly-increasing-index"",""source_bindings"":[],""status"":""active"",""supersedes_id"":null,""workflow_id"":""01a01f57-a34b-7740-9717-596b8116910c/backend-production-v0.3-r006-live""}"
"urn:uuid:d53a38d6-422b-5fa8-9b97-c379075a825d","lebl.ra.concept.ledger.order.well-ordering-property","well ordering property","","[]","[]","urn:uuid:a0273f1c-6fad-54c7-a75a-32a5161da656","active","{""definition"":"""",""id"":""urn:uuid:d53a38d6-422b-5fa8-9b97-c379075a825d"",""label"":""well ordering property"",""notation"":[],""record_type"":""concept"",""recorded_at"":""2026-08-21T00:00:00Z"",""rights_id"":""urn:uuid:a0273f1c-6fad-54c7-a75a-32a5161da656"",""schema_name"":""lebl.backend.record"",""schema_version"":""0.3.0"",""semantic_aliases"":[],""semantic_key"":""lebl.ra.concept.ledger.order.well-ordering-property"",""source_bindings"":[],""status"":""active"",""supersedes_id"":null,""workflow_id"":""01a01f57-a34b-7740-9717-596b8116910c/backend-production-v0.3-r006-live""}"
"urn:uuid:d75383a0-2ba0-5cde-9c4b-6e5bb7f673e1","lebl.ra.concept.ledger.calculus.leibniz-rule","Leibniz rule","","[]","[]","urn:uuid:a0273f1c-6fad-54c7-a75a-32a5161da656","active","{""definition"":"""",""id"":""urn:uuid:d75383a0-2ba0-5cde-9c4b-6e5bb7f673e1"",""label"":""Leibniz rule"",""notation"":[],""record_type"":""concept"",""recorded_at"":""2026-08-21T00:00:00Z"",""rights_id"":""urn:uuid:a0273f1c-6fad-54c7-a75a-32a5161da656"",""schema_name"":""lebl.backend.record"",""schema_version"":""0.3.0"",""semantic_aliases"":[],""semantic_key"":""lebl.ra.concept.ledger.calculus.leibniz-rule"",""source_bindings"":[],""status"":""active"",""supersedes_id"":null,""workflow_id"":""01a01f57-a34b-7740-9717-596b8116910c/backend-production-v0.3-r006-live""}"
"urn:uuid:d88e8162-d2b1-5c0c-9a5b-8c01027adb2c","lebl.ra.concept.ledger.space.vector.normed","normed vector space","","[]","[]","urn:uuid:a0273f1c-6fad-54c7-a75a-32a5161da656","active","{""definition"":"""",""id"":""urn:uuid:d88e8162-d2b1-5c0c-9a5b-8c01027adb2c"",""label"":""normed vector space"",""notation"":[],""record_type"":""concept"",""recorded_at"":""2026-08-21T00:00:00Z"",""rights_id"":""urn:uuid:a0273f1c-6fad-54c7-a75a-32a5161da656"",""schema_name"":""lebl.backend.record"",""schema_version"":""0.3.0"",""semantic_aliases"":[],""semantic_key"":""lebl.ra.concept.ledger.space.vector.normed"",""source_bindings"":[],""status"":""active"",""supersedes_id"":null,""workflow_id"":""01a01f57-a34b-7740-9717-596b8116910c/backend-production-v0.3-r006-live""}"
"urn:uuid:da2a560c-8b14-5fea-8d9b-0310a0f77dd9","lebl.ra.concept.ledger.theorem.monotone-convergence","monotone convergence theorem","","[]","[]","urn:uuid:a0273f1c-6fad-54c7-a75a-32a5161da656","active","{""definition"":"""",""id"":""urn:uuid:da2a560c-8b14-5fea-8d9b-0310a0f77dd9"",""label"":""monotone convergence theorem"",""notation"":[],""record_type"":""concept"",""recorded_at"":""2026-08-21T00:00:00Z"",""rights_id"":""urn:uuid:a0273f1c-6fad-54c7-a75a-32a5161da656"",""schema_name"":""lebl.backend.record"",""schema_version"":""0.3.0"",""semantic_aliases"":[],""semantic_key"":""lebl.ra.concept.ledger.theorem.monotone-convergence"",""source_bindings"":[],""status"":""active"",""supersedes_id"":null,""workflow_id"":""01a01f57-a34b-7740-9717-596b8116910c/backend-production-v0.3-r006-live""}"
"urn:uuid:da94e93d-0f90-59f1-bc62-35234d220fef","lebl.ra.concept.ledger.series.rearrangement","rearrangement of a series","","[]","[]","urn:uuid:a0273f1c-6fad-54c7-a75a-32a5161da656","active","{""definition"":"""",""id"":""urn:uuid:da94e93d-0f90-59f1-bc62-35234d220fef"",""label"":""rearrangement of a series"",""notation"":[],""record_type"":""concept"",""recorded_at"":""2026-08-21T00:00:00Z"",""rights_id"":""urn:uuid:a0273f1c-6fad-54c7-a75a-32a5161da656"",""schema_name"":""lebl.backend.record"",""schema_version"":""0.3.0"",""semantic_aliases"":[],""semantic_key"":""lebl.ra.concept.ledger.series.rearrangement"",""source_bindings"":[],""status"":""active"",""supersedes_id"":null,""workflow_id"":""01a01f57-a34b-7740-9717-596b8116910c/backend-production-v0.3-r006-live""}"
"urn:uuid:db117be0-9d03-5b6f-9f5c-8636d6ced17f","lebl.ra.concept.ledger.integration.upper-darboux-integral","upper Darboux integral","","[]","[]","urn:uuid:a0273f1c-6fad-54c7-a75a-32a5161da656","active","{""definition"":"""",""id"":""urn:uuid:db117be0-9d03-5b6f-9f5c-8636d6ced17f"",""label"":""upper Darboux integral"",""notation"":[],""record_type"":""concept"",""recorded_at"":""2026-08-21T00:00:00Z"",""rights_id"":""urn:uuid:a0273f1c-6fad-54c7-a75a-32a5161da656"",""schema_name"":""lebl.backend.record"",""schema_version"":""0.3.0"",""semantic_aliases"":[],""semantic_key"":""lebl.ra.concept.ledger.integration.upper-darboux-integral"",""source_bindings"":[],""status"":""active"",""supersedes_id"":null,""workflow_id"":""01a01f57-a34b-7740-9717-596b8116910c/backend-production-v0.3-r006-live""}"
"urn:uuid:db579285-1a8c-5603-b282-34c691c45866","lebl.ra.concept.ledger.distance.great-circle","great circle distance","","[]","[]","urn:uuid:a0273f1c-6fad-54c7-a75a-32a5161da656","active","{""definition"":"""",""id"":""urn:uuid:db579285-1a8c-5603-b282-34c691c45866"",""label"":""great circle distance"",""notation"":[],""record_type"":""concept"",""recorded_at"":""2026-08-21T00:00:00Z"",""rights_id"":""urn:uuid:a0273f1c-6fad-54c7-a75a-32a5161da656"",""schema_name"":""lebl.backend.record"",""schema_version"":""0.3.0"",""semantic_aliases"":[],""semantic_key"":""lebl.ra.concept.ledger.distance.great-circle"",""source_bindings"":[],""status"":""active"",""supersedes_id"":null,""workflow_id"":""01a01f57-a34b-7740-9717-596b8116910c/backend-production-v0.3-r006-live""}"
"urn:uuid:dbeec96e-e454-5158-a409-562be963ea36","lebl.ra.concept.ledger.function.popcorn","popcorn function","","[]","[]","urn:uuid:a0273f1c-6fad-54c7-a75a-32a5161da656","active","{""definition"":"""",""id"":""urn:uuid:dbeec96e-e454-5158-a409-562be963ea36"",""label"":""popcorn function"",""notation"":[],""record_type"":""concept"",""recorded_at"":""2026-08-21T00:00:00Z"",""rights_id"":""urn:uuid:a0273f1c-6fad-54c7-a75a-32a5161da656"",""schema_name"":""lebl.backend.record"",""schema_version"":""0.3.0"",""semantic_aliases"":[],""semantic_key"":""lebl.ra.concept.ledger.function.popcorn"",""source_bindings"":[],""status"":""active"",""supersedes_id"":null,""workflow_id"":""01a01f57-a34b-7740-9717-596b8116910c/backend-production-v0.3-r006-live""}"
"urn:uuid:de27747b-3804-5c39-a390-57c2f7730eb3","lebl.ra.concept.ledger.calculus.taylor-polynomial","Taylor polynomial","","[]","[]","urn:uuid:a0273f1c-6fad-54c7-a75a-32a5161da656","active","{""definition"":"""",""id"":""urn:uuid:de27747b-3804-5c39-a390-57c2f7730eb3"",""label"":""Taylor polynomial"",""notation"":[],""record_type"":""concept"",""recorded_at"":""2026-08-21T00:00:00Z"",""rights_id"":""urn:uuid:a0273f1c-6fad-54c7-a75a-32a5161da656"",""schema_name"":""lebl.backend.record"",""schema_version"":""0.3.0"",""semantic_aliases"":[],""semantic_key"":""lebl.ra.concept.ledger.calculus.taylor-polynomial"",""source_bindings"":[],""status"":""active"",""supersedes_id"":null,""workflow_id"":""01a01f57-a34b-7740-9717-596b8116910c/backend-production-v0.3-r006-live""}"
"urn:uuid:dfaba71a-6981-5268-8f9a-5c45e7e0cdf5","lebl.ra.concept.ledger.geometry.vector.tangent","tangent vector","","[]","[]","urn:uuid:a0273f1c-6fad-54c7-a75a-32a5161da656","active","{""definition"":"""",""id"":""urn:uuid:dfaba71a-6981-5268-8f9a-5c45e7e0cdf5"",""label"":""tangent vector"",""notation"":[],""record_type"":""concept"",""recorded_at"":""2026-08-21T00:00:00Z"",""rights_id"":""urn:uuid:a0273f1c-6fad-54c7-a75a-32a5161da656"",""schema_name"":""lebl.backend.record"",""schema_version"":""0.3.0"",""semantic_aliases"":[],""semantic_key"":""lebl.ra.concept.ledger.geometry.vector.tangent"",""source_bindings"":[],""status"":""active"",""supersedes_id"":null,""workflow_id"":""01a01f57-a34b-7740-9717-596b8116910c/backend-production-v0.3-r006-live""}"
"urn:uuid:e05a95eb-5c27-506d-a6e9-b9b799e17cc9","lebl.ra.concept.ledger.arithmetic.quotient","quotient","","[]","[]","urn:uuid:a0273f1c-6fad-54c7-a75a-32a5161da656","active","{""definition"":"""",""id"":""urn:uuid:e05a95eb-5c27-506d-a6e9-b9b799e17cc9"",""label"":""quotient"",""notation"":[],""record_type"":""concept"",""recorded_at"":""2026-08-21T00:00:00Z"",""rights_id"":""urn:uuid:a0273f1c-6fad-54c7-a75a-32a5161da656"",""schema_name"":""lebl.backend.record"",""schema_version"":""0.3.0"",""semantic_aliases"":[],""semantic_key"":""lebl.ra.concept.ledger.arithmetic.quotient"",""source_bindings"":[],""status"":""active"",""supersedes_id"":null,""workflow_id"":""01a01f57-a34b-7740-9717-596b8116910c/backend-production-v0.3-r006-live""}"
"urn:uuid:e0d7d44d-6b3c-579d-9a6d-de7443b1314e","lebl.ra.concept.ledger.inequality.bernoulli","Bernoulli's inequality","","[]","[]","urn:uuid:a0273f1c-6fad-54c7-a75a-32a5161da656","active","{""definition"":"""",""id"":""urn:uuid:e0d7d44d-6b3c-579d-9a6d-de7443b1314e"",""label"":""Bernoulli's inequality"",""notation"":[],""record_type"":""concept"",""recorded_at"":""2026-08-21T00:00:00Z"",""rights_id"":""urn:uuid:a0273f1c-6fad-54c7-a75a-32a5161da656"",""schema_name"":""lebl.backend.record"",""schema_version"":""0.3.0"",""semantic_aliases"":[],""semantic_key"":""lebl.ra.concept.ledger.inequality.bernoulli"",""source_bindings"":[],""status"":""active"",""supersedes_id"":null,""workflow_id"":""01a01f57-a34b-7740-9717-596b8116910c/backend-production-v0.3-r006-live""}"
"urn:uuid:e0efc1be-09e6-5a85-9ab5-77216c1fe780","lebl.ra.concept.ledger.continuity.algebraic-operations","continuity of algebraic operations","","[]","[]","urn:uuid:a0273f1c-6fad-54c7-a75a-32a5161da656","active","{""definition"":"""",""id"":""urn:uuid:e0efc1be-09e6-5a85-9ab5-77216c1fe780"",""label"":""continuity of algebraic operations"",""notation"":[],""record_type"":""concept"",""recorded_at"":""2026-08-21T00:00:00Z"",""rights_id"":""urn:uuid:a0273f1c-6fad-54c7-a75a-32a5161da656"",""schema_name"":""lebl.backend.record"",""schema_version"":""0.3.0"",""semantic_aliases"":[],""semantic_key"":""lebl.ra.concept.ledger.continuity.algebraic-operations"",""source_bindings"":[],""status"":""active"",""supersedes_id"":null,""workflow_id"":""01a01f57-a34b-7740-9717-596b8116910c/backend-production-v0.3-r006-live""}"
"urn:uuid:e163f844-e969-57c5-ab9a-a2128d5a7f62","lebl.ra.concept.ledger.transposition","transposition","","[]","[]","urn:uuid:a0273f1c-6fad-54c7-a75a-32a5161da656","active","{""definition"":"""",""id"":""urn:uuid:e163f844-e969-57c5-ab9a-a2128d5a7f62"",""label"":""transposition"",""notation"":[],""record_type"":""concept"",""recorded_at"":""2026-08-21T00:00:00Z"",""rights_id"":""urn:uuid:a0273f1c-6fad-54c7-a75a-32a5161da656"",""schema_name"":""lebl.backend.record"",""schema_version"":""0.3.0"",""semantic_aliases"":[],""semantic_key"":""lebl.ra.concept.ledger.transposition"",""source_bindings"":[],""status"":""active"",""supersedes_id"":null,""workflow_id"":""01a01f57-a34b-7740-9717-596b8116910c/backend-production-v0.3-r006-live""}"
"urn:uuid:e20c80ab-4a63-53e8-9104-bb4fd6aa4dc8","lebl.ra.concept.ledger.equation.first-order-ordinary-differential","first-order ordinary differential equation","","[]","[]","urn:uuid:a0273f1c-6fad-54c7-a75a-32a5161da656","active","{""definition"":"""",""id"":""urn:uuid:e20c80ab-4a63-53e8-9104-bb4fd6aa4dc8"",""label"":""first-order ordinary differential equation"",""notation"":[],""record_type"":""concept"",""recorded_at"":""2026-08-21T00:00:00Z"",""rights_id"":""urn:uuid:a0273f1c-6fad-54c7-a75a-32a5161da656"",""schema_name"":""lebl.backend.record"",""schema_version"":""0.3.0"",""semantic_aliases"":[],""semantic_key"":""lebl.ra.concept.ledger.equation.first-order-ordinary-differential"",""source_bindings"":[],""status"":""active"",""supersedes_id"":null,""workflow_id"":""01a01f57-a34b-7740-9717-596b8116910c/backend-production-v0.3-r006-live""}"
"urn:uuid:e3553449-0fd7-5461-939b-d5959bc60c5e","lebl.ra.concept.ledger.inequality.cauchy-schwarz","Cauchy--Schwarz inequality","","[]","[]","urn:uuid:a0273f1c-6fad-54c7-a75a-32a5161da656","active","{""definition"":"""",""id"":""urn:uuid:e3553449-0fd7-5461-939b-d5959bc60c5e"",""label"":""Cauchy--Schwarz inequality"",""notation"":[],""record_type"":""concept"",""recorded_at"":""2026-08-21T00:00:00Z"",""rights_id"":""urn:uuid:a0273f1c-6fad-54c7-a75a-32a5161da656"",""schema_name"":""lebl.backend.record"",""schema_version"":""0.3.0"",""semantic_aliases"":[],""semantic_key"":""lebl.ra.concept.ledger.inequality.cauchy-schwarz"",""source_bindings"":[],""status"":""active"",""supersedes_id"":null,""workflow_id"":""01a01f57-a34b-7740-9717-596b8116910c/backend-production-v0.3-r006-live""}"
"urn:uuid:e3acd52a-45d9-5f6f-ae23-83eaff29141a","lebl.ra.concept.ledger.function.exponential","exponential function","","[]","[]","urn:uuid:a0273f1c-6fad-54c7-a75a-32a5161da656","active","{""definition"":"""",""id"":""urn:uuid:e3acd52a-45d9-5f6f-ae23-83eaff29141a"",""label"":""exponential function"",""notation"":[],""record_type"":""concept"",""recorded_at"":""2026-08-21T00:00:00Z"",""rights_id"":""urn:uuid:a0273f1c-6fad-54c7-a75a-32a5161da656"",""schema_name"":""lebl.backend.record"",""schema_version"":""0.3.0"",""semantic_aliases"":[],""semantic_key"":""lebl.ra.concept.ledger.function.exponential"",""source_bindings"":[],""status"":""active"",""supersedes_id"":null,""workflow_id"":""01a01f57-a34b-7740-9717-596b8116910c/backend-production-v0.3-r006-live""}"
"urn:uuid:e3c85c62-7bac-54a7-896c-71d4d9d17ed7","lebl.ra.concept.ledger.calculus.critical-point","critical point","","[]","[]","urn:uuid:a0273f1c-6fad-54c7-a75a-32a5161da656","active","{""definition"":"""",""id"":""urn:uuid:e3c85c62-7bac-54a7-896c-71d4d9d17ed7"",""label"":""critical point"",""notation"":[],""record_type"":""concept"",""recorded_at"":""2026-08-21T00:00:00Z"",""rights_id"":""urn:uuid:a0273f1c-6fad-54c7-a75a-32a5161da656"",""schema_name"":""lebl.backend.record"",""schema_version"":""0.3.0"",""semantic_aliases"":[],""semantic_key"":""lebl.ra.concept.ledger.calculus.critical-point"",""source_bindings"":[],""status"":""active"",""supersedes_id"":null,""workflow_id"":""01a01f57-a34b-7740-9717-596b8116910c/backend-production-v0.3-r006-live""}"
"urn:uuid:e47850c6-bf7e-5a3a-8064-85a2225abb27","lebl.ra.concept.ledger.sequence.peak","peak","","[]","[]","urn:uuid:a0273f1c-6fad-54c7-a75a-32a5161da656","active","{""definition"":"""",""id"":""urn:uuid:e47850c6-bf7e-5a3a-8064-85a2225abb27"",""label"":""peak"",""notation"":[],""record_type"":""concept"",""recorded_at"":""2026-08-21T00:00:00Z"",""rights_id"":""urn:uuid:a0273f1c-6fad-54c7-a75a-32a5161da656"",""schema_name"":""lebl.backend.record"",""schema_version"":""0.3.0"",""semantic_aliases"":[],""semantic_key"":""lebl.ra.concept.ledger.sequence.peak"",""source_bindings"":[],""status"":""active"",""supersedes_id"":null,""workflow_id"":""01a01f57-a34b-7740-9717-596b8116910c/backend-production-v0.3-r006-live""}"
"urn:uuid:e4c4a084-3baf-532d-809f-8b5c49a23382","lebl.ra.concept.ledger.calculus.fundamental-theorem","fundamental theorem of calculus","","[]","[]","urn:uuid:a0273f1c-6fad-54c7-a75a-32a5161da656","active","{""definition"":"""",""id"":""urn:uuid:e4c4a084-3baf-532d-809f-8b5c49a23382"",""label"":""fundamental theorem of calculus"",""notation"":[],""record_type"":""concept"",""recorded_at"":""2026-08-21T00:00:00Z"",""rights_id"":""urn:uuid:a0273f1c-6fad-54c7-a75a-32a5161da656"",""schema_name"":""lebl.backend.record"",""schema_version"":""0.3.0"",""semantic_aliases"":[],""semantic_key"":""lebl.ra.concept.ledger.calculus.fundamental-theorem"",""source_bindings"":[],""status"":""active"",""supersedes_id"":null,""workflow_id"":""01a01f57-a34b-7740-9717-596b8116910c/backend-production-v0.3-r006-live""}"
"urn:uuid:e503da32-eb96-5f3e-afb3-5c47611d52ad","lebl.ra.concept.ledger.dependence.linear","linearly dependent","","[]","[]","urn:uuid:a0273f1c-6fad-54c7-a75a-32a5161da656","active","{""definition"":"""",""id"":""urn:uuid:e503da32-eb96-5f3e-afb3-5c47611d52ad"",""label"":""linearly dependent"",""notation"":[],""record_type"":""concept"",""recorded_at"":""2026-08-21T00:00:00Z"",""rights_id"":""urn:uuid:a0273f1c-6fad-54c7-a75a-32a5161da656"",""schema_name"":""lebl.backend.record"",""schema_version"":""0.3.0"",""semantic_aliases"":[],""semantic_key"":""lebl.ra.concept.ledger.dependence.linear"",""source_bindings"":[],""status"":""active"",""supersedes_id"":null,""workflow_id"":""01a01f57-a34b-7740-9717-596b8116910c/backend-production-v0.3-r006-live""}"
"urn:uuid:e50fe2fd-9364-5835-97a7-9328212964f5","lebl.ra.concept.ledger.number.absolute-value","absolute value","","[]","[]","urn:uuid:a0273f1c-6fad-54c7-a75a-32a5161da656","active","{""definition"":"""",""id"":""urn:uuid:e50fe2fd-9364-5835-97a7-9328212964f5"",""label"":""absolute value"",""notation"":[],""record_type"":""concept"",""recorded_at"":""2026-08-21T00:00:00Z"",""rights_id"":""urn:uuid:a0273f1c-6fad-54c7-a75a-32a5161da656"",""schema_name"":""lebl.backend.record"",""schema_version"":""0.3.0"",""semantic_aliases"":[],""semantic_key"":""lebl.ra.concept.ledger.number.absolute-value"",""source_bindings"":[],""status"":""active"",""supersedes_id"":null,""workflow_id"":""01a01f57-a34b-7740-9717-596b8116910c/backend-production-v0.3-r006-live""}"
"urn:uuid:e5c73567-f01f-58c0-98df-bab107216370","lebl.ra.concept.ledger.result.lemma","lemma","","[]","[]","urn:uuid:a0273f1c-6fad-54c7-a75a-32a5161da656","active","{""definition"":"""",""id"":""urn:uuid:e5c73567-f01f-58c0-98df-bab107216370"",""label"":""lemma"",""notation"":[],""record_type"":""concept"",""recorded_at"":""2026-08-21T00:00:00Z"",""rights_id"":""urn:uuid:a0273f1c-6fad-54c7-a75a-32a5161da656"",""schema_name"":""lebl.backend.record"",""schema_version"":""0.3.0"",""semantic_aliases"":[],""semantic_key"":""lebl.ra.concept.ledger.result.lemma"",""source_bindings"":[],""status"":""active"",""supersedes_id"":null,""workflow_id"":""01a01f57-a34b-7740-9717-596b8116910c/backend-production-v0.3-r006-live""}"
"urn:uuid:e6640d2b-eea2-5779-8f6f-493f4ff9b842","lebl.ra.concept.ledger.mapping","mapping","","[]","[]","urn:uuid:a0273f1c-6fad-54c7-a75a-32a5161da656","active","{""definition"":"""",""id"":""urn:uuid:e6640d2b-eea2-5779-8f6f-493f4ff9b842"",""label"":""mapping"",""notation"":[],""record_type"":""concept"",""recorded_at"":""2026-08-21T00:00:00Z"",""rights_id"":""urn:uuid:a0273f1c-6fad-54c7-a75a-32a5161da656"",""schema_name"":""lebl.backend.record"",""schema_version"":""0.3.0"",""semantic_aliases"":[],""semantic_key"":""lebl.ra.concept.ledger.mapping"",""source_bindings"":[],""status"":""active"",""supersedes_id"":null,""workflow_id"":""01a01f57-a34b-7740-9717-596b8116910c/backend-production-v0.3-r006-live""}"
"urn:uuid:e6bdc710-1a50-52e0-8d7d-0ab838fd4617","lebl.ra.concept.ledger.inequality.nonstrict","non-strict inequality","","[]","[]","urn:uuid:a0273f1c-6fad-54c7-a75a-32a5161da656","active","{""definition"":"""",""id"":""urn:uuid:e6bdc710-1a50-52e0-8d7d-0ab838fd4617"",""label"":""non-strict inequality"",""notation"":[],""record_type"":""concept"",""recorded_at"":""2026-08-21T00:00:00Z"",""rights_id"":""urn:uuid:a0273f1c-6fad-54c7-a75a-32a5161da656"",""schema_name"":""lebl.backend.record"",""schema_version"":""0.3.0"",""semantic_aliases"":[],""semantic_key"":""lebl.ra.concept.ledger.inequality.nonstrict"",""source_bindings"":[],""status"":""active"",""supersedes_id"":null,""workflow_id"":""01a01f57-a34b-7740-9717-596b8116910c/backend-production-v0.3-r006-live""}"
"urn:uuid:e6cbd283-6912-5e18-acfb-610dd3dcfc4f","lebl.ra.concept.ledger.order.minimum","minimum","","[]","[]","urn:uuid:a0273f1c-6fad-54c7-a75a-32a5161da656","active","{""definition"":"""",""id"":""urn:uuid:e6cbd283-6912-5e18-acfb-610dd3dcfc4f"",""label"":""minimum"",""notation"":[],""record_type"":""concept"",""recorded_at"":""2026-08-21T00:00:00Z"",""rights_id"":""urn:uuid:a0273f1c-6fad-54c7-a75a-32a5161da656"",""schema_name"":""lebl.backend.record"",""schema_version"":""0.3.0"",""semantic_aliases"":[],""semantic_key"":""lebl.ra.concept.ledger.order.minimum"",""source_bindings"":[],""status"":""active"",""supersedes_id"":null,""workflow_id"":""01a01f57-a34b-7740-9717-596b8116910c/backend-production-v0.3-r006-live""}"
"urn:uuid:e7b22a88-82f9-55e8-8077-d96ab3fbeafa","lebl.ra.concept.ledger.product.dot","dot product","","[]","[]","urn:uuid:a0273f1c-6fad-54c7-a75a-32a5161da656","active","{""definition"":"""",""id"":""urn:uuid:e7b22a88-82f9-55e8-8077-d96ab3fbeafa"",""label"":""dot product"",""notation"":[],""record_type"":""concept"",""recorded_at"":""2026-08-21T00:00:00Z"",""rights_id"":""urn:uuid:a0273f1c-6fad-54c7-a75a-32a5161da656"",""schema_name"":""lebl.backend.record"",""schema_version"":""0.3.0"",""semantic_aliases"":[],""semantic_key"":""lebl.ra.concept.ledger.product.dot"",""source_bindings"":[],""status"":""active"",""supersedes_id"":null,""workflow_id"":""01a01f57-a34b-7740-9717-596b8116910c/backend-production-v0.3-r006-live""}"
"urn:uuid:e7b8ee88-5fcc-59cf-9b12-c604c4c19415","lebl.ra.concept.ledger.calculus.difference-quotient","difference quotient","","[]","[]","urn:uuid:a0273f1c-6fad-54c7-a75a-32a5161da656","active","{""definition"":"""",""id"":""urn:uuid:e7b8ee88-5fcc-59cf-9b12-c604c4c19415"",""label"":""difference quotient"",""notation"":[],""record_type"":""concept"",""recorded_at"":""2026-08-21T00:00:00Z"",""rights_id"":""urn:uuid:a0273f1c-6fad-54c7-a75a-32a5161da656"",""schema_name"":""lebl.backend.record"",""schema_version"":""0.3.0"",""semantic_aliases"":[],""semantic_key"":""lebl.ra.concept.ledger.calculus.difference-quotient"",""source_bindings"":[],""status"":""active"",""supersedes_id"":null,""workflow_id"":""01a01f57-a34b-7740-9717-596b8116910c/backend-production-v0.3-r006-live""}"
"urn:uuid:e8235e7d-8564-58a3-974f-e1df6eb2b50d","lebl.ra.concept.ledger.function.inverse-function","inverse function","","[]","[]","urn:uuid:a0273f1c-6fad-54c7-a75a-32a5161da656","active","{""definition"":"""",""id"":""urn:uuid:e8235e7d-8564-58a3-974f-e1df6eb2b50d"",""label"":""inverse function"",""notation"":[],""record_type"":""concept"",""recorded_at"":""2026-08-21T00:00:00Z"",""rights_id"":""urn:uuid:a0273f1c-6fad-54c7-a75a-32a5161da656"",""schema_name"":""lebl.backend.record"",""schema_version"":""0.3.0"",""semantic_aliases"":[],""semantic_key"":""lebl.ra.concept.ledger.function.inverse-function"",""source_bindings"":[],""status"":""active"",""supersedes_id"":null,""workflow_id"":""01a01f57-a34b-7740-9717-596b8116910c/backend-production-v0.3-r006-live""}"
"urn:uuid:e8556999-c7b2-5643-acef-6e826b4feb05","lebl.ra.concept.ledger.function.nondecreasing","nondecreasing","","[]","[]","urn:uuid:a0273f1c-6fad-54c7-a75a-32a5161da656","active","{""definition"":"""",""id"":""urn:uuid:e8556999-c7b2-5643-acef-6e826b4feb05"",""label"":""nondecreasing"",""notation"":[],""record_type"":""concept"",""recorded_at"":""2026-08-21T00:00:00Z"",""rights_id"":""urn:uuid:a0273f1c-6fad-54c7-a75a-32a5161da656"",""schema_name"":""lebl.backend.record"",""schema_version"":""0.3.0"",""semantic_aliases"":[],""semantic_key"":""lebl.ra.concept.ledger.function.nondecreasing"",""source_bindings"":[],""status"":""active"",""supersedes_id"":null,""workflow_id"":""01a01f57-a34b-7740-9717-596b8116910c/backend-production-v0.3-r006-live""}"
"urn:uuid:e8981aa2-1bd2-5141-a560-fb6824e29bb1","lebl.ra.concept.ledger.theorem.mean-value","mean value theorem","","[]","[]","urn:uuid:a0273f1c-6fad-54c7-a75a-32a5161da656","active","{""definition"":"""",""id"":""urn:uuid:e8981aa2-1bd2-5141-a560-fb6824e29bb1"",""label"":""mean value theorem"",""notation"":[],""record_type"":""concept"",""recorded_at"":""2026-08-21T00:00:00Z"",""rights_id"":""urn:uuid:a0273f1c-6fad-54c7-a75a-32a5161da656"",""schema_name"":""lebl.backend.record"",""schema_version"":""0.3.0"",""semantic_aliases"":[],""semantic_key"":""lebl.ra.concept.ledger.theorem.mean-value"",""source_bindings"":[],""status"":""active"",""supersedes_id"":null,""workflow_id"":""01a01f57-a34b-7740-9717-596b8116910c/backend-production-v0.3-r006-live""}"
"urn:uuid:e8d21481-b9f1-5f1f-aee1-e769a044a0ad","lebl.ra.concept.ledger.function.surjection","surjection","","[]","[]","urn:uuid:a0273f1c-6fad-54c7-a75a-32a5161da656","active","{""definition"":"""",""id"":""urn:uuid:e8d21481-b9f1-5f1f-aee1-e769a044a0ad"",""label"":""surjection"",""notation"":[],""record_type"":""concept"",""recorded_at"":""2026-08-21T00:00:00Z"",""rights_id"":""urn:uuid:a0273f1c-6fad-54c7-a75a-32a5161da656"",""schema_name"":""lebl.backend.record"",""schema_version"":""0.3.0"",""semantic_aliases"":[],""semantic_key"":""lebl.ra.concept.ledger.function.surjection"",""source_bindings"":[],""status"":""active"",""supersedes_id"":null,""workflow_id"":""01a01f57-a34b-7740-9717-596b8116910c/backend-production-v0.3-r006-live""}"
"urn:uuid:e8e9ae30-448d-5ac2-aed7-7249349bc412","lebl.ra.concept.ledger.singularity.removable","removable singularity","","[]","[]","urn:uuid:a0273f1c-6fad-54c7-a75a-32a5161da656","active","{""definition"":"""",""id"":""urn:uuid:e8e9ae30-448d-5ac2-aed7-7249349bc412"",""label"":""removable singularity"",""notation"":[],""record_type"":""concept"",""recorded_at"":""2026-08-21T00:00:00Z"",""rights_id"":""urn:uuid:a0273f1c-6fad-54c7-a75a-32a5161da656"",""schema_name"":""lebl.backend.record"",""schema_version"":""0.3.0"",""semantic_aliases"":[],""semantic_key"":""lebl.ra.concept.ledger.singularity.removable"",""source_bindings"":[],""status"":""active"",""supersedes_id"":null,""workflow_id"":""01a01f57-a34b-7740-9717-596b8116910c/backend-production-v0.3-r006-live""}"
"urn:uuid:e9014f52-bcd3-58a7-b4ea-58fab88ae33e","lebl.ra.concept.ledger.integration.darboux-integral","Darboux integral","","[]","[]","urn:uuid:a0273f1c-6fad-54c7-a75a-32a5161da656","active","{""definition"":"""",""id"":""urn:uuid:e9014f52-bcd3-58a7-b4ea-58fab88ae33e"",""label"":""Darboux integral"",""notation"":[],""record_type"":""concept"",""recorded_at"":""2026-08-21T00:00:00Z"",""rights_id"":""urn:uuid:a0273f1c-6fad-54c7-a75a-32a5161da656"",""schema_name"":""lebl.backend.record"",""schema_version"":""0.3.0"",""semantic_aliases"":[],""semantic_key"":""lebl.ra.concept.ledger.integration.darboux-integral"",""source_bindings"":[],""status"":""active"",""supersedes_id"":null,""workflow_id"":""01a01f57-a34b-7740-9717-596b8116910c/backend-production-v0.3-r006-live""}"
"urn:uuid:e9268ff4-9555-56ab-9c74-b34aa6039e85","lebl.ra.concept.ledger.set-theory.countably-infinite","countably infinite","","[]","[]","urn:uuid:a0273f1c-6fad-54c7-a75a-32a5161da656","active","{""definition"":"""",""id"":""urn:uuid:e9268ff4-9555-56ab-9c74-b34aa6039e85"",""label"":""countably infinite"",""notation"":[],""record_type"":""concept"",""recorded_at"":""2026-08-21T00:00:00Z"",""rights_id"":""urn:uuid:a0273f1c-6fad-54c7-a75a-32a5161da656"",""schema_name"":""lebl.backend.record"",""schema_version"":""0.3.0"",""semantic_aliases"":[],""semantic_key"":""lebl.ra.concept.ledger.set-theory.countably-infinite"",""source_bindings"":[],""status"":""active"",""supersedes_id"":null,""workflow_id"":""01a01f57-a34b-7740-9717-596b8116910c/backend-production-v0.3-r006-live""}"
"urn:uuid:e930780e-0355-5def-8196-8d633aa74695","lebl.ra.concept.ledger.function.natural-logarithm","natural logarithm","","[]","[]","urn:uuid:a0273f1c-6fad-54c7-a75a-32a5161da656","active","{""definition"":"""",""id"":""urn:uuid:e930780e-0355-5def-8196-8d633aa74695"",""label"":""natural logarithm"",""notation"":[],""record_type"":""concept"",""recorded_at"":""2026-08-21T00:00:00Z"",""rights_id"":""urn:uuid:a0273f1c-6fad-54c7-a75a-32a5161da656"",""schema_name"":""lebl.backend.record"",""schema_version"":""0.3.0"",""semantic_aliases"":[],""semantic_key"":""lebl.ra.concept.ledger.function.natural-logarithm"",""source_bindings"":[],""status"":""active"",""supersedes_id"":null,""workflow_id"":""01a01f57-a34b-7740-9717-596b8116910c/backend-production-v0.3-r006-live""}"
"urn:uuid:eaea3b9e-381c-5cea-abb6-6f61d0cc1335","lebl.ra.concept.ledger.test.limit-comparison","limit comparison test","","[]","[]","urn:uuid:a0273f1c-6fad-54c7-a75a-32a5161da656","active","{""definition"":"""",""id"":""urn:uuid:eaea3b9e-381c-5cea-abb6-6f61d0cc1335"",""label"":""limit comparison test"",""notation"":[],""record_type"":""concept"",""recorded_at"":""2026-08-21T00:00:00Z"",""rights_id"":""urn:uuid:a0273f1c-6fad-54c7-a75a-32a5161da656"",""schema_name"":""lebl.backend.record"",""schema_version"":""0.3.0"",""semantic_aliases"":[],""semantic_key"":""lebl.ra.concept.ledger.test.limit-comparison"",""source_bindings"":[],""status"":""active"",""supersedes_id"":null,""workflow_id"":""01a01f57-a34b-7740-9717-596b8116910c/backend-production-v0.3-r006-live""}"
"urn:uuid:ebeabc2b-6dfb-5bf8-a7a7-a41e6de1fd20","lebl.ra.concept.ledger.function.discontinuous","discontinuous","","[]","[]","urn:uuid:a0273f1c-6fad-54c7-a75a-32a5161da656","active","{""definition"":"""",""id"":""urn:uuid:ebeabc2b-6dfb-5bf8-a7a7-a41e6de1fd20"",""label"":""discontinuous"",""notation"":[],""record_type"":""concept"",""recorded_at"":""2026-08-21T00:00:00Z"",""rights_id"":""urn:uuid:a0273f1c-6fad-54c7-a75a-32a5161da656"",""schema_name"":""lebl.backend.record"",""schema_version"":""0.3.0"",""semantic_aliases"":[],""semantic_key"":""lebl.ra.concept.ledger.function.discontinuous"",""source_bindings"":[],""status"":""active"",""supersedes_id"":null,""workflow_id"":""01a01f57-a34b-7740-9717-596b8116910c/backend-production-v0.3-r006-live""}"
"urn:uuid:ec049854-6ec9-5d13-9ab3-556e7eb13cbb","lebl.ra.concept.ledger.permutation.odd","odd permutation","","[]","[]","urn:uuid:a0273f1c-6fad-54c7-a75a-32a5161da656","active","{""definition"":"""",""id"":""urn:uuid:ec049854-6ec9-5d13-9ab3-556e7eb13cbb"",""label"":""odd permutation"",""notation"":[],""record_type"":""concept"",""recorded_at"":""2026-08-21T00:00:00Z"",""rights_id"":""urn:uuid:a0273f1c-6fad-54c7-a75a-32a5161da656"",""schema_name"":""lebl.backend.record"",""schema_version"":""0.3.0"",""semantic_aliases"":[],""semantic_key"":""lebl.ra.concept.ledger.permutation.odd"",""source_bindings"":[],""status"":""active"",""supersedes_id"":null,""workflow_id"":""01a01f57-a34b-7740-9717-596b8116910c/backend-production-v0.3-r006-live""}"
"urn:uuid:ecf2639a-38dd-59eb-b958-9fc16a107049","lebl.ra.concept.ledger.number.real","real number","","[]","[]","urn:uuid:a0273f1c-6fad-54c7-a75a-32a5161da656","active","{""definition"":"""",""id"":""urn:uuid:ecf2639a-38dd-59eb-b958-9fc16a107049"",""label"":""real number"",""notation"":[],""record_type"":""concept"",""recorded_at"":""2026-08-21T00:00:00Z"",""rights_id"":""urn:uuid:a0273f1c-6fad-54c7-a75a-32a5161da656"",""schema_name"":""lebl.backend.record"",""schema_version"":""0.3.0"",""semantic_aliases"":[],""semantic_key"":""lebl.ra.concept.ledger.number.real"",""source_bindings"":[],""status"":""active"",""supersedes_id"":null,""workflow_id"":""01a01f57-a34b-7740-9717-596b8116910c/backend-production-v0.3-r006-live""}"
"urn:uuid:ed15d09b-0139-5c52-b592-453fbf2cea53","lebl.ra.concept.ledger.compactness.sequential","sequentially compact","","[]","[]","urn:uuid:a0273f1c-6fad-54c7-a75a-32a5161da656","active","{""definition"":"""",""id"":""urn:uuid:ed15d09b-0139-5c52-b592-453fbf2cea53"",""label"":""sequentially compact"",""notation"":[],""record_type"":""concept"",""recorded_at"":""2026-08-21T00:00:00Z"",""rights_id"":""urn:uuid:a0273f1c-6fad-54c7-a75a-32a5161da656"",""schema_name"":""lebl.backend.record"",""schema_version"":""0.3.0"",""semantic_aliases"":[],""semantic_key"":""lebl.ra.concept.ledger.compactness.sequential"",""source_bindings"":[],""status"":""active"",""supersedes_id"":null,""workflow_id"":""01a01f57-a34b-7740-9717-596b8116910c/backend-production-v0.3-r006-live""}"
"urn:uuid:edd7a276-d84f-5e91-98ea-f7833a1a39bb","lebl.ra.concept.ledger.proof.strong-induction","strong induction","","[]","[]","urn:uuid:a0273f1c-6fad-54c7-a75a-32a5161da656","active","{""definition"":"""",""id"":""urn:uuid:edd7a276-d84f-5e91-98ea-f7833a1a39bb"",""label"":""strong induction"",""notation"":[],""record_type"":""concept"",""recorded_at"":""2026-08-21T00:00:00Z"",""rights_id"":""urn:uuid:a0273f1c-6fad-54c7-a75a-32a5161da656"",""schema_name"":""lebl.backend.record"",""schema_version"":""0.3.0"",""semantic_aliases"":[],""semantic_key"":""lebl.ra.concept.ledger.proof.strong-induction"",""source_bindings"":[],""status"":""active"",""supersedes_id"":null,""workflow_id"":""01a01f57-a34b-7740-9717-596b8116910c/backend-production-v0.3-r006-live""}"
"urn:uuid:edee0af9-ae33-58d2-89d4-1d69fd8949ca","lebl.ra.concept.ledger.series.power","power series","","[]","[]","urn:uuid:a0273f1c-6fad-54c7-a75a-32a5161da656","active","{""definition"":"""",""id"":""urn:uuid:edee0af9-ae33-58d2-89d4-1d69fd8949ca"",""label"":""power series"",""notation"":[],""record_type"":""concept"",""recorded_at"":""2026-08-21T00:00:00Z"",""rights_id"":""urn:uuid:a0273f1c-6fad-54c7-a75a-32a5161da656"",""schema_name"":""lebl.backend.record"",""schema_version"":""0.3.0"",""semantic_aliases"":[],""semantic_key"":""lebl.ra.concept.ledger.series.power"",""source_bindings"":[],""status"":""active"",""supersedes_id"":null,""workflow_id"":""01a01f57-a34b-7740-9717-596b8116910c/backend-production-v0.3-r006-live""}"
"urn:uuid:eef82afc-1237-51d5-992b-e111a380f8ca","lebl.ra.concept.ledger.series.partial-sum","partial sum","","[]","[]","urn:uuid:a0273f1c-6fad-54c7-a75a-32a5161da656","active","{""definition"":"""",""id"":""urn:uuid:eef82afc-1237-51d5-992b-e111a380f8ca"",""label"":""partial sum"",""notation"":[],""record_type"":""concept"",""recorded_at"":""2026-08-21T00:00:00Z"",""rights_id"":""urn:uuid:a0273f1c-6fad-54c7-a75a-32a5161da656"",""schema_name"":""lebl.backend.record"",""schema_version"":""0.3.0"",""semantic_aliases"":[],""semantic_key"":""lebl.ra.concept.ledger.series.partial-sum"",""source_bindings"":[],""status"":""active"",""supersedes_id"":null,""workflow_id"":""01a01f57-a34b-7740-9717-596b8116910c/backend-production-v0.3-r006-live""}"
"urn:uuid:ef4a2c26-9098-5b29-b363-fa99c8557383","lebl.ra.concept.ledger.series.linearity","linearity of series","","[]","[]","urn:uuid:a0273f1c-6fad-54c7-a75a-32a5161da656","active","{""definition"":"""",""id"":""urn:uuid:ef4a2c26-9098-5b29-b363-fa99c8557383"",""label"":""linearity of series"",""notation"":[],""record_type"":""concept"",""recorded_at"":""2026-08-21T00:00:00Z"",""rights_id"":""urn:uuid:a0273f1c-6fad-54c7-a75a-32a5161da656"",""schema_name"":""lebl.backend.record"",""schema_version"":""0.3.0"",""semantic_aliases"":[],""semantic_key"":""lebl.ra.concept.ledger.series.linearity"",""source_bindings"":[],""status"":""active"",""supersedes_id"":null,""workflow_id"":""01a01f57-a34b-7740-9717-596b8116910c/backend-production-v0.3-r006-live""}"
"urn:uuid:efc46036-ce9b-5b51-8c96-ffc2494c1018","lebl.ra.concept.ledger.method.newton","Newton's method","","[]","[]","urn:uuid:a0273f1c-6fad-54c7-a75a-32a5161da656","active","{""definition"":"""",""id"":""urn:uuid:efc46036-ce9b-5b51-8c96-ffc2494c1018"",""label"":""Newton's method"",""notation"":[],""record_type"":""concept"",""recorded_at"":""2026-08-21T00:00:00Z"",""rights_id"":""urn:uuid:a0273f1c-6fad-54c7-a75a-32a5161da656"",""schema_name"":""lebl.backend.record"",""schema_version"":""0.3.0"",""semantic_aliases"":[],""semantic_key"":""lebl.ra.concept.ledger.method.newton"",""source_bindings"":[],""status"":""active"",""supersedes_id"":null,""workflow_id"":""01a01f57-a34b-7740-9717-596b8116910c/backend-production-v0.3-r006-live""}"
"urn:uuid:f1f515ba-865e-5fac-a6bd-7245bb88a321","lebl.ra.concept.ledger.matrix.entry","matrix entry","","[]","[]","urn:uuid:a0273f1c-6fad-54c7-a75a-32a5161da656","active","{""definition"":"""",""id"":""urn:uuid:f1f515ba-865e-5fac-a6bd-7245bb88a321"",""label"":""matrix entry"",""notation"":[],""record_type"":""concept"",""recorded_at"":""2026-08-21T00:00:00Z"",""rights_id"":""urn:uuid:a0273f1c-6fad-54c7-a75a-32a5161da656"",""schema_name"":""lebl.backend.record"",""schema_version"":""0.3.0"",""semantic_aliases"":[],""semantic_key"":""lebl.ra.concept.ledger.matrix.entry"",""source_bindings"":[],""status"":""active"",""supersedes_id"":null,""workflow_id"":""01a01f57-a34b-7740-9717-596b8116910c/backend-production-v0.3-r006-live""}"
"urn:uuid:f20385b7-f4b3-509a-93e9-cef05a7d2c1a","lebl.ra.concept.ledger.calculus.jacobian.determinant","Jacobian determinant","","[]","[]","urn:uuid:a0273f1c-6fad-54c7-a75a-32a5161da656","active","{""definition"":"""",""id"":""urn:uuid:f20385b7-f4b3-509a-93e9-cef05a7d2c1a"",""label"":""Jacobian determinant"",""notation"":[],""record_type"":""concept"",""recorded_at"":""2026-08-21T00:00:00Z"",""rights_id"":""urn:uuid:a0273f1c-6fad-54c7-a75a-32a5161da656"",""schema_name"":""lebl.backend.record"",""schema_version"":""0.3.0"",""semantic_aliases"":[],""semantic_key"":""lebl.ra.concept.ledger.calculus.jacobian.determinant"",""source_bindings"":[],""status"":""active"",""supersedes_id"":null,""workflow_id"":""01a01f57-a34b-7740-9717-596b8116910c/backend-production-v0.3-r006-live""}"
"urn:uuid:f21f002e-a964-52ef-9720-268df0435666","lebl.ra.concept.ledger.interval.unbounded","unbounded interval","","[]","[]","urn:uuid:a0273f1c-6fad-54c7-a75a-32a5161da656","active","{""definition"":"""",""id"":""urn:uuid:f21f002e-a964-52ef-9720-268df0435666"",""label"":""unbounded interval"",""notation"":[],""record_type"":""concept"",""recorded_at"":""2026-08-21T00:00:00Z"",""rights_id"":""urn:uuid:a0273f1c-6fad-54c7-a75a-32a5161da656"",""schema_name"":""lebl.backend.record"",""schema_version"":""0.3.0"",""semantic_aliases"":[],""semantic_key"":""lebl.ra.concept.ledger.interval.unbounded"",""source_bindings"":[],""status"":""active"",""supersedes_id"":null,""workflow_id"":""01a01f57-a34b-7740-9717-596b8116910c/backend-production-v0.3-r006-live""}"
"urn:uuid:f22a006e-4c86-5836-bea4-8f1f14d672ae","lebl.ra.concept.ledger.function.bijective","bijective","","[]","[]","urn:uuid:a0273f1c-6fad-54c7-a75a-32a5161da656","active","{""definition"":"""",""id"":""urn:uuid:f22a006e-4c86-5836-bea4-8f1f14d672ae"",""label"":""bijective"",""notation"":[],""record_type"":""concept"",""recorded_at"":""2026-08-21T00:00:00Z"",""rights_id"":""urn:uuid:a0273f1c-6fad-54c7-a75a-32a5161da656"",""schema_name"":""lebl.backend.record"",""schema_version"":""0.3.0"",""semantic_aliases"":[],""semantic_key"":""lebl.ra.concept.ledger.function.bijective"",""source_bindings"":[],""status"":""active"",""supersedes_id"":null,""workflow_id"":""01a01f57-a34b-7740-9717-596b8116910c/backend-production-v0.3-r006-live""}"
"urn:uuid:f23ae9e9-8e28-59e2-ab9a-b6dc08ed8893","lebl.ra.concept.ledger.function.discontinuity","discontinuity","","[]","[]","urn:uuid:a0273f1c-6fad-54c7-a75a-32a5161da656","active","{""definition"":"""",""id"":""urn:uuid:f23ae9e9-8e28-59e2-ab9a-b6dc08ed8893"",""label"":""discontinuity"",""notation"":[],""record_type"":""concept"",""recorded_at"":""2026-08-21T00:00:00Z"",""rights_id"":""urn:uuid:a0273f1c-6fad-54c7-a75a-32a5161da656"",""schema_name"":""lebl.backend.record"",""schema_version"":""0.3.0"",""semantic_aliases"":[],""semantic_key"":""lebl.ra.concept.ledger.function.discontinuity"",""source_bindings"":[],""status"":""active"",""supersedes_id"":null,""workflow_id"":""01a01f57-a34b-7740-9717-596b8116910c/backend-production-v0.3-r006-live""}"
"urn:uuid:f29e0b5e-1a01-5e18-9897-78ebb0ba401e","lebl.ra.concept.ledger.proof.induction-hypothesis","induction hypothesis","","[]","[]","urn:uuid:a0273f1c-6fad-54c7-a75a-32a5161da656","active","{""definition"":"""",""id"":""urn:uuid:f29e0b5e-1a01-5e18-9897-78ebb0ba401e"",""label"":""induction hypothesis"",""notation"":[],""record_type"":""concept"",""recorded_at"":""2026-08-21T00:00:00Z"",""rights_id"":""urn:uuid:a0273f1c-6fad-54c7-a75a-32a5161da656"",""schema_name"":""lebl.backend.record"",""schema_version"":""0.3.0"",""semantic_aliases"":[],""semantic_key"":""lebl.ra.concept.ledger.proof.induction-hypothesis"",""source_bindings"":[],""status"":""active"",""supersedes_id"":null,""workflow_id"":""01a01f57-a34b-7740-9717-596b8116910c/backend-production-v0.3-r006-live""}"
"urn:uuid:f2ac68e4-0456-5d96-a118-f6d000933b35","lebl.ra.concept.ledger.relation.equivalence-class","equivalence class","","[]","[]","urn:uuid:a0273f1c-6fad-54c7-a75a-32a5161da656","active","{""definition"":"""",""id"":""urn:uuid:f2ac68e4-0456-5d96-a118-f6d000933b35"",""label"":""equivalence class"",""notation"":[],""record_type"":""concept"",""recorded_at"":""2026-08-21T00:00:00Z"",""rights_id"":""urn:uuid:a0273f1c-6fad-54c7-a75a-32a5161da656"",""schema_name"":""lebl.backend.record"",""schema_version"":""0.3.0"",""semantic_aliases"":[],""semantic_key"":""lebl.ra.concept.ledger.relation.equivalence-class"",""source_bindings"":[],""status"":""active"",""supersedes_id"":null,""workflow_id"":""01a01f57-a34b-7740-9717-596b8116910c/backend-production-v0.3-r006-live""}"
"urn:uuid:f32a4c74-5b31-55a3-9565-82c64c56541b","lebl.ra.concept.ledger.relation.binary-relation","binary relation","","[]","[]","urn:uuid:a0273f1c-6fad-54c7-a75a-32a5161da656","active","{""definition"":"""",""id"":""urn:uuid:f32a4c74-5b31-55a3-9565-82c64c56541b"",""label"":""binary relation"",""notation"":[],""record_type"":""concept"",""recorded_at"":""2026-08-21T00:00:00Z"",""rights_id"":""urn:uuid:a0273f1c-6fad-54c7-a75a-32a5161da656"",""schema_name"":""lebl.backend.record"",""schema_version"":""0.3.0"",""semantic_aliases"":[],""semantic_key"":""lebl.ra.concept.ledger.relation.binary-relation"",""source_bindings"":[],""status"":""active"",""supersedes_id"":null,""workflow_id"":""01a01f57-a34b-7740-9717-596b8116910c/backend-production-v0.3-r006-live""}"
"urn:uuid:f379d27b-103e-5555-8ba8-c9a7de6f339e","lebl.ra.concept.ledger.function.convex","convex function","","[]","[]","urn:uuid:a0273f1c-6fad-54c7-a75a-32a5161da656","active","{""definition"":"""",""id"":""urn:uuid:f379d27b-103e-5555-8ba8-c9a7de6f339e"",""label"":""convex function"",""notation"":[],""record_type"":""concept"",""recorded_at"":""2026-08-21T00:00:00Z"",""rights_id"":""urn:uuid:a0273f1c-6fad-54c7-a75a-32a5161da656"",""schema_name"":""lebl.backend.record"",""schema_version"":""0.3.0"",""semantic_aliases"":[],""semantic_key"":""lebl.ra.concept.ledger.function.convex"",""source_bindings"":[],""status"":""active"",""supersedes_id"":null,""workflow_id"":""01a01f57-a34b-7740-9717-596b8116910c/backend-production-v0.3-r006-live""}"
"urn:uuid:f41fc3cb-b5eb-5393-8feb-975e69c1a229","lebl.ra.concept.ledger.series.cesaro-summability","Cesaro summability","","[]","[]","urn:uuid:a0273f1c-6fad-54c7-a75a-32a5161da656","active","{""definition"":"""",""id"":""urn:uuid:f41fc3cb-b5eb-5393-8feb-975e69c1a229"",""label"":""Cesaro summability"",""notation"":[],""record_type"":""concept"",""recorded_at"":""2026-08-21T00:00:00Z"",""rights_id"":""urn:uuid:a0273f1c-6fad-54c7-a75a-32a5161da656"",""schema_name"":""lebl.backend.record"",""schema_version"":""0.3.0"",""semantic_aliases"":[],""semantic_key"":""lebl.ra.concept.ledger.series.cesaro-summability"",""source_bindings"":[],""status"":""active"",""supersedes_id"":null,""workflow_id"":""01a01f57-a34b-7740-9717-596b8116910c/backend-production-v0.3-r006-live""}"
"urn:uuid:f4f88c12-1cae-5c95-a211-a9355218b97a","lebl.ra.concept.ledger.extremum.absolute-maximum","absolute maximum","","[]","[]","urn:uuid:a0273f1c-6fad-54c7-a75a-32a5161da656","active","{""definition"":"""",""id"":""urn:uuid:f4f88c12-1cae-5c95-a211-a9355218b97a"",""label"":""absolute maximum"",""notation"":[],""record_type"":""concept"",""recorded_at"":""2026-08-21T00:00:00Z"",""rights_id"":""urn:uuid:a0273f1c-6fad-54c7-a75a-32a5161da656"",""schema_name"":""lebl.backend.record"",""schema_version"":""0.3.0"",""semantic_aliases"":[],""semantic_key"":""lebl.ra.concept.ledger.extremum.absolute-maximum"",""source_bindings"":[],""status"":""active"",""supersedes_id"":null,""workflow_id"":""01a01f57-a34b-7740-9717-596b8116910c/backend-production-v0.3-r006-live""}"
"urn:uuid:f585c0a4-fe3f-56e2-b80f-21e0bbda57e0","lebl.ra.concept.ledger.order.completeness-property","completeness property","","[]","[]","urn:uuid:a0273f1c-6fad-54c7-a75a-32a5161da656","active","{""definition"":"""",""id"":""urn:uuid:f585c0a4-fe3f-56e2-b80f-21e0bbda57e0"",""label"":""completeness property"",""notation"":[],""record_type"":""concept"",""recorded_at"":""2026-08-21T00:00:00Z"",""rights_id"":""urn:uuid:a0273f1c-6fad-54c7-a75a-32a5161da656"",""schema_name"":""lebl.backend.record"",""schema_version"":""0.3.0"",""semantic_aliases"":[],""semantic_key"":""lebl.ra.concept.ledger.order.completeness-property"",""source_bindings"":[],""status"":""active"",""supersedes_id"":null,""workflow_id"":""01a01f57-a34b-7740-9717-596b8116910c/backend-production-v0.3-r006-live""}"
"urn:uuid:f5e93c4c-ddc1-59d2-8e7b-af5e01c1dbc5","lebl.ra.concept.ledger.sequence.constant","constant sequence","","[]","[]","urn:uuid:a0273f1c-6fad-54c7-a75a-32a5161da656","active","{""definition"":"""",""id"":""urn:uuid:f5e93c4c-ddc1-59d2-8e7b-af5e01c1dbc5"",""label"":""constant sequence"",""notation"":[],""record_type"":""concept"",""recorded_at"":""2026-08-21T00:00:00Z"",""rights_id"":""urn:uuid:a0273f1c-6fad-54c7-a75a-32a5161da656"",""schema_name"":""lebl.backend.record"",""schema_version"":""0.3.0"",""semantic_aliases"":[],""semantic_key"":""lebl.ra.concept.ledger.sequence.constant"",""source_bindings"":[],""status"":""active"",""supersedes_id"":null,""workflow_id"":""01a01f57-a34b-7740-9717-596b8116910c/backend-production-v0.3-r006-live""}"
"urn:uuid:f6554fda-b2a0-5edd-a341-16eb8afed073","lebl.ra.concept.ledger.number-system.natural-numbers","natural numbers","","[]","[]","urn:uuid:a0273f1c-6fad-54c7-a75a-32a5161da656","active","{""definition"":"""",""id"":""urn:uuid:f6554fda-b2a0-5edd-a341-16eb8afed073"",""label"":""natural numbers"",""notation"":[],""record_type"":""concept"",""recorded_at"":""2026-08-21T00:00:00Z"",""rights_id"":""urn:uuid:a0273f1c-6fad-54c7-a75a-32a5161da656"",""schema_name"":""lebl.backend.record"",""schema_version"":""0.3.0"",""semantic_aliases"":[],""semantic_key"":""lebl.ra.concept.ledger.number-system.natural-numbers"",""source_bindings"":[],""status"":""active"",""supersedes_id"":null,""workflow_id"":""01a01f57-a34b-7740-9717-596b8116910c/backend-production-v0.3-r006-live""}"
"urn:uuid:f889b618-1d53-58d6-81c1-ae80235a1973","lebl.ra.concept.ledger.matrix","matrix","","[]","[]","urn:uuid:a0273f1c-6fad-54c7-a75a-32a5161da656","active","{""definition"":"""",""id"":""urn:uuid:f889b618-1d53-58d6-81c1-ae80235a1973"",""label"":""matrix"",""notation"":[],""record_type"":""concept"",""recorded_at"":""2026-08-21T00:00:00Z"",""rights_id"":""urn:uuid:a0273f1c-6fad-54c7-a75a-32a5161da656"",""schema_name"":""lebl.backend.record"",""schema_version"":""0.3.0"",""semantic_aliases"":[],""semantic_key"":""lebl.ra.concept.ledger.matrix"",""source_bindings"":[],""status"":""active"",""supersedes_id"":null,""workflow_id"":""01a01f57-a34b-7740-9717-596b8116910c/backend-production-v0.3-r006-live""}"
"urn:uuid:f8ebf28c-a31c-53cb-90f7-e3501b24acb0","lebl.ra.concept.ledger.function.thomae","Thomae function","","[]","[]","urn:uuid:a0273f1c-6fad-54c7-a75a-32a5161da656","active","{""definition"":"""",""id"":""urn:uuid:f8ebf28c-a31c-53cb-90f7-e3501b24acb0"",""label"":""Thomae function"",""notation"":[],""record_type"":""concept"",""recorded_at"":""2026-08-21T00:00:00Z"",""rights_id"":""urn:uuid:a0273f1c-6fad-54c7-a75a-32a5161da656"",""schema_name"":""lebl.backend.record"",""schema_version"":""0.3.0"",""semantic_aliases"":[],""semantic_key"":""lebl.ra.concept.ledger.function.thomae"",""source_bindings"":[],""status"":""active"",""supersedes_id"":null,""workflow_id"":""01a01f57-a34b-7740-9717-596b8116910c/backend-production-v0.3-r006-live""}"
"urn:uuid:f9ecd50e-7874-5e6e-8659-9f5abf819443","lebl.ra.concept.ledger.norm.infinity","infinity norm","","[]","[]","urn:uuid:a0273f1c-6fad-54c7-a75a-32a5161da656","active","{""definition"":"""",""id"":""urn:uuid:f9ecd50e-7874-5e6e-8659-9f5abf819443"",""label"":""infinity norm"",""notation"":[],""record_type"":""concept"",""recorded_at"":""2026-08-21T00:00:00Z"",""rights_id"":""urn:uuid:a0273f1c-6fad-54c7-a75a-32a5161da656"",""schema_name"":""lebl.backend.record"",""schema_version"":""0.3.0"",""semantic_aliases"":[],""semantic_key"":""lebl.ra.concept.ledger.norm.infinity"",""source_bindings"":[],""status"":""active"",""supersedes_id"":null,""workflow_id"":""01a01f57-a34b-7740-9717-596b8116910c/backend-production-v0.3-r006-live""}"
"urn:uuid:fb25f1bb-bb23-5da2-9a58-50980a07769a","lebl.ra.concept.ledger.integration.monotonicity","monotonicity of the integral","","[]","[]","urn:uuid:a0273f1c-6fad-54c7-a75a-32a5161da656","active","{""definition"":"""",""id"":""urn:uuid:fb25f1bb-bb23-5da2-9a58-50980a07769a"",""label"":""monotonicity of the integral"",""notation"":[],""record_type"":""concept"",""recorded_at"":""2026-08-21T00:00:00Z"",""rights_id"":""urn:uuid:a0273f1c-6fad-54c7-a75a-32a5161da656"",""schema_name"":""lebl.backend.record"",""schema_version"":""0.3.0"",""semantic_aliases"":[],""semantic_key"":""lebl.ra.concept.ledger.integration.monotonicity"",""source_bindings"":[],""status"":""active"",""supersedes_id"":null,""workflow_id"":""01a01f57-a34b-7740-9717-596b8116910c/backend-production-v0.3-r006-live""}"
"urn:uuid:fb3bbdea-f496-51b5-91f3-2a50d921c4fc","lebl.ra.concept.ledger.cover.subcover","subcover","","[]","[]","urn:uuid:a0273f1c-6fad-54c7-a75a-32a5161da656","active","{""definition"":"""",""id"":""urn:uuid:fb3bbdea-f496-51b5-91f3-2a50d921c4fc"",""label"":""subcover"",""notation"":[],""record_type"":""concept"",""recorded_at"":""2026-08-21T00:00:00Z"",""rights_id"":""urn:uuid:a0273f1c-6fad-54c7-a75a-32a5161da656"",""schema_name"":""lebl.backend.record"",""schema_version"":""0.3.0"",""semantic_aliases"":[],""semantic_key"":""lebl.ra.concept.ledger.cover.subcover"",""source_bindings"":[],""status"":""active"",""supersedes_id"":null,""workflow_id"":""01a01f57-a34b-7740-9717-596b8116910c/backend-production-v0.3-r006-live""}"
"urn:uuid:fdc9e376-64de-5026-adc0-a6c49ea8d8cb","lebl.ra.concept.ledger.sequence-series","sequences and series","","[]","[]","urn:uuid:a0273f1c-6fad-54c7-a75a-32a5161da656","active","{""definition"":"""",""id"":""urn:uuid:fdc9e376-64de-5026-adc0-a6c49ea8d8cb"",""label"":""sequences and series"",""notation"":[],""record_type"":""concept"",""recorded_at"":""2026-08-21T00:00:00Z"",""rights_id"":""urn:uuid:a0273f1c-6fad-54c7-a75a-32a5161da656"",""schema_name"":""lebl.backend.record"",""schema_version"":""0.3.0"",""semantic_aliases"":[],""semantic_key"":""lebl.ra.concept.ledger.sequence-series"",""source_bindings"":[],""status"":""active"",""supersedes_id"":null,""workflow_id"":""01a01f57-a34b-7740-9717-596b8116910c/backend-production-v0.3-r006-live""}"
"urn:uuid:fe0c484c-7ddc-5bb3-8cc0-5ee319ad4f38","lebl.ra.concept.ledger.sequence.cauchy","Cauchy sequence","","[]","[]","urn:uuid:a0273f1c-6fad-54c7-a75a-32a5161da656","active","{""definition"":"""",""id"":""urn:uuid:fe0c484c-7ddc-5bb3-8cc0-5ee319ad4f38"",""label"":""Cauchy sequence"",""notation"":[],""record_type"":""concept"",""recorded_at"":""2026-08-21T00:00:00Z"",""rights_id"":""urn:uuid:a0273f1c-6fad-54c7-a75a-32a5161da656"",""schema_name"":""lebl.backend.record"",""schema_version"":""0.3.0"",""semantic_aliases"":[],""semantic_key"":""lebl.ra.concept.ledger.sequence.cauchy"",""source_bindings"":[],""status"":""active"",""supersedes_id"":null,""workflow_id"":""01a01f57-a34b-7740-9717-596b8116910c/backend-production-v0.3-r006-live""}"
"urn:uuid:fe2327f8-dc7a-5de7-b806-5fab528f2f64","lebl.ra.concept.ledger.sequence.monotone-increasing","monotone increasing sequence","","[]","[]","urn:uuid:a0273f1c-6fad-54c7-a75a-32a5161da656","active","{""definition"":"""",""id"":""urn:uuid:fe2327f8-dc7a-5de7-b806-5fab528f2f64"",""label"":""monotone increasing sequence"",""notation"":[],""record_type"":""concept"",""recorded_at"":""2026-08-21T00:00:00Z"",""rights_id"":""urn:uuid:a0273f1c-6fad-54c7-a75a-32a5161da656"",""schema_name"":""lebl.backend.record"",""schema_version"":""0.3.0"",""semantic_aliases"":[],""semantic_key"":""lebl.ra.concept.ledger.sequence.monotone-increasing"",""source_bindings"":[],""status"":""active"",""supersedes_id"":null,""workflow_id"":""01a01f57-a34b-7740-9717-596b8116910c/backend-production-v0.3-r006-live""}"
"urn:uuid:ffd6b70e-ed63-5467-9e22-18bc5f68d1f4","lebl.ra.concept.ledger.result.corollary","corollary","","[]","[]","urn:uuid:a0273f1c-6fad-54c7-a75a-32a5161da656","active","{""definition"":"""",""id"":""urn:uuid:ffd6b70e-ed63-5467-9e22-18bc5f68d1f4"",""label"":""corollary"",""notation"":[],""record_type"":""concept"",""recorded_at"":""2026-08-21T00:00:00Z"",""rights_id"":""urn:uuid:a0273f1c-6fad-54c7-a75a-32a5161da656"",""schema_name"":""lebl.backend.record"",""schema_version"":""0.3.0"",""semantic_aliases"":[],""semantic_key"":""lebl.ra.concept.ledger.result.corollary"",""source_bindings"":[],""status"":""active"",""supersedes_id"":null,""workflow_id"":""01a01f57-a34b-7740-9717-596b8116910c/backend-production-v0.3-r006-live""}"
