"id","semantic_key","concept_id","language","locale","preferred","variants_json","rejected_forms_json","scope_ids_json","register","evidence_json","rights_id","status","ledger_term_id","source_term","ledger_status","ledger_binding_json","record_json"
"urn:uuid:ffac3ea6-1564-51f3-b6c9-ebb88ecf6310","lebl.ra.term.ledger.lebl-term-0303.id-id","urn:uuid:1853e45a-f1d4-57ce-9d6c-a03556b1a48d","id","id-ID","Cauchy secara seragam","[]","[]","[""urn:uuid:2985f369-c946-5392-be8c-902d3c9215b2""]","formal","[{""locator"":""backend/production/v0.3/inputs/TERMINOLOGY.csv:LEBL-TERM-0303"",""sha256"":""sha256:2c32edf6455058534ee00283d834788da4af047187d584e3f92ee9dd7c6ffa89""}]","urn:uuid:a0273f1c-6fad-54c7-a75a-32a5161da656","active","LEBL-TERM-0303","uniformly Cauchy","admitted","{""concept_id"":""concept.cauchy.uniform"",""evidence"":""R006 ch-seq-funcs.tex"",""notes"":"""",""preferred_id"":""Cauchy secara seragam"",""register"":""formal"",""rejected_id"":"""",""resource_scope"":""R006"",""source_term"":""uniformly Cauchy"",""status"":""admitted"",""term_id"":""LEBL-TERM-0303"",""variants_id"":""""}","{""concept_id"":""urn:uuid:1853e45a-f1d4-57ce-9d6c-a03556b1a48d"",""evidence"":[{""locator"":""backend/production/v0.3/inputs/TERMINOLOGY.csv:LEBL-TERM-0303"",""sha256"":""sha256:2c32edf6455058534ee00283d834788da4af047187d584e3f92ee9dd7c6ffa89""}],""examples"":[],""id"":""urn:uuid:ffac3ea6-1564-51f3-b6c9-ebb88ecf6310"",""language"":""id"",""ledger_binding"":{""concept_id"":""concept.cauchy.uniform"",""evidence"":""R006 ch-seq-funcs.tex"",""notes"":"""",""preferred_id"":""Cauchy secara seragam"",""register"":""formal"",""rejected_id"":"""",""resource_scope"":""R006"",""source_term"":""uniformly Cauchy"",""status"":""admitted"",""term_id"":""LEBL-TERM-0303"",""variants_id"":""""},""locale"":""id-ID"",""preferred"":""Cauchy secara seragam"",""record_type"":""term"",""recorded_at"":""2026-08-21T00:00:00Z"",""register"":""formal"",""rejected_forms"":[],""rights_id"":""urn:uuid:a0273f1c-6fad-54c7-a75a-32a5161da656"",""schema_name"":""lebl.backend.record"",""schema_version"":""0.3.0"",""scope_ids"":[""urn:uuid:2985f369-c946-5392-be8c-902d3c9215b2""],""semantic_aliases"":[],""semantic_key"":""lebl.ra.term.ledger.lebl-term-0303.id-id"",""status"":""active"",""supersedes_id"":null,""variants"":[],""workflow_id"":""01a01f57-a34b-7740-9717-596b8116910c/backend-production-v0.3-r006-live""}"
"urn:uuid:07627480-c836-5e11-8b0c-73f33f666e86","lebl.ra.term.ledger.lebl-term-0194.id-id","urn:uuid:4e770436-d19a-56a0-9fc2-acf21362930e","id","id-ID","Fubini untuk penjumlahan","[]","[]","[""urn:uuid:2985f369-c946-5392-be8c-902d3c9215b2""]","formal","[{""locator"":""backend/production/v0.3/inputs/TERMINOLOGY.csv:LEBL-TERM-0194"",""sha256"":""sha256:ed0a9deb93110e95c3c046d50f7be94d6afb04b25f05e2a6d633eddbd6301818""}]","urn:uuid:a0273f1c-6fad-54c7-a75a-32a5161da656","active","LEBL-TERM-0194","Fubini for sums","admitted","{""concept_id"":""concept.theorem.fubini-sums"",""evidence"":""R006 ch-seq-ser.tex"",""notes"":"""",""preferred_id"":""Fubini untuk penjumlahan"",""register"":""formal"",""rejected_id"":"""",""resource_scope"":""R006"",""source_term"":""Fubini for sums"",""status"":""admitted"",""term_id"":""LEBL-TERM-0194"",""variants_id"":""""}","{""concept_id"":""urn:uuid:4e770436-d19a-56a0-9fc2-acf21362930e"",""evidence"":[{""locator"":""backend/production/v0.3/inputs/TERMINOLOGY.csv:LEBL-TERM-0194"",""sha256"":""sha256:ed0a9deb93110e95c3c046d50f7be94d6afb04b25f05e2a6d633eddbd6301818""}],""examples"":[],""id"":""urn:uuid:07627480-c836-5e11-8b0c-73f33f666e86"",""language"":""id"",""ledger_binding"":{""concept_id"":""concept.theorem.fubini-sums"",""evidence"":""R006 ch-seq-ser.tex"",""notes"":"""",""preferred_id"":""Fubini untuk penjumlahan"",""register"":""formal"",""rejected_id"":"""",""resource_scope"":""R006"",""source_term"":""Fubini for sums"",""status"":""admitted"",""term_id"":""LEBL-TERM-0194"",""variants_id"":""""},""locale"":""id-ID"",""preferred"":""Fubini untuk penjumlahan"",""record_type"":""term"",""recorded_at"":""2026-08-21T00:00:00Z"",""register"":""formal"",""rejected_forms"":[],""rights_id"":""urn:uuid:a0273f1c-6fad-54c7-a75a-32a5161da656"",""schema_name"":""lebl.backend.record"",""schema_version"":""0.3.0"",""scope_ids"":[""urn:uuid:2985f369-c946-5392-be8c-902d3c9215b2""],""semantic_aliases"":[],""semantic_key"":""lebl.ra.term.ledger.lebl-term-0194.id-id"",""status"":""active"",""supersedes_id"":null,""variants"":[],""workflow_id"":""01a01f57-a34b-7740-9717-596b8116910c/backend-production-v0.3-r006-live""}"
"urn:uuid:28d71dda-9c2e-5b76-812f-77e653321a1c","lebl.ra.term.ledger.lebl-term-0436.id-id","urn:uuid:7575677c-b1e2-55d3-b300-64119bf0bdd0","id","id-ID","Jacobian","[]","[]","[""urn:uuid:2985f369-c946-5392-be8c-902d3c9215b2""]","formal","[{""locator"":""backend/production/v0.3/inputs/TERMINOLOGY.csv:LEBL-TERM-0436"",""sha256"":""sha256:c430d4efcde0bc9391ccd0ce9cc184c7a11b23a2f6c5fb1f6cc221349be49e9c""}]","urn:uuid:a0273f1c-6fad-54c7-a75a-32a5161da656","active","LEBL-TERM-0436","Jacobian","admitted","{""concept_id"":""concept.calculus.jacobian"",""evidence"":""R006 ch-several-vars-ders.tex"",""notes"":"""",""preferred_id"":""Jacobian"",""register"":""formal"",""rejected_id"":"""",""resource_scope"":""R006"",""source_term"":""Jacobian"",""status"":""admitted"",""term_id"":""LEBL-TERM-0436"",""variants_id"":""""}","{""concept_id"":""urn:uuid:7575677c-b1e2-55d3-b300-64119bf0bdd0"",""evidence"":[{""locator"":""backend/production/v0.3/inputs/TERMINOLOGY.csv:LEBL-TERM-0436"",""sha256"":""sha256:c430d4efcde0bc9391ccd0ce9cc184c7a11b23a2f6c5fb1f6cc221349be49e9c""}],""examples"":[],""id"":""urn:uuid:28d71dda-9c2e-5b76-812f-77e653321a1c"",""language"":""id"",""ledger_binding"":{""concept_id"":""concept.calculus.jacobian"",""evidence"":""R006 ch-several-vars-ders.tex"",""notes"":"""",""preferred_id"":""Jacobian"",""register"":""formal"",""rejected_id"":"""",""resource_scope"":""R006"",""source_term"":""Jacobian"",""status"":""admitted"",""term_id"":""LEBL-TERM-0436"",""variants_id"":""""},""locale"":""id-ID"",""preferred"":""Jacobian"",""record_type"":""term"",""recorded_at"":""2026-08-21T00:00:00Z"",""register"":""formal"",""rejected_forms"":[],""rights_id"":""urn:uuid:a0273f1c-6fad-54c7-a75a-32a5161da656"",""schema_name"":""lebl.backend.record"",""schema_version"":""0.3.0"",""scope_ids"":[""urn:uuid:2985f369-c946-5392-be8c-902d3c9215b2""],""semantic_aliases"":[],""semantic_key"":""lebl.ra.term.ledger.lebl-term-0436.id-id"",""status"":""active"",""supersedes_id"":null,""variants"":[],""workflow_id"":""01a01f57-a34b-7740-9717-596b8116910c/backend-production-v0.3-r006-live""}"
"urn:uuid:a167a3f5-77eb-52b3-aa2c-9c71f6372ec1","lebl.ra.term.ledger.lebl-term-0218.id-id","urn:uuid:4261092d-a130-5f27-a2ef-aa4584298e7e","id","id-ID","Lipschitz lokal","[]","[]","[""urn:uuid:2985f369-c946-5392-be8c-902d3c9215b2""]","formal","[{""locator"":""backend/production/v0.3/inputs/TERMINOLOGY.csv:LEBL-TERM-0218"",""sha256"":""sha256:c1ee8692a96ab99a56a0eb7fbd171555d0473c6555e45c410c0481d6e903ea99""}]","urn:uuid:a0273f1c-6fad-54c7-a75a-32a5161da656","active","LEBL-TERM-0218","locally Lipschitz","admitted","{""concept_id"":""concept.function.locally-lipschitz"",""evidence"":""R006 ch-contfunc.tex"",""notes"":"""",""preferred_id"":""Lipschitz lokal"",""register"":""formal"",""rejected_id"":"""",""resource_scope"":""R006"",""source_term"":""locally Lipschitz"",""status"":""admitted"",""term_id"":""LEBL-TERM-0218"",""variants_id"":""""}","{""concept_id"":""urn:uuid:4261092d-a130-5f27-a2ef-aa4584298e7e"",""evidence"":[{""locator"":""backend/production/v0.3/inputs/TERMINOLOGY.csv:LEBL-TERM-0218"",""sha256"":""sha256:c1ee8692a96ab99a56a0eb7fbd171555d0473c6555e45c410c0481d6e903ea99""}],""examples"":[],""id"":""urn:uuid:a167a3f5-77eb-52b3-aa2c-9c71f6372ec1"",""language"":""id"",""ledger_binding"":{""concept_id"":""concept.function.locally-lipschitz"",""evidence"":""R006 ch-contfunc.tex"",""notes"":"""",""preferred_id"":""Lipschitz lokal"",""register"":""formal"",""rejected_id"":"""",""resource_scope"":""R006"",""source_term"":""locally Lipschitz"",""status"":""admitted"",""term_id"":""LEBL-TERM-0218"",""variants_id"":""""},""locale"":""id-ID"",""preferred"":""Lipschitz lokal"",""record_type"":""term"",""recorded_at"":""2026-08-21T00:00:00Z"",""register"":""formal"",""rejected_forms"":[],""rights_id"":""urn:uuid:a0273f1c-6fad-54c7-a75a-32a5161da656"",""schema_name"":""lebl.backend.record"",""schema_version"":""0.3.0"",""scope_ids"":[""urn:uuid:2985f369-c946-5392-be8c-902d3c9215b2""],""semantic_aliases"":[],""semantic_key"":""lebl.ra.term.ledger.lebl-term-0218.id-id"",""status"":""active"",""supersedes_id"":null,""variants"":[],""workflow_id"":""01a01f57-a34b-7740-9717-596b8116910c/backend-production-v0.3-r006-live""}"
"urn:uuid:ec769dfb-c336-5f39-b5f7-f12da62d878f","lebl.ra.term.ledger.lebl-term-0082.id-id","urn:uuid:b4919f05-eea1-57d2-9022-6980c0a88f03","id","id-ID","Sifat Archimedes","[""sifat Archimedean""]","[]","[""urn:uuid:2985f369-c946-5392-be8c-902d3c9215b2""]","formal","[{""locator"":""backend/production/v0.3/inputs/TERMINOLOGY.csv:LEBL-TERM-0082"",""sha256"":""sha256:eac0b292c7f1edd66202d76b82d412612c363bf5250e31296b34b72d61f79bf5""}]","urn:uuid:a0273f1c-6fad-54c7-a75a-32a5161da656","active","LEBL-TERM-0082","Archimedean property","admitted","{""concept_id"":""concept.order.archimedean-property"",""evidence"":""R006 ch-real-nums.tex"",""notes"":"""",""preferred_id"":""Sifat Archimedes"",""register"":""formal"",""rejected_id"":"""",""resource_scope"":""R006"",""source_term"":""Archimedean property"",""status"":""admitted"",""term_id"":""LEBL-TERM-0082"",""variants_id"":""sifat Archimedean""}","{""concept_id"":""urn:uuid:b4919f05-eea1-57d2-9022-6980c0a88f03"",""evidence"":[{""locator"":""backend/production/v0.3/inputs/TERMINOLOGY.csv:LEBL-TERM-0082"",""sha256"":""sha256:eac0b292c7f1edd66202d76b82d412612c363bf5250e31296b34b72d61f79bf5""}],""examples"":[],""id"":""urn:uuid:ec769dfb-c336-5f39-b5f7-f12da62d878f"",""language"":""id"",""ledger_binding"":{""concept_id"":""concept.order.archimedean-property"",""evidence"":""R006 ch-real-nums.tex"",""notes"":"""",""preferred_id"":""Sifat Archimedes"",""register"":""formal"",""rejected_id"":"""",""resource_scope"":""R006"",""source_term"":""Archimedean property"",""status"":""admitted"",""term_id"":""LEBL-TERM-0082"",""variants_id"":""sifat Archimedean""},""locale"":""id-ID"",""preferred"":""Sifat Archimedes"",""record_type"":""term"",""recorded_at"":""2026-08-21T00:00:00Z"",""register"":""formal"",""rejected_forms"":[],""rights_id"":""urn:uuid:a0273f1c-6fad-54c7-a75a-32a5161da656"",""schema_name"":""lebl.backend.record"",""schema_version"":""0.3.0"",""scope_ids"":[""urn:uuid:2985f369-c946-5392-be8c-902d3c9215b2""],""semantic_aliases"":[],""semantic_key"":""lebl.ra.term.ledger.lebl-term-0082.id-id"",""status"":""active"",""supersedes_id"":null,""variants"":[""sifat Archimedean""],""workflow_id"":""01a01f57-a34b-7740-9717-596b8116910c/backend-production-v0.3-r006-live""}"
"urn:uuid:b3b2ea04-3b35-564e-9c01-ae432ebd9de9","lebl.ra.term.ledger.lebl-term-0195.id-id","urn:uuid:50be03e2-09c2-5ef8-a2da-b63b9dcf3145","id","id-ID","Tonelli untuk penjumlahan","[]","[]","[""urn:uuid:2985f369-c946-5392-be8c-902d3c9215b2""]","formal","[{""locator"":""backend/production/v0.3/inputs/TERMINOLOGY.csv:LEBL-TERM-0195"",""sha256"":""sha256:35ea17c80efb9a985b9d03e4e382d942069016b29d5de24956e47b4e9063bb13""}]","urn:uuid:a0273f1c-6fad-54c7-a75a-32a5161da656","active","LEBL-TERM-0195","Tonelli for sums","admitted","{""concept_id"":""concept.theorem.tonelli-sums"",""evidence"":""R006 ch-seq-ser.tex"",""notes"":"""",""preferred_id"":""Tonelli untuk penjumlahan"",""register"":""formal"",""rejected_id"":"""",""resource_scope"":""R006"",""source_term"":""Tonelli for sums"",""status"":""admitted"",""term_id"":""LEBL-TERM-0195"",""variants_id"":""""}","{""concept_id"":""urn:uuid:50be03e2-09c2-5ef8-a2da-b63b9dcf3145"",""evidence"":[{""locator"":""backend/production/v0.3/inputs/TERMINOLOGY.csv:LEBL-TERM-0195"",""sha256"":""sha256:35ea17c80efb9a985b9d03e4e382d942069016b29d5de24956e47b4e9063bb13""}],""examples"":[],""id"":""urn:uuid:b3b2ea04-3b35-564e-9c01-ae432ebd9de9"",""language"":""id"",""ledger_binding"":{""concept_id"":""concept.theorem.tonelli-sums"",""evidence"":""R006 ch-seq-ser.tex"",""notes"":"""",""preferred_id"":""Tonelli untuk penjumlahan"",""register"":""formal"",""rejected_id"":"""",""resource_scope"":""R006"",""source_term"":""Tonelli for sums"",""status"":""admitted"",""term_id"":""LEBL-TERM-0195"",""variants_id"":""""},""locale"":""id-ID"",""preferred"":""Tonelli untuk penjumlahan"",""record_type"":""term"",""recorded_at"":""2026-08-21T00:00:00Z"",""register"":""formal"",""rejected_forms"":[],""rights_id"":""urn:uuid:a0273f1c-6fad-54c7-a75a-32a5161da656"",""schema_name"":""lebl.backend.record"",""schema_version"":""0.3.0"",""scope_ids"":[""urn:uuid:2985f369-c946-5392-be8c-902d3c9215b2""],""semantic_aliases"":[],""semantic_key"":""lebl.ra.term.ledger.lebl-term-0195.id-id"",""status"":""active"",""supersedes_id"":null,""variants"":[],""workflow_id"":""01a01f57-a34b-7740-9717-596b8116910c/backend-production-v0.3-r006-live""}"
"urn:uuid:b55a9bd4-617c-5c8b-948d-f17617cf22c8","lebl.ra.term.ledger.lebl-term-0275.id-id","urn:uuid:5ee539a8-7a03-5f7e-9b86-e5b478f6ed48","id","id-ID","aditivitas integral","[""sifat aditif integral""]","[]","[""urn:uuid:2985f369-c946-5392-be8c-902d3c9215b2""]","formal","[{""locator"":""backend/production/v0.3/inputs/TERMINOLOGY.csv:LEBL-TERM-0275"",""sha256"":""sha256:4b2cefd38c977c7d71494d67567c49288a945f08a8b1cdc9be8ce8ebcb7b8905""}]","urn:uuid:a0273f1c-6fad-54c7-a75a-32a5161da656","active","LEBL-TERM-0275","additivity of the integral","admitted","{""concept_id"":""concept.integration.additivity"",""evidence"":""R006 ch-riemann.tex"",""notes"":"""",""preferred_id"":""aditivitas integral"",""register"":""formal"",""rejected_id"":"""",""resource_scope"":""R006"",""source_term"":""additivity of the integral"",""status"":""admitted"",""term_id"":""LEBL-TERM-0275"",""variants_id"":""sifat aditif integral""}","{""concept_id"":""urn:uuid:5ee539a8-7a03-5f7e-9b86-e5b478f6ed48"",""evidence"":[{""locator"":""backend/production/v0.3/inputs/TERMINOLOGY.csv:LEBL-TERM-0275"",""sha256"":""sha256:4b2cefd38c977c7d71494d67567c49288a945f08a8b1cdc9be8ce8ebcb7b8905""}],""examples"":[],""id"":""urn:uuid:b55a9bd4-617c-5c8b-948d-f17617cf22c8"",""language"":""id"",""ledger_binding"":{""concept_id"":""concept.integration.additivity"",""evidence"":""R006 ch-riemann.tex"",""notes"":"""",""preferred_id"":""aditivitas integral"",""register"":""formal"",""rejected_id"":"""",""resource_scope"":""R006"",""source_term"":""additivity of the integral"",""status"":""admitted"",""term_id"":""LEBL-TERM-0275"",""variants_id"":""sifat aditif integral""},""locale"":""id-ID"",""preferred"":""aditivitas integral"",""record_type"":""term"",""recorded_at"":""2026-08-21T00:00:00Z"",""register"":""formal"",""rejected_forms"":[],""rights_id"":""urn:uuid:a0273f1c-6fad-54c7-a75a-32a5161da656"",""schema_name"":""lebl.backend.record"",""schema_version"":""0.3.0"",""scope_ids"":[""urn:uuid:2985f369-c946-5392-be8c-902d3c9215b2""],""semantic_aliases"":[],""semantic_key"":""lebl.ra.term.ledger.lebl-term-0275.id-id"",""status"":""active"",""supersedes_id"":null,""variants"":[""sifat aditif integral""],""workflow_id"":""01a01f57-a34b-7740-9717-596b8116910c/backend-production-v0.3-r006-live""}"
"urn:uuid:034c7159-a6b5-5260-9a44-e6168f5e43f6","lebl.ra.term.ledger.lebl-term-0262.id-id","urn:uuid:9881cdd0-09be-5aad-89cb-67fb29ab4be1","id","id-ID","akar pangkat n","[""akar ke-n""]","[]","[""urn:uuid:2985f369-c946-5392-be8c-902d3c9215b2""]","formal","[{""locator"":""backend/production/v0.3/inputs/TERMINOLOGY.csv:LEBL-TERM-0262"",""sha256"":""sha256:e6df8d89f00b83c3c0334f97259eb69c79eedee292f959f1af2d01311756f81c""}]","urn:uuid:a0273f1c-6fad-54c7-a75a-32a5161da656","active","LEBL-TERM-0262","nth root","admitted","{""concept_id"":""concept.number.nth-root"",""evidence"":""R006 ch-der.tex"",""notes"":"""",""preferred_id"":""akar pangkat n"",""register"":""formal"",""rejected_id"":"""",""resource_scope"":""R006"",""source_term"":""nth root"",""status"":""admitted"",""term_id"":""LEBL-TERM-0262"",""variants_id"":""akar ke-n""}","{""concept_id"":""urn:uuid:9881cdd0-09be-5aad-89cb-67fb29ab4be1"",""evidence"":[{""locator"":""backend/production/v0.3/inputs/TERMINOLOGY.csv:LEBL-TERM-0262"",""sha256"":""sha256:e6df8d89f00b83c3c0334f97259eb69c79eedee292f959f1af2d01311756f81c""}],""examples"":[],""id"":""urn:uuid:034c7159-a6b5-5260-9a44-e6168f5e43f6"",""language"":""id"",""ledger_binding"":{""concept_id"":""concept.number.nth-root"",""evidence"":""R006 ch-der.tex"",""notes"":"""",""preferred_id"":""akar pangkat n"",""register"":""formal"",""rejected_id"":"""",""resource_scope"":""R006"",""source_term"":""nth root"",""status"":""admitted"",""term_id"":""LEBL-TERM-0262"",""variants_id"":""akar ke-n""},""locale"":""id-ID"",""preferred"":""akar pangkat n"",""record_type"":""term"",""recorded_at"":""2026-08-21T00:00:00Z"",""register"":""formal"",""rejected_forms"":[],""rights_id"":""urn:uuid:a0273f1c-6fad-54c7-a75a-32a5161da656"",""schema_name"":""lebl.backend.record"",""schema_version"":""0.3.0"",""scope_ids"":[""urn:uuid:2985f369-c946-5392-be8c-902d3c9215b2""],""semantic_aliases"":[],""semantic_key"":""lebl.ra.term.ledger.lebl-term-0262.id-id"",""status"":""active"",""supersedes_id"":null,""variants"":[""akar ke-n""],""workflow_id"":""01a01f57-a34b-7740-9717-596b8116910c/backend-production-v0.3-r006-live""}"
"urn:uuid:c4cd9ba2-4d72-5f96-bf0f-317d3e9a82e9","lebl.ra.term.ledger.lebl-term-0028.id-id","urn:uuid:ffd6b70e-ed63-5467-9e22-18bc5f68d1f4","id","id-ID","akibat","[""korolari""]","[]","[""urn:uuid:2985f369-c946-5392-be8c-902d3c9215b2""]","formal","[{""locator"":""backend/production/v0.3/inputs/TERMINOLOGY.csv:LEBL-TERM-0028"",""sha256"":""sha256:1c8ca49c95706ae8c6a3b1cb55918ead55f059ba57325f323afbd8fe624fcf6d""}]","urn:uuid:a0273f1c-6fad-54c7-a75a-32a5161da656","active","LEBL-TERM-0028","corollary","admitted","{""concept_id"":""concept.result.corollary"",""evidence"":""R006 realanal.tex and ch-vol1-intro.tex"",""notes"":"""",""preferred_id"":""akibat"",""register"":""formal"",""rejected_id"":"""",""resource_scope"":""R006"",""source_term"":""corollary"",""status"":""admitted"",""term_id"":""LEBL-TERM-0028"",""variants_id"":""korolari""}","{""concept_id"":""urn:uuid:ffd6b70e-ed63-5467-9e22-18bc5f68d1f4"",""evidence"":[{""locator"":""backend/production/v0.3/inputs/TERMINOLOGY.csv:LEBL-TERM-0028"",""sha256"":""sha256:1c8ca49c95706ae8c6a3b1cb55918ead55f059ba57325f323afbd8fe624fcf6d""}],""examples"":[],""id"":""urn:uuid:c4cd9ba2-4d72-5f96-bf0f-317d3e9a82e9"",""language"":""id"",""ledger_binding"":{""concept_id"":""concept.result.corollary"",""evidence"":""R006 realanal.tex and ch-vol1-intro.tex"",""notes"":"""",""preferred_id"":""akibat"",""register"":""formal"",""rejected_id"":"""",""resource_scope"":""R006"",""source_term"":""corollary"",""status"":""admitted"",""term_id"":""LEBL-TERM-0028"",""variants_id"":""korolari""},""locale"":""id-ID"",""preferred"":""akibat"",""record_type"":""term"",""recorded_at"":""2026-08-21T00:00:00Z"",""register"":""formal"",""rejected_forms"":[],""rights_id"":""urn:uuid:a0273f1c-6fad-54c7-a75a-32a5161da656"",""schema_name"":""lebl.backend.record"",""schema_version"":""0.3.0"",""scope_ids"":[""urn:uuid:2985f369-c946-5392-be8c-902d3c9215b2""],""semantic_aliases"":[],""semantic_key"":""lebl.ra.term.ledger.lebl-term-0028.id-id"",""status"":""active"",""supersedes_id"":null,""variants"":[""korolari""],""workflow_id"":""01a01f57-a34b-7740-9717-596b8116910c/backend-production-v0.3-r006-live""}"
"urn:uuid:3632bbab-7269-57e9-a6be-ccba771b2013","lebl.ra.term.ledger.lebl-term-0019.id-id","urn:uuid:b61e4ce9-f367-5923-b224-4a5bb6061f12","id","id-ID","aksioma","[]","[]","[""urn:uuid:2985f369-c946-5392-be8c-902d3c9215b2""]","formal","[{""locator"":""backend/production/v0.3/inputs/TERMINOLOGY.csv:LEBL-TERM-0019"",""sha256"":""sha256:f51380178634c35cebb5be2e8699a1416091a1f8356616f9d490203d9801cd4c""}]","urn:uuid:a0273f1c-6fad-54c7-a75a-32a5161da656","active","LEBL-TERM-0019","axiom","admitted","{""concept_id"":""concept.logic.axiom"",""evidence"":""R006 ch-vol1-intro.tex"",""notes"":"""",""preferred_id"":""aksioma"",""register"":""formal"",""rejected_id"":"""",""resource_scope"":""R006"",""source_term"":""axiom"",""status"":""admitted"",""term_id"":""LEBL-TERM-0019"",""variants_id"":""""}","{""concept_id"":""urn:uuid:b61e4ce9-f367-5923-b224-4a5bb6061f12"",""evidence"":[{""locator"":""backend/production/v0.3/inputs/TERMINOLOGY.csv:LEBL-TERM-0019"",""sha256"":""sha256:f51380178634c35cebb5be2e8699a1416091a1f8356616f9d490203d9801cd4c""}],""examples"":[],""id"":""urn:uuid:3632bbab-7269-57e9-a6be-ccba771b2013"",""language"":""id"",""ledger_binding"":{""concept_id"":""concept.logic.axiom"",""evidence"":""R006 ch-vol1-intro.tex"",""notes"":"""",""preferred_id"":""aksioma"",""register"":""formal"",""rejected_id"":"""",""resource_scope"":""R006"",""source_term"":""axiom"",""status"":""admitted"",""term_id"":""LEBL-TERM-0019"",""variants_id"":""""},""locale"":""id-ID"",""preferred"":""aksioma"",""record_type"":""term"",""recorded_at"":""2026-08-21T00:00:00Z"",""register"":""formal"",""rejected_forms"":[],""rights_id"":""urn:uuid:a0273f1c-6fad-54c7-a75a-32a5161da656"",""schema_name"":""lebl.backend.record"",""schema_version"":""0.3.0"",""scope_ids"":[""urn:uuid:2985f369-c946-5392-be8c-902d3c9215b2""],""semantic_aliases"":[],""semantic_key"":""lebl.ra.term.ledger.lebl-term-0019.id-id"",""status"":""active"",""supersedes_id"":null,""variants"":[],""workflow_id"":""01a01f57-a34b-7740-9717-596b8116910c/backend-production-v0.3-r006-live""}"
"urn:uuid:4fe98911-a101-5572-8f1c-d3981338d7dc","lebl.ra.term.ledger.lebl-term-0391.id-id","urn:uuid:d3f7cb1e-08db-5095-93c3-e6b41bed93d4","id","id-ID","aljabar","[]","[]","[""urn:uuid:2985f369-c946-5392-be8c-902d3c9215b2""]","formal","[{""locator"":""backend/production/v0.3/inputs/TERMINOLOGY.csv:LEBL-TERM-0391"",""sha256"":""sha256:a3697ff910d5bbbe8c6b384c4d9fe1a065c4a5c430f53dd934eed790b2d869b9""}]","urn:uuid:a0273f1c-6fad-54c7-a75a-32a5161da656","active","LEBL-TERM-0391","algebra","admitted","{""concept_id"":""concept.algebra.linear"",""evidence"":""R006 ch-several-vars-ders.tex"",""notes"":"""",""preferred_id"":""aljabar"",""register"":""formal"",""rejected_id"":"""",""resource_scope"":""R006"",""source_term"":""algebra"",""status"":""admitted"",""term_id"":""LEBL-TERM-0391"",""variants_id"":""""}","{""concept_id"":""urn:uuid:d3f7cb1e-08db-5095-93c3-e6b41bed93d4"",""evidence"":[{""locator"":""backend/production/v0.3/inputs/TERMINOLOGY.csv:LEBL-TERM-0391"",""sha256"":""sha256:a3697ff910d5bbbe8c6b384c4d9fe1a065c4a5c430f53dd934eed790b2d869b9""}],""examples"":[],""id"":""urn:uuid:4fe98911-a101-5572-8f1c-d3981338d7dc"",""language"":""id"",""ledger_binding"":{""concept_id"":""concept.algebra.linear"",""evidence"":""R006 ch-several-vars-ders.tex"",""notes"":"""",""preferred_id"":""aljabar"",""register"":""formal"",""rejected_id"":"""",""resource_scope"":""R006"",""source_term"":""algebra"",""status"":""admitted"",""term_id"":""LEBL-TERM-0391"",""variants_id"":""""},""locale"":""id-ID"",""preferred"":""aljabar"",""record_type"":""term"",""recorded_at"":""2026-08-21T00:00:00Z"",""register"":""formal"",""rejected_forms"":[],""rights_id"":""urn:uuid:a0273f1c-6fad-54c7-a75a-32a5161da656"",""schema_name"":""lebl.backend.record"",""schema_version"":""0.3.0"",""scope_ids"":[""urn:uuid:2985f369-c946-5392-be8c-902d3c9215b2""],""semantic_aliases"":[],""semantic_key"":""lebl.ra.term.ledger.lebl-term-0391.id-id"",""status"":""active"",""supersedes_id"":null,""variants"":[],""workflow_id"":""01a01f57-a34b-7740-9717-596b8116910c/backend-production-v0.3-r006-live""}"
"urn:uuid:75357f76-02d5-5f2e-9e97-dc9c65eaf5c3","lebl.ra.term.ledger.lebl-term-0001.id-id","urn:uuid:58027456-baa9-5aea-8489-9fbf29be1561","id","id-ID","analisis","[]","[]","[""urn:uuid:2985f369-c946-5392-be8c-902d3c9215b2""]","formal","[{""locator"":""backend/production/v0.3/inputs/TERMINOLOGY.csv:LEBL-TERM-0001"",""sha256"":""sha256:235dff392feb610ef89062e845d950ece1841e0e4f501807611edd49620cb83c""}]","urn:uuid:a0273f1c-6fad-54c7-a75a-32a5161da656","active","LEBL-TERM-0001","analysis","admitted","{""concept_id"":""concept.math.analysis"",""evidence"":""R006 ch-vol1-intro.tex"",""notes"":"""",""preferred_id"":""analisis"",""register"":""formal"",""rejected_id"":"""",""resource_scope"":""R006"",""source_term"":""analysis"",""status"":""admitted"",""term_id"":""LEBL-TERM-0001"",""variants_id"":""""}","{""concept_id"":""urn:uuid:58027456-baa9-5aea-8489-9fbf29be1561"",""evidence"":[{""locator"":""backend/production/v0.3/inputs/TERMINOLOGY.csv:LEBL-TERM-0001"",""sha256"":""sha256:235dff392feb610ef89062e845d950ece1841e0e4f501807611edd49620cb83c""}],""examples"":[],""id"":""urn:uuid:75357f76-02d5-5f2e-9e97-dc9c65eaf5c3"",""language"":""id"",""ledger_binding"":{""concept_id"":""concept.math.analysis"",""evidence"":""R006 ch-vol1-intro.tex"",""notes"":"""",""preferred_id"":""analisis"",""register"":""formal"",""rejected_id"":"""",""resource_scope"":""R006"",""source_term"":""analysis"",""status"":""admitted"",""term_id"":""LEBL-TERM-0001"",""variants_id"":""""},""locale"":""id-ID"",""preferred"":""analisis"",""record_type"":""term"",""recorded_at"":""2026-08-21T00:00:00Z"",""register"":""formal"",""rejected_forms"":[],""rights_id"":""urn:uuid:a0273f1c-6fad-54c7-a75a-32a5161da656"",""schema_name"":""lebl.backend.record"",""schema_version"":""0.3.0"",""scope_ids"":[""urn:uuid:2985f369-c946-5392-be8c-902d3c9215b2""],""semantic_aliases"":[],""semantic_key"":""lebl.ra.term.ledger.lebl-term-0001.id-id"",""status"":""active"",""supersedes_id"":null,""variants"":[],""workflow_id"":""01a01f57-a34b-7740-9717-596b8116910c/backend-production-v0.3-r006-live""}"
"urn:uuid:1db73992-5b59-5bf0-a104-a65210ba182f","lebl.ra.term.ledger.lebl-term-0002.id-id","urn:uuid:51b2f832-8c9d-5977-8220-0539abe4d78f","id","id-ID","analisis real","[]","[]","[""urn:uuid:2985f369-c946-5392-be8c-902d3c9215b2""]","formal","[{""locator"":""backend/production/v0.3/inputs/TERMINOLOGY.csv:LEBL-TERM-0002"",""sha256"":""sha256:1da0bbaa7523e82c8c8cb49ce4c075f219b4296c3a4949fd228c6ef6da474013""}]","urn:uuid:a0273f1c-6fad-54c7-a75a-32a5161da656","active","LEBL-TERM-0002","real analysis","admitted","{""concept_id"":""concept.math.real-analysis"",""evidence"":""R006 realanal.tex and ch-vol1-intro.tex"",""notes"":"""",""preferred_id"":""analisis real"",""register"":""formal"",""rejected_id"":"""",""resource_scope"":""R006"",""source_term"":""real analysis"",""status"":""admitted"",""term_id"":""LEBL-TERM-0002"",""variants_id"":""""}","{""concept_id"":""urn:uuid:51b2f832-8c9d-5977-8220-0539abe4d78f"",""evidence"":[{""locator"":""backend/production/v0.3/inputs/TERMINOLOGY.csv:LEBL-TERM-0002"",""sha256"":""sha256:1da0bbaa7523e82c8c8cb49ce4c075f219b4296c3a4949fd228c6ef6da474013""}],""examples"":[],""id"":""urn:uuid:1db73992-5b59-5bf0-a104-a65210ba182f"",""language"":""id"",""ledger_binding"":{""concept_id"":""concept.math.real-analysis"",""evidence"":""R006 realanal.tex and ch-vol1-intro.tex"",""notes"":"""",""preferred_id"":""analisis real"",""register"":""formal"",""rejected_id"":"""",""resource_scope"":""R006"",""source_term"":""real analysis"",""status"":""admitted"",""term_id"":""LEBL-TERM-0002"",""variants_id"":""""},""locale"":""id-ID"",""preferred"":""analisis real"",""record_type"":""term"",""recorded_at"":""2026-08-21T00:00:00Z"",""register"":""formal"",""rejected_forms"":[],""rights_id"":""urn:uuid:a0273f1c-6fad-54c7-a75a-32a5161da656"",""schema_name"":""lebl.backend.record"",""schema_version"":""0.3.0"",""scope_ids"":[""urn:uuid:2985f369-c946-5392-be8c-902d3c9215b2""],""semantic_aliases"":[],""semantic_key"":""lebl.ra.term.ledger.lebl-term-0002.id-id"",""status"":""active"",""supersedes_id"":null,""variants"":[],""workflow_id"":""01a01f57-a34b-7740-9717-596b8116910c/backend-production-v0.3-r006-live""}"
"urn:uuid:d75b3481-153b-5481-9b2d-156a20d405ff","lebl.ra.term.ledger.lebl-term-0264.id-id","urn:uuid:98c0e27e-9e05-540b-9333-1d282fce8a6d","id","id-ID","antiturunan","[]","[]","[""urn:uuid:2985f369-c946-5392-be8c-902d3c9215b2""]","formal","[{""locator"":""backend/production/v0.3/inputs/TERMINOLOGY.csv:LEBL-TERM-0264"",""sha256"":""sha256:934e70e9045b57a33be279e2e9f42d1ab1a69f1af9fed10588f4547376914900""}]","urn:uuid:a0273f1c-6fad-54c7-a75a-32a5161da656","active","LEBL-TERM-0264","antiderivative","admitted","{""concept_id"":""concept.integration.antiderivative"",""evidence"":""R006 ch-riemann.tex"",""notes"":"""",""preferred_id"":""antiturunan"",""register"":""formal"",""rejected_id"":"""",""resource_scope"":""R006"",""source_term"":""antiderivative"",""status"":""admitted"",""term_id"":""LEBL-TERM-0264"",""variants_id"":""""}","{""concept_id"":""urn:uuid:98c0e27e-9e05-540b-9333-1d282fce8a6d"",""evidence"":[{""locator"":""backend/production/v0.3/inputs/TERMINOLOGY.csv:LEBL-TERM-0264"",""sha256"":""sha256:934e70e9045b57a33be279e2e9f42d1ab1a69f1af9fed10588f4547376914900""}],""examples"":[],""id"":""urn:uuid:d75b3481-153b-5481-9b2d-156a20d405ff"",""language"":""id"",""ledger_binding"":{""concept_id"":""concept.integration.antiderivative"",""evidence"":""R006 ch-riemann.tex"",""notes"":"""",""preferred_id"":""antiturunan"",""register"":""formal"",""rejected_id"":"""",""resource_scope"":""R006"",""source_term"":""antiderivative"",""status"":""admitted"",""term_id"":""LEBL-TERM-0264"",""variants_id"":""""},""locale"":""id-ID"",""preferred"":""antiturunan"",""record_type"":""term"",""recorded_at"":""2026-08-21T00:00:00Z"",""register"":""formal"",""rejected_forms"":[],""rights_id"":""urn:uuid:a0273f1c-6fad-54c7-a75a-32a5161da656"",""schema_name"":""lebl.backend.record"",""schema_version"":""0.3.0"",""scope_ids"":[""urn:uuid:2985f369-c946-5392-be8c-902d3c9215b2""],""semantic_aliases"":[],""semantic_key"":""lebl.ra.term.ledger.lebl-term-0264.id-id"",""status"":""active"",""supersedes_id"":null,""variants"":[],""workflow_id"":""01a01f57-a34b-7740-9717-596b8116910c/backend-production-v0.3-r006-live""}"
"urn:uuid:6146104e-66b8-5fff-bd63-862ef905ff72","lebl.ra.term.ledger.lebl-term-0239.id-id","urn:uuid:d75383a0-2ba0-5cde-9c4b-6e5bb7f673e1","id","id-ID","aturan Leibniz","[]","[]","[""urn:uuid:2985f369-c946-5392-be8c-902d3c9215b2""]","formal","[{""locator"":""backend/production/v0.3/inputs/TERMINOLOGY.csv:LEBL-TERM-0239"",""sha256"":""sha256:3852cf2f8ce38761c986650d4fca7f6ce58c1faee21b7b5f28a8e8a40b7954a2""}]","urn:uuid:a0273f1c-6fad-54c7-a75a-32a5161da656","active","LEBL-TERM-0239","Leibniz rule","admitted","{""concept_id"":""concept.calculus.leibniz-rule"",""evidence"":""R006 ch-der.tex"",""notes"":"""",""preferred_id"":""aturan Leibniz"",""register"":""formal"",""rejected_id"":"""",""resource_scope"":""R006"",""source_term"":""Leibniz rule"",""status"":""admitted"",""term_id"":""LEBL-TERM-0239"",""variants_id"":""""}","{""concept_id"":""urn:uuid:d75383a0-2ba0-5cde-9c4b-6e5bb7f673e1"",""evidence"":[{""locator"":""backend/production/v0.3/inputs/TERMINOLOGY.csv:LEBL-TERM-0239"",""sha256"":""sha256:3852cf2f8ce38761c986650d4fca7f6ce58c1faee21b7b5f28a8e8a40b7954a2""}],""examples"":[],""id"":""urn:uuid:6146104e-66b8-5fff-bd63-862ef905ff72"",""language"":""id"",""ledger_binding"":{""concept_id"":""concept.calculus.leibniz-rule"",""evidence"":""R006 ch-der.tex"",""notes"":"""",""preferred_id"":""aturan Leibniz"",""register"":""formal"",""rejected_id"":"""",""resource_scope"":""R006"",""source_term"":""Leibniz rule"",""status"":""admitted"",""term_id"":""LEBL-TERM-0239"",""variants_id"":""""},""locale"":""id-ID"",""preferred"":""aturan Leibniz"",""record_type"":""term"",""recorded_at"":""2026-08-21T00:00:00Z"",""register"":""formal"",""rejected_forms"":[],""rights_id"":""urn:uuid:a0273f1c-6fad-54c7-a75a-32a5161da656"",""schema_name"":""lebl.backend.record"",""schema_version"":""0.3.0"",""scope_ids"":[""urn:uuid:2985f369-c946-5392-be8c-902d3c9215b2""],""semantic_aliases"":[],""semantic_key"":""lebl.ra.term.ledger.lebl-term-0239.id-id"",""status"":""active"",""supersedes_id"":null,""variants"":[],""workflow_id"":""01a01f57-a34b-7740-9717-596b8116910c/backend-production-v0.3-r006-live""}"
"urn:uuid:33033851-f7e6-5497-b1fc-da7157c6cc30","lebl.ra.term.ledger.lebl-term-0240.id-id","urn:uuid:72bbcaf4-2503-58ae-8a7e-15b8ca2d7cb4","id","id-ID","aturan hasil bagi","[]","[]","[""urn:uuid:2985f369-c946-5392-be8c-902d3c9215b2""]","formal","[{""locator"":""backend/production/v0.3/inputs/TERMINOLOGY.csv:LEBL-TERM-0240"",""sha256"":""sha256:bc0736b6d85b912f67dd049640e56fe46bb1119835f35cf278f25e3ed638ecf6""}]","urn:uuid:a0273f1c-6fad-54c7-a75a-32a5161da656","active","LEBL-TERM-0240","quotient rule","admitted","{""concept_id"":""concept.calculus.quotient-rule"",""evidence"":""R006 ch-der.tex"",""notes"":"""",""preferred_id"":""aturan hasil bagi"",""register"":""formal"",""rejected_id"":"""",""resource_scope"":""R006"",""source_term"":""quotient rule"",""status"":""admitted"",""term_id"":""LEBL-TERM-0240"",""variants_id"":""""}","{""concept_id"":""urn:uuid:72bbcaf4-2503-58ae-8a7e-15b8ca2d7cb4"",""evidence"":[{""locator"":""backend/production/v0.3/inputs/TERMINOLOGY.csv:LEBL-TERM-0240"",""sha256"":""sha256:bc0736b6d85b912f67dd049640e56fe46bb1119835f35cf278f25e3ed638ecf6""}],""examples"":[],""id"":""urn:uuid:33033851-f7e6-5497-b1fc-da7157c6cc30"",""language"":""id"",""ledger_binding"":{""concept_id"":""concept.calculus.quotient-rule"",""evidence"":""R006 ch-der.tex"",""notes"":"""",""preferred_id"":""aturan hasil bagi"",""register"":""formal"",""rejected_id"":"""",""resource_scope"":""R006"",""source_term"":""quotient rule"",""status"":""admitted"",""term_id"":""LEBL-TERM-0240"",""variants_id"":""""},""locale"":""id-ID"",""preferred"":""aturan hasil bagi"",""record_type"":""term"",""recorded_at"":""2026-08-21T00:00:00Z"",""register"":""formal"",""rejected_forms"":[],""rights_id"":""urn:uuid:a0273f1c-6fad-54c7-a75a-32a5161da656"",""schema_name"":""lebl.backend.record"",""schema_version"":""0.3.0"",""scope_ids"":[""urn:uuid:2985f369-c946-5392-be8c-902d3c9215b2""],""semantic_aliases"":[],""semantic_key"":""lebl.ra.term.ledger.lebl-term-0240.id-id"",""status"":""active"",""supersedes_id"":null,""variants"":[],""workflow_id"":""01a01f57-a34b-7740-9717-596b8116910c/backend-production-v0.3-r006-live""}"
"urn:uuid:637f2ab5-cfb6-5056-aa95-06eee711c04a","lebl.ra.term.ledger.lebl-term-0238.id-id","urn:uuid:55578d62-5b90-54a4-8e72-aee5c104e680","id","id-ID","aturan hasil kali","[]","[]","[""urn:uuid:2985f369-c946-5392-be8c-902d3c9215b2""]","formal","[{""locator"":""backend/production/v0.3/inputs/TERMINOLOGY.csv:LEBL-TERM-0238"",""sha256"":""sha256:e101d1dcb0cda62ed6921e6b1276c59df7c93c69b2c6939320e414945e9c3286""}]","urn:uuid:a0273f1c-6fad-54c7-a75a-32a5161da656","active","LEBL-TERM-0238","product rule","admitted","{""concept_id"":""concept.calculus.product-rule"",""evidence"":""R006 ch-der.tex"",""notes"":"""",""preferred_id"":""aturan hasil kali"",""register"":""formal"",""rejected_id"":"""",""resource_scope"":""R006"",""source_term"":""product rule"",""status"":""admitted"",""term_id"":""LEBL-TERM-0238"",""variants_id"":""""}","{""concept_id"":""urn:uuid:55578d62-5b90-54a4-8e72-aee5c104e680"",""evidence"":[{""locator"":""backend/production/v0.3/inputs/TERMINOLOGY.csv:LEBL-TERM-0238"",""sha256"":""sha256:e101d1dcb0cda62ed6921e6b1276c59df7c93c69b2c6939320e414945e9c3286""}],""examples"":[],""id"":""urn:uuid:637f2ab5-cfb6-5056-aa95-06eee711c04a"",""language"":""id"",""ledger_binding"":{""concept_id"":""concept.calculus.product-rule"",""evidence"":""R006 ch-der.tex"",""notes"":"""",""preferred_id"":""aturan hasil kali"",""register"":""formal"",""rejected_id"":"""",""resource_scope"":""R006"",""source_term"":""product rule"",""status"":""admitted"",""term_id"":""LEBL-TERM-0238"",""variants_id"":""""},""locale"":""id-ID"",""preferred"":""aturan hasil kali"",""record_type"":""term"",""recorded_at"":""2026-08-21T00:00:00Z"",""register"":""formal"",""rejected_forms"":[],""rights_id"":""urn:uuid:a0273f1c-6fad-54c7-a75a-32a5161da656"",""schema_name"":""lebl.backend.record"",""schema_version"":""0.3.0"",""scope_ids"":[""urn:uuid:2985f369-c946-5392-be8c-902d3c9215b2""],""semantic_aliases"":[],""semantic_key"":""lebl.ra.term.ledger.lebl-term-0238.id-id"",""status"":""active"",""supersedes_id"":null,""variants"":[],""workflow_id"":""01a01f57-a34b-7740-9717-596b8116910c/backend-production-v0.3-r006-live""}"
"urn:uuid:1c3f902c-afff-5dc1-85ca-eb4283824239","lebl.ra.term.ledger.lebl-term-0241.id-id","urn:uuid:103d51c4-145e-54cb-bf62-de3b3f8ef99a","id","id-ID","aturan rantai","[]","[]","[""urn:uuid:2985f369-c946-5392-be8c-902d3c9215b2""]","formal","[{""locator"":""backend/production/v0.3/inputs/TERMINOLOGY.csv:LEBL-TERM-0241"",""sha256"":""sha256:1e572fe861b457c18f17aecfa29defed2e3077257d6b51144224523c47bc8bb0""}]","urn:uuid:a0273f1c-6fad-54c7-a75a-32a5161da656","active","LEBL-TERM-0241","chain rule","admitted","{""concept_id"":""concept.calculus.chain-rule"",""evidence"":""R006 ch-der.tex"",""notes"":"""",""preferred_id"":""aturan rantai"",""register"":""formal"",""rejected_id"":"""",""resource_scope"":""R006"",""source_term"":""chain rule"",""status"":""admitted"",""term_id"":""LEBL-TERM-0241"",""variants_id"":""""}","{""concept_id"":""urn:uuid:103d51c4-145e-54cb-bf62-de3b3f8ef99a"",""evidence"":[{""locator"":""backend/production/v0.3/inputs/TERMINOLOGY.csv:LEBL-TERM-0241"",""sha256"":""sha256:1e572fe861b457c18f17aecfa29defed2e3077257d6b51144224523c47bc8bb0""}],""examples"":[],""id"":""urn:uuid:1c3f902c-afff-5dc1-85ca-eb4283824239"",""language"":""id"",""ledger_binding"":{""concept_id"":""concept.calculus.chain-rule"",""evidence"":""R006 ch-der.tex"",""notes"":"""",""preferred_id"":""aturan rantai"",""register"":""formal"",""rejected_id"":"""",""resource_scope"":""R006"",""source_term"":""chain rule"",""status"":""admitted"",""term_id"":""LEBL-TERM-0241"",""variants_id"":""""},""locale"":""id-ID"",""preferred"":""aturan rantai"",""record_type"":""term"",""recorded_at"":""2026-08-21T00:00:00Z"",""register"":""formal"",""rejected_forms"":[],""rights_id"":""urn:uuid:a0273f1c-6fad-54c7-a75a-32a5161da656"",""schema_name"":""lebl.backend.record"",""schema_version"":""0.3.0"",""scope_ids"":[""urn:uuid:2985f369-c946-5392-be8c-902d3c9215b2""],""semantic_aliases"":[],""semantic_key"":""lebl.ra.term.ledger.lebl-term-0241.id-id"",""status"":""active"",""supersedes_id"":null,""variants"":[],""workflow_id"":""01a01f57-a34b-7740-9717-596b8116910c/backend-production-v0.3-r006-live""}"
"urn:uuid:bcd59507-dfb1-5c98-b17c-f9d481a24949","lebl.ra.term.ledger.lebl-term-0349.id-id","urn:uuid:1c44d724-59b9-5ae2-8944-cd5e4c07780f","id","id-ID","bagian dalam","[]","[]","[""urn:uuid:2985f369-c946-5392-be8c-902d3c9215b2""]","formal","[{""locator"":""backend/production/v0.3/inputs/TERMINOLOGY.csv:LEBL-TERM-0349"",""sha256"":""sha256:ecdca2860a186c9acdcfc78feb708761185077fabe7ddf5842e727dfc51731e9""}]","urn:uuid:a0273f1c-6fad-54c7-a75a-32a5161da656","active","LEBL-TERM-0349","interior","admitted","{""concept_id"":""concept.set.interior"",""evidence"":""R006 ch-metric.tex"",""notes"":"""",""preferred_id"":""bagian dalam"",""register"":""formal"",""rejected_id"":"""",""resource_scope"":""R006"",""source_term"":""interior"",""status"":""admitted"",""term_id"":""LEBL-TERM-0349"",""variants_id"":""""}","{""concept_id"":""urn:uuid:1c44d724-59b9-5ae2-8944-cd5e4c07780f"",""evidence"":[{""locator"":""backend/production/v0.3/inputs/TERMINOLOGY.csv:LEBL-TERM-0349"",""sha256"":""sha256:ecdca2860a186c9acdcfc78feb708761185077fabe7ddf5842e727dfc51731e9""}],""examples"":[],""id"":""urn:uuid:bcd59507-dfb1-5c98-b17c-f9d481a24949"",""language"":""id"",""ledger_binding"":{""concept_id"":""concept.set.interior"",""evidence"":""R006 ch-metric.tex"",""notes"":"""",""preferred_id"":""bagian dalam"",""register"":""formal"",""rejected_id"":"""",""resource_scope"":""R006"",""source_term"":""interior"",""status"":""admitted"",""term_id"":""LEBL-TERM-0349"",""variants_id"":""""},""locale"":""id-ID"",""preferred"":""bagian dalam"",""record_type"":""term"",""recorded_at"":""2026-08-21T00:00:00Z"",""register"":""formal"",""rejected_forms"":[],""rights_id"":""urn:uuid:a0273f1c-6fad-54c7-a75a-32a5161da656"",""schema_name"":""lebl.backend.record"",""schema_version"":""0.3.0"",""scope_ids"":[""urn:uuid:2985f369-c946-5392-be8c-902d3c9215b2""],""semantic_aliases"":[],""semantic_key"":""lebl.ra.term.ledger.lebl-term-0349.id-id"",""status"":""active"",""supersedes_id"":null,""variants"":[],""workflow_id"":""01a01f57-a34b-7740-9717-596b8116910c/backend-production-v0.3-r006-live""}"
"urn:uuid:9f10435e-1300-5a26-8247-67186ab1602a","lebl.ra.term.ledger.lebl-term-0408.id-id","urn:uuid:12acd7e4-8fae-5953-91d1-0414ff5cfe3f","id","id-ID","baris","[]","[]","[""urn:uuid:2985f369-c946-5392-be8c-902d3c9215b2""]","formal","[{""locator"":""backend/production/v0.3/inputs/TERMINOLOGY.csv:LEBL-TERM-0408"",""sha256"":""sha256:3c703d21189ad09fba5b787ae5cc499f26835bdec20a0963b0110f7dbf4b83aa""}]","urn:uuid:a0273f1c-6fad-54c7-a75a-32a5161da656","active","LEBL-TERM-0408","row","admitted","{""concept_id"":""concept.matrix.row"",""evidence"":""R006 ch-several-vars-ders.tex"",""notes"":"""",""preferred_id"":""baris"",""register"":""formal"",""rejected_id"":"""",""resource_scope"":""R006"",""source_term"":""row"",""status"":""admitted"",""term_id"":""LEBL-TERM-0408"",""variants_id"":""""}","{""concept_id"":""urn:uuid:12acd7e4-8fae-5953-91d1-0414ff5cfe3f"",""evidence"":[{""locator"":""backend/production/v0.3/inputs/TERMINOLOGY.csv:LEBL-TERM-0408"",""sha256"":""sha256:3c703d21189ad09fba5b787ae5cc499f26835bdec20a0963b0110f7dbf4b83aa""}],""examples"":[],""id"":""urn:uuid:9f10435e-1300-5a26-8247-67186ab1602a"",""language"":""id"",""ledger_binding"":{""concept_id"":""concept.matrix.row"",""evidence"":""R006 ch-several-vars-ders.tex"",""notes"":"""",""preferred_id"":""baris"",""register"":""formal"",""rejected_id"":"""",""resource_scope"":""R006"",""source_term"":""row"",""status"":""admitted"",""term_id"":""LEBL-TERM-0408"",""variants_id"":""""},""locale"":""id-ID"",""preferred"":""baris"",""record_type"":""term"",""recorded_at"":""2026-08-21T00:00:00Z"",""register"":""formal"",""rejected_forms"":[],""rights_id"":""urn:uuid:a0273f1c-6fad-54c7-a75a-32a5161da656"",""schema_name"":""lebl.backend.record"",""schema_version"":""0.3.0"",""scope_ids"":[""urn:uuid:2985f369-c946-5392-be8c-902d3c9215b2""],""semantic_aliases"":[],""semantic_key"":""lebl.ra.term.ledger.lebl-term-0408.id-id"",""status"":""active"",""supersedes_id"":null,""variants"":[],""workflow_id"":""01a01f57-a34b-7740-9717-596b8116910c/backend-production-v0.3-r006-live""}"
"urn:uuid:8032b5e6-a2a5-5c8f-b960-c958488cade2","lebl.ra.term.ledger.lebl-term-0118.id-id","urn:uuid:962cdae2-2f55-5c77-b502-a75c2db2d0d8","id","id-ID","barisan","[]","[]","[""urn:uuid:2985f369-c946-5392-be8c-902d3c9215b2""]","formal","[{""locator"":""backend/production/v0.3/inputs/TERMINOLOGY.csv:LEBL-TERM-0118"",""sha256"":""sha256:ea4bf74b03044f689b657c640395894719b316c3bf6a0857bb4eff442e1e5142""}]","urn:uuid:a0273f1c-6fad-54c7-a75a-32a5161da656","active","LEBL-TERM-0118","sequence","admitted","{""concept_id"":""concept.sequence"",""evidence"":""R006 ch-seq-ser.tex"",""notes"":"""",""preferred_id"":""barisan"",""register"":""formal"",""rejected_id"":"""",""resource_scope"":""R006"",""source_term"":""sequence"",""status"":""admitted"",""term_id"":""LEBL-TERM-0118"",""variants_id"":""""}","{""concept_id"":""urn:uuid:962cdae2-2f55-5c77-b502-a75c2db2d0d8"",""evidence"":[{""locator"":""backend/production/v0.3/inputs/TERMINOLOGY.csv:LEBL-TERM-0118"",""sha256"":""sha256:ea4bf74b03044f689b657c640395894719b316c3bf6a0857bb4eff442e1e5142""}],""examples"":[],""id"":""urn:uuid:8032b5e6-a2a5-5c8f-b960-c958488cade2"",""language"":""id"",""ledger_binding"":{""concept_id"":""concept.sequence"",""evidence"":""R006 ch-seq-ser.tex"",""notes"":"""",""preferred_id"":""barisan"",""register"":""formal"",""rejected_id"":"""",""resource_scope"":""R006"",""source_term"":""sequence"",""status"":""admitted"",""term_id"":""LEBL-TERM-0118"",""variants_id"":""""},""locale"":""id-ID"",""preferred"":""barisan"",""record_type"":""term"",""recorded_at"":""2026-08-21T00:00:00Z"",""register"":""formal"",""rejected_forms"":[],""rights_id"":""urn:uuid:a0273f1c-6fad-54c7-a75a-32a5161da656"",""schema_name"":""lebl.backend.record"",""schema_version"":""0.3.0"",""scope_ids"":[""urn:uuid:2985f369-c946-5392-be8c-902d3c9215b2""],""semantic_aliases"":[],""semantic_key"":""lebl.ra.term.ledger.lebl-term-0118.id-id"",""status"":""active"",""supersedes_id"":null,""variants"":[],""workflow_id"":""01a01f57-a34b-7740-9717-596b8116910c/backend-production-v0.3-r006-live""}"
"urn:uuid:4e122a75-fe96-57cb-a3a4-7d0db53f4d43","lebl.ra.term.ledger.lebl-term-0166.id-id","urn:uuid:fe0c484c-7ddc-5bb3-8cc0-5ee319ad4f38","id","id-ID","barisan Cauchy","[]","[]","[""urn:uuid:2985f369-c946-5392-be8c-902d3c9215b2""]","formal","[{""locator"":""backend/production/v0.3/inputs/TERMINOLOGY.csv:LEBL-TERM-0166"",""sha256"":""sha256:d3cd29caf0247fb2387df4864c8b7ad1ab9b457b995a8d77b64c9c93b47420f3""}]","urn:uuid:a0273f1c-6fad-54c7-a75a-32a5161da656","active","LEBL-TERM-0166","Cauchy sequence","admitted","{""concept_id"":""concept.sequence.cauchy"",""evidence"":""R006 ch-seq-ser.tex"",""notes"":"""",""preferred_id"":""barisan Cauchy"",""register"":""formal"",""rejected_id"":"""",""resource_scope"":""R006"",""source_term"":""Cauchy sequence"",""status"":""admitted"",""term_id"":""LEBL-TERM-0166"",""variants_id"":""""}","{""concept_id"":""urn:uuid:fe0c484c-7ddc-5bb3-8cc0-5ee319ad4f38"",""evidence"":[{""locator"":""backend/production/v0.3/inputs/TERMINOLOGY.csv:LEBL-TERM-0166"",""sha256"":""sha256:d3cd29caf0247fb2387df4864c8b7ad1ab9b457b995a8d77b64c9c93b47420f3""}],""examples"":[],""id"":""urn:uuid:4e122a75-fe96-57cb-a3a4-7d0db53f4d43"",""language"":""id"",""ledger_binding"":{""concept_id"":""concept.sequence.cauchy"",""evidence"":""R006 ch-seq-ser.tex"",""notes"":"""",""preferred_id"":""barisan Cauchy"",""register"":""formal"",""rejected_id"":"""",""resource_scope"":""R006"",""source_term"":""Cauchy sequence"",""status"":""admitted"",""term_id"":""LEBL-TERM-0166"",""variants_id"":""""},""locale"":""id-ID"",""preferred"":""barisan Cauchy"",""record_type"":""term"",""recorded_at"":""2026-08-21T00:00:00Z"",""register"":""formal"",""rejected_forms"":[],""rights_id"":""urn:uuid:a0273f1c-6fad-54c7-a75a-32a5161da656"",""schema_name"":""lebl.backend.record"",""schema_version"":""0.3.0"",""scope_ids"":[""urn:uuid:2985f369-c946-5392-be8c-902d3c9215b2""],""semantic_aliases"":[],""semantic_key"":""lebl.ra.term.ledger.lebl-term-0166.id-id"",""status"":""active"",""supersedes_id"":null,""variants"":[],""workflow_id"":""01a01f57-a34b-7740-9717-596b8116910c/backend-production-v0.3-r006-live""}"
"urn:uuid:e202d43a-2ccf-5147-8a65-f53201f191f7","lebl.ra.term.ledger.lebl-term-0136.id-id","urn:uuid:d4dc0118-0388-536e-b6bf-6b49ef4e4c5a","id","id-ID","barisan bilangan asli yang naik secara ketat","[]","[]","[""urn:uuid:2985f369-c946-5392-be8c-902d3c9215b2""]","formal","[{""locator"":""backend/production/v0.3/inputs/TERMINOLOGY.csv:LEBL-TERM-0136"",""sha256"":""sha256:dfe5077e1d6f8e5574fbd6f61bd298c4c01464dde6c018c90d88cd973078f6b5""}]","urn:uuid:a0273f1c-6fad-54c7-a75a-32a5161da656","active","LEBL-TERM-0136","strictly increasing sequence of natural numbers","admitted","{""concept_id"":""concept.sequence.strictly-increasing-index"",""evidence"":""R006 ch-seq-ser.tex"",""notes"":"""",""preferred_id"":""barisan bilangan asli yang naik secara ketat"",""register"":""formal"",""rejected_id"":"""",""resource_scope"":""R006"",""source_term"":""strictly increasing sequence of natural numbers"",""status"":""admitted"",""term_id"":""LEBL-TERM-0136"",""variants_id"":""""}","{""concept_id"":""urn:uuid:d4dc0118-0388-536e-b6bf-6b49ef4e4c5a"",""evidence"":[{""locator"":""backend/production/v0.3/inputs/TERMINOLOGY.csv:LEBL-TERM-0136"",""sha256"":""sha256:dfe5077e1d6f8e5574fbd6f61bd298c4c01464dde6c018c90d88cd973078f6b5""}],""examples"":[],""id"":""urn:uuid:e202d43a-2ccf-5147-8a65-f53201f191f7"",""language"":""id"",""ledger_binding"":{""concept_id"":""concept.sequence.strictly-increasing-index"",""evidence"":""R006 ch-seq-ser.tex"",""notes"":"""",""preferred_id"":""barisan bilangan asli yang naik secara ketat"",""register"":""formal"",""rejected_id"":"""",""resource_scope"":""R006"",""source_term"":""strictly increasing sequence of natural numbers"",""status"":""admitted"",""term_id"":""LEBL-TERM-0136"",""variants_id"":""""},""locale"":""id-ID"",""preferred"":""barisan bilangan asli yang naik secara ketat"",""record_type"":""term"",""recorded_at"":""2026-08-21T00:00:00Z"",""register"":""formal"",""rejected_forms"":[],""rights_id"":""urn:uuid:a0273f1c-6fad-54c7-a75a-32a5161da656"",""schema_name"":""lebl.backend.record"",""schema_version"":""0.3.0"",""scope_ids"":[""urn:uuid:2985f369-c946-5392-be8c-902d3c9215b2""],""semantic_aliases"":[],""semantic_key"":""lebl.ra.term.ledger.lebl-term-0136.id-id"",""status"":""active"",""supersedes_id"":null,""variants"":[],""workflow_id"":""01a01f57-a34b-7740-9717-596b8116910c/backend-production-v0.3-r006-live""}"
"urn:uuid:b7f2d6fc-fc08-5ca5-8272-acb9f84cd012","lebl.ra.term.ledger.lebl-term-0117.id-id","urn:uuid:fdc9e376-64de-5026-adc0-a6c49ea8d8cb","id","id-ID","barisan dan deret","[]","[]","[""urn:uuid:2985f369-c946-5392-be8c-902d3c9215b2""]","formal","[{""locator"":""backend/production/v0.3/inputs/TERMINOLOGY.csv:LEBL-TERM-0117"",""sha256"":""sha256:3359f39280a7cf5f54a756d899188abde4303f4aaa9fb301644c57a81d64947c""}]","urn:uuid:a0273f1c-6fad-54c7-a75a-32a5161da656","active","LEBL-TERM-0117","sequences and series","admitted","{""concept_id"":""concept.sequence-series"",""evidence"":""R006 ch-seq-ser.tex"",""notes"":"""",""preferred_id"":""barisan dan deret"",""register"":""formal"",""rejected_id"":"""",""resource_scope"":""R006"",""source_term"":""sequences and series"",""status"":""admitted"",""term_id"":""LEBL-TERM-0117"",""variants_id"":""""}","{""concept_id"":""urn:uuid:fdc9e376-64de-5026-adc0-a6c49ea8d8cb"",""evidence"":[{""locator"":""backend/production/v0.3/inputs/TERMINOLOGY.csv:LEBL-TERM-0117"",""sha256"":""sha256:3359f39280a7cf5f54a756d899188abde4303f4aaa9fb301644c57a81d64947c""}],""examples"":[],""id"":""urn:uuid:b7f2d6fc-fc08-5ca5-8272-acb9f84cd012"",""language"":""id"",""ledger_binding"":{""concept_id"":""concept.sequence-series"",""evidence"":""R006 ch-seq-ser.tex"",""notes"":"""",""preferred_id"":""barisan dan deret"",""register"":""formal"",""rejected_id"":"""",""resource_scope"":""R006"",""source_term"":""sequences and series"",""status"":""admitted"",""term_id"":""LEBL-TERM-0117"",""variants_id"":""""},""locale"":""id-ID"",""preferred"":""barisan dan deret"",""record_type"":""term"",""recorded_at"":""2026-08-21T00:00:00Z"",""register"":""formal"",""rejected_forms"":[],""rights_id"":""urn:uuid:a0273f1c-6fad-54c7-a75a-32a5161da656"",""schema_name"":""lebl.backend.record"",""schema_version"":""0.3.0"",""scope_ids"":[""urn:uuid:2985f369-c946-5392-be8c-902d3c9215b2""],""semantic_aliases"":[],""semantic_key"":""lebl.ra.term.ledger.lebl-term-0117.id-id"",""status"":""active"",""supersedes_id"":null,""variants"":[],""workflow_id"":""01a01f57-a34b-7740-9717-596b8116910c/backend-production-v0.3-r006-live""}"
"urn:uuid:0d9ea3c7-c888-5106-a1a1-db602a412bc9","lebl.ra.term.ledger.lebl-term-0107.id-id","urn:uuid:9267b054-fb67-56b6-aee5-b31d7b0f9273","id","id-ID","barisan digit tak berhingga","[]","[]","[""urn:uuid:2985f369-c946-5392-be8c-902d3c9215b2""]","formal","[{""locator"":""backend/production/v0.3/inputs/TERMINOLOGY.csv:LEBL-TERM-0107"",""sha256"":""sha256:cd8e447a3d81654894cc1b9efa440e8c24a5582f028235ec455ae2a09cc22da6""}]","urn:uuid:a0273f1c-6fad-54c7-a75a-32a5161da656","active","LEBL-TERM-0107","infinite sequence of digits","admitted","{""concept_id"":""concept.sequence.infinite-digit-sequence"",""evidence"":""R006 ch-real-nums.tex"",""notes"":"""",""preferred_id"":""barisan digit tak berhingga"",""register"":""formal"",""rejected_id"":"""",""resource_scope"":""R006"",""source_term"":""infinite sequence of digits"",""status"":""admitted"",""term_id"":""LEBL-TERM-0107"",""variants_id"":""""}","{""concept_id"":""urn:uuid:9267b054-fb67-56b6-aee5-b31d7b0f9273"",""evidence"":[{""locator"":""backend/production/v0.3/inputs/TERMINOLOGY.csv:LEBL-TERM-0107"",""sha256"":""sha256:cd8e447a3d81654894cc1b9efa440e8c24a5582f028235ec455ae2a09cc22da6""}],""examples"":[],""id"":""urn:uuid:0d9ea3c7-c888-5106-a1a1-db602a412bc9"",""language"":""id"",""ledger_binding"":{""concept_id"":""concept.sequence.infinite-digit-sequence"",""evidence"":""R006 ch-real-nums.tex"",""notes"":"""",""preferred_id"":""barisan digit tak berhingga"",""register"":""formal"",""rejected_id"":"""",""resource_scope"":""R006"",""source_term"":""infinite sequence of digits"",""status"":""admitted"",""term_id"":""LEBL-TERM-0107"",""variants_id"":""""},""locale"":""id-ID"",""preferred"":""barisan digit tak berhingga"",""record_type"":""term"",""recorded_at"":""2026-08-21T00:00:00Z"",""register"":""formal"",""rejected_forms"":[],""rights_id"":""urn:uuid:a0273f1c-6fad-54c7-a75a-32a5161da656"",""schema_name"":""lebl.backend.record"",""schema_version"":""0.3.0"",""scope_ids"":[""urn:uuid:2985f369-c946-5392-be8c-902d3c9215b2""],""semantic_aliases"":[],""semantic_key"":""lebl.ra.term.ledger.lebl-term-0107.id-id"",""status"":""active"",""supersedes_id"":null,""variants"":[],""workflow_id"":""01a01f57-a34b-7740-9717-596b8116910c/backend-production-v0.3-r006-live""}"
"urn:uuid:140aabe4-0db2-53b4-ae60-757ae891bf96","lebl.ra.term.ledger.lebl-term-0127.id-id","urn:uuid:f5e93c4c-ddc1-59d2-8e7b-af5e01c1dbc5","id","id-ID","barisan konstan","[]","[]","[""urn:uuid:2985f369-c946-5392-be8c-902d3c9215b2""]","formal","[{""locator"":""backend/production/v0.3/inputs/TERMINOLOGY.csv:LEBL-TERM-0127"",""sha256"":""sha256:04c36d8a08ec5f8e4c6704d2c2afdce86c667eb666555f351cffa4e80ec7f463""}]","urn:uuid:a0273f1c-6fad-54c7-a75a-32a5161da656","active","LEBL-TERM-0127","constant sequence","admitted","{""concept_id"":""concept.sequence.constant"",""evidence"":""R006 ch-seq-ser.tex"",""notes"":"""",""preferred_id"":""barisan konstan"",""register"":""formal"",""rejected_id"":"""",""resource_scope"":""R006"",""source_term"":""constant sequence"",""status"":""admitted"",""term_id"":""LEBL-TERM-0127"",""variants_id"":""""}","{""concept_id"":""urn:uuid:f5e93c4c-ddc1-59d2-8e7b-af5e01c1dbc5"",""evidence"":[{""locator"":""backend/production/v0.3/inputs/TERMINOLOGY.csv:LEBL-TERM-0127"",""sha256"":""sha256:04c36d8a08ec5f8e4c6704d2c2afdce86c667eb666555f351cffa4e80ec7f463""}],""examples"":[],""id"":""urn:uuid:140aabe4-0db2-53b4-ae60-757ae891bf96"",""language"":""id"",""ledger_binding"":{""concept_id"":""concept.sequence.constant"",""evidence"":""R006 ch-seq-ser.tex"",""notes"":"""",""preferred_id"":""barisan konstan"",""register"":""formal"",""rejected_id"":"""",""resource_scope"":""R006"",""source_term"":""constant sequence"",""status"":""admitted"",""term_id"":""LEBL-TERM-0127"",""variants_id"":""""},""locale"":""id-ID"",""preferred"":""barisan konstan"",""record_type"":""term"",""recorded_at"":""2026-08-21T00:00:00Z"",""register"":""formal"",""rejected_forms"":[],""rights_id"":""urn:uuid:a0273f1c-6fad-54c7-a75a-32a5161da656"",""schema_name"":""lebl.backend.record"",""schema_version"":""0.3.0"",""scope_ids"":[""urn:uuid:2985f369-c946-5392-be8c-902d3c9215b2""],""semantic_aliases"":[],""semantic_key"":""lebl.ra.term.ledger.lebl-term-0127.id-id"",""status"":""active"",""supersedes_id"":null,""variants"":[],""workflow_id"":""01a01f57-a34b-7740-9717-596b8116910c/backend-production-v0.3-r006-live""}"
"urn:uuid:8e281877-bb42-5266-a3f1-55af6b0f2dde","lebl.ra.term.ledger.lebl-term-0130.id-id","urn:uuid:ad3c4da0-2e03-58e2-b582-dcb0415a3bc3","id","id-ID","barisan monoton","[""barisan monotonik""]","[]","[""urn:uuid:2985f369-c946-5392-be8c-902d3c9215b2""]","formal","[{""locator"":""backend/production/v0.3/inputs/TERMINOLOGY.csv:LEBL-TERM-0130"",""sha256"":""sha256:069e14f07d263c9bf14674932df161a0bbca1204ddda9474b55eb16f454b14e2""}]","urn:uuid:a0273f1c-6fad-54c7-a75a-32a5161da656","active","LEBL-TERM-0130","monotone sequence","admitted","{""concept_id"":""concept.sequence.monotone"",""evidence"":""R006 ch-seq-ser.tex"",""notes"":"""",""preferred_id"":""barisan monoton"",""register"":""formal"",""rejected_id"":"""",""resource_scope"":""R006"",""source_term"":""monotone sequence"",""status"":""admitted"",""term_id"":""LEBL-TERM-0130"",""variants_id"":""barisan monotonik""}","{""concept_id"":""urn:uuid:ad3c4da0-2e03-58e2-b582-dcb0415a3bc3"",""evidence"":[{""locator"":""backend/production/v0.3/inputs/TERMINOLOGY.csv:LEBL-TERM-0130"",""sha256"":""sha256:069e14f07d263c9bf14674932df161a0bbca1204ddda9474b55eb16f454b14e2""}],""examples"":[],""id"":""urn:uuid:8e281877-bb42-5266-a3f1-55af6b0f2dde"",""language"":""id"",""ledger_binding"":{""concept_id"":""concept.sequence.monotone"",""evidence"":""R006 ch-seq-ser.tex"",""notes"":"""",""preferred_id"":""barisan monoton"",""register"":""formal"",""rejected_id"":"""",""resource_scope"":""R006"",""source_term"":""monotone sequence"",""status"":""admitted"",""term_id"":""LEBL-TERM-0130"",""variants_id"":""barisan monotonik""},""locale"":""id-ID"",""preferred"":""barisan monoton"",""record_type"":""term"",""recorded_at"":""2026-08-21T00:00:00Z"",""register"":""formal"",""rejected_forms"":[],""rights_id"":""urn:uuid:a0273f1c-6fad-54c7-a75a-32a5161da656"",""schema_name"":""lebl.backend.record"",""schema_version"":""0.3.0"",""scope_ids"":[""urn:uuid:2985f369-c946-5392-be8c-902d3c9215b2""],""semantic_aliases"":[],""semantic_key"":""lebl.ra.term.ledger.lebl-term-0130.id-id"",""status"":""active"",""supersedes_id"":null,""variants"":[""barisan monotonik""],""workflow_id"":""01a01f57-a34b-7740-9717-596b8116910c/backend-production-v0.3-r006-live""}"
"urn:uuid:44875d0a-c1a3-5dde-8472-a69f222c41a4","lebl.ra.term.ledger.lebl-term-0131.id-id","urn:uuid:fe2327f8-dc7a-5de7-b806-5fab528f2f64","id","id-ID","barisan monoton naik","[]","[]","[""urn:uuid:2985f369-c946-5392-be8c-902d3c9215b2""]","formal","[{""locator"":""backend/production/v0.3/inputs/TERMINOLOGY.csv:LEBL-TERM-0131"",""sha256"":""sha256:f993aee091f055e7f66572c61fda452732afcd3f5287bcd5eedbced3982c77cf""}]","urn:uuid:a0273f1c-6fad-54c7-a75a-32a5161da656","active","LEBL-TERM-0131","monotone increasing sequence","admitted","{""concept_id"":""concept.sequence.monotone-increasing"",""evidence"":""R006 ch-seq-ser.tex"",""notes"":"""",""preferred_id"":""barisan monoton naik"",""register"":""formal"",""rejected_id"":"""",""resource_scope"":""R006"",""source_term"":""monotone increasing sequence"",""status"":""admitted"",""term_id"":""LEBL-TERM-0131"",""variants_id"":""""}","{""concept_id"":""urn:uuid:fe2327f8-dc7a-5de7-b806-5fab528f2f64"",""evidence"":[{""locator"":""backend/production/v0.3/inputs/TERMINOLOGY.csv:LEBL-TERM-0131"",""sha256"":""sha256:f993aee091f055e7f66572c61fda452732afcd3f5287bcd5eedbced3982c77cf""}],""examples"":[],""id"":""urn:uuid:44875d0a-c1a3-5dde-8472-a69f222c41a4"",""language"":""id"",""ledger_binding"":{""concept_id"":""concept.sequence.monotone-increasing"",""evidence"":""R006 ch-seq-ser.tex"",""notes"":"""",""preferred_id"":""barisan monoton naik"",""register"":""formal"",""rejected_id"":"""",""resource_scope"":""R006"",""source_term"":""monotone increasing sequence"",""status"":""admitted"",""term_id"":""LEBL-TERM-0131"",""variants_id"":""""},""locale"":""id-ID"",""preferred"":""barisan monoton naik"",""record_type"":""term"",""recorded_at"":""2026-08-21T00:00:00Z"",""register"":""formal"",""rejected_forms"":[],""rights_id"":""urn:uuid:a0273f1c-6fad-54c7-a75a-32a5161da656"",""schema_name"":""lebl.backend.record"",""schema_version"":""0.3.0"",""scope_ids"":[""urn:uuid:2985f369-c946-5392-be8c-902d3c9215b2""],""semantic_aliases"":[],""semantic_key"":""lebl.ra.term.ledger.lebl-term-0131.id-id"",""status"":""active"",""supersedes_id"":null,""variants"":[],""workflow_id"":""01a01f57-a34b-7740-9717-596b8116910c/backend-production-v0.3-r006-live""}"
"urn:uuid:ecee1044-cd72-568a-9beb-0644abd1adef","lebl.ra.term.ledger.lebl-term-0132.id-id","urn:uuid:a72b45be-db2d-51bf-91c6-4c0518c4c51d","id","id-ID","barisan monoton turun","[]","[]","[""urn:uuid:2985f369-c946-5392-be8c-902d3c9215b2""]","formal","[{""locator"":""backend/production/v0.3/inputs/TERMINOLOGY.csv:LEBL-TERM-0132"",""sha256"":""sha256:dcfea114c636f96ed0ab88a9b167217c3ec5570f09152e3522bce5c0bbb73725""}]","urn:uuid:a0273f1c-6fad-54c7-a75a-32a5161da656","active","LEBL-TERM-0132","monotone decreasing sequence","admitted","{""concept_id"":""concept.sequence.monotone-decreasing"",""evidence"":""R006 ch-seq-ser.tex"",""notes"":"""",""preferred_id"":""barisan monoton turun"",""register"":""formal"",""rejected_id"":"""",""resource_scope"":""R006"",""source_term"":""monotone decreasing sequence"",""status"":""admitted"",""term_id"":""LEBL-TERM-0132"",""variants_id"":""""}","{""concept_id"":""urn:uuid:a72b45be-db2d-51bf-91c6-4c0518c4c51d"",""evidence"":[{""locator"":""backend/production/v0.3/inputs/TERMINOLOGY.csv:LEBL-TERM-0132"",""sha256"":""sha256:dcfea114c636f96ed0ab88a9b167217c3ec5570f09152e3522bce5c0bbb73725""}],""examples"":[],""id"":""urn:uuid:ecee1044-cd72-568a-9beb-0644abd1adef"",""language"":""id"",""ledger_binding"":{""concept_id"":""concept.sequence.monotone-decreasing"",""evidence"":""R006 ch-seq-ser.tex"",""notes"":"""",""preferred_id"":""barisan monoton turun"",""register"":""formal"",""rejected_id"":"""",""resource_scope"":""R006"",""source_term"":""monotone decreasing sequence"",""status"":""admitted"",""term_id"":""LEBL-TERM-0132"",""variants_id"":""""},""locale"":""id-ID"",""preferred"":""barisan monoton turun"",""record_type"":""term"",""recorded_at"":""2026-08-21T00:00:00Z"",""register"":""formal"",""rejected_forms"":[],""rights_id"":""urn:uuid:a0273f1c-6fad-54c7-a75a-32a5161da656"",""schema_name"":""lebl.backend.record"",""schema_version"":""0.3.0"",""scope_ids"":[""urn:uuid:2985f369-c946-5392-be8c-902d3c9215b2""],""semantic_aliases"":[],""semantic_key"":""lebl.ra.term.ledger.lebl-term-0132.id-id"",""status"":""active"",""supersedes_id"":null,""variants"":[],""workflow_id"":""01a01f57-a34b-7740-9717-596b8116910c/backend-production-v0.3-r006-live""}"
"urn:uuid:f1d48312-ddd4-5e6c-ad0a-aaeac4a96fa1","lebl.ra.term.ledger.lebl-term-0123.id-id","urn:uuid:82a24bad-938a-5533-a800-05581cd7748e","id","id-ID","barisan terbatas","[]","[]","[""urn:uuid:2985f369-c946-5392-be8c-902d3c9215b2""]","formal","[{""locator"":""backend/production/v0.3/inputs/TERMINOLOGY.csv:LEBL-TERM-0123"",""sha256"":""sha256:cd764a80db2359854bf97da03a9f90faa2e50b21afb79f9c9f238fee9caa71c0""}]","urn:uuid:a0273f1c-6fad-54c7-a75a-32a5161da656","active","LEBL-TERM-0123","bounded sequence","admitted","{""concept_id"":""concept.sequence.bounded"",""evidence"":""R006 ch-seq-ser.tex"",""notes"":"""",""preferred_id"":""barisan terbatas"",""register"":""formal"",""rejected_id"":"""",""resource_scope"":""R006"",""source_term"":""bounded sequence"",""status"":""admitted"",""term_id"":""LEBL-TERM-0123"",""variants_id"":""""}","{""concept_id"":""urn:uuid:82a24bad-938a-5533-a800-05581cd7748e"",""evidence"":[{""locator"":""backend/production/v0.3/inputs/TERMINOLOGY.csv:LEBL-TERM-0123"",""sha256"":""sha256:cd764a80db2359854bf97da03a9f90faa2e50b21afb79f9c9f238fee9caa71c0""}],""examples"":[],""id"":""urn:uuid:f1d48312-ddd4-5e6c-ad0a-aaeac4a96fa1"",""language"":""id"",""ledger_binding"":{""concept_id"":""concept.sequence.bounded"",""evidence"":""R006 ch-seq-ser.tex"",""notes"":"""",""preferred_id"":""barisan terbatas"",""register"":""formal"",""rejected_id"":"""",""resource_scope"":""R006"",""source_term"":""bounded sequence"",""status"":""admitted"",""term_id"":""LEBL-TERM-0123"",""variants_id"":""""},""locale"":""id-ID"",""preferred"":""barisan terbatas"",""record_type"":""term"",""recorded_at"":""2026-08-21T00:00:00Z"",""register"":""formal"",""rejected_forms"":[],""rights_id"":""urn:uuid:a0273f1c-6fad-54c7-a75a-32a5161da656"",""schema_name"":""lebl.backend.record"",""schema_version"":""0.3.0"",""scope_ids"":[""urn:uuid:2985f369-c946-5392-be8c-902d3c9215b2""],""semantic_aliases"":[],""semantic_key"":""lebl.ra.term.ledger.lebl-term-0123.id-id"",""status"":""active"",""supersedes_id"":null,""variants"":[],""workflow_id"":""01a01f57-a34b-7740-9717-596b8116910c/backend-production-v0.3-r006-live""}"
"urn:uuid:1c71e50a-da29-50ad-86de-c2eed1fe0388","lebl.ra.term.ledger.lebl-term-0143.id-id","urn:uuid:d297dfcd-4e7d-5ee6-8495-64531ea9a631","id","id-ID","barisan yang didefinisikan secara rekursif","[]","[]","[""urn:uuid:2985f369-c946-5392-be8c-902d3c9215b2""]","formal","[{""locator"":""backend/production/v0.3/inputs/TERMINOLOGY.csv:LEBL-TERM-0143"",""sha256"":""sha256:5de50e02e7337702c0c3643bba184fd9b4023e1211b84d016efcccb910070b7f""}]","urn:uuid:a0273f1c-6fad-54c7-a75a-32a5161da656","active","LEBL-TERM-0143","recursively defined sequence","admitted","{""concept_id"":""concept.sequence.recursively-defined"",""evidence"":""R006 ch-seq-ser.tex"",""notes"":"""",""preferred_id"":""barisan yang didefinisikan secara rekursif"",""register"":""formal"",""rejected_id"":"""",""resource_scope"":""R006"",""source_term"":""recursively defined sequence"",""status"":""admitted"",""term_id"":""LEBL-TERM-0143"",""variants_id"":""""}","{""concept_id"":""urn:uuid:d297dfcd-4e7d-5ee6-8495-64531ea9a631"",""evidence"":[{""locator"":""backend/production/v0.3/inputs/TERMINOLOGY.csv:LEBL-TERM-0143"",""sha256"":""sha256:5de50e02e7337702c0c3643bba184fd9b4023e1211b84d016efcccb910070b7f""}],""examples"":[],""id"":""urn:uuid:1c71e50a-da29-50ad-86de-c2eed1fe0388"",""language"":""id"",""ledger_binding"":{""concept_id"":""concept.sequence.recursively-defined"",""evidence"":""R006 ch-seq-ser.tex"",""notes"":"""",""preferred_id"":""barisan yang didefinisikan secara rekursif"",""register"":""formal"",""rejected_id"":"""",""resource_scope"":""R006"",""source_term"":""recursively defined sequence"",""status"":""admitted"",""term_id"":""LEBL-TERM-0143"",""variants_id"":""""},""locale"":""id-ID"",""preferred"":""barisan yang didefinisikan secara rekursif"",""record_type"":""term"",""recorded_at"":""2026-08-21T00:00:00Z"",""register"":""formal"",""rejected_forms"":[],""rights_id"":""urn:uuid:a0273f1c-6fad-54c7-a75a-32a5161da656"",""schema_name"":""lebl.backend.record"",""schema_version"":""0.3.0"",""scope_ids"":[""urn:uuid:2985f369-c946-5392-be8c-902d3c9215b2""],""semantic_aliases"":[],""semantic_key"":""lebl.ra.term.ledger.lebl-term-0143.id-id"",""status"":""active"",""supersedes_id"":null,""variants"":[],""workflow_id"":""01a01f57-a34b-7740-9717-596b8116910c/backend-production-v0.3-r006-live""}"
"urn:uuid:5ab8c8e3-f1ac-5186-bdc2-59c68d9f692b","lebl.ra.term.ledger.lebl-term-0383.id-id","urn:uuid:1516aacb-5a31-5870-b72f-217f34847f0b","id","id-ID","basis","[]","[]","[""urn:uuid:2985f369-c946-5392-be8c-902d3c9215b2""]","formal","[{""locator"":""backend/production/v0.3/inputs/TERMINOLOGY.csv:LEBL-TERM-0383"",""sha256"":""sha256:998205cd13fda36167952badf07e850096692fce3389d3f3b846c5ff8e0939cb""}]","urn:uuid:a0273f1c-6fad-54c7-a75a-32a5161da656","active","LEBL-TERM-0383","basis","admitted","{""concept_id"":""concept.basis.linear"",""evidence"":""R006 ch-several-vars-ders.tex"",""notes"":"""",""preferred_id"":""basis"",""register"":""formal"",""rejected_id"":"""",""resource_scope"":""R006"",""source_term"":""basis"",""status"":""admitted"",""term_id"":""LEBL-TERM-0383"",""variants_id"":""""}","{""concept_id"":""urn:uuid:1516aacb-5a31-5870-b72f-217f34847f0b"",""evidence"":[{""locator"":""backend/production/v0.3/inputs/TERMINOLOGY.csv:LEBL-TERM-0383"",""sha256"":""sha256:998205cd13fda36167952badf07e850096692fce3389d3f3b846c5ff8e0939cb""}],""examples"":[],""id"":""urn:uuid:5ab8c8e3-f1ac-5186-bdc2-59c68d9f692b"",""language"":""id"",""ledger_binding"":{""concept_id"":""concept.basis.linear"",""evidence"":""R006 ch-several-vars-ders.tex"",""notes"":"""",""preferred_id"":""basis"",""register"":""formal"",""rejected_id"":"""",""resource_scope"":""R006"",""source_term"":""basis"",""status"":""admitted"",""term_id"":""LEBL-TERM-0383"",""variants_id"":""""},""locale"":""id-ID"",""preferred"":""basis"",""record_type"":""term"",""recorded_at"":""2026-08-21T00:00:00Z"",""register"":""formal"",""rejected_forms"":[],""rights_id"":""urn:uuid:a0273f1c-6fad-54c7-a75a-32a5161da656"",""schema_name"":""lebl.backend.record"",""schema_version"":""0.3.0"",""scope_ids"":[""urn:uuid:2985f369-c946-5392-be8c-902d3c9215b2""],""semantic_aliases"":[],""semantic_key"":""lebl.ra.term.ledger.lebl-term-0383.id-id"",""status"":""active"",""supersedes_id"":null,""variants"":[],""workflow_id"":""01a01f57-a34b-7740-9717-596b8116910c/backend-production-v0.3-r006-live""}"
"urn:uuid:572eb03d-9b1c-5d24-948c-6965f89d6569","lebl.ra.term.ledger.lebl-term-0113.id-id","urn:uuid:5e7e8d49-f097-5a15-ab00-81f8196d187d","id","id-ID","basis b","[]","[]","[""urn:uuid:2985f369-c946-5392-be8c-902d3c9215b2""]","formal","[{""locator"":""backend/production/v0.3/inputs/TERMINOLOGY.csv:LEBL-TERM-0113"",""sha256"":""sha256:f2f1a694ca187f2f201938fa20d9443fd8b2067f7e594a0a07dc757dd56ccf4b""}]","urn:uuid:a0273f1c-6fad-54c7-a75a-32a5161da656","active","LEBL-TERM-0113","base b","admitted","{""concept_id"":""concept.number.base-b"",""evidence"":""R006 ch-real-nums.tex"",""notes"":"""",""preferred_id"":""basis b"",""register"":""formal"",""rejected_id"":"""",""resource_scope"":""R006"",""source_term"":""base b"",""status"":""admitted"",""term_id"":""LEBL-TERM-0113"",""variants_id"":""""}","{""concept_id"":""urn:uuid:5e7e8d49-f097-5a15-ab00-81f8196d187d"",""evidence"":[{""locator"":""backend/production/v0.3/inputs/TERMINOLOGY.csv:LEBL-TERM-0113"",""sha256"":""sha256:f2f1a694ca187f2f201938fa20d9443fd8b2067f7e594a0a07dc757dd56ccf4b""}],""examples"":[],""id"":""urn:uuid:572eb03d-9b1c-5d24-948c-6965f89d6569"",""language"":""id"",""ledger_binding"":{""concept_id"":""concept.number.base-b"",""evidence"":""R006 ch-real-nums.tex"",""notes"":"""",""preferred_id"":""basis b"",""register"":""formal"",""rejected_id"":"""",""resource_scope"":""R006"",""source_term"":""base b"",""status"":""admitted"",""term_id"":""LEBL-TERM-0113"",""variants_id"":""""},""locale"":""id-ID"",""preferred"":""basis b"",""record_type"":""term"",""recorded_at"":""2026-08-21T00:00:00Z"",""register"":""formal"",""rejected_forms"":[],""rights_id"":""urn:uuid:a0273f1c-6fad-54c7-a75a-32a5161da656"",""schema_name"":""lebl.backend.record"",""schema_version"":""0.3.0"",""scope_ids"":[""urn:uuid:2985f369-c946-5392-be8c-902d3c9215b2""],""semantic_aliases"":[],""semantic_key"":""lebl.ra.term.ledger.lebl-term-0113.id-id"",""status"":""active"",""supersedes_id"":null,""variants"":[],""workflow_id"":""01a01f57-a34b-7740-9717-596b8116910c/backend-production-v0.3-r006-live""}"
"urn:uuid:a9f9d98e-3e34-5f10-bb98-a462301e39a2","lebl.ra.term.ledger.lebl-term-0386.id-id","urn:uuid:8a80ad6d-55a5-5690-8360-fed573e1151c","id","id-ID","basis standar","[]","[]","[""urn:uuid:2985f369-c946-5392-be8c-902d3c9215b2""]","formal","[{""locator"":""backend/production/v0.3/inputs/TERMINOLOGY.csv:LEBL-TERM-0386"",""sha256"":""sha256:509f44e33dde75ab217297a34902097c195f3c1f3437448a77b1d64797fa490d""}]","urn:uuid:a0273f1c-6fad-54c7-a75a-32a5161da656","active","LEBL-TERM-0386","standard basis","admitted","{""concept_id"":""concept.basis.standard"",""evidence"":""R006 ch-several-vars-ders.tex"",""notes"":"""",""preferred_id"":""basis standar"",""register"":""formal"",""rejected_id"":"""",""resource_scope"":""R006"",""source_term"":""standard basis"",""status"":""admitted"",""term_id"":""LEBL-TERM-0386"",""variants_id"":""""}","{""concept_id"":""urn:uuid:8a80ad6d-55a5-5690-8360-fed573e1151c"",""evidence"":[{""locator"":""backend/production/v0.3/inputs/TERMINOLOGY.csv:LEBL-TERM-0386"",""sha256"":""sha256:509f44e33dde75ab217297a34902097c195f3c1f3437448a77b1d64797fa490d""}],""examples"":[],""id"":""urn:uuid:a9f9d98e-3e34-5f10-bb98-a462301e39a2"",""language"":""id"",""ledger_binding"":{""concept_id"":""concept.basis.standard"",""evidence"":""R006 ch-several-vars-ders.tex"",""notes"":"""",""preferred_id"":""basis standar"",""register"":""formal"",""rejected_id"":"""",""resource_scope"":""R006"",""source_term"":""standard basis"",""status"":""admitted"",""term_id"":""LEBL-TERM-0386"",""variants_id"":""""},""locale"":""id-ID"",""preferred"":""basis standar"",""record_type"":""term"",""recorded_at"":""2026-08-21T00:00:00Z"",""register"":""formal"",""rejected_forms"":[],""rights_id"":""urn:uuid:a0273f1c-6fad-54c7-a75a-32a5161da656"",""schema_name"":""lebl.backend.record"",""schema_version"":""0.3.0"",""scope_ids"":[""urn:uuid:2985f369-c946-5392-be8c-902d3c9215b2""],""semantic_aliases"":[],""semantic_key"":""lebl.ra.term.ledger.lebl-term-0386.id-id"",""status"":""active"",""supersedes_id"":null,""variants"":[],""workflow_id"":""01a01f57-a34b-7740-9717-596b8116910c/backend-production-v0.3-r006-live""}"
"urn:uuid:ef686a49-e6ca-51b6-ba8b-bc518284c95a","lebl.ra.term.ledger.lebl-term-0350.id-id","urn:uuid:141b5e26-8c2b-57a3-8dc1-ca3a0929158e","id","id-ID","batas","[]","[]","[""urn:uuid:2985f369-c946-5392-be8c-902d3c9215b2""]","formal","[{""locator"":""backend/production/v0.3/inputs/TERMINOLOGY.csv:LEBL-TERM-0350"",""sha256"":""sha256:dca303a77f3154cf195e17c3f37a3c3cdbd44839aaf1a2f4bb9dc80b503f7350""}]","urn:uuid:a0273f1c-6fad-54c7-a75a-32a5161da656","active","LEBL-TERM-0350","boundary","admitted","{""concept_id"":""concept.set.boundary"",""evidence"":""R006 ch-metric.tex"",""notes"":"""",""preferred_id"":""batas"",""register"":""formal"",""rejected_id"":"""",""resource_scope"":""R006"",""source_term"":""boundary"",""status"":""admitted"",""term_id"":""LEBL-TERM-0350"",""variants_id"":""""}","{""concept_id"":""urn:uuid:141b5e26-8c2b-57a3-8dc1-ca3a0929158e"",""evidence"":[{""locator"":""backend/production/v0.3/inputs/TERMINOLOGY.csv:LEBL-TERM-0350"",""sha256"":""sha256:dca303a77f3154cf195e17c3f37a3c3cdbd44839aaf1a2f4bb9dc80b503f7350""}],""examples"":[],""id"":""urn:uuid:ef686a49-e6ca-51b6-ba8b-bc518284c95a"",""language"":""id"",""ledger_binding"":{""concept_id"":""concept.set.boundary"",""evidence"":""R006 ch-metric.tex"",""notes"":"""",""preferred_id"":""batas"",""register"":""formal"",""rejected_id"":"""",""resource_scope"":""R006"",""source_term"":""boundary"",""status"":""admitted"",""term_id"":""LEBL-TERM-0350"",""variants_id"":""""},""locale"":""id-ID"",""preferred"":""batas"",""record_type"":""term"",""recorded_at"":""2026-08-21T00:00:00Z"",""register"":""formal"",""rejected_forms"":[],""rights_id"":""urn:uuid:a0273f1c-6fad-54c7-a75a-32a5161da656"",""schema_name"":""lebl.backend.record"",""schema_version"":""0.3.0"",""scope_ids"":[""urn:uuid:2985f369-c946-5392-be8c-902d3c9215b2""],""semantic_aliases"":[],""semantic_key"":""lebl.ra.term.ledger.lebl-term-0350.id-id"",""status"":""active"",""supersedes_id"":null,""variants"":[],""workflow_id"":""01a01f57-a34b-7740-9717-596b8116910c/backend-production-v0.3-r006-live""}"
"urn:uuid:e65809ab-3aa5-56c5-ac89-45ff1ba2e020","lebl.ra.term.ledger.lebl-term-0066.id-id","urn:uuid:c065e812-d85d-52fb-83fe-977e269d274f","id","id-ID","batas atas","[]","[]","[""urn:uuid:2985f369-c946-5392-be8c-902d3c9215b2""]","formal","[{""locator"":""backend/production/v0.3/inputs/TERMINOLOGY.csv:LEBL-TERM-0066"",""sha256"":""sha256:1857053a1d830db124640206f2e4df7f44590780c395767561ecbbf940fc4915""}]","urn:uuid:a0273f1c-6fad-54c7-a75a-32a5161da656","active","LEBL-TERM-0066","upper bound","admitted","{""concept_id"":""concept.order.upper-bound"",""evidence"":""R006 ch-real-nums.tex"",""notes"":"""",""preferred_id"":""batas atas"",""register"":""formal"",""rejected_id"":"""",""resource_scope"":""R006"",""source_term"":""upper bound"",""status"":""admitted"",""term_id"":""LEBL-TERM-0066"",""variants_id"":""""}","{""concept_id"":""urn:uuid:c065e812-d85d-52fb-83fe-977e269d274f"",""evidence"":[{""locator"":""backend/production/v0.3/inputs/TERMINOLOGY.csv:LEBL-TERM-0066"",""sha256"":""sha256:1857053a1d830db124640206f2e4df7f44590780c395767561ecbbf940fc4915""}],""examples"":[],""id"":""urn:uuid:e65809ab-3aa5-56c5-ac89-45ff1ba2e020"",""language"":""id"",""ledger_binding"":{""concept_id"":""concept.order.upper-bound"",""evidence"":""R006 ch-real-nums.tex"",""notes"":"""",""preferred_id"":""batas atas"",""register"":""formal"",""rejected_id"":"""",""resource_scope"":""R006"",""source_term"":""upper bound"",""status"":""admitted"",""term_id"":""LEBL-TERM-0066"",""variants_id"":""""},""locale"":""id-ID"",""preferred"":""batas atas"",""record_type"":""term"",""recorded_at"":""2026-08-21T00:00:00Z"",""register"":""formal"",""rejected_forms"":[],""rights_id"":""urn:uuid:a0273f1c-6fad-54c7-a75a-32a5161da656"",""schema_name"":""lebl.backend.record"",""schema_version"":""0.3.0"",""scope_ids"":[""urn:uuid:2985f369-c946-5392-be8c-902d3c9215b2""],""semantic_aliases"":[],""semantic_key"":""lebl.ra.term.ledger.lebl-term-0066.id-id"",""status"":""active"",""supersedes_id"":null,""variants"":[],""workflow_id"":""01a01f57-a34b-7740-9717-596b8116910c/backend-production-v0.3-r006-live""}"
"urn:uuid:6849a90b-2e82-5566-afdc-8161f5e65674","lebl.ra.term.ledger.lebl-term-0069.id-id","urn:uuid:7de200a2-799e-5c0f-a457-c76b28589ea1","id","id-ID","batas atas terkecil","[""supremum""]","[]","[""urn:uuid:2985f369-c946-5392-be8c-902d3c9215b2""]","formal","[{""locator"":""backend/production/v0.3/inputs/TERMINOLOGY.csv:LEBL-TERM-0069"",""sha256"":""sha256:fcee54445573297dad8a8c8df42ed690288432d674e3191de3f282969235059e""}]","urn:uuid:a0273f1c-6fad-54c7-a75a-32a5161da656","active","LEBL-TERM-0069","least upper bound","admitted","{""concept_id"":""concept.order.least-upper-bound"",""evidence"":""R006 ch-real-nums.tex"",""notes"":"""",""preferred_id"":""batas atas terkecil"",""register"":""formal"",""rejected_id"":"""",""resource_scope"":""R006"",""source_term"":""least upper bound"",""status"":""admitted"",""term_id"":""LEBL-TERM-0069"",""variants_id"":""supremum""}","{""concept_id"":""urn:uuid:7de200a2-799e-5c0f-a457-c76b28589ea1"",""evidence"":[{""locator"":""backend/production/v0.3/inputs/TERMINOLOGY.csv:LEBL-TERM-0069"",""sha256"":""sha256:fcee54445573297dad8a8c8df42ed690288432d674e3191de3f282969235059e""}],""examples"":[],""id"":""urn:uuid:6849a90b-2e82-5566-afdc-8161f5e65674"",""language"":""id"",""ledger_binding"":{""concept_id"":""concept.order.least-upper-bound"",""evidence"":""R006 ch-real-nums.tex"",""notes"":"""",""preferred_id"":""batas atas terkecil"",""register"":""formal"",""rejected_id"":"""",""resource_scope"":""R006"",""source_term"":""least upper bound"",""status"":""admitted"",""term_id"":""LEBL-TERM-0069"",""variants_id"":""supremum""},""locale"":""id-ID"",""preferred"":""batas atas terkecil"",""record_type"":""term"",""recorded_at"":""2026-08-21T00:00:00Z"",""register"":""formal"",""rejected_forms"":[],""rights_id"":""urn:uuid:a0273f1c-6fad-54c7-a75a-32a5161da656"",""schema_name"":""lebl.backend.record"",""schema_version"":""0.3.0"",""scope_ids"":[""urn:uuid:2985f369-c946-5392-be8c-902d3c9215b2""],""semantic_aliases"":[],""semantic_key"":""lebl.ra.term.ledger.lebl-term-0069.id-id"",""status"":""active"",""supersedes_id"":null,""variants"":[""supremum""],""workflow_id"":""01a01f57-a34b-7740-9717-596b8116910c/backend-production-v0.3-r006-live""}"
"urn:uuid:d0ae91ae-db10-5e82-b920-3d417f9b6609","lebl.ra.term.ledger.lebl-term-0068.id-id","urn:uuid:0c63d847-9377-5f47-87df-90214120cc92","id","id-ID","batas bawah","[]","[]","[""urn:uuid:2985f369-c946-5392-be8c-902d3c9215b2""]","formal","[{""locator"":""backend/production/v0.3/inputs/TERMINOLOGY.csv:LEBL-TERM-0068"",""sha256"":""sha256:b05104bfdbe44bffb3bcced35ece9b388aecc7d03b06f902763915b159cd5016""}]","urn:uuid:a0273f1c-6fad-54c7-a75a-32a5161da656","active","LEBL-TERM-0068","lower bound","admitted","{""concept_id"":""concept.order.lower-bound"",""evidence"":""R006 ch-real-nums.tex"",""notes"":"""",""preferred_id"":""batas bawah"",""register"":""formal"",""rejected_id"":"""",""resource_scope"":""R006"",""source_term"":""lower bound"",""status"":""admitted"",""term_id"":""LEBL-TERM-0068"",""variants_id"":""""}","{""concept_id"":""urn:uuid:0c63d847-9377-5f47-87df-90214120cc92"",""evidence"":[{""locator"":""backend/production/v0.3/inputs/TERMINOLOGY.csv:LEBL-TERM-0068"",""sha256"":""sha256:b05104bfdbe44bffb3bcced35ece9b388aecc7d03b06f902763915b159cd5016""}],""examples"":[],""id"":""urn:uuid:d0ae91ae-db10-5e82-b920-3d417f9b6609"",""language"":""id"",""ledger_binding"":{""concept_id"":""concept.order.lower-bound"",""evidence"":""R006 ch-real-nums.tex"",""notes"":"""",""preferred_id"":""batas bawah"",""register"":""formal"",""rejected_id"":"""",""resource_scope"":""R006"",""source_term"":""lower bound"",""status"":""admitted"",""term_id"":""LEBL-TERM-0068"",""variants_id"":""""},""locale"":""id-ID"",""preferred"":""batas bawah"",""record_type"":""term"",""recorded_at"":""2026-08-21T00:00:00Z"",""register"":""formal"",""rejected_forms"":[],""rights_id"":""urn:uuid:a0273f1c-6fad-54c7-a75a-32a5161da656"",""schema_name"":""lebl.backend.record"",""schema_version"":""0.3.0"",""scope_ids"":[""urn:uuid:2985f369-c946-5392-be8c-902d3c9215b2""],""semantic_aliases"":[],""semantic_key"":""lebl.ra.term.ledger.lebl-term-0068.id-id"",""status"":""active"",""supersedes_id"":null,""variants"":[],""workflow_id"":""01a01f57-a34b-7740-9717-596b8116910c/backend-production-v0.3-r006-live""}"
"urn:uuid:4d1b8e0c-9189-5b93-a52b-7d06ca2e5db5","lebl.ra.term.ledger.lebl-term-0071.id-id","urn:uuid:79686f13-15d0-5280-8b46-dc0af684d662","id","id-ID","batas bawah terbesar","[""infimum""]","[]","[""urn:uuid:2985f369-c946-5392-be8c-902d3c9215b2""]","formal","[{""locator"":""backend/production/v0.3/inputs/TERMINOLOGY.csv:LEBL-TERM-0071"",""sha256"":""sha256:03a006184ff89d3cd879e98331b8070a2b9fa2749b883c895dba7668aed15ec8""}]","urn:uuid:a0273f1c-6fad-54c7-a75a-32a5161da656","active","LEBL-TERM-0071","greatest lower bound","admitted","{""concept_id"":""concept.order.greatest-lower-bound"",""evidence"":""R006 ch-real-nums.tex"",""notes"":"""",""preferred_id"":""batas bawah terbesar"",""register"":""formal"",""rejected_id"":"""",""resource_scope"":""R006"",""source_term"":""greatest lower bound"",""status"":""admitted"",""term_id"":""LEBL-TERM-0071"",""variants_id"":""infimum""}","{""concept_id"":""urn:uuid:79686f13-15d0-5280-8b46-dc0af684d662"",""evidence"":[{""locator"":""backend/production/v0.3/inputs/TERMINOLOGY.csv:LEBL-TERM-0071"",""sha256"":""sha256:03a006184ff89d3cd879e98331b8070a2b9fa2749b883c895dba7668aed15ec8""}],""examples"":[],""id"":""urn:uuid:4d1b8e0c-9189-5b93-a52b-7d06ca2e5db5"",""language"":""id"",""ledger_binding"":{""concept_id"":""concept.order.greatest-lower-bound"",""evidence"":""R006 ch-real-nums.tex"",""notes"":"""",""preferred_id"":""batas bawah terbesar"",""register"":""formal"",""rejected_id"":"""",""resource_scope"":""R006"",""source_term"":""greatest lower bound"",""status"":""admitted"",""term_id"":""LEBL-TERM-0071"",""variants_id"":""infimum""},""locale"":""id-ID"",""preferred"":""batas bawah terbesar"",""record_type"":""term"",""recorded_at"":""2026-08-21T00:00:00Z"",""register"":""formal"",""rejected_forms"":[],""rights_id"":""urn:uuid:a0273f1c-6fad-54c7-a75a-32a5161da656"",""schema_name"":""lebl.backend.record"",""schema_version"":""0.3.0"",""scope_ids"":[""urn:uuid:2985f369-c946-5392-be8c-902d3c9215b2""],""semantic_aliases"":[],""semantic_key"":""lebl.ra.term.ledger.lebl-term-0071.id-id"",""status"":""active"",""supersedes_id"":null,""variants"":[""infimum""],""workflow_id"":""01a01f57-a34b-7740-9717-596b8116910c/backend-production-v0.3-r006-live""}"
"urn:uuid:ac6f1c21-915f-5936-84f4-6ae0dd0029cd","lebl.ra.term.ledger.lebl-term-0381.id-id","urn:uuid:0bb75f6a-d677-56bd-8a7c-e9287b4c5614","id","id-ID","bebas linear","[]","[]","[""urn:uuid:2985f369-c946-5392-be8c-902d3c9215b2""]","formal","[{""locator"":""backend/production/v0.3/inputs/TERMINOLOGY.csv:LEBL-TERM-0381"",""sha256"":""sha256:a7edb83f52ee890b07804e42b8baa1d3ca26c530feaaa355adebb48b1c7b9080""}]","urn:uuid:a0273f1c-6fad-54c7-a75a-32a5161da656","active","LEBL-TERM-0381","linearly independent","admitted","{""concept_id"":""concept.independence.linear"",""evidence"":""R006 ch-several-vars-ders.tex"",""notes"":"""",""preferred_id"":""bebas linear"",""register"":""formal"",""rejected_id"":"""",""resource_scope"":""R006"",""source_term"":""linearly independent"",""status"":""admitted"",""term_id"":""LEBL-TERM-0381"",""variants_id"":""""}","{""concept_id"":""urn:uuid:0bb75f6a-d677-56bd-8a7c-e9287b4c5614"",""evidence"":[{""locator"":""backend/production/v0.3/inputs/TERMINOLOGY.csv:LEBL-TERM-0381"",""sha256"":""sha256:a7edb83f52ee890b07804e42b8baa1d3ca26c530feaaa355adebb48b1c7b9080""}],""examples"":[],""id"":""urn:uuid:ac6f1c21-915f-5936-84f4-6ae0dd0029cd"",""language"":""id"",""ledger_binding"":{""concept_id"":""concept.independence.linear"",""evidence"":""R006 ch-several-vars-ders.tex"",""notes"":"""",""preferred_id"":""bebas linear"",""register"":""formal"",""rejected_id"":"""",""resource_scope"":""R006"",""source_term"":""linearly independent"",""status"":""admitted"",""term_id"":""LEBL-TERM-0381"",""variants_id"":""""},""locale"":""id-ID"",""preferred"":""bebas linear"",""record_type"":""term"",""recorded_at"":""2026-08-21T00:00:00Z"",""register"":""formal"",""rejected_forms"":[],""rights_id"":""urn:uuid:a0273f1c-6fad-54c7-a75a-32a5161da656"",""schema_name"":""lebl.backend.record"",""schema_version"":""0.3.0"",""scope_ids"":[""urn:uuid:2985f369-c946-5392-be8c-902d3c9215b2""],""semantic_aliases"":[],""semantic_key"":""lebl.ra.term.ledger.lebl-term-0381.id-id"",""status"":""active"",""supersedes_id"":null,""variants"":[],""workflow_id"":""01a01f57-a34b-7740-9717-596b8116910c/backend-production-v0.3-r006-live""}"
"urn:uuid:29d68eca-ddc8-54a6-8fcb-81159eeee8e3","lebl.ra.term.ledger.lebl-term-0369.id-id","urn:uuid:2b47fe83-c04c-5961-9aea-fe7846f0c302","id","id-ID","beberapa variabel","[""multivariabel""]","[]","[""urn:uuid:2985f369-c946-5392-be8c-902d3c9215b2""]","formal","[{""locator"":""backend/production/v0.3/inputs/TERMINOLOGY.csv:LEBL-TERM-0369"",""sha256"":""sha256:7ba8fbd75bace0c54e48f6d854fe42fca0ca5e0a38c09dbfd7343a093f4bcfd9""}]","urn:uuid:a0273f1c-6fad-54c7-a75a-32a5161da656","active","LEBL-TERM-0369","several variables","admitted","{""concept_id"":""concept.calculus.several-variables"",""evidence"":""R006 ch-several-vars-ders.tex"",""notes"":"""",""preferred_id"":""beberapa variabel"",""register"":""formal"",""rejected_id"":"""",""resource_scope"":""R006"",""source_term"":""several variables"",""status"":""admitted"",""term_id"":""LEBL-TERM-0369"",""variants_id"":""multivariabel""}","{""concept_id"":""urn:uuid:2b47fe83-c04c-5961-9aea-fe7846f0c302"",""evidence"":[{""locator"":""backend/production/v0.3/inputs/TERMINOLOGY.csv:LEBL-TERM-0369"",""sha256"":""sha256:7ba8fbd75bace0c54e48f6d854fe42fca0ca5e0a38c09dbfd7343a093f4bcfd9""}],""examples"":[],""id"":""urn:uuid:29d68eca-ddc8-54a6-8fcb-81159eeee8e3"",""language"":""id"",""ledger_binding"":{""concept_id"":""concept.calculus.several-variables"",""evidence"":""R006 ch-several-vars-ders.tex"",""notes"":"""",""preferred_id"":""beberapa variabel"",""register"":""formal"",""rejected_id"":"""",""resource_scope"":""R006"",""source_term"":""several variables"",""status"":""admitted"",""term_id"":""LEBL-TERM-0369"",""variants_id"":""multivariabel""},""locale"":""id-ID"",""preferred"":""beberapa variabel"",""record_type"":""term"",""recorded_at"":""2026-08-21T00:00:00Z"",""register"":""formal"",""rejected_forms"":[],""rights_id"":""urn:uuid:a0273f1c-6fad-54c7-a75a-32a5161da656"",""schema_name"":""lebl.backend.record"",""schema_version"":""0.3.0"",""scope_ids"":[""urn:uuid:2985f369-c946-5392-be8c-902d3c9215b2""],""semantic_aliases"":[],""semantic_key"":""lebl.ra.term.ledger.lebl-term-0369.id-id"",""status"":""active"",""supersedes_id"":null,""variants"":[""multivariabel""],""workflow_id"":""01a01f57-a34b-7740-9717-596b8116910c/backend-production-v0.3-r006-live""}"
"urn:uuid:31b1c3e7-5e92-56cd-8d9f-3ee24719a3c1","lebl.ra.term.ledger.lebl-term-0254.id-id","urn:uuid:256c338c-2cb1-5da5-9b90-364e41608631","id","id-ID","bentuk Lagrange","[]","[]","[""urn:uuid:2985f369-c946-5392-be8c-902d3c9215b2""]","formal","[{""locator"":""backend/production/v0.3/inputs/TERMINOLOGY.csv:LEBL-TERM-0254"",""sha256"":""sha256:f83d2cd432dff4f3b7400ad244d7db2231a0d17e8db3dc5183267ec6b194d976""}]","urn:uuid:a0273f1c-6fad-54c7-a75a-32a5161da656","active","LEBL-TERM-0254","Lagrange form","admitted","{""concept_id"":""concept.calculus.lagrange-form"",""evidence"":""R006 ch-der.tex"",""notes"":"""",""preferred_id"":""bentuk Lagrange"",""register"":""formal"",""rejected_id"":"""",""resource_scope"":""R006"",""source_term"":""Lagrange form"",""status"":""admitted"",""term_id"":""LEBL-TERM-0254"",""variants_id"":""""}","{""concept_id"":""urn:uuid:256c338c-2cb1-5da5-9b90-364e41608631"",""evidence"":[{""locator"":""backend/production/v0.3/inputs/TERMINOLOGY.csv:LEBL-TERM-0254"",""sha256"":""sha256:f83d2cd432dff4f3b7400ad244d7db2231a0d17e8db3dc5183267ec6b194d976""}],""examples"":[],""id"":""urn:uuid:31b1c3e7-5e92-56cd-8d9f-3ee24719a3c1"",""language"":""id"",""ledger_binding"":{""concept_id"":""concept.calculus.lagrange-form"",""evidence"":""R006 ch-der.tex"",""notes"":"""",""preferred_id"":""bentuk Lagrange"",""register"":""formal"",""rejected_id"":"""",""resource_scope"":""R006"",""source_term"":""Lagrange form"",""status"":""admitted"",""term_id"":""LEBL-TERM-0254"",""variants_id"":""""},""locale"":""id-ID"",""preferred"":""bentuk Lagrange"",""record_type"":""term"",""recorded_at"":""2026-08-21T00:00:00Z"",""register"":""formal"",""rejected_forms"":[],""rights_id"":""urn:uuid:a0273f1c-6fad-54c7-a75a-32a5161da656"",""schema_name"":""lebl.backend.record"",""schema_version"":""0.3.0"",""scope_ids"":[""urn:uuid:2985f369-c946-5392-be8c-902d3c9215b2""],""semantic_aliases"":[],""semantic_key"":""lebl.ra.term.ledger.lebl-term-0254.id-id"",""status"":""active"",""supersedes_id"":null,""variants"":[],""workflow_id"":""01a01f57-a34b-7740-9717-596b8116910c/backend-production-v0.3-r006-live""}"
"urn:uuid:dc91cf5c-8093-56ac-83aa-ff9410b0e976","lebl.ra.term.ledger.lebl-term-0281.id-id","urn:uuid:6a2bcff5-45b1-5698-9c55-43daed9d84d3","id","id-ID","bentuk kedua teorema dasar kalkulus","[]","[]","[""urn:uuid:2985f369-c946-5392-be8c-902d3c9215b2""]","formal","[{""locator"":""backend/production/v0.3/inputs/TERMINOLOGY.csv:LEBL-TERM-0281"",""sha256"":""sha256:9ca8404b331613f03a93c41f6150aba69169d86e77f6b2433b0d272d06c4eafd""}]","urn:uuid:a0273f1c-6fad-54c7-a75a-32a5161da656","active","LEBL-TERM-0281","second form of the fundamental theorem","admitted","{""concept_id"":""concept.calculus.fundamental-theorem-second-form"",""evidence"":""R006 ch-riemann.tex"",""notes"":"""",""preferred_id"":""bentuk kedua teorema dasar kalkulus"",""register"":""formal"",""rejected_id"":"""",""resource_scope"":""R006"",""source_term"":""second form of the fundamental theorem"",""status"":""admitted"",""term_id"":""LEBL-TERM-0281"",""variants_id"":""""}","{""concept_id"":""urn:uuid:6a2bcff5-45b1-5698-9c55-43daed9d84d3"",""evidence"":[{""locator"":""backend/production/v0.3/inputs/TERMINOLOGY.csv:LEBL-TERM-0281"",""sha256"":""sha256:9ca8404b331613f03a93c41f6150aba69169d86e77f6b2433b0d272d06c4eafd""}],""examples"":[],""id"":""urn:uuid:dc91cf5c-8093-56ac-83aa-ff9410b0e976"",""language"":""id"",""ledger_binding"":{""concept_id"":""concept.calculus.fundamental-theorem-second-form"",""evidence"":""R006 ch-riemann.tex"",""notes"":"""",""preferred_id"":""bentuk kedua teorema dasar kalkulus"",""register"":""formal"",""rejected_id"":"""",""resource_scope"":""R006"",""source_term"":""second form of the fundamental theorem"",""status"":""admitted"",""term_id"":""LEBL-TERM-0281"",""variants_id"":""""},""locale"":""id-ID"",""preferred"":""bentuk kedua teorema dasar kalkulus"",""record_type"":""term"",""recorded_at"":""2026-08-21T00:00:00Z"",""register"":""formal"",""rejected_forms"":[],""rights_id"":""urn:uuid:a0273f1c-6fad-54c7-a75a-32a5161da656"",""schema_name"":""lebl.backend.record"",""schema_version"":""0.3.0"",""scope_ids"":[""urn:uuid:2985f369-c946-5392-be8c-902d3c9215b2""],""semantic_aliases"":[],""semantic_key"":""lebl.ra.term.ledger.lebl-term-0281.id-id"",""status"":""active"",""supersedes_id"":null,""variants"":[],""workflow_id"":""01a01f57-a34b-7740-9717-596b8116910c/backend-production-v0.3-r006-live""}"
"urn:uuid:d64ca32a-58a9-59c4-ab89-7a305ec9c94c","lebl.ra.term.ledger.lebl-term-0280.id-id","urn:uuid:bd633c20-2064-5180-b4c2-d0113ceb7391","id","id-ID","bentuk pertama teorema dasar kalkulus","[]","[]","[""urn:uuid:2985f369-c946-5392-be8c-902d3c9215b2""]","formal","[{""locator"":""backend/production/v0.3/inputs/TERMINOLOGY.csv:LEBL-TERM-0280"",""sha256"":""sha256:9f9066c3ecdc2c6a696c6c784fab19af3e67959750616467e8792b9a0a3442fe""}]","urn:uuid:a0273f1c-6fad-54c7-a75a-32a5161da656","active","LEBL-TERM-0280","first form of the fundamental theorem","admitted","{""concept_id"":""concept.calculus.fundamental-theorem-first-form"",""evidence"":""R006 ch-riemann.tex"",""notes"":"""",""preferred_id"":""bentuk pertama teorema dasar kalkulus"",""register"":""formal"",""rejected_id"":"""",""resource_scope"":""R006"",""source_term"":""first form of the fundamental theorem"",""status"":""admitted"",""term_id"":""LEBL-TERM-0280"",""variants_id"":""""}","{""concept_id"":""urn:uuid:bd633c20-2064-5180-b4c2-d0113ceb7391"",""evidence"":[{""locator"":""backend/production/v0.3/inputs/TERMINOLOGY.csv:LEBL-TERM-0280"",""sha256"":""sha256:9f9066c3ecdc2c6a696c6c784fab19af3e67959750616467e8792b9a0a3442fe""}],""examples"":[],""id"":""urn:uuid:d64ca32a-58a9-59c4-ab89-7a305ec9c94c"",""language"":""id"",""ledger_binding"":{""concept_id"":""concept.calculus.fundamental-theorem-first-form"",""evidence"":""R006 ch-riemann.tex"",""notes"":"""",""preferred_id"":""bentuk pertama teorema dasar kalkulus"",""register"":""formal"",""rejected_id"":"""",""resource_scope"":""R006"",""source_term"":""first form of the fundamental theorem"",""status"":""admitted"",""term_id"":""LEBL-TERM-0280"",""variants_id"":""""},""locale"":""id-ID"",""preferred"":""bentuk pertama teorema dasar kalkulus"",""record_type"":""term"",""recorded_at"":""2026-08-21T00:00:00Z"",""register"":""formal"",""rejected_forms"":[],""rights_id"":""urn:uuid:a0273f1c-6fad-54c7-a75a-32a5161da656"",""schema_name"":""lebl.backend.record"",""schema_version"":""0.3.0"",""scope_ids"":[""urn:uuid:2985f369-c946-5392-be8c-902d3c9215b2""],""semantic_aliases"":[],""semantic_key"":""lebl.ra.term.ledger.lebl-term-0280.id-id"",""status"":""active"",""supersedes_id"":null,""variants"":[],""workflow_id"":""01a01f57-a34b-7740-9717-596b8116910c/backend-production-v0.3-r006-live""}"
"urn:uuid:bb45275b-fa32-51ea-be5b-5ac3068be40a","lebl.ra.term.ledger.lebl-term-0378.id-id","urn:uuid:9681df9a-a9d6-5f5e-a1e7-03ef44ce8896","id","id-ID","berdimensi hingga","[]","[]","[""urn:uuid:2985f369-c946-5392-be8c-902d3c9215b2""]","formal","[{""locator"":""backend/production/v0.3/inputs/TERMINOLOGY.csv:LEBL-TERM-0378"",""sha256"":""sha256:db0b473f2fcf11e5e5475a25cc353fec7daffafc0aa426b14d4d4f0d92b0db94""}]","urn:uuid:a0273f1c-6fad-54c7-a75a-32a5161da656","active","LEBL-TERM-0378","finite-dimensional","admitted","{""concept_id"":""concept.dimension.finite"",""evidence"":""R006 ch-several-vars-ders.tex"",""notes"":"""",""preferred_id"":""berdimensi hingga"",""register"":""formal"",""rejected_id"":"""",""resource_scope"":""R006"",""source_term"":""finite-dimensional"",""status"":""admitted"",""term_id"":""LEBL-TERM-0378"",""variants_id"":""""}","{""concept_id"":""urn:uuid:9681df9a-a9d6-5f5e-a1e7-03ef44ce8896"",""evidence"":[{""locator"":""backend/production/v0.3/inputs/TERMINOLOGY.csv:LEBL-TERM-0378"",""sha256"":""sha256:db0b473f2fcf11e5e5475a25cc353fec7daffafc0aa426b14d4d4f0d92b0db94""}],""examples"":[],""id"":""urn:uuid:bb45275b-fa32-51ea-be5b-5ac3068be40a"",""language"":""id"",""ledger_binding"":{""concept_id"":""concept.dimension.finite"",""evidence"":""R006 ch-several-vars-ders.tex"",""notes"":"""",""preferred_id"":""berdimensi hingga"",""register"":""formal"",""rejected_id"":"""",""resource_scope"":""R006"",""source_term"":""finite-dimensional"",""status"":""admitted"",""term_id"":""LEBL-TERM-0378"",""variants_id"":""""},""locale"":""id-ID"",""preferred"":""berdimensi hingga"",""record_type"":""term"",""recorded_at"":""2026-08-21T00:00:00Z"",""register"":""formal"",""rejected_forms"":[],""rights_id"":""urn:uuid:a0273f1c-6fad-54c7-a75a-32a5161da656"",""schema_name"":""lebl.backend.record"",""schema_version"":""0.3.0"",""scope_ids"":[""urn:uuid:2985f369-c946-5392-be8c-902d3c9215b2""],""semantic_aliases"":[],""semantic_key"":""lebl.ra.term.ledger.lebl-term-0378.id-id"",""status"":""active"",""supersedes_id"":null,""variants"":[],""workflow_id"":""01a01f57-a34b-7740-9717-596b8116910c/backend-production-v0.3-r006-live""}"
"urn:uuid:df07d93c-9a9b-53e9-9873-d04233420181","lebl.ra.term.ledger.lebl-term-0385.id-id","urn:uuid:cf0adfcf-53b0-5932-9c48-0ddca4e66aab","id","id-ID","berdimensi tak hingga","[]","[]","[""urn:uuid:2985f369-c946-5392-be8c-902d3c9215b2""]","formal","[{""locator"":""backend/production/v0.3/inputs/TERMINOLOGY.csv:LEBL-TERM-0385"",""sha256"":""sha256:5dd5468c4fc839137f7c566489d959c2c77c708be145e3cf9e8af29a61abda0f""}]","urn:uuid:a0273f1c-6fad-54c7-a75a-32a5161da656","active","LEBL-TERM-0385","infinite-dimensional","admitted","{""concept_id"":""concept.dimension.infinite"",""evidence"":""R006 ch-several-vars-ders.tex"",""notes"":"""",""preferred_id"":""berdimensi tak hingga"",""register"":""formal"",""rejected_id"":"""",""resource_scope"":""R006"",""source_term"":""infinite-dimensional"",""status"":""admitted"",""term_id"":""LEBL-TERM-0385"",""variants_id"":""""}","{""concept_id"":""urn:uuid:cf0adfcf-53b0-5932-9c48-0ddca4e66aab"",""evidence"":[{""locator"":""backend/production/v0.3/inputs/TERMINOLOGY.csv:LEBL-TERM-0385"",""sha256"":""sha256:5dd5468c4fc839137f7c566489d959c2c77c708be145e3cf9e8af29a61abda0f""}],""examples"":[],""id"":""urn:uuid:df07d93c-9a9b-53e9-9873-d04233420181"",""language"":""id"",""ledger_binding"":{""concept_id"":""concept.dimension.infinite"",""evidence"":""R006 ch-several-vars-ders.tex"",""notes"":"""",""preferred_id"":""berdimensi tak hingga"",""register"":""formal"",""rejected_id"":"""",""resource_scope"":""R006"",""source_term"":""infinite-dimensional"",""status"":""admitted"",""term_id"":""LEBL-TERM-0385"",""variants_id"":""""},""locale"":""id-ID"",""preferred"":""berdimensi tak hingga"",""record_type"":""term"",""recorded_at"":""2026-08-21T00:00:00Z"",""register"":""formal"",""rejected_forms"":[],""rights_id"":""urn:uuid:a0273f1c-6fad-54c7-a75a-32a5161da656"",""schema_name"":""lebl.backend.record"",""schema_version"":""0.3.0"",""scope_ids"":[""urn:uuid:2985f369-c946-5392-be8c-902d3c9215b2""],""semantic_aliases"":[],""semantic_key"":""lebl.ra.term.ledger.lebl-term-0385.id-id"",""status"":""active"",""supersedes_id"":null,""variants"":[],""workflow_id"":""01a01f57-a34b-7740-9717-596b8116910c/backend-production-v0.3-r006-live""}"
"urn:uuid:8fc3fc50-19d3-55cd-b2ee-8e80d508bafd","lebl.ra.term.ledger.lebl-term-0382.id-id","urn:uuid:e503da32-eb96-5f3e-afb3-5c47611d52ad","id","id-ID","bergantung linear","[]","[]","[""urn:uuid:2985f369-c946-5392-be8c-902d3c9215b2""]","formal","[{""locator"":""backend/production/v0.3/inputs/TERMINOLOGY.csv:LEBL-TERM-0382"",""sha256"":""sha256:4195301fbde9cd8f004af0f9a6e0075bd383485814180aea3ec18276bfd2af45""}]","urn:uuid:a0273f1c-6fad-54c7-a75a-32a5161da656","active","LEBL-TERM-0382","linearly dependent","admitted","{""concept_id"":""concept.dependence.linear"",""evidence"":""R006 ch-several-vars-ders.tex"",""notes"":"""",""preferred_id"":""bergantung linear"",""register"":""formal"",""rejected_id"":"""",""resource_scope"":""R006"",""source_term"":""linearly dependent"",""status"":""admitted"",""term_id"":""LEBL-TERM-0382"",""variants_id"":""""}","{""concept_id"":""urn:uuid:e503da32-eb96-5f3e-afb3-5c47611d52ad"",""evidence"":[{""locator"":""backend/production/v0.3/inputs/TERMINOLOGY.csv:LEBL-TERM-0382"",""sha256"":""sha256:4195301fbde9cd8f004af0f9a6e0075bd383485814180aea3ec18276bfd2af45""}],""examples"":[],""id"":""urn:uuid:8fc3fc50-19d3-55cd-b2ee-8e80d508bafd"",""language"":""id"",""ledger_binding"":{""concept_id"":""concept.dependence.linear"",""evidence"":""R006 ch-several-vars-ders.tex"",""notes"":"""",""preferred_id"":""bergantung linear"",""register"":""formal"",""rejected_id"":"""",""resource_scope"":""R006"",""source_term"":""linearly dependent"",""status"":""admitted"",""term_id"":""LEBL-TERM-0382"",""variants_id"":""""},""locale"":""id-ID"",""preferred"":""bergantung linear"",""record_type"":""term"",""recorded_at"":""2026-08-21T00:00:00Z"",""register"":""formal"",""rejected_forms"":[],""rights_id"":""urn:uuid:a0273f1c-6fad-54c7-a75a-32a5161da656"",""schema_name"":""lebl.backend.record"",""schema_version"":""0.3.0"",""scope_ids"":[""urn:uuid:2985f369-c946-5392-be8c-902d3c9215b2""],""semantic_aliases"":[],""semantic_key"":""lebl.ra.term.ledger.lebl-term-0382.id-id"",""status"":""active"",""supersedes_id"":null,""variants"":[],""workflow_id"":""01a01f57-a34b-7740-9717-596b8116910c/backend-production-v0.3-r006-live""}"
"urn:uuid:f84051bd-74d3-5487-ac06-94d17e742c22","lebl.ra.term.ledger.lebl-term-0055.id-id","urn:uuid:b2a673a9-05a1-5967-8d19-72c3838fd879","id","id-ID","berhingga","[]","[]","[""urn:uuid:2985f369-c946-5392-be8c-902d3c9215b2""]","formal","[{""locator"":""backend/production/v0.3/inputs/TERMINOLOGY.csv:LEBL-TERM-0055"",""sha256"":""sha256:7aa3fa10e0ce4e11cb7d05e2fc2907edd047011dd5a801e0d3195941fb6b9fe1""}]","urn:uuid:a0273f1c-6fad-54c7-a75a-32a5161da656","active","LEBL-TERM-0055","finite","admitted","{""concept_id"":""concept.set-theory.finite"",""evidence"":""R006 ch-vol1-intro.tex"",""notes"":"""",""preferred_id"":""berhingga"",""register"":""formal"",""rejected_id"":"""",""resource_scope"":""R006"",""source_term"":""finite"",""status"":""admitted"",""term_id"":""LEBL-TERM-0055"",""variants_id"":""""}","{""concept_id"":""urn:uuid:b2a673a9-05a1-5967-8d19-72c3838fd879"",""evidence"":[{""locator"":""backend/production/v0.3/inputs/TERMINOLOGY.csv:LEBL-TERM-0055"",""sha256"":""sha256:7aa3fa10e0ce4e11cb7d05e2fc2907edd047011dd5a801e0d3195941fb6b9fe1""}],""examples"":[],""id"":""urn:uuid:f84051bd-74d3-5487-ac06-94d17e742c22"",""language"":""id"",""ledger_binding"":{""concept_id"":""concept.set-theory.finite"",""evidence"":""R006 ch-vol1-intro.tex"",""notes"":"""",""preferred_id"":""berhingga"",""register"":""formal"",""rejected_id"":"""",""resource_scope"":""R006"",""source_term"":""finite"",""status"":""admitted"",""term_id"":""LEBL-TERM-0055"",""variants_id"":""""},""locale"":""id-ID"",""preferred"":""berhingga"",""record_type"":""term"",""recorded_at"":""2026-08-21T00:00:00Z"",""register"":""formal"",""rejected_forms"":[],""rights_id"":""urn:uuid:a0273f1c-6fad-54c7-a75a-32a5161da656"",""schema_name"":""lebl.backend.record"",""schema_version"":""0.3.0"",""scope_ids"":[""urn:uuid:2985f369-c946-5392-be8c-902d3c9215b2""],""semantic_aliases"":[],""semantic_key"":""lebl.ra.term.ledger.lebl-term-0055.id-id"",""status"":""active"",""supersedes_id"":null,""variants"":[],""workflow_id"":""01a01f57-a34b-7740-9717-596b8116910c/backend-production-v0.3-r006-live""}"
"urn:uuid:4e8d9c54-3aab-5109-be85-4c0199179a13","lebl.ra.term.ledger.lebl-term-0278.id-id","urn:uuid:966a5fd9-56fe-5679-a36a-7e115d9edc78","id","id-ID","berhingga banyak diskontinuitas","[]","[]","[""urn:uuid:2985f369-c946-5392-be8c-902d3c9215b2""]","formal","[{""locator"":""backend/production/v0.3/inputs/TERMINOLOGY.csv:LEBL-TERM-0278"",""sha256"":""sha256:1c436e0490990ee440b245839581175a228f0f2c781d44923ce9ac56a318bc8d""}]","urn:uuid:a0273f1c-6fad-54c7-a75a-32a5161da656","active","LEBL-TERM-0278","finitely many discontinuities","admitted","{""concept_id"":""concept.function.finitely-many-discontinuities"",""evidence"":""R006 ch-riemann.tex"",""notes"":"""",""preferred_id"":""berhingga banyak diskontinuitas"",""register"":""formal"",""rejected_id"":"""",""resource_scope"":""R006"",""source_term"":""finitely many discontinuities"",""status"":""admitted"",""term_id"":""LEBL-TERM-0278"",""variants_id"":""""}","{""concept_id"":""urn:uuid:966a5fd9-56fe-5679-a36a-7e115d9edc78"",""evidence"":[{""locator"":""backend/production/v0.3/inputs/TERMINOLOGY.csv:LEBL-TERM-0278"",""sha256"":""sha256:1c436e0490990ee440b245839581175a228f0f2c781d44923ce9ac56a318bc8d""}],""examples"":[],""id"":""urn:uuid:4e8d9c54-3aab-5109-be85-4c0199179a13"",""language"":""id"",""ledger_binding"":{""concept_id"":""concept.function.finitely-many-discontinuities"",""evidence"":""R006 ch-riemann.tex"",""notes"":"""",""preferred_id"":""berhingga banyak diskontinuitas"",""register"":""formal"",""rejected_id"":"""",""resource_scope"":""R006"",""source_term"":""finitely many discontinuities"",""status"":""admitted"",""term_id"":""LEBL-TERM-0278"",""variants_id"":""""},""locale"":""id-ID"",""preferred"":""berhingga banyak diskontinuitas"",""record_type"":""term"",""recorded_at"":""2026-08-21T00:00:00Z"",""register"":""formal"",""rejected_forms"":[],""rights_id"":""urn:uuid:a0273f1c-6fad-54c7-a75a-32a5161da656"",""schema_name"":""lebl.backend.record"",""schema_version"":""0.3.0"",""scope_ids"":[""urn:uuid:2985f369-c946-5392-be8c-902d3c9215b2""],""semantic_aliases"":[],""semantic_key"":""lebl.ra.term.ledger.lebl-term-0278.id-id"",""status"":""active"",""supersedes_id"":null,""variants"":[],""workflow_id"":""01a01f57-a34b-7740-9717-596b8116910c/backend-production-v0.3-r006-live""}"
"urn:uuid:8c7bec6d-ebdd-5c24-bf7c-3084c55f3bc2","lebl.ra.term.ledger.lebl-term-0045.id-id","urn:uuid:c602db9b-60af-5f62-915c-583615dabfd9","id","id-ID","bijeksi","[]","[]","[""urn:uuid:2985f369-c946-5392-be8c-902d3c9215b2""]","formal","[{""locator"":""backend/production/v0.3/inputs/TERMINOLOGY.csv:LEBL-TERM-0045"",""sha256"":""sha256:d872af65d5d1bce3330e4270127c2cf4ac5d5671e3f5aa38e6a6fc61202efdaa""}]","urn:uuid:a0273f1c-6fad-54c7-a75a-32a5161da656","active","LEBL-TERM-0045","bijection","admitted","{""concept_id"":""concept.function.bijection"",""evidence"":""R006 ch-vol1-intro.tex"",""notes"":"""",""preferred_id"":""bijeksi"",""register"":""formal"",""rejected_id"":"""",""resource_scope"":""R006"",""source_term"":""bijection"",""status"":""admitted"",""term_id"":""LEBL-TERM-0045"",""variants_id"":""""}","{""concept_id"":""urn:uuid:c602db9b-60af-5f62-915c-583615dabfd9"",""evidence"":[{""locator"":""backend/production/v0.3/inputs/TERMINOLOGY.csv:LEBL-TERM-0045"",""sha256"":""sha256:d872af65d5d1bce3330e4270127c2cf4ac5d5671e3f5aa38e6a6fc61202efdaa""}],""examples"":[],""id"":""urn:uuid:8c7bec6d-ebdd-5c24-bf7c-3084c55f3bc2"",""language"":""id"",""ledger_binding"":{""concept_id"":""concept.function.bijection"",""evidence"":""R006 ch-vol1-intro.tex"",""notes"":"""",""preferred_id"":""bijeksi"",""register"":""formal"",""rejected_id"":"""",""resource_scope"":""R006"",""source_term"":""bijection"",""status"":""admitted"",""term_id"":""LEBL-TERM-0045"",""variants_id"":""""},""locale"":""id-ID"",""preferred"":""bijeksi"",""record_type"":""term"",""recorded_at"":""2026-08-21T00:00:00Z"",""register"":""formal"",""rejected_forms"":[],""rights_id"":""urn:uuid:a0273f1c-6fad-54c7-a75a-32a5161da656"",""schema_name"":""lebl.backend.record"",""schema_version"":""0.3.0"",""scope_ids"":[""urn:uuid:2985f369-c946-5392-be8c-902d3c9215b2""],""semantic_aliases"":[],""semantic_key"":""lebl.ra.term.ledger.lebl-term-0045.id-id"",""status"":""active"",""supersedes_id"":null,""variants"":[],""workflow_id"":""01a01f57-a34b-7740-9717-596b8116910c/backend-production-v0.3-r006-live""}"
"urn:uuid:12c10861-7fcb-5f49-a869-8978cff77852","lebl.ra.term.ledger.lebl-term-0044.id-id","urn:uuid:f22a006e-4c86-5836-bea4-8f1f14d672ae","id","id-ID","bijektif","[]","[]","[""urn:uuid:2985f369-c946-5392-be8c-902d3c9215b2""]","formal","[{""locator"":""backend/production/v0.3/inputs/TERMINOLOGY.csv:LEBL-TERM-0044"",""sha256"":""sha256:76e787f064c35b5d80054f208b2c425940106d7d9817c0710949f8f9f378e3af""}]","urn:uuid:a0273f1c-6fad-54c7-a75a-32a5161da656","active","LEBL-TERM-0044","bijective","admitted","{""concept_id"":""concept.function.bijective"",""evidence"":""R006 ch-vol1-intro.tex"",""notes"":"""",""preferred_id"":""bijektif"",""register"":""formal"",""rejected_id"":"""",""resource_scope"":""R006"",""source_term"":""bijective"",""status"":""admitted"",""term_id"":""LEBL-TERM-0044"",""variants_id"":""""}","{""concept_id"":""urn:uuid:f22a006e-4c86-5836-bea4-8f1f14d672ae"",""evidence"":[{""locator"":""backend/production/v0.3/inputs/TERMINOLOGY.csv:LEBL-TERM-0044"",""sha256"":""sha256:76e787f064c35b5d80054f208b2c425940106d7d9817c0710949f8f9f378e3af""}],""examples"":[],""id"":""urn:uuid:12c10861-7fcb-5f49-a869-8978cff77852"",""language"":""id"",""ledger_binding"":{""concept_id"":""concept.function.bijective"",""evidence"":""R006 ch-vol1-intro.tex"",""notes"":"""",""preferred_id"":""bijektif"",""register"":""formal"",""rejected_id"":"""",""resource_scope"":""R006"",""source_term"":""bijective"",""status"":""admitted"",""term_id"":""LEBL-TERM-0044"",""variants_id"":""""},""locale"":""id-ID"",""preferred"":""bijektif"",""record_type"":""term"",""recorded_at"":""2026-08-21T00:00:00Z"",""register"":""formal"",""rejected_forms"":[],""rights_id"":""urn:uuid:a0273f1c-6fad-54c7-a75a-32a5161da656"",""schema_name"":""lebl.backend.record"",""schema_version"":""0.3.0"",""scope_ids"":[""urn:uuid:2985f369-c946-5392-be8c-902d3c9215b2""],""semantic_aliases"":[],""semantic_key"":""lebl.ra.term.ledger.lebl-term-0044.id-id"",""status"":""active"",""supersedes_id"":null,""variants"":[],""workflow_id"":""01a01f57-a34b-7740-9717-596b8116910c/backend-production-v0.3-r006-live""}"
"urn:uuid:c8010a22-9f9e-56a2-9dad-a8a51d52c6f9","lebl.ra.term.ledger.lebl-term-0357.id-id","urn:uuid:0b4cec82-e62d-5e08-a737-6b5daf96d906","id","id-ID","bilangan Lebesgue","[]","[]","[""urn:uuid:2985f369-c946-5392-be8c-902d3c9215b2""]","formal","[{""locator"":""backend/production/v0.3/inputs/TERMINOLOGY.csv:LEBL-TERM-0357"",""sha256"":""sha256:8652d8b2af7e5e0077250ed96367883fcc5a0a661f7d02e8d816b8fe855990ad""}]","urn:uuid:a0273f1c-6fad-54c7-a75a-32a5161da656","active","LEBL-TERM-0357","Lebesgue number","admitted","{""concept_id"":""concept.number.lebesgue"",""evidence"":""R006 ch-metric.tex"",""notes"":"""",""preferred_id"":""bilangan Lebesgue"",""register"":""formal"",""rejected_id"":"""",""resource_scope"":""R006"",""source_term"":""Lebesgue number"",""status"":""admitted"",""term_id"":""LEBL-TERM-0357"",""variants_id"":""""}","{""concept_id"":""urn:uuid:0b4cec82-e62d-5e08-a737-6b5daf96d906"",""evidence"":[{""locator"":""backend/production/v0.3/inputs/TERMINOLOGY.csv:LEBL-TERM-0357"",""sha256"":""sha256:8652d8b2af7e5e0077250ed96367883fcc5a0a661f7d02e8d816b8fe855990ad""}],""examples"":[],""id"":""urn:uuid:c8010a22-9f9e-56a2-9dad-a8a51d52c6f9"",""language"":""id"",""ledger_binding"":{""concept_id"":""concept.number.lebesgue"",""evidence"":""R006 ch-metric.tex"",""notes"":"""",""preferred_id"":""bilangan Lebesgue"",""register"":""formal"",""rejected_id"":"""",""resource_scope"":""R006"",""source_term"":""Lebesgue number"",""status"":""admitted"",""term_id"":""LEBL-TERM-0357"",""variants_id"":""""},""locale"":""id-ID"",""preferred"":""bilangan Lebesgue"",""record_type"":""term"",""recorded_at"":""2026-08-21T00:00:00Z"",""register"":""formal"",""rejected_forms"":[],""rights_id"":""urn:uuid:a0273f1c-6fad-54c7-a75a-32a5161da656"",""schema_name"":""lebl.backend.record"",""schema_version"":""0.3.0"",""scope_ids"":[""urn:uuid:2985f369-c946-5392-be8c-902d3c9215b2""],""semantic_aliases"":[],""semantic_key"":""lebl.ra.term.ledger.lebl-term-0357.id-id"",""status"":""active"",""supersedes_id"":null,""variants"":[],""workflow_id"":""01a01f57-a34b-7740-9717-596b8116910c/backend-production-v0.3-r006-live""}"
"urn:uuid:baa09916-ff17-5cac-9204-49692daf7d7b","lebl.ra.term.ledger.lebl-term-0103.id-id","urn:uuid:b0a3a629-8771-5977-b7b4-1bc9b369a761","id","id-ID","bilangan aljabar","[]","[]","[""urn:uuid:2985f369-c946-5392-be8c-902d3c9215b2""]","formal","[{""locator"":""backend/production/v0.3/inputs/TERMINOLOGY.csv:LEBL-TERM-0103"",""sha256"":""sha256:3f34a60794b0cbe6b839299bd00df3c681c1ed3257b15bfeba88cd335de05ae1""}]","urn:uuid:a0273f1c-6fad-54c7-a75a-32a5161da656","active","LEBL-TERM-0103","algebraic number","admitted","{""concept_id"":""concept.number.algebraic"",""evidence"":""R006 ch-real-nums.tex"",""notes"":"""",""preferred_id"":""bilangan aljabar"",""register"":""formal"",""rejected_id"":"""",""resource_scope"":""R006"",""source_term"":""algebraic number"",""status"":""admitted"",""term_id"":""LEBL-TERM-0103"",""variants_id"":""""}","{""concept_id"":""urn:uuid:b0a3a629-8771-5977-b7b4-1bc9b369a761"",""evidence"":[{""locator"":""backend/production/v0.3/inputs/TERMINOLOGY.csv:LEBL-TERM-0103"",""sha256"":""sha256:3f34a60794b0cbe6b839299bd00df3c681c1ed3257b15bfeba88cd335de05ae1""}],""examples"":[],""id"":""urn:uuid:baa09916-ff17-5cac-9204-49692daf7d7b"",""language"":""id"",""ledger_binding"":{""concept_id"":""concept.number.algebraic"",""evidence"":""R006 ch-real-nums.tex"",""notes"":"""",""preferred_id"":""bilangan aljabar"",""register"":""formal"",""rejected_id"":"""",""resource_scope"":""R006"",""source_term"":""algebraic number"",""status"":""admitted"",""term_id"":""LEBL-TERM-0103"",""variants_id"":""""},""locale"":""id-ID"",""preferred"":""bilangan aljabar"",""record_type"":""term"",""recorded_at"":""2026-08-21T00:00:00Z"",""register"":""formal"",""rejected_forms"":[],""rights_id"":""urn:uuid:a0273f1c-6fad-54c7-a75a-32a5161da656"",""schema_name"":""lebl.backend.record"",""schema_version"":""0.3.0"",""scope_ids"":[""urn:uuid:2985f369-c946-5392-be8c-902d3c9215b2""],""semantic_aliases"":[],""semantic_key"":""lebl.ra.term.ledger.lebl-term-0103.id-id"",""status"":""active"",""supersedes_id"":null,""variants"":[],""workflow_id"":""01a01f57-a34b-7740-9717-596b8116910c/backend-production-v0.3-r006-live""}"
"urn:uuid:0f054e97-5998-579b-b506-fd33896c49e9","lebl.ra.term.ledger.lebl-term-0013.id-id","urn:uuid:f6554fda-b2a0-5edd-a341-16eb8afed073","id","id-ID","bilangan asli","[]","[]","[""urn:uuid:2985f369-c946-5392-be8c-902d3c9215b2""]","formal","[{""locator"":""backend/production/v0.3/inputs/TERMINOLOGY.csv:LEBL-TERM-0013"",""sha256"":""sha256:aaef57edf3979765e7a2e5764a6ca481f174a7a63ecad57826ddd460605c7e0e""}]","urn:uuid:a0273f1c-6fad-54c7-a75a-32a5161da656","active","LEBL-TERM-0013","natural numbers","admitted","{""concept_id"":""concept.number-system.natural-numbers"",""evidence"":""R006 ch-vol1-intro.tex"",""notes"":"""",""preferred_id"":""bilangan asli"",""register"":""formal"",""rejected_id"":"""",""resource_scope"":""R006"",""source_term"":""natural numbers"",""status"":""admitted"",""term_id"":""LEBL-TERM-0013"",""variants_id"":""""}","{""concept_id"":""urn:uuid:f6554fda-b2a0-5edd-a341-16eb8afed073"",""evidence"":[{""locator"":""backend/production/v0.3/inputs/TERMINOLOGY.csv:LEBL-TERM-0013"",""sha256"":""sha256:aaef57edf3979765e7a2e5764a6ca481f174a7a63ecad57826ddd460605c7e0e""}],""examples"":[],""id"":""urn:uuid:0f054e97-5998-579b-b506-fd33896c49e9"",""language"":""id"",""ledger_binding"":{""concept_id"":""concept.number-system.natural-numbers"",""evidence"":""R006 ch-vol1-intro.tex"",""notes"":"""",""preferred_id"":""bilangan asli"",""register"":""formal"",""rejected_id"":"""",""resource_scope"":""R006"",""source_term"":""natural numbers"",""status"":""admitted"",""term_id"":""LEBL-TERM-0013"",""variants_id"":""""},""locale"":""id-ID"",""preferred"":""bilangan asli"",""record_type"":""term"",""recorded_at"":""2026-08-21T00:00:00Z"",""register"":""formal"",""rejected_forms"":[],""rights_id"":""urn:uuid:a0273f1c-6fad-54c7-a75a-32a5161da656"",""schema_name"":""lebl.backend.record"",""schema_version"":""0.3.0"",""scope_ids"":[""urn:uuid:2985f369-c946-5392-be8c-902d3c9215b2""],""semantic_aliases"":[],""semantic_key"":""lebl.ra.term.ledger.lebl-term-0013.id-id"",""status"":""active"",""supersedes_id"":null,""variants"":[],""workflow_id"":""01a01f57-a34b-7740-9717-596b8116910c/backend-production-v0.3-r006-live""}"
"urn:uuid:572e66a0-e8b1-53fa-9846-96ce12f2c6ea","lebl.ra.term.ledger.lebl-term-0014.id-id","urn:uuid:a3acfef4-1603-5f5f-964d-c8b6227e5835","id","id-ID","bilangan bulat","[]","[]","[""urn:uuid:2985f369-c946-5392-be8c-902d3c9215b2""]","formal","[{""locator"":""backend/production/v0.3/inputs/TERMINOLOGY.csv:LEBL-TERM-0014"",""sha256"":""sha256:9315f4d5dffc23db0bd7823487344040956d42b99d5196f55897ce1d6803257f""}]","urn:uuid:a0273f1c-6fad-54c7-a75a-32a5161da656","active","LEBL-TERM-0014","integers","admitted","{""concept_id"":""concept.number-system.integers"",""evidence"":""R006 ch-vol1-intro.tex"",""notes"":"""",""preferred_id"":""bilangan bulat"",""register"":""formal"",""rejected_id"":"""",""resource_scope"":""R006"",""source_term"":""integers"",""status"":""admitted"",""term_id"":""LEBL-TERM-0014"",""variants_id"":""""}","{""concept_id"":""urn:uuid:a3acfef4-1603-5f5f-964d-c8b6227e5835"",""evidence"":[{""locator"":""backend/production/v0.3/inputs/TERMINOLOGY.csv:LEBL-TERM-0014"",""sha256"":""sha256:9315f4d5dffc23db0bd7823487344040956d42b99d5196f55897ce1d6803257f""}],""examples"":[],""id"":""urn:uuid:572e66a0-e8b1-53fa-9846-96ce12f2c6ea"",""language"":""id"",""ledger_binding"":{""concept_id"":""concept.number-system.integers"",""evidence"":""R006 ch-vol1-intro.tex"",""notes"":"""",""preferred_id"":""bilangan bulat"",""register"":""formal"",""rejected_id"":"""",""resource_scope"":""R006"",""source_term"":""integers"",""status"":""admitted"",""term_id"":""LEBL-TERM-0014"",""variants_id"":""""},""locale"":""id-ID"",""preferred"":""bilangan bulat"",""record_type"":""term"",""recorded_at"":""2026-08-21T00:00:00Z"",""register"":""formal"",""rejected_forms"":[],""rights_id"":""urn:uuid:a0273f1c-6fad-54c7-a75a-32a5161da656"",""schema_name"":""lebl.backend.record"",""schema_version"":""0.3.0"",""scope_ids"":[""urn:uuid:2985f369-c946-5392-be8c-902d3c9215b2""],""semantic_aliases"":[],""semantic_key"":""lebl.ra.term.ledger.lebl-term-0014.id-id"",""status"":""active"",""supersedes_id"":null,""variants"":[],""workflow_id"":""01a01f57-a34b-7740-9717-596b8116910c/backend-production-v0.3-r006-live""}"
"urn:uuid:d88ccbd9-18a3-54bc-bc80-634b37d7c320","lebl.ra.term.ledger.lebl-term-0015.id-id","urn:uuid:953c9bbf-4e81-53ef-a555-16de3a019898","id","id-ID","bilangan rasional","[]","[]","[""urn:uuid:2985f369-c946-5392-be8c-902d3c9215b2""]","formal","[{""locator"":""backend/production/v0.3/inputs/TERMINOLOGY.csv:LEBL-TERM-0015"",""sha256"":""sha256:44463ed51407104d6eba7a8cb1b161f16254ccb25b5d39fef31164f221b172b2""}]","urn:uuid:a0273f1c-6fad-54c7-a75a-32a5161da656","active","LEBL-TERM-0015","rational numbers","admitted","{""concept_id"":""concept.number-system.rational-numbers"",""evidence"":""R006 ch-vol1-intro.tex"",""notes"":"""",""preferred_id"":""bilangan rasional"",""register"":""formal"",""rejected_id"":"""",""resource_scope"":""R006"",""source_term"":""rational numbers"",""status"":""admitted"",""term_id"":""LEBL-TERM-0015"",""variants_id"":""""}","{""concept_id"":""urn:uuid:953c9bbf-4e81-53ef-a555-16de3a019898"",""evidence"":[{""locator"":""backend/production/v0.3/inputs/TERMINOLOGY.csv:LEBL-TERM-0015"",""sha256"":""sha256:44463ed51407104d6eba7a8cb1b161f16254ccb25b5d39fef31164f221b172b2""}],""examples"":[],""id"":""urn:uuid:d88ccbd9-18a3-54bc-bc80-634b37d7c320"",""language"":""id"",""ledger_binding"":{""concept_id"":""concept.number-system.rational-numbers"",""evidence"":""R006 ch-vol1-intro.tex"",""notes"":"""",""preferred_id"":""bilangan rasional"",""register"":""formal"",""rejected_id"":"""",""resource_scope"":""R006"",""source_term"":""rational numbers"",""status"":""admitted"",""term_id"":""LEBL-TERM-0015"",""variants_id"":""""},""locale"":""id-ID"",""preferred"":""bilangan rasional"",""record_type"":""term"",""recorded_at"":""2026-08-21T00:00:00Z"",""register"":""formal"",""rejected_forms"":[],""rights_id"":""urn:uuid:a0273f1c-6fad-54c7-a75a-32a5161da656"",""schema_name"":""lebl.backend.record"",""schema_version"":""0.3.0"",""scope_ids"":[""urn:uuid:2985f369-c946-5392-be8c-902d3c9215b2""],""semantic_aliases"":[],""semantic_key"":""lebl.ra.term.ledger.lebl-term-0015.id-id"",""status"":""active"",""supersedes_id"":null,""variants"":[],""workflow_id"":""01a01f57-a34b-7740-9717-596b8116910c/backend-production-v0.3-r006-live""}"
"urn:uuid:743b628c-74e3-59f2-9ba0-aa3de68bc57f","lebl.ra.term.ledger.lebl-term-0062.id-id","urn:uuid:ecf2639a-38dd-59eb-b958-9fc16a107049","id","id-ID","bilangan real","[]","[]","[""urn:uuid:2985f369-c946-5392-be8c-902d3c9215b2""]","formal","[{""locator"":""backend/production/v0.3/inputs/TERMINOLOGY.csv:LEBL-TERM-0062"",""sha256"":""sha256:fa10f795c056a26e59a8bfcbd883797069b217b7b9ad7db504e57237db66092d""}]","urn:uuid:a0273f1c-6fad-54c7-a75a-32a5161da656","active","LEBL-TERM-0062","real number","admitted","{""concept_id"":""concept.number.real"",""evidence"":""R006 ch-real-nums.tex"",""notes"":"""",""preferred_id"":""bilangan real"",""register"":""formal"",""rejected_id"":"""",""resource_scope"":""R006"",""source_term"":""real number"",""status"":""admitted"",""term_id"":""LEBL-TERM-0062"",""variants_id"":""""}","{""concept_id"":""urn:uuid:ecf2639a-38dd-59eb-b958-9fc16a107049"",""evidence"":[{""locator"":""backend/production/v0.3/inputs/TERMINOLOGY.csv:LEBL-TERM-0062"",""sha256"":""sha256:fa10f795c056a26e59a8bfcbd883797069b217b7b9ad7db504e57237db66092d""}],""examples"":[],""id"":""urn:uuid:743b628c-74e3-59f2-9ba0-aa3de68bc57f"",""language"":""id"",""ledger_binding"":{""concept_id"":""concept.number.real"",""evidence"":""R006 ch-real-nums.tex"",""notes"":"""",""preferred_id"":""bilangan real"",""register"":""formal"",""rejected_id"":"""",""resource_scope"":""R006"",""source_term"":""real number"",""status"":""admitted"",""term_id"":""LEBL-TERM-0062"",""variants_id"":""""},""locale"":""id-ID"",""preferred"":""bilangan real"",""record_type"":""term"",""recorded_at"":""2026-08-21T00:00:00Z"",""register"":""formal"",""rejected_forms"":[],""rights_id"":""urn:uuid:a0273f1c-6fad-54c7-a75a-32a5161da656"",""schema_name"":""lebl.backend.record"",""schema_version"":""0.3.0"",""scope_ids"":[""urn:uuid:2985f369-c946-5392-be8c-902d3c9215b2""],""semantic_aliases"":[],""semantic_key"":""lebl.ra.term.ledger.lebl-term-0062.id-id"",""status"":""active"",""supersedes_id"":null,""variants"":[],""workflow_id"":""01a01f57-a34b-7740-9717-596b8116910c/backend-production-v0.3-r006-live""}"
"urn:uuid:ac2d74bd-26d9-5161-9c85-0c004e3d2759","lebl.ra.term.ledger.lebl-term-0016.id-id","urn:uuid:6e5941e2-26f0-57a1-9e7b-8e6d0f26738a","id","id-ID","bilangan real","[]","[]","[""urn:uuid:2985f369-c946-5392-be8c-902d3c9215b2""]","formal","[{""locator"":""backend/production/v0.3/inputs/TERMINOLOGY.csv:LEBL-TERM-0016"",""sha256"":""sha256:1f15cd6f0f6ec7cc76e0284014c3cd2882a1aa8ce33f0f6ed8fcd1784f052b4d""}]","urn:uuid:a0273f1c-6fad-54c7-a75a-32a5161da656","active","LEBL-TERM-0016","real numbers","admitted","{""concept_id"":""concept.number-system.real-numbers"",""evidence"":""R006 ch-vol1-intro.tex"",""notes"":"""",""preferred_id"":""bilangan real"",""register"":""formal"",""rejected_id"":"""",""resource_scope"":""R006"",""source_term"":""real numbers"",""status"":""admitted"",""term_id"":""LEBL-TERM-0016"",""variants_id"":""""}","{""concept_id"":""urn:uuid:6e5941e2-26f0-57a1-9e7b-8e6d0f26738a"",""evidence"":[{""locator"":""backend/production/v0.3/inputs/TERMINOLOGY.csv:LEBL-TERM-0016"",""sha256"":""sha256:1f15cd6f0f6ec7cc76e0284014c3cd2882a1aa8ce33f0f6ed8fcd1784f052b4d""}],""examples"":[],""id"":""urn:uuid:ac2d74bd-26d9-5161-9c85-0c004e3d2759"",""language"":""id"",""ledger_binding"":{""concept_id"":""concept.number-system.real-numbers"",""evidence"":""R006 ch-vol1-intro.tex"",""notes"":"""",""preferred_id"":""bilangan real"",""register"":""formal"",""rejected_id"":"""",""resource_scope"":""R006"",""source_term"":""real numbers"",""status"":""admitted"",""term_id"":""LEBL-TERM-0016"",""variants_id"":""""},""locale"":""id-ID"",""preferred"":""bilangan real"",""record_type"":""term"",""recorded_at"":""2026-08-21T00:00:00Z"",""register"":""formal"",""rejected_forms"":[],""rights_id"":""urn:uuid:a0273f1c-6fad-54c7-a75a-32a5161da656"",""schema_name"":""lebl.backend.record"",""schema_version"":""0.3.0"",""scope_ids"":[""urn:uuid:2985f369-c946-5392-be8c-902d3c9215b2""],""semantic_aliases"":[],""semantic_key"":""lebl.ra.term.ledger.lebl-term-0016.id-id"",""status"":""active"",""supersedes_id"":null,""variants"":[],""workflow_id"":""01a01f57-a34b-7740-9717-596b8116910c/backend-production-v0.3-r006-live""}"
"urn:uuid:4c86ab43-3d2f-593a-978f-550850e07842","lebl.ra.term.ledger.lebl-term-0083.id-id","urn:uuid:7a3413cd-0ef4-5a6b-9cd1-2ec8adacf259","id","id-ID","bilangan real diperluas","[]","[]","[""urn:uuid:2985f369-c946-5392-be8c-902d3c9215b2""]","formal","[{""locator"":""backend/production/v0.3/inputs/TERMINOLOGY.csv:LEBL-TERM-0083"",""sha256"":""sha256:dbfd6aead4047a9a169f7a8aed39b41f8c7628d6d2ec472a49547f7f1205572a""}]","urn:uuid:a0273f1c-6fad-54c7-a75a-32a5161da656","active","LEBL-TERM-0083","extended real numbers","admitted","{""concept_id"":""concept.number.extended-real"",""evidence"":""R006 ch-real-nums.tex"",""notes"":"""",""preferred_id"":""bilangan real diperluas"",""register"":""formal"",""rejected_id"":"""",""resource_scope"":""R006"",""source_term"":""extended real numbers"",""status"":""admitted"",""term_id"":""LEBL-TERM-0083"",""variants_id"":""""}","{""concept_id"":""urn:uuid:7a3413cd-0ef4-5a6b-9cd1-2ec8adacf259"",""evidence"":[{""locator"":""backend/production/v0.3/inputs/TERMINOLOGY.csv:LEBL-TERM-0083"",""sha256"":""sha256:dbfd6aead4047a9a169f7a8aed39b41f8c7628d6d2ec472a49547f7f1205572a""}],""examples"":[],""id"":""urn:uuid:4c86ab43-3d2f-593a-978f-550850e07842"",""language"":""id"",""ledger_binding"":{""concept_id"":""concept.number.extended-real"",""evidence"":""R006 ch-real-nums.tex"",""notes"":"""",""preferred_id"":""bilangan real diperluas"",""register"":""formal"",""rejected_id"":"""",""resource_scope"":""R006"",""source_term"":""extended real numbers"",""status"":""admitted"",""term_id"":""LEBL-TERM-0083"",""variants_id"":""""},""locale"":""id-ID"",""preferred"":""bilangan real diperluas"",""record_type"":""term"",""recorded_at"":""2026-08-21T00:00:00Z"",""register"":""formal"",""rejected_forms"":[],""rights_id"":""urn:uuid:a0273f1c-6fad-54c7-a75a-32a5161da656"",""schema_name"":""lebl.backend.record"",""schema_version"":""0.3.0"",""scope_ids"":[""urn:uuid:2985f369-c946-5392-be8c-902d3c9215b2""],""semantic_aliases"":[],""semantic_key"":""lebl.ra.term.ledger.lebl-term-0083.id-id"",""status"":""active"",""supersedes_id"":null,""variants"":[],""workflow_id"":""01a01f57-a34b-7740-9717-596b8116910c/backend-production-v0.3-r006-live""}"
"urn:uuid:f2111e98-bc6e-5aa3-9ee5-cfa374655276","lebl.ra.term.ledger.lebl-term-0104.id-id","urn:uuid:1e5aed53-0835-5f7d-b8c1-0bff82b223b0","id","id-ID","bilangan transenden","[]","[]","[""urn:uuid:2985f369-c946-5392-be8c-902d3c9215b2""]","formal","[{""locator"":""backend/production/v0.3/inputs/TERMINOLOGY.csv:LEBL-TERM-0104"",""sha256"":""sha256:0d056008b5644071b362c48b47c3305a86fceb4854e36f4d80b9ff49bfecef48""}]","urn:uuid:a0273f1c-6fad-54c7-a75a-32a5161da656","active","LEBL-TERM-0104","transcendental number","admitted","{""concept_id"":""concept.number.transcendental"",""evidence"":""R006 ch-real-nums.tex"",""notes"":"""",""preferred_id"":""bilangan transenden"",""register"":""formal"",""rejected_id"":"""",""resource_scope"":""R006"",""source_term"":""transcendental number"",""status"":""admitted"",""term_id"":""LEBL-TERM-0104"",""variants_id"":""""}","{""concept_id"":""urn:uuid:1e5aed53-0835-5f7d-b8c1-0bff82b223b0"",""evidence"":[{""locator"":""backend/production/v0.3/inputs/TERMINOLOGY.csv:LEBL-TERM-0104"",""sha256"":""sha256:0d056008b5644071b362c48b47c3305a86fceb4854e36f4d80b9ff49bfecef48""}],""examples"":[],""id"":""urn:uuid:f2111e98-bc6e-5aa3-9ee5-cfa374655276"",""language"":""id"",""ledger_binding"":{""concept_id"":""concept.number.transcendental"",""evidence"":""R006 ch-real-nums.tex"",""notes"":"""",""preferred_id"":""bilangan transenden"",""register"":""formal"",""rejected_id"":"""",""resource_scope"":""R006"",""source_term"":""transcendental number"",""status"":""admitted"",""term_id"":""LEBL-TERM-0104"",""variants_id"":""""},""locale"":""id-ID"",""preferred"":""bilangan transenden"",""record_type"":""term"",""recorded_at"":""2026-08-21T00:00:00Z"",""register"":""formal"",""rejected_forms"":[],""rights_id"":""urn:uuid:a0273f1c-6fad-54c7-a75a-32a5161da656"",""schema_name"":""lebl.backend.record"",""schema_version"":""0.3.0"",""scope_ids"":[""urn:uuid:2985f369-c946-5392-be8c-902d3c9215b2""],""semantic_aliases"":[],""semantic_key"":""lebl.ra.term.ledger.lebl-term-0104.id-id"",""status"":""active"",""supersedes_id"":null,""variants"":[],""workflow_id"":""01a01f57-a34b-7740-9717-596b8116910c/backend-production-v0.3-r006-live""}"
"urn:uuid:df94c782-e62f-58cd-b928-91f4738cc655","lebl.ra.term.ledger.lebl-term-0401.id-id","urn:uuid:386881dd-165a-548e-ad0a-360846e2469f","id","id-ID","bilinear","[]","[]","[""urn:uuid:2985f369-c946-5392-be8c-902d3c9215b2""]","formal","[{""locator"":""backend/production/v0.3/inputs/TERMINOLOGY.csv:LEBL-TERM-0401"",""sha256"":""sha256:3c676c56199b9c801e25a564c434fe8fe51369522854683332514e05ba9a7ba4""}]","urn:uuid:a0273f1c-6fad-54c7-a75a-32a5161da656","active","LEBL-TERM-0401","bilinear","admitted","{""concept_id"":""concept.mapping.bilinear"",""evidence"":""R006 ch-several-vars-ders.tex"",""notes"":"""",""preferred_id"":""bilinear"",""register"":""formal"",""rejected_id"":"""",""resource_scope"":""R006"",""source_term"":""bilinear"",""status"":""admitted"",""term_id"":""LEBL-TERM-0401"",""variants_id"":""""}","{""concept_id"":""urn:uuid:386881dd-165a-548e-ad0a-360846e2469f"",""evidence"":[{""locator"":""backend/production/v0.3/inputs/TERMINOLOGY.csv:LEBL-TERM-0401"",""sha256"":""sha256:3c676c56199b9c801e25a564c434fe8fe51369522854683332514e05ba9a7ba4""}],""examples"":[],""id"":""urn:uuid:df94c782-e62f-58cd-b928-91f4738cc655"",""language"":""id"",""ledger_binding"":{""concept_id"":""concept.mapping.bilinear"",""evidence"":""R006 ch-several-vars-ders.tex"",""notes"":"""",""preferred_id"":""bilinear"",""register"":""formal"",""rejected_id"":"""",""resource_scope"":""R006"",""source_term"":""bilinear"",""status"":""admitted"",""term_id"":""LEBL-TERM-0401"",""variants_id"":""""},""locale"":""id-ID"",""preferred"":""bilinear"",""record_type"":""term"",""recorded_at"":""2026-08-21T00:00:00Z"",""register"":""formal"",""rejected_forms"":[],""rights_id"":""urn:uuid:a0273f1c-6fad-54c7-a75a-32a5161da656"",""schema_name"":""lebl.backend.record"",""schema_version"":""0.3.0"",""scope_ids"":[""urn:uuid:2985f369-c946-5392-be8c-902d3c9215b2""],""semantic_aliases"":[],""semantic_key"":""lebl.ra.term.ledger.lebl-term-0401.id-id"",""status"":""active"",""supersedes_id"":null,""variants"":[],""workflow_id"":""01a01f57-a34b-7740-9717-596b8116910c/backend-production-v0.3-r006-live""}"
"urn:uuid:d642d6bd-2bc0-5ba5-a73d-b39b192c1d0e","lebl.ra.term.ledger.lebl-term-0114.id-id","urn:uuid:45e70797-96ff-5087-ad85-b111b8ddb059","id","id-ID","biner","[]","[]","[""urn:uuid:2985f369-c946-5392-be8c-902d3c9215b2""]","formal","[{""locator"":""backend/production/v0.3/inputs/TERMINOLOGY.csv:LEBL-TERM-0114"",""sha256"":""sha256:7cf2c330de1074ade262c7cde594c2952ec4d8ccd728c8a91d704a445cac5f98""}]","urn:uuid:a0273f1c-6fad-54c7-a75a-32a5161da656","active","LEBL-TERM-0114","binary","admitted","{""concept_id"":""concept.number.binary"",""evidence"":""R006 ch-real-nums.tex"",""notes"":"""",""preferred_id"":""biner"",""register"":""formal"",""rejected_id"":"""",""resource_scope"":""R006"",""source_term"":""binary"",""status"":""admitted"",""term_id"":""LEBL-TERM-0114"",""variants_id"":""""}","{""concept_id"":""urn:uuid:45e70797-96ff-5087-ad85-b111b8ddb059"",""evidence"":[{""locator"":""backend/production/v0.3/inputs/TERMINOLOGY.csv:LEBL-TERM-0114"",""sha256"":""sha256:7cf2c330de1074ade262c7cde594c2952ec4d8ccd728c8a91d704a445cac5f98""}],""examples"":[],""id"":""urn:uuid:d642d6bd-2bc0-5ba5-a73d-b39b192c1d0e"",""language"":""id"",""ledger_binding"":{""concept_id"":""concept.number.binary"",""evidence"":""R006 ch-real-nums.tex"",""notes"":"""",""preferred_id"":""biner"",""register"":""formal"",""rejected_id"":"""",""resource_scope"":""R006"",""source_term"":""binary"",""status"":""admitted"",""term_id"":""LEBL-TERM-0114"",""variants_id"":""""},""locale"":""id-ID"",""preferred"":""biner"",""record_type"":""term"",""recorded_at"":""2026-08-21T00:00:00Z"",""register"":""formal"",""rejected_forms"":[],""rights_id"":""urn:uuid:a0273f1c-6fad-54c7-a75a-32a5161da656"",""schema_name"":""lebl.backend.record"",""schema_version"":""0.3.0"",""scope_ids"":[""urn:uuid:2985f369-c946-5392-be8c-902d3c9215b2""],""semantic_aliases"":[],""semantic_key"":""lebl.ra.term.ledger.lebl-term-0114.id-id"",""status"":""active"",""supersedes_id"":null,""variants"":[],""workflow_id"":""01a01f57-a34b-7740-9717-596b8116910c/backend-production-v0.3-r006-live""}"
"urn:uuid:381970aa-4718-5247-936e-d66ed3c29428","lebl.ra.term.ledger.lebl-term-0337.id-id","urn:uuid:91ea4762-59fa-5384-80b4-bb7e6f978ccd","id","id-ID","bola terbuka","[]","[]","[""urn:uuid:2985f369-c946-5392-be8c-902d3c9215b2""]","formal","[{""locator"":""backend/production/v0.3/inputs/TERMINOLOGY.csv:LEBL-TERM-0337"",""sha256"":""sha256:2ac6f6c921c5681b65471d42e62eb6f89daaab15e129acbffe41724ebcb31af0""}]","urn:uuid:a0273f1c-6fad-54c7-a75a-32a5161da656","active","LEBL-TERM-0337","open ball","admitted","{""concept_id"":""concept.ball.open"",""evidence"":""R006 ch-metric.tex"",""notes"":"""",""preferred_id"":""bola terbuka"",""register"":""formal"",""rejected_id"":"""",""resource_scope"":""R006"",""source_term"":""open ball"",""status"":""admitted"",""term_id"":""LEBL-TERM-0337"",""variants_id"":""""}","{""concept_id"":""urn:uuid:91ea4762-59fa-5384-80b4-bb7e6f978ccd"",""evidence"":[{""locator"":""backend/production/v0.3/inputs/TERMINOLOGY.csv:LEBL-TERM-0337"",""sha256"":""sha256:2ac6f6c921c5681b65471d42e62eb6f89daaab15e129acbffe41724ebcb31af0""}],""examples"":[],""id"":""urn:uuid:381970aa-4718-5247-936e-d66ed3c29428"",""language"":""id"",""ledger_binding"":{""concept_id"":""concept.ball.open"",""evidence"":""R006 ch-metric.tex"",""notes"":"""",""preferred_id"":""bola terbuka"",""register"":""formal"",""rejected_id"":"""",""resource_scope"":""R006"",""source_term"":""open ball"",""status"":""admitted"",""term_id"":""LEBL-TERM-0337"",""variants_id"":""""},""locale"":""id-ID"",""preferred"":""bola terbuka"",""record_type"":""term"",""recorded_at"":""2026-08-21T00:00:00Z"",""register"":""formal"",""rejected_forms"":[],""rights_id"":""urn:uuid:a0273f1c-6fad-54c7-a75a-32a5161da656"",""schema_name"":""lebl.backend.record"",""schema_version"":""0.3.0"",""scope_ids"":[""urn:uuid:2985f369-c946-5392-be8c-902d3c9215b2""],""semantic_aliases"":[],""semantic_key"":""lebl.ra.term.ledger.lebl-term-0337.id-id"",""status"":""active"",""supersedes_id"":null,""variants"":[],""workflow_id"":""01a01f57-a34b-7740-9717-596b8116910c/backend-production-v0.3-r006-live""}"
"urn:uuid:4c0a5a8b-7b59-5177-8434-b16689f11fc1","lebl.ra.term.ledger.lebl-term-0338.id-id","urn:uuid:6687f028-d286-5cac-9461-e9e50ba71877","id","id-ID","bola tertutup","[]","[]","[""urn:uuid:2985f369-c946-5392-be8c-902d3c9215b2""]","formal","[{""locator"":""backend/production/v0.3/inputs/TERMINOLOGY.csv:LEBL-TERM-0338"",""sha256"":""sha256:12ffd480b7efbcfc74ae081331e93ae85801e22d57cde6827f56be63cd226583""}]","urn:uuid:a0273f1c-6fad-54c7-a75a-32a5161da656","active","LEBL-TERM-0338","closed ball","admitted","{""concept_id"":""concept.ball.closed"",""evidence"":""R006 ch-metric.tex"",""notes"":"""",""preferred_id"":""bola tertutup"",""register"":""formal"",""rejected_id"":"""",""resource_scope"":""R006"",""source_term"":""closed ball"",""status"":""admitted"",""term_id"":""LEBL-TERM-0338"",""variants_id"":""""}","{""concept_id"":""urn:uuid:6687f028-d286-5cac-9461-e9e50ba71877"",""evidence"":[{""locator"":""backend/production/v0.3/inputs/TERMINOLOGY.csv:LEBL-TERM-0338"",""sha256"":""sha256:12ffd480b7efbcfc74ae081331e93ae85801e22d57cde6827f56be63cd226583""}],""examples"":[],""id"":""urn:uuid:4c0a5a8b-7b59-5177-8434-b16689f11fc1"",""language"":""id"",""ledger_binding"":{""concept_id"":""concept.ball.closed"",""evidence"":""R006 ch-metric.tex"",""notes"":"""",""preferred_id"":""bola tertutup"",""register"":""formal"",""rejected_id"":"""",""resource_scope"":""R006"",""source_term"":""closed ball"",""status"":""admitted"",""term_id"":""LEBL-TERM-0338"",""variants_id"":""""},""locale"":""id-ID"",""preferred"":""bola tertutup"",""record_type"":""term"",""recorded_at"":""2026-08-21T00:00:00Z"",""register"":""formal"",""rejected_forms"":[],""rights_id"":""urn:uuid:a0273f1c-6fad-54c7-a75a-32a5161da656"",""schema_name"":""lebl.backend.record"",""schema_version"":""0.3.0"",""scope_ids"":[""urn:uuid:2985f369-c946-5392-be8c-902d3c9215b2""],""semantic_aliases"":[],""semantic_key"":""lebl.ra.term.ledger.lebl-term-0338.id-id"",""status"":""active"",""supersedes_id"":null,""variants"":[],""workflow_id"":""01a01f57-a34b-7740-9717-596b8116910c/backend-production-v0.3-r006-live""}"
"urn:uuid:cd88d200-50c9-526b-a17d-4377eaa9f6f7","lebl.ra.term.ledger.lebl-term-0100.id-id","urn:uuid:9e813cbc-da67-502b-ad85-2d0205b8ebcb","id","id-ID","bukti konstruktif","[]","[]","[""urn:uuid:2985f369-c946-5392-be8c-902d3c9215b2""]","formal","[{""locator"":""backend/production/v0.3/inputs/TERMINOLOGY.csv:LEBL-TERM-0100"",""sha256"":""sha256:28f190643852ccb291a8b5ab0a5abd286f9eb787a303e723a459360767e0e6ba""}]","urn:uuid:a0273f1c-6fad-54c7-a75a-32a5161da656","active","LEBL-TERM-0100","constructive proof","admitted","{""concept_id"":""concept.proof.constructive"",""evidence"":""R006 ch-real-nums.tex"",""notes"":"""",""preferred_id"":""bukti konstruktif"",""register"":""formal"",""rejected_id"":"""",""resource_scope"":""R006"",""source_term"":""constructive proof"",""status"":""admitted"",""term_id"":""LEBL-TERM-0100"",""variants_id"":""""}","{""concept_id"":""urn:uuid:9e813cbc-da67-502b-ad85-2d0205b8ebcb"",""evidence"":[{""locator"":""backend/production/v0.3/inputs/TERMINOLOGY.csv:LEBL-TERM-0100"",""sha256"":""sha256:28f190643852ccb291a8b5ab0a5abd286f9eb787a303e723a459360767e0e6ba""}],""examples"":[],""id"":""urn:uuid:cd88d200-50c9-526b-a17d-4377eaa9f6f7"",""language"":""id"",""ledger_binding"":{""concept_id"":""concept.proof.constructive"",""evidence"":""R006 ch-real-nums.tex"",""notes"":"""",""preferred_id"":""bukti konstruktif"",""register"":""formal"",""rejected_id"":"""",""resource_scope"":""R006"",""source_term"":""constructive proof"",""status"":""admitted"",""term_id"":""LEBL-TERM-0100"",""variants_id"":""""},""locale"":""id-ID"",""preferred"":""bukti konstruktif"",""record_type"":""term"",""recorded_at"":""2026-08-21T00:00:00Z"",""register"":""formal"",""rejected_forms"":[],""rights_id"":""urn:uuid:a0273f1c-6fad-54c7-a75a-32a5161da656"",""schema_name"":""lebl.backend.record"",""schema_version"":""0.3.0"",""scope_ids"":[""urn:uuid:2985f369-c946-5392-be8c-902d3c9215b2""],""semantic_aliases"":[],""semantic_key"":""lebl.ra.term.ledger.lebl-term-0100.id-id"",""status"":""active"",""supersedes_id"":null,""variants"":[],""workflow_id"":""01a01f57-a34b-7740-9717-596b8116910c/backend-production-v0.3-r006-live""}"
"urn:uuid:2cf113f7-4d05-59ad-9812-9e5fdf00038d","lebl.ra.term.ledger.lebl-term-0037.id-id","urn:uuid:7e0ff6db-d13e-5705-b045-0fc1d36125aa","id","id-ID","citra","[]","[]","[""urn:uuid:2985f369-c946-5392-be8c-902d3c9215b2""]","formal","[{""locator"":""backend/production/v0.3/inputs/TERMINOLOGY.csv:LEBL-TERM-0037"",""sha256"":""sha256:abdc18b08e6f221ddfd9ac6e904f3bed38c1bbc4b76ef2c02af2d8a55838079e""}]","urn:uuid:a0273f1c-6fad-54c7-a75a-32a5161da656","active","LEBL-TERM-0037","image","admitted","{""concept_id"":""concept.function.image"",""evidence"":""R006 ch-vol1-intro.tex"",""notes"":"""",""preferred_id"":""citra"",""register"":""formal"",""rejected_id"":"""",""resource_scope"":""R006"",""source_term"":""image"",""status"":""admitted"",""term_id"":""LEBL-TERM-0037"",""variants_id"":""""}","{""concept_id"":""urn:uuid:7e0ff6db-d13e-5705-b045-0fc1d36125aa"",""evidence"":[{""locator"":""backend/production/v0.3/inputs/TERMINOLOGY.csv:LEBL-TERM-0037"",""sha256"":""sha256:abdc18b08e6f221ddfd9ac6e904f3bed38c1bbc4b76ef2c02af2d8a55838079e""}],""examples"":[],""id"":""urn:uuid:2cf113f7-4d05-59ad-9812-9e5fdf00038d"",""language"":""id"",""ledger_binding"":{""concept_id"":""concept.function.image"",""evidence"":""R006 ch-vol1-intro.tex"",""notes"":"""",""preferred_id"":""citra"",""register"":""formal"",""rejected_id"":"""",""resource_scope"":""R006"",""source_term"":""image"",""status"":""admitted"",""term_id"":""LEBL-TERM-0037"",""variants_id"":""""},""locale"":""id-ID"",""preferred"":""citra"",""record_type"":""term"",""recorded_at"":""2026-08-21T00:00:00Z"",""register"":""formal"",""rejected_forms"":[],""rights_id"":""urn:uuid:a0273f1c-6fad-54c7-a75a-32a5161da656"",""schema_name"":""lebl.backend.record"",""schema_version"":""0.3.0"",""scope_ids"":[""urn:uuid:2985f369-c946-5392-be8c-902d3c9215b2""],""semantic_aliases"":[],""semantic_key"":""lebl.ra.term.ledger.lebl-term-0037.id-id"",""status"":""active"",""supersedes_id"":null,""variants"":[],""workflow_id"":""01a01f57-a34b-7740-9717-596b8116910c/backend-production-v0.3-r006-live""}"
"urn:uuid:00584d1e-7e6f-5dfe-a6ec-c5eba197a0dd","lebl.ra.term.ledger.lebl-term-0038.id-id","urn:uuid:2feae475-791c-5664-b583-32768c68bb14","id","id-ID","citra langsung","[]","[]","[""urn:uuid:2985f369-c946-5392-be8c-902d3c9215b2""]","formal","[{""locator"":""backend/production/v0.3/inputs/TERMINOLOGY.csv:LEBL-TERM-0038"",""sha256"":""sha256:b589c7214810ba5f3348ab81de666e07964de5c66707d4b743e432dcb30fe3fa""}]","urn:uuid:a0273f1c-6fad-54c7-a75a-32a5161da656","active","LEBL-TERM-0038","direct image","admitted","{""concept_id"":""concept.function.direct-image"",""evidence"":""R006 ch-vol1-intro.tex"",""notes"":"""",""preferred_id"":""citra langsung"",""register"":""formal"",""rejected_id"":"""",""resource_scope"":""R006"",""source_term"":""direct image"",""status"":""admitted"",""term_id"":""LEBL-TERM-0038"",""variants_id"":""""}","{""concept_id"":""urn:uuid:2feae475-791c-5664-b583-32768c68bb14"",""evidence"":[{""locator"":""backend/production/v0.3/inputs/TERMINOLOGY.csv:LEBL-TERM-0038"",""sha256"":""sha256:b589c7214810ba5f3348ab81de666e07964de5c66707d4b743e432dcb30fe3fa""}],""examples"":[],""id"":""urn:uuid:00584d1e-7e6f-5dfe-a6ec-c5eba197a0dd"",""language"":""id"",""ledger_binding"":{""concept_id"":""concept.function.direct-image"",""evidence"":""R006 ch-vol1-intro.tex"",""notes"":"""",""preferred_id"":""citra langsung"",""register"":""formal"",""rejected_id"":"""",""resource_scope"":""R006"",""source_term"":""direct image"",""status"":""admitted"",""term_id"":""LEBL-TERM-0038"",""variants_id"":""""},""locale"":""id-ID"",""preferred"":""citra langsung"",""record_type"":""term"",""recorded_at"":""2026-08-21T00:00:00Z"",""register"":""formal"",""rejected_forms"":[],""rights_id"":""urn:uuid:a0273f1c-6fad-54c7-a75a-32a5161da656"",""schema_name"":""lebl.backend.record"",""schema_version"":""0.3.0"",""scope_ids"":[""urn:uuid:2985f369-c946-5392-be8c-902d3c9215b2""],""semantic_aliases"":[],""semantic_key"":""lebl.ra.term.ledger.lebl-term-0038.id-id"",""status"":""active"",""supersedes_id"":null,""variants"":[],""workflow_id"":""01a01f57-a34b-7740-9717-596b8116910c/backend-production-v0.3-r006-live""}"
"urn:uuid:b91fc043-fe80-53a0-9e9f-ad0cd86db4ed","lebl.ra.term.ledger.lebl-term-0211.id-id","urn:uuid:2feae475-791c-5664-b583-32768c68bb14","id","id-ID","citra langsung","[]","[]","[""urn:uuid:2985f369-c946-5392-be8c-902d3c9215b2""]","formal","[{""locator"":""backend/production/v0.3/inputs/TERMINOLOGY.csv:LEBL-TERM-0211"",""sha256"":""sha256:36121550575b5b7801cddc54295421249fc4c88962fc5f34131943095ab9eb18""}]","urn:uuid:a0273f1c-6fad-54c7-a75a-32a5161da656","active","LEBL-TERM-0211","direct image","admitted","{""concept_id"":""concept.function.direct-image"",""evidence"":""R006 ch-contfunc.tex"",""notes"":"""",""preferred_id"":""citra langsung"",""register"":""formal"",""rejected_id"":"""",""resource_scope"":""R006"",""source_term"":""direct image"",""status"":""admitted"",""term_id"":""LEBL-TERM-0211"",""variants_id"":""""}","{""concept_id"":""urn:uuid:2feae475-791c-5664-b583-32768c68bb14"",""evidence"":[{""locator"":""backend/production/v0.3/inputs/TERMINOLOGY.csv:LEBL-TERM-0211"",""sha256"":""sha256:36121550575b5b7801cddc54295421249fc4c88962fc5f34131943095ab9eb18""}],""examples"":[],""id"":""urn:uuid:b91fc043-fe80-53a0-9e9f-ad0cd86db4ed"",""language"":""id"",""ledger_binding"":{""concept_id"":""concept.function.direct-image"",""evidence"":""R006 ch-contfunc.tex"",""notes"":"""",""preferred_id"":""citra langsung"",""register"":""formal"",""rejected_id"":"""",""resource_scope"":""R006"",""source_term"":""direct image"",""status"":""admitted"",""term_id"":""LEBL-TERM-0211"",""variants_id"":""""},""locale"":""id-ID"",""preferred"":""citra langsung"",""record_type"":""term"",""recorded_at"":""2026-08-21T00:00:00Z"",""register"":""formal"",""rejected_forms"":[],""rights_id"":""urn:uuid:a0273f1c-6fad-54c7-a75a-32a5161da656"",""schema_name"":""lebl.backend.record"",""schema_version"":""0.3.0"",""scope_ids"":[""urn:uuid:2985f369-c946-5392-be8c-902d3c9215b2""],""semantic_aliases"":[],""semantic_key"":""lebl.ra.term.ledger.lebl-term-0211.id-id"",""status"":""active"",""supersedes_id"":null,""variants"":[],""workflow_id"":""01a01f57-a34b-7740-9717-596b8116910c/backend-production-v0.3-r006-live""}"
"urn:uuid:d010bd95-df75-576d-99d6-d81fb4cb33eb","lebl.ra.term.ledger.lebl-term-0035.id-id","urn:uuid:1b45db6c-114d-50fd-a305-a0f11a3a485f","id","id-ID","daerah hasil","[""jangkauan""]","[]","[""urn:uuid:2985f369-c946-5392-be8c-902d3c9215b2""]","formal","[{""locator"":""backend/production/v0.3/inputs/TERMINOLOGY.csv:LEBL-TERM-0035"",""sha256"":""sha256:8fb7df8db7b1b9e946854f6fd77b49d28fda86f9b7abcd72d48085406c952cc1""}]","urn:uuid:a0273f1c-6fad-54c7-a75a-32a5161da656","active","LEBL-TERM-0035","range","admitted","{""concept_id"":""concept.function.range"",""evidence"":""R006 ch-vol1-intro.tex"",""notes"":""Distinguish from codomain."",""preferred_id"":""daerah hasil"",""register"":""formal"",""rejected_id"":"""",""resource_scope"":""R006"",""source_term"":""range"",""status"":""admitted"",""term_id"":""LEBL-TERM-0035"",""variants_id"":""jangkauan""}","{""concept_id"":""urn:uuid:1b45db6c-114d-50fd-a305-a0f11a3a485f"",""evidence"":[{""locator"":""backend/production/v0.3/inputs/TERMINOLOGY.csv:LEBL-TERM-0035"",""sha256"":""sha256:8fb7df8db7b1b9e946854f6fd77b49d28fda86f9b7abcd72d48085406c952cc1""}],""examples"":[],""id"":""urn:uuid:d010bd95-df75-576d-99d6-d81fb4cb33eb"",""language"":""id"",""ledger_binding"":{""concept_id"":""concept.function.range"",""evidence"":""R006 ch-vol1-intro.tex"",""notes"":""Distinguish from codomain."",""preferred_id"":""daerah hasil"",""register"":""formal"",""rejected_id"":"""",""resource_scope"":""R006"",""source_term"":""range"",""status"":""admitted"",""term_id"":""LEBL-TERM-0035"",""variants_id"":""jangkauan""},""locale"":""id-ID"",""preferred"":""daerah hasil"",""record_type"":""term"",""recorded_at"":""2026-08-21T00:00:00Z"",""register"":""formal"",""rejected_forms"":[],""rights_id"":""urn:uuid:a0273f1c-6fad-54c7-a75a-32a5161da656"",""schema_name"":""lebl.backend.record"",""schema_version"":""0.3.0"",""scope_ids"":[""urn:uuid:2985f369-c946-5392-be8c-902d3c9215b2""],""semantic_aliases"":[],""semantic_key"":""lebl.ra.term.ledger.lebl-term-0035.id-id"",""status"":""active"",""supersedes_id"":null,""variants"":[""jangkauan""],""workflow_id"":""01a01f57-a34b-7740-9717-596b8116910c/backend-production-v0.3-r006-live""}"
"urn:uuid:78058517-87d7-52a9-8892-4f404a14a5b8","lebl.ra.term.ledger.lebl-term-0126.id-id","urn:uuid:9b114475-1c6b-582d-9806-c5a8142ccb22","id","id-ID","daerah hasil barisan","[]","[]","[""urn:uuid:2985f369-c946-5392-be8c-902d3c9215b2""]","formal","[{""locator"":""backend/production/v0.3/inputs/TERMINOLOGY.csv:LEBL-TERM-0126"",""sha256"":""sha256:631526fc84d543179bc8abbe9c630934b8b7a5ff95eb7486186db6f7024a4a30""}]","urn:uuid:a0273f1c-6fad-54c7-a75a-32a5161da656","active","LEBL-TERM-0126","range of a sequence","admitted","{""concept_id"":""concept.sequence.range"",""evidence"":""R006 ch-seq-ser.tex"",""notes"":"""",""preferred_id"":""daerah hasil barisan"",""register"":""formal"",""rejected_id"":"""",""resource_scope"":""R006"",""source_term"":""range of a sequence"",""status"":""admitted"",""term_id"":""LEBL-TERM-0126"",""variants_id"":""""}","{""concept_id"":""urn:uuid:9b114475-1c6b-582d-9806-c5a8142ccb22"",""evidence"":[{""locator"":""backend/production/v0.3/inputs/TERMINOLOGY.csv:LEBL-TERM-0126"",""sha256"":""sha256:631526fc84d543179bc8abbe9c630934b8b7a5ff95eb7486186db6f7024a4a30""}],""examples"":[],""id"":""urn:uuid:78058517-87d7-52a9-8892-4f404a14a5b8"",""language"":""id"",""ledger_binding"":{""concept_id"":""concept.sequence.range"",""evidence"":""R006 ch-seq-ser.tex"",""notes"":"""",""preferred_id"":""daerah hasil barisan"",""register"":""formal"",""rejected_id"":"""",""resource_scope"":""R006"",""source_term"":""range of a sequence"",""status"":""admitted"",""term_id"":""LEBL-TERM-0126"",""variants_id"":""""},""locale"":""id-ID"",""preferred"":""daerah hasil barisan"",""record_type"":""term"",""recorded_at"":""2026-08-21T00:00:00Z"",""register"":""formal"",""rejected_forms"":[],""rights_id"":""urn:uuid:a0273f1c-6fad-54c7-a75a-32a5161da656"",""schema_name"":""lebl.backend.record"",""schema_version"":""0.3.0"",""scope_ids"":[""urn:uuid:2985f369-c946-5392-be8c-902d3c9215b2""],""semantic_aliases"":[],""semantic_key"":""lebl.ra.term.ledger.lebl-term-0126.id-id"",""status"":""active"",""supersedes_id"":null,""variants"":[],""workflow_id"":""01a01f57-a34b-7740-9717-596b8116910c/backend-production-v0.3-r006-live""}"
"urn:uuid:4f5d04fe-17c6-5e1c-8aa3-5c8beae41316","lebl.ra.term.ledger.lebl-term-0157.id-id","urn:uuid:3d15f83a-c3d3-5cad-8383-2098e2296ab3","id","id-ID","deret","[]","[]","[""urn:uuid:2985f369-c946-5392-be8c-902d3c9215b2""]","formal","[{""locator"":""backend/production/v0.3/inputs/TERMINOLOGY.csv:LEBL-TERM-0157"",""sha256"":""sha256:64f9feb383a29c4b31785333c044c846ce2e49257824f544415b8e31b4cbfdac""}]","urn:uuid:a0273f1c-6fad-54c7-a75a-32a5161da656","active","LEBL-TERM-0157","series","admitted","{""concept_id"":""concept.series"",""evidence"":""R006 ch-seq-ser.tex"",""notes"":"""",""preferred_id"":""deret"",""register"":""formal"",""rejected_id"":"""",""resource_scope"":""R006"",""source_term"":""series"",""status"":""admitted"",""term_id"":""LEBL-TERM-0157"",""variants_id"":""""}","{""concept_id"":""urn:uuid:3d15f83a-c3d3-5cad-8383-2098e2296ab3"",""evidence"":[{""locator"":""backend/production/v0.3/inputs/TERMINOLOGY.csv:LEBL-TERM-0157"",""sha256"":""sha256:64f9feb383a29c4b31785333c044c846ce2e49257824f544415b8e31b4cbfdac""}],""examples"":[],""id"":""urn:uuid:4f5d04fe-17c6-5e1c-8aa3-5c8beae41316"",""language"":""id"",""ledger_binding"":{""concept_id"":""concept.series"",""evidence"":""R006 ch-seq-ser.tex"",""notes"":"""",""preferred_id"":""deret"",""register"":""formal"",""rejected_id"":"""",""resource_scope"":""R006"",""source_term"":""series"",""status"":""admitted"",""term_id"":""LEBL-TERM-0157"",""variants_id"":""""},""locale"":""id-ID"",""preferred"":""deret"",""record_type"":""term"",""recorded_at"":""2026-08-21T00:00:00Z"",""register"":""formal"",""rejected_forms"":[],""rights_id"":""urn:uuid:a0273f1c-6fad-54c7-a75a-32a5161da656"",""schema_name"":""lebl.backend.record"",""schema_version"":""0.3.0"",""scope_ids"":[""urn:uuid:2985f369-c946-5392-be8c-902d3c9215b2""],""semantic_aliases"":[],""semantic_key"":""lebl.ra.term.ledger.lebl-term-0157.id-id"",""status"":""active"",""supersedes_id"":null,""variants"":[],""workflow_id"":""01a01f57-a34b-7740-9717-596b8116910c/backend-production-v0.3-r006-live""}"
"urn:uuid:9eb12450-8f8b-506c-9c36-7fd605b51cf8","lebl.ra.term.ledger.lebl-term-0161.id-id","urn:uuid:0184b2c4-b2a7-5559-b251-51ee2622622f","id","id-ID","deret Cauchy","[]","[]","[""urn:uuid:2985f369-c946-5392-be8c-902d3c9215b2""]","formal","[{""locator"":""backend/production/v0.3/inputs/TERMINOLOGY.csv:LEBL-TERM-0161"",""sha256"":""sha256:3cb3501e3381ec0bdb4ced4984772c0ee7336781fb62d5ec8a383d232daff070""}]","urn:uuid:a0273f1c-6fad-54c7-a75a-32a5161da656","active","LEBL-TERM-0161","Cauchy series","admitted","{""concept_id"":""concept.series.cauchy"",""evidence"":""R006 ch-seq-ser.tex"",""notes"":"""",""preferred_id"":""deret Cauchy"",""register"":""formal"",""rejected_id"":"""",""resource_scope"":""R006"",""source_term"":""Cauchy series"",""status"":""admitted"",""term_id"":""LEBL-TERM-0161"",""variants_id"":""""}","{""concept_id"":""urn:uuid:0184b2c4-b2a7-5559-b251-51ee2622622f"",""evidence"":[{""locator"":""backend/production/v0.3/inputs/TERMINOLOGY.csv:LEBL-TERM-0161"",""sha256"":""sha256:3cb3501e3381ec0bdb4ced4984772c0ee7336781fb62d5ec8a383d232daff070""}],""examples"":[],""id"":""urn:uuid:9eb12450-8f8b-506c-9c36-7fd605b51cf8"",""language"":""id"",""ledger_binding"":{""concept_id"":""concept.series.cauchy"",""evidence"":""R006 ch-seq-ser.tex"",""notes"":"""",""preferred_id"":""deret Cauchy"",""register"":""formal"",""rejected_id"":"""",""resource_scope"":""R006"",""source_term"":""Cauchy series"",""status"":""admitted"",""term_id"":""LEBL-TERM-0161"",""variants_id"":""""},""locale"":""id-ID"",""preferred"":""deret Cauchy"",""record_type"":""term"",""recorded_at"":""2026-08-21T00:00:00Z"",""register"":""formal"",""rejected_forms"":[],""rights_id"":""urn:uuid:a0273f1c-6fad-54c7-a75a-32a5161da656"",""schema_name"":""lebl.backend.record"",""schema_version"":""0.3.0"",""scope_ids"":[""urn:uuid:2985f369-c946-5392-be8c-902d3c9215b2""],""semantic_aliases"":[],""semantic_key"":""lebl.ra.term.ledger.lebl-term-0161.id-id"",""status"":""active"",""supersedes_id"":null,""variants"":[],""workflow_id"":""01a01f57-a34b-7740-9717-596b8116910c/backend-production-v0.3-r006-live""}"
"urn:uuid:791b2332-e520-55b1-a940-e2f259224d04","lebl.ra.term.ledger.lebl-term-0256.id-id","urn:uuid:3440fa20-c845-5005-accd-b6627a4eaff5","id","id-ID","deret Taylor","[]","[]","[""urn:uuid:2985f369-c946-5392-be8c-902d3c9215b2""]","formal","[{""locator"":""backend/production/v0.3/inputs/TERMINOLOGY.csv:LEBL-TERM-0256"",""sha256"":""sha256:6cd8a92ff98f5997e868f59515b9c76af5acb3af68b9b7614d3df168800edcb6""}]","urn:uuid:a0273f1c-6fad-54c7-a75a-32a5161da656","active","LEBL-TERM-0256","Taylor series","admitted","{""concept_id"":""concept.calculus.taylor-series"",""evidence"":""R006 ch-der.tex"",""notes"":"""",""preferred_id"":""deret Taylor"",""register"":""formal"",""rejected_id"":"""",""resource_scope"":""R006"",""source_term"":""Taylor series"",""status"":""admitted"",""term_id"":""LEBL-TERM-0256"",""variants_id"":""""}","{""concept_id"":""urn:uuid:3440fa20-c845-5005-accd-b6627a4eaff5"",""evidence"":[{""locator"":""backend/production/v0.3/inputs/TERMINOLOGY.csv:LEBL-TERM-0256"",""sha256"":""sha256:6cd8a92ff98f5997e868f59515b9c76af5acb3af68b9b7614d3df168800edcb6""}],""examples"":[],""id"":""urn:uuid:791b2332-e520-55b1-a940-e2f259224d04"",""language"":""id"",""ledger_binding"":{""concept_id"":""concept.calculus.taylor-series"",""evidence"":""R006 ch-der.tex"",""notes"":"""",""preferred_id"":""deret Taylor"",""register"":""formal"",""rejected_id"":"""",""resource_scope"":""R006"",""source_term"":""Taylor series"",""status"":""admitted"",""term_id"":""LEBL-TERM-0256"",""variants_id"":""""},""locale"":""id-ID"",""preferred"":""deret Taylor"",""record_type"":""term"",""recorded_at"":""2026-08-21T00:00:00Z"",""register"":""formal"",""rejected_forms"":[],""rights_id"":""urn:uuid:a0273f1c-6fad-54c7-a75a-32a5161da656"",""schema_name"":""lebl.backend.record"",""schema_version"":""0.3.0"",""scope_ids"":[""urn:uuid:2985f369-c946-5392-be8c-902d3c9215b2""],""semantic_aliases"":[],""semantic_key"":""lebl.ra.term.ledger.lebl-term-0256.id-id"",""status"":""active"",""supersedes_id"":null,""variants"":[],""workflow_id"":""01a01f57-a34b-7740-9717-596b8116910c/backend-production-v0.3-r006-live""}"
"urn:uuid:2308bf3a-a3a5-5b16-b43b-48fa914b3503","lebl.ra.term.ledger.lebl-term-0179.id-id","urn:uuid:6474807b-9559-55f1-aba1-515977553a9d","id","id-ID","deret berselang-seling","[]","[]","[""urn:uuid:2985f369-c946-5392-be8c-902d3c9215b2""]","formal","[{""locator"":""backend/production/v0.3/inputs/TERMINOLOGY.csv:LEBL-TERM-0179"",""sha256"":""sha256:9df36239e30fa2de41d63cc40f82244635f427552fd402ab1a2124f2d4b958ed""}]","urn:uuid:a0273f1c-6fad-54c7-a75a-32a5161da656","active","LEBL-TERM-0179","alternating series","admitted","{""concept_id"":""concept.series.alternating"",""evidence"":""R006 ch-seq-ser.tex"",""notes"":"""",""preferred_id"":""deret berselang-seling"",""register"":""formal"",""rejected_id"":"""",""resource_scope"":""R006"",""source_term"":""alternating series"",""status"":""admitted"",""term_id"":""LEBL-TERM-0179"",""variants_id"":""""}","{""concept_id"":""urn:uuid:6474807b-9559-55f1-aba1-515977553a9d"",""evidence"":[{""locator"":""backend/production/v0.3/inputs/TERMINOLOGY.csv:LEBL-TERM-0179"",""sha256"":""sha256:9df36239e30fa2de41d63cc40f82244635f427552fd402ab1a2124f2d4b958ed""}],""examples"":[],""id"":""urn:uuid:2308bf3a-a3a5-5b16-b43b-48fa914b3503"",""language"":""id"",""ledger_binding"":{""concept_id"":""concept.series.alternating"",""evidence"":""R006 ch-seq-ser.tex"",""notes"":"""",""preferred_id"":""deret berselang-seling"",""register"":""formal"",""rejected_id"":"""",""resource_scope"":""R006"",""source_term"":""alternating series"",""status"":""admitted"",""term_id"":""LEBL-TERM-0179"",""variants_id"":""""},""locale"":""id-ID"",""preferred"":""deret berselang-seling"",""record_type"":""term"",""recorded_at"":""2026-08-21T00:00:00Z"",""register"":""formal"",""rejected_forms"":[],""rights_id"":""urn:uuid:a0273f1c-6fad-54c7-a75a-32a5161da656"",""schema_name"":""lebl.backend.record"",""schema_version"":""0.3.0"",""scope_ids"":[""urn:uuid:2985f369-c946-5392-be8c-902d3c9215b2""],""semantic_aliases"":[],""semantic_key"":""lebl.ra.term.ledger.lebl-term-0179.id-id"",""status"":""active"",""supersedes_id"":null,""variants"":[],""workflow_id"":""01a01f57-a34b-7740-9717-596b8116910c/backend-production-v0.3-r006-live""}"
"urn:uuid:ded45a68-f285-5b60-a22c-5fb7b60dd890","lebl.ra.term.ledger.lebl-term-0159.id-id","urn:uuid:716e5eb3-5427-5444-b9d4-5e9e00430ec9","id","id-ID","deret geometri","[]","[]","[""urn:uuid:2985f369-c946-5392-be8c-902d3c9215b2""]","formal","[{""locator"":""backend/production/v0.3/inputs/TERMINOLOGY.csv:LEBL-TERM-0159"",""sha256"":""sha256:ac5e6e81a5d289518bbf27ef9d68cc59c8a5b92fc8b99f56056490e56b5cf091""}]","urn:uuid:a0273f1c-6fad-54c7-a75a-32a5161da656","active","LEBL-TERM-0159","geometric series","admitted","{""concept_id"":""concept.series.geometric"",""evidence"":""R006 ch-seq-ser.tex"",""notes"":"""",""preferred_id"":""deret geometri"",""register"":""formal"",""rejected_id"":"""",""resource_scope"":""R006"",""source_term"":""geometric series"",""status"":""admitted"",""term_id"":""LEBL-TERM-0159"",""variants_id"":""""}","{""concept_id"":""urn:uuid:716e5eb3-5427-5444-b9d4-5e9e00430ec9"",""evidence"":[{""locator"":""backend/production/v0.3/inputs/TERMINOLOGY.csv:LEBL-TERM-0159"",""sha256"":""sha256:ac5e6e81a5d289518bbf27ef9d68cc59c8a5b92fc8b99f56056490e56b5cf091""}],""examples"":[],""id"":""urn:uuid:ded45a68-f285-5b60-a22c-5fb7b60dd890"",""language"":""id"",""ledger_binding"":{""concept_id"":""concept.series.geometric"",""evidence"":""R006 ch-seq-ser.tex"",""notes"":"""",""preferred_id"":""deret geometri"",""register"":""formal"",""rejected_id"":"""",""resource_scope"":""R006"",""source_term"":""geometric series"",""status"":""admitted"",""term_id"":""LEBL-TERM-0159"",""variants_id"":""""},""locale"":""id-ID"",""preferred"":""deret geometri"",""record_type"":""term"",""recorded_at"":""2026-08-21T00:00:00Z"",""register"":""formal"",""rejected_forms"":[],""rights_id"":""urn:uuid:a0273f1c-6fad-54c7-a75a-32a5161da656"",""schema_name"":""lebl.backend.record"",""schema_version"":""0.3.0"",""scope_ids"":[""urn:uuid:2985f369-c946-5392-be8c-902d3c9215b2""],""semantic_aliases"":[],""semantic_key"":""lebl.ra.term.ledger.lebl-term-0159.id-id"",""status"":""active"",""supersedes_id"":null,""variants"":[],""workflow_id"":""01a01f57-a34b-7740-9717-596b8116910c/backend-production-v0.3-r006-live""}"
"urn:uuid:0ba19e7c-f08b-5446-8368-3d76156d19c2","lebl.ra.term.ledger.lebl-term-0162.id-id","urn:uuid:276c5bf0-59a3-5920-b242-93f13f0a2689","id","id-ID","deret harmonik","[]","[]","[""urn:uuid:2985f369-c946-5392-be8c-902d3c9215b2""]","formal","[{""locator"":""backend/production/v0.3/inputs/TERMINOLOGY.csv:LEBL-TERM-0162"",""sha256"":""sha256:0e5a6c42785c09566003c2fb69634129ebfd08d9f1c6c94c091f603708486d9c""}]","urn:uuid:a0273f1c-6fad-54c7-a75a-32a5161da656","active","LEBL-TERM-0162","harmonic series","admitted","{""concept_id"":""concept.series.harmonic"",""evidence"":""R006 ch-seq-ser.tex"",""notes"":"""",""preferred_id"":""deret harmonik"",""register"":""formal"",""rejected_id"":"""",""resource_scope"":""R006"",""source_term"":""harmonic series"",""status"":""admitted"",""term_id"":""LEBL-TERM-0162"",""variants_id"":""""}","{""concept_id"":""urn:uuid:276c5bf0-59a3-5920-b242-93f13f0a2689"",""evidence"":[{""locator"":""backend/production/v0.3/inputs/TERMINOLOGY.csv:LEBL-TERM-0162"",""sha256"":""sha256:0e5a6c42785c09566003c2fb69634129ebfd08d9f1c6c94c091f603708486d9c""}],""examples"":[],""id"":""urn:uuid:0ba19e7c-f08b-5446-8368-3d76156d19c2"",""language"":""id"",""ledger_binding"":{""concept_id"":""concept.series.harmonic"",""evidence"":""R006 ch-seq-ser.tex"",""notes"":"""",""preferred_id"":""deret harmonik"",""register"":""formal"",""rejected_id"":"""",""resource_scope"":""R006"",""source_term"":""harmonic series"",""status"":""admitted"",""term_id"":""LEBL-TERM-0162"",""variants_id"":""""},""locale"":""id-ID"",""preferred"":""deret harmonik"",""record_type"":""term"",""recorded_at"":""2026-08-21T00:00:00Z"",""register"":""formal"",""rejected_forms"":[],""rights_id"":""urn:uuid:a0273f1c-6fad-54c7-a75a-32a5161da656"",""schema_name"":""lebl.backend.record"",""schema_version"":""0.3.0"",""scope_ids"":[""urn:uuid:2985f369-c946-5392-be8c-902d3c9215b2""],""semantic_aliases"":[],""semantic_key"":""lebl.ra.term.ledger.lebl-term-0162.id-id"",""status"":""active"",""supersedes_id"":null,""variants"":[],""workflow_id"":""01a01f57-a34b-7740-9717-596b8116910c/backend-production-v0.3-r006-live""}"
"urn:uuid:66f5e2bc-8180-59d1-89e2-278aa4b0ffc7","lebl.ra.term.ledger.lebl-term-0185.id-id","urn:uuid:edee0af9-ae33-58d2-89d4-1d69fd8949ca","id","id-ID","deret pangkat","[]","[]","[""urn:uuid:2985f369-c946-5392-be8c-902d3c9215b2""]","formal","[{""locator"":""backend/production/v0.3/inputs/TERMINOLOGY.csv:LEBL-TERM-0185"",""sha256"":""sha256:244cb63b75eb741a750347e463fafc309b35b3983c09a51f67abb928e6833709""}]","urn:uuid:a0273f1c-6fad-54c7-a75a-32a5161da656","active","LEBL-TERM-0185","power series","admitted","{""concept_id"":""concept.series.power"",""evidence"":""R006 ch-seq-ser.tex"",""notes"":"""",""preferred_id"":""deret pangkat"",""register"":""formal"",""rejected_id"":"""",""resource_scope"":""R006"",""source_term"":""power series"",""status"":""admitted"",""term_id"":""LEBL-TERM-0185"",""variants_id"":""""}","{""concept_id"":""urn:uuid:edee0af9-ae33-58d2-89d4-1d69fd8949ca"",""evidence"":[{""locator"":""backend/production/v0.3/inputs/TERMINOLOGY.csv:LEBL-TERM-0185"",""sha256"":""sha256:244cb63b75eb741a750347e463fafc309b35b3983c09a51f67abb928e6833709""}],""examples"":[],""id"":""urn:uuid:66f5e2bc-8180-59d1-89e2-278aa4b0ffc7"",""language"":""id"",""ledger_binding"":{""concept_id"":""concept.series.power"",""evidence"":""R006 ch-seq-ser.tex"",""notes"":"""",""preferred_id"":""deret pangkat"",""register"":""formal"",""rejected_id"":"""",""resource_scope"":""R006"",""source_term"":""power series"",""status"":""admitted"",""term_id"":""LEBL-TERM-0185"",""variants_id"":""""},""locale"":""id-ID"",""preferred"":""deret pangkat"",""record_type"":""term"",""recorded_at"":""2026-08-21T00:00:00Z"",""register"":""formal"",""rejected_forms"":[],""rights_id"":""urn:uuid:a0273f1c-6fad-54c7-a75a-32a5161da656"",""schema_name"":""lebl.backend.record"",""schema_version"":""0.3.0"",""scope_ids"":[""urn:uuid:2985f369-c946-5392-be8c-902d3c9215b2""],""semantic_aliases"":[],""semantic_key"":""lebl.ra.term.ledger.lebl-term-0185.id-id"",""status"":""active"",""supersedes_id"":null,""variants"":[],""workflow_id"":""01a01f57-a34b-7740-9717-596b8116910c/backend-production-v0.3-r006-live""}"
"urn:uuid:4702709c-2c5a-5a7b-87cf-43ac32fc238e","lebl.ra.term.ledger.lebl-term-0171.id-id","urn:uuid:ccfd7771-c23d-5b32-a769-55173daf3501","id","id-ID","deret-p","[]","[]","[""urn:uuid:2985f369-c946-5392-be8c-902d3c9215b2""]","formal","[{""locator"":""backend/production/v0.3/inputs/TERMINOLOGY.csv:LEBL-TERM-0171"",""sha256"":""sha256:3f30cfa86a57b96bdc3c46a88e67d54d080747569d50795923a67188070b6206""}]","urn:uuid:a0273f1c-6fad-54c7-a75a-32a5161da656","active","LEBL-TERM-0171","p-series","admitted","{""concept_id"":""concept.series.p-series"",""evidence"":""R006 ch-seq-ser.tex"",""notes"":"""",""preferred_id"":""deret-p"",""register"":""formal"",""rejected_id"":"""",""resource_scope"":""R006"",""source_term"":""p-series"",""status"":""admitted"",""term_id"":""LEBL-TERM-0171"",""variants_id"":""""}","{""concept_id"":""urn:uuid:ccfd7771-c23d-5b32-a769-55173daf3501"",""evidence"":[{""locator"":""backend/production/v0.3/inputs/TERMINOLOGY.csv:LEBL-TERM-0171"",""sha256"":""sha256:3f30cfa86a57b96bdc3c46a88e67d54d080747569d50795923a67188070b6206""}],""examples"":[],""id"":""urn:uuid:4702709c-2c5a-5a7b-87cf-43ac32fc238e"",""language"":""id"",""ledger_binding"":{""concept_id"":""concept.series.p-series"",""evidence"":""R006 ch-seq-ser.tex"",""notes"":"""",""preferred_id"":""deret-p"",""register"":""formal"",""rejected_id"":"""",""resource_scope"":""R006"",""source_term"":""p-series"",""status"":""admitted"",""term_id"":""LEBL-TERM-0171"",""variants_id"":""""},""locale"":""id-ID"",""preferred"":""deret-p"",""record_type"":""term"",""recorded_at"":""2026-08-21T00:00:00Z"",""register"":""formal"",""rejected_forms"":[],""rights_id"":""urn:uuid:a0273f1c-6fad-54c7-a75a-32a5161da656"",""schema_name"":""lebl.backend.record"",""schema_version"":""0.3.0"",""scope_ids"":[""urn:uuid:2985f369-c946-5392-be8c-902d3c9215b2""],""semantic_aliases"":[],""semantic_key"":""lebl.ra.term.ledger.lebl-term-0171.id-id"",""status"":""active"",""supersedes_id"":null,""variants"":[],""workflow_id"":""01a01f57-a34b-7740-9717-596b8116910c/backend-production-v0.3-r006-live""}"
"urn:uuid:4d9e7323-db40-5b1c-bb4b-a5cc5f7b5964","lebl.ra.term.ledger.lebl-term-0412.id-id","urn:uuid:5eade294-791c-5853-b4b8-dc97c3fa15c1","id","id-ID","determinan","[]","[]","[""urn:uuid:2985f369-c946-5392-be8c-902d3c9215b2""]","formal","[{""locator"":""backend/production/v0.3/inputs/TERMINOLOGY.csv:LEBL-TERM-0412"",""sha256"":""sha256:0cee4bd7e760e89fde6d753175e824299804e050a3e6bdd6844e2ec009f1d617""}]","urn:uuid:a0273f1c-6fad-54c7-a75a-32a5161da656","active","LEBL-TERM-0412","determinant","admitted","{""concept_id"":""concept.determinant"",""evidence"":""R006 ch-several-vars-ders.tex"",""notes"":"""",""preferred_id"":""determinan"",""register"":""formal"",""rejected_id"":"""",""resource_scope"":""R006"",""source_term"":""determinant"",""status"":""admitted"",""term_id"":""LEBL-TERM-0412"",""variants_id"":""""}","{""concept_id"":""urn:uuid:5eade294-791c-5853-b4b8-dc97c3fa15c1"",""evidence"":[{""locator"":""backend/production/v0.3/inputs/TERMINOLOGY.csv:LEBL-TERM-0412"",""sha256"":""sha256:0cee4bd7e760e89fde6d753175e824299804e050a3e6bdd6844e2ec009f1d617""}],""examples"":[],""id"":""urn:uuid:4d9e7323-db40-5b1c-bb4b-a5cc5f7b5964"",""language"":""id"",""ledger_binding"":{""concept_id"":""concept.determinant"",""evidence"":""R006 ch-several-vars-ders.tex"",""notes"":"""",""preferred_id"":""determinan"",""register"":""formal"",""rejected_id"":"""",""resource_scope"":""R006"",""source_term"":""determinant"",""status"":""admitted"",""term_id"":""LEBL-TERM-0412"",""variants_id"":""""},""locale"":""id-ID"",""preferred"":""determinan"",""record_type"":""term"",""recorded_at"":""2026-08-21T00:00:00Z"",""register"":""formal"",""rejected_forms"":[],""rights_id"":""urn:uuid:a0273f1c-6fad-54c7-a75a-32a5161da656"",""schema_name"":""lebl.backend.record"",""schema_version"":""0.3.0"",""scope_ids"":[""urn:uuid:2985f369-c946-5392-be8c-902d3c9215b2""],""semantic_aliases"":[],""semantic_key"":""lebl.ra.term.ledger.lebl-term-0412.id-id"",""status"":""active"",""supersedes_id"":null,""variants"":[],""workflow_id"":""01a01f57-a34b-7740-9717-596b8116910c/backend-production-v0.3-r006-live""}"
"urn:uuid:bde83178-8af0-593e-bee3-3cf5b40ff562","lebl.ra.term.ledger.lebl-term-0435.id-id","urn:uuid:f20385b7-f4b3-509a-93e9-cef05a7d2c1a","id","id-ID","determinan Jacobian","[]","[]","[""urn:uuid:2985f369-c946-5392-be8c-902d3c9215b2""]","formal","[{""locator"":""backend/production/v0.3/inputs/TERMINOLOGY.csv:LEBL-TERM-0435"",""sha256"":""sha256:b48e771acf3924807d2189d5d0696e9910f208cd59e2cc206969cb3c44a910ab""}]","urn:uuid:a0273f1c-6fad-54c7-a75a-32a5161da656","active","LEBL-TERM-0435","Jacobian determinant","admitted","{""concept_id"":""concept.calculus.jacobian.determinant"",""evidence"":""R006 ch-several-vars-ders.tex"",""notes"":"""",""preferred_id"":""determinan Jacobian"",""register"":""formal"",""rejected_id"":"""",""resource_scope"":""R006"",""source_term"":""Jacobian determinant"",""status"":""admitted"",""term_id"":""LEBL-TERM-0435"",""variants_id"":""""}","{""concept_id"":""urn:uuid:f20385b7-f4b3-509a-93e9-cef05a7d2c1a"",""evidence"":[{""locator"":""backend/production/v0.3/inputs/TERMINOLOGY.csv:LEBL-TERM-0435"",""sha256"":""sha256:b48e771acf3924807d2189d5d0696e9910f208cd59e2cc206969cb3c44a910ab""}],""examples"":[],""id"":""urn:uuid:bde83178-8af0-593e-bee3-3cf5b40ff562"",""language"":""id"",""ledger_binding"":{""concept_id"":""concept.calculus.jacobian.determinant"",""evidence"":""R006 ch-several-vars-ders.tex"",""notes"":"""",""preferred_id"":""determinan Jacobian"",""register"":""formal"",""rejected_id"":"""",""resource_scope"":""R006"",""source_term"":""Jacobian determinant"",""status"":""admitted"",""term_id"":""LEBL-TERM-0435"",""variants_id"":""""},""locale"":""id-ID"",""preferred"":""determinan Jacobian"",""record_type"":""term"",""recorded_at"":""2026-08-21T00:00:00Z"",""register"":""formal"",""rejected_forms"":[],""rights_id"":""urn:uuid:a0273f1c-6fad-54c7-a75a-32a5161da656"",""schema_name"":""lebl.backend.record"",""schema_version"":""0.3.0"",""scope_ids"":[""urn:uuid:2985f369-c946-5392-be8c-902d3c9215b2""],""semantic_aliases"":[],""semantic_key"":""lebl.ra.term.ledger.lebl-term-0435.id-id"",""status"":""active"",""supersedes_id"":null,""variants"":[],""workflow_id"":""01a01f57-a34b-7740-9717-596b8116910c/backend-production-v0.3-r006-live""}"
"urn:uuid:adf72811-bb77-5680-9254-95b73b92e860","lebl.ra.term.ledger.lebl-term-0110.id-id","urn:uuid:ca446141-e22f-5b82-8740-9c93b45c4182","id","id-ID","diagonalisasi Cantor","[]","[]","[""urn:uuid:2985f369-c946-5392-be8c-902d3c9215b2""]","formal","[{""locator"":""backend/production/v0.3/inputs/TERMINOLOGY.csv:LEBL-TERM-0110"",""sha256"":""sha256:61fa2634dcaf01c40698ed4059c265fe3c51478f2e1536e7578de6487ee1dd8f""}]","urn:uuid:a0273f1c-6fad-54c7-a75a-32a5161da656","active","LEBL-TERM-0110","Cantor diagonalization","admitted","{""concept_id"":""concept.proof.cantor-diagonalization"",""evidence"":""R006 ch-real-nums.tex"",""notes"":"""",""preferred_id"":""diagonalisasi Cantor"",""register"":""formal"",""rejected_id"":"""",""resource_scope"":""R006"",""source_term"":""Cantor diagonalization"",""status"":""admitted"",""term_id"":""LEBL-TERM-0110"",""variants_id"":""""}","{""concept_id"":""urn:uuid:ca446141-e22f-5b82-8740-9c93b45c4182"",""evidence"":[{""locator"":""backend/production/v0.3/inputs/TERMINOLOGY.csv:LEBL-TERM-0110"",""sha256"":""sha256:61fa2634dcaf01c40698ed4059c265fe3c51478f2e1536e7578de6487ee1dd8f""}],""examples"":[],""id"":""urn:uuid:adf72811-bb77-5680-9254-95b73b92e860"",""language"":""id"",""ledger_binding"":{""concept_id"":""concept.proof.cantor-diagonalization"",""evidence"":""R006 ch-real-nums.tex"",""notes"":"""",""preferred_id"":""diagonalisasi Cantor"",""register"":""formal"",""rejected_id"":"""",""resource_scope"":""R006"",""source_term"":""Cantor diagonalization"",""status"":""admitted"",""term_id"":""LEBL-TERM-0110"",""variants_id"":""""},""locale"":""id-ID"",""preferred"":""diagonalisasi Cantor"",""record_type"":""term"",""recorded_at"":""2026-08-21T00:00:00Z"",""register"":""formal"",""rejected_forms"":[],""rights_id"":""urn:uuid:a0273f1c-6fad-54c7-a75a-32a5161da656"",""schema_name"":""lebl.backend.record"",""schema_version"":""0.3.0"",""scope_ids"":[""urn:uuid:2985f369-c946-5392-be8c-902d3c9215b2""],""semantic_aliases"":[],""semantic_key"":""lebl.ra.term.ledger.lebl-term-0110.id-id"",""status"":""active"",""supersedes_id"":null,""variants"":[],""workflow_id"":""01a01f57-a34b-7740-9717-596b8116910c/backend-production-v0.3-r006-live""}"
"urn:uuid:67b0e3a7-29be-5a6f-bb6e-8bd67164d3ce","lebl.ra.term.ledger.lebl-term-0418.id-id","urn:uuid:5f9b36f3-a4ff-5651-991b-f2dbbe188da6","id","id-ID","diagram komutatif","[]","[]","[""urn:uuid:2985f369-c946-5392-be8c-902d3c9215b2""]","formal","[{""locator"":""backend/production/v0.3/inputs/TERMINOLOGY.csv:LEBL-TERM-0418"",""sha256"":""sha256:aa012769f2c854790b13f89a8f8c6eeb4b5c53c98edd067de7fb49fed3ca2e7f""}]","urn:uuid:a0273f1c-6fad-54c7-a75a-32a5161da656","active","LEBL-TERM-0418","commutative diagram","admitted","{""concept_id"":""concept.diagram.commutative"",""evidence"":""R006 ch-several-vars-ders.tex"",""notes"":"""",""preferred_id"":""diagram komutatif"",""register"":""formal"",""rejected_id"":"""",""resource_scope"":""R006"",""source_term"":""commutative diagram"",""status"":""admitted"",""term_id"":""LEBL-TERM-0418"",""variants_id"":""""}","{""concept_id"":""urn:uuid:5f9b36f3-a4ff-5651-991b-f2dbbe188da6"",""evidence"":[{""locator"":""backend/production/v0.3/inputs/TERMINOLOGY.csv:LEBL-TERM-0418"",""sha256"":""sha256:aa012769f2c854790b13f89a8f8c6eeb4b5c53c98edd067de7fb49fed3ca2e7f""}],""examples"":[],""id"":""urn:uuid:67b0e3a7-29be-5a6f-bb6e-8bd67164d3ce"",""language"":""id"",""ledger_binding"":{""concept_id"":""concept.diagram.commutative"",""evidence"":""R006 ch-several-vars-ders.tex"",""notes"":"""",""preferred_id"":""diagram komutatif"",""register"":""formal"",""rejected_id"":"""",""resource_scope"":""R006"",""source_term"":""commutative diagram"",""status"":""admitted"",""term_id"":""LEBL-TERM-0418"",""variants_id"":""""},""locale"":""id-ID"",""preferred"":""diagram komutatif"",""record_type"":""term"",""recorded_at"":""2026-08-21T00:00:00Z"",""register"":""formal"",""rejected_forms"":[],""rights_id"":""urn:uuid:a0273f1c-6fad-54c7-a75a-32a5161da656"",""schema_name"":""lebl.backend.record"",""schema_version"":""0.3.0"",""scope_ids"":[""urn:uuid:2985f369-c946-5392-be8c-902d3c9215b2""],""semantic_aliases"":[],""semantic_key"":""lebl.ra.term.ledger.lebl-term-0418.id-id"",""status"":""active"",""supersedes_id"":null,""variants"":[],""workflow_id"":""01a01f57-a34b-7740-9717-596b8116910c/backend-production-v0.3-r006-live""}"
"urn:uuid:03568127-f5b7-5465-829d-0ef42eb45dae","lebl.ra.term.ledger.lebl-term-0336.id-id","urn:uuid:092c2184-cc1a-52e1-ad51-d1d6fb3e540a","id","id-ID","diameter","[]","[]","[""urn:uuid:2985f369-c946-5392-be8c-902d3c9215b2""]","formal","[{""locator"":""backend/production/v0.3/inputs/TERMINOLOGY.csv:LEBL-TERM-0336"",""sha256"":""sha256:535bcc523e02572afb0c9f2fb04ad70421fc049dcb5f1f2dbf29eff23f307e22""}]","urn:uuid:a0273f1c-6fad-54c7-a75a-32a5161da656","active","LEBL-TERM-0336","diameter","admitted","{""concept_id"":""concept.set.diameter"",""evidence"":""R006 ch-metric.tex"",""notes"":"""",""preferred_id"":""diameter"",""register"":""formal"",""rejected_id"":"""",""resource_scope"":""R006"",""source_term"":""diameter"",""status"":""admitted"",""term_id"":""LEBL-TERM-0336"",""variants_id"":""""}","{""concept_id"":""urn:uuid:092c2184-cc1a-52e1-ad51-d1d6fb3e540a"",""evidence"":[{""locator"":""backend/production/v0.3/inputs/TERMINOLOGY.csv:LEBL-TERM-0336"",""sha256"":""sha256:535bcc523e02572afb0c9f2fb04ad70421fc049dcb5f1f2dbf29eff23f307e22""}],""examples"":[],""id"":""urn:uuid:03568127-f5b7-5465-829d-0ef42eb45dae"",""language"":""id"",""ledger_binding"":{""concept_id"":""concept.set.diameter"",""evidence"":""R006 ch-metric.tex"",""notes"":"""",""preferred_id"":""diameter"",""register"":""formal"",""rejected_id"":"""",""resource_scope"":""R006"",""source_term"":""diameter"",""status"":""admitted"",""term_id"":""LEBL-TERM-0336"",""variants_id"":""""},""locale"":""id-ID"",""preferred"":""diameter"",""record_type"":""term"",""recorded_at"":""2026-08-21T00:00:00Z"",""register"":""formal"",""rejected_forms"":[],""rights_id"":""urn:uuid:a0273f1c-6fad-54c7-a75a-32a5161da656"",""schema_name"":""lebl.backend.record"",""schema_version"":""0.3.0"",""scope_ids"":[""urn:uuid:2985f369-c946-5392-be8c-902d3c9215b2""],""semantic_aliases"":[],""semantic_key"":""lebl.ra.term.ledger.lebl-term-0336.id-id"",""status"":""active"",""supersedes_id"":null,""variants"":[],""workflow_id"":""01a01f57-a34b-7740-9717-596b8116910c/backend-production-v0.3-r006-live""}"
"urn:uuid:5d802a87-1a2a-527e-b8fb-7694fa061032","lebl.ra.term.ledger.lebl-term-0231.id-id","urn:uuid:d0ee77c2-3d8f-5c56-b6c2-c395583ee8c4","id","id-ID","diferensiabel","[]","[]","[""urn:uuid:2985f369-c946-5392-be8c-902d3c9215b2""]","formal","[{""locator"":""backend/production/v0.3/inputs/TERMINOLOGY.csv:LEBL-TERM-0231"",""sha256"":""sha256:a07ccb7a2773ed18cca86cad525ff1cfbbf5d49ce9c563407a43d688342388ad""}]","urn:uuid:a0273f1c-6fad-54c7-a75a-32a5161da656","active","LEBL-TERM-0231","differentiable","admitted","{""concept_id"":""concept.calculus.differentiable"",""evidence"":""R006 ch-der.tex"",""notes"":"""",""preferred_id"":""diferensiabel"",""register"":""formal"",""rejected_id"":"""",""resource_scope"":""R006"",""source_term"":""differentiable"",""status"":""admitted"",""term_id"":""LEBL-TERM-0231"",""variants_id"":""""}","{""concept_id"":""urn:uuid:d0ee77c2-3d8f-5c56-b6c2-c395583ee8c4"",""evidence"":[{""locator"":""backend/production/v0.3/inputs/TERMINOLOGY.csv:LEBL-TERM-0231"",""sha256"":""sha256:a07ccb7a2773ed18cca86cad525ff1cfbbf5d49ce9c563407a43d688342388ad""}],""examples"":[],""id"":""urn:uuid:5d802a87-1a2a-527e-b8fb-7694fa061032"",""language"":""id"",""ledger_binding"":{""concept_id"":""concept.calculus.differentiable"",""evidence"":""R006 ch-der.tex"",""notes"":"""",""preferred_id"":""diferensiabel"",""register"":""formal"",""rejected_id"":"""",""resource_scope"":""R006"",""source_term"":""differentiable"",""status"":""admitted"",""term_id"":""LEBL-TERM-0231"",""variants_id"":""""},""locale"":""id-ID"",""preferred"":""diferensiabel"",""record_type"":""term"",""recorded_at"":""2026-08-21T00:00:00Z"",""register"":""formal"",""rejected_forms"":[],""rights_id"":""urn:uuid:a0273f1c-6fad-54c7-a75a-32a5161da656"",""schema_name"":""lebl.backend.record"",""schema_version"":""0.3.0"",""scope_ids"":[""urn:uuid:2985f369-c946-5392-be8c-902d3c9215b2""],""semantic_aliases"":[],""semantic_key"":""lebl.ra.term.ledger.lebl-term-0231.id-id"",""status"":""active"",""supersedes_id"":null,""variants"":[],""workflow_id"":""01a01f57-a34b-7740-9717-596b8116910c/backend-production-v0.3-r006-live""}"
"urn:uuid:5acf1744-e791-5f29-b7d6-444e9b676a14","lebl.ra.term.ledger.lebl-term-0247.id-id","urn:uuid:8d0b4ac8-bff3-5650-98b9-921eb6af40e5","id","id-ID","diferensiabel secara kontinu","[]","[]","[""urn:uuid:2985f369-c946-5392-be8c-902d3c9215b2""]","formal","[{""locator"":""backend/production/v0.3/inputs/TERMINOLOGY.csv:LEBL-TERM-0247"",""sha256"":""sha256:57b62ac256082ef54e0d4da3498f17e3d799d58ef766b12500fa7facc83ae30f""}]","urn:uuid:a0273f1c-6fad-54c7-a75a-32a5161da656","active","LEBL-TERM-0247","continuously differentiable","admitted","{""concept_id"":""concept.calculus.continuously-differentiable"",""evidence"":""R006 ch-der.tex"",""notes"":"""",""preferred_id"":""diferensiabel secara kontinu"",""register"":""formal"",""rejected_id"":"""",""resource_scope"":""R006"",""source_term"":""continuously differentiable"",""status"":""admitted"",""term_id"":""LEBL-TERM-0247"",""variants_id"":""""}","{""concept_id"":""urn:uuid:8d0b4ac8-bff3-5650-98b9-921eb6af40e5"",""evidence"":[{""locator"":""backend/production/v0.3/inputs/TERMINOLOGY.csv:LEBL-TERM-0247"",""sha256"":""sha256:57b62ac256082ef54e0d4da3498f17e3d799d58ef766b12500fa7facc83ae30f""}],""examples"":[],""id"":""urn:uuid:5acf1744-e791-5f29-b7d6-444e9b676a14"",""language"":""id"",""ledger_binding"":{""concept_id"":""concept.calculus.continuously-differentiable"",""evidence"":""R006 ch-der.tex"",""notes"":"""",""preferred_id"":""diferensiabel secara kontinu"",""register"":""formal"",""rejected_id"":"""",""resource_scope"":""R006"",""source_term"":""continuously differentiable"",""status"":""admitted"",""term_id"":""LEBL-TERM-0247"",""variants_id"":""""},""locale"":""id-ID"",""preferred"":""diferensiabel secara kontinu"",""record_type"":""term"",""recorded_at"":""2026-08-21T00:00:00Z"",""register"":""formal"",""rejected_forms"":[],""rights_id"":""urn:uuid:a0273f1c-6fad-54c7-a75a-32a5161da656"",""schema_name"":""lebl.backend.record"",""schema_version"":""0.3.0"",""scope_ids"":[""urn:uuid:2985f369-c946-5392-be8c-902d3c9215b2""],""semantic_aliases"":[],""semantic_key"":""lebl.ra.term.ledger.lebl-term-0247.id-id"",""status"":""active"",""supersedes_id"":null,""variants"":[],""workflow_id"":""01a01f57-a34b-7740-9717-596b8116910c/backend-production-v0.3-r006-live""}"
"urn:uuid:5290553f-ec9e-5a62-ada9-296260d682f5","lebl.ra.term.ledger.lebl-term-0255.id-id","urn:uuid:88664909-26eb-562b-81cb-209ec4497530","id","id-ID","diferensiabel tak berhingga kali","[]","[]","[""urn:uuid:2985f369-c946-5392-be8c-902d3c9215b2""]","formal","[{""locator"":""backend/production/v0.3/inputs/TERMINOLOGY.csv:LEBL-TERM-0255"",""sha256"":""sha256:a38e20337b3bf15d0e674641bbd1be1bde737b546ec6ab484578b1f8d8aabc09""}]","urn:uuid:a0273f1c-6fad-54c7-a75a-32a5161da656","active","LEBL-TERM-0255","infinitely differentiable","admitted","{""concept_id"":""concept.calculus.infinitely-differentiable"",""evidence"":""R006 ch-der.tex"",""notes"":"""",""preferred_id"":""diferensiabel tak berhingga kali"",""register"":""formal"",""rejected_id"":"""",""resource_scope"":""R006"",""source_term"":""infinitely differentiable"",""status"":""admitted"",""term_id"":""LEBL-TERM-0255"",""variants_id"":""""}","{""concept_id"":""urn:uuid:88664909-26eb-562b-81cb-209ec4497530"",""evidence"":[{""locator"":""backend/production/v0.3/inputs/TERMINOLOGY.csv:LEBL-TERM-0255"",""sha256"":""sha256:a38e20337b3bf15d0e674641bbd1be1bde737b546ec6ab484578b1f8d8aabc09""}],""examples"":[],""id"":""urn:uuid:5290553f-ec9e-5a62-ada9-296260d682f5"",""language"":""id"",""ledger_binding"":{""concept_id"":""concept.calculus.infinitely-differentiable"",""evidence"":""R006 ch-der.tex"",""notes"":"""",""preferred_id"":""diferensiabel tak berhingga kali"",""register"":""formal"",""rejected_id"":"""",""resource_scope"":""R006"",""source_term"":""infinitely differentiable"",""status"":""admitted"",""term_id"":""LEBL-TERM-0255"",""variants_id"":""""},""locale"":""id-ID"",""preferred"":""diferensiabel tak berhingga kali"",""record_type"":""term"",""recorded_at"":""2026-08-21T00:00:00Z"",""register"":""formal"",""rejected_forms"":[],""rights_id"":""urn:uuid:a0273f1c-6fad-54c7-a75a-32a5161da656"",""schema_name"":""lebl.backend.record"",""schema_version"":""0.3.0"",""scope_ids"":[""urn:uuid:2985f369-c946-5392-be8c-902d3c9215b2""],""semantic_aliases"":[],""semantic_key"":""lebl.ra.term.ledger.lebl-term-0255.id-id"",""status"":""active"",""supersedes_id"":null,""variants"":[],""workflow_id"":""01a01f57-a34b-7740-9717-596b8116910c/backend-production-v0.3-r006-live""}"
"urn:uuid:6753810b-dd0a-5891-9b04-7e642703c43a","lebl.ra.term.ledger.lebl-term-0106.id-id","urn:uuid:64a93087-28a9-5b95-ab9d-6a7eaf6c5995","id","id-ID","digit desimal","[]","[]","[""urn:uuid:2985f369-c946-5392-be8c-902d3c9215b2""]","formal","[{""locator"":""backend/production/v0.3/inputs/TERMINOLOGY.csv:LEBL-TERM-0106"",""sha256"":""sha256:e5e1451547a291b48272719091cec65935a7a4eaf3aa832721e310e2b7d70e93""}]","urn:uuid:a0273f1c-6fad-54c7-a75a-32a5161da656","active","LEBL-TERM-0106","decimal digit","admitted","{""concept_id"":""concept.number.decimal-digit"",""evidence"":""R006 ch-real-nums.tex"",""notes"":"""",""preferred_id"":""digit desimal"",""register"":""formal"",""rejected_id"":"""",""resource_scope"":""R006"",""source_term"":""decimal digit"",""status"":""admitted"",""term_id"":""LEBL-TERM-0106"",""variants_id"":""""}","{""concept_id"":""urn:uuid:64a93087-28a9-5b95-ab9d-6a7eaf6c5995"",""evidence"":[{""locator"":""backend/production/v0.3/inputs/TERMINOLOGY.csv:LEBL-TERM-0106"",""sha256"":""sha256:e5e1451547a291b48272719091cec65935a7a4eaf3aa832721e310e2b7d70e93""}],""examples"":[],""id"":""urn:uuid:6753810b-dd0a-5891-9b04-7e642703c43a"",""language"":""id"",""ledger_binding"":{""concept_id"":""concept.number.decimal-digit"",""evidence"":""R006 ch-real-nums.tex"",""notes"":"""",""preferred_id"":""digit desimal"",""register"":""formal"",""rejected_id"":"""",""resource_scope"":""R006"",""source_term"":""decimal digit"",""status"":""admitted"",""term_id"":""LEBL-TERM-0106"",""variants_id"":""""},""locale"":""id-ID"",""preferred"":""digit desimal"",""record_type"":""term"",""recorded_at"":""2026-08-21T00:00:00Z"",""register"":""formal"",""rejected_forms"":[],""rights_id"":""urn:uuid:a0273f1c-6fad-54c7-a75a-32a5161da656"",""schema_name"":""lebl.backend.record"",""schema_version"":""0.3.0"",""scope_ids"":[""urn:uuid:2985f369-c946-5392-be8c-902d3c9215b2""],""semantic_aliases"":[],""semantic_key"":""lebl.ra.term.ledger.lebl-term-0106.id-id"",""status"":""active"",""supersedes_id"":null,""variants"":[],""workflow_id"":""01a01f57-a34b-7740-9717-596b8116910c/backend-production-v0.3-r006-live""}"
"urn:uuid:4958af93-562d-5c3f-8461-ccff28e34239","lebl.ra.term.ledger.lebl-term-0384.id-id","urn:uuid:448de826-ab92-535b-ad48-60743e3f3658","id","id-ID","dimensi","[]","[]","[""urn:uuid:2985f369-c946-5392-be8c-902d3c9215b2""]","formal","[{""locator"":""backend/production/v0.3/inputs/TERMINOLOGY.csv:LEBL-TERM-0384"",""sha256"":""sha256:0ceed50b0e84287f59456a16dbe46fc40f86bdbff25b7f25654b703330af2657""}]","urn:uuid:a0273f1c-6fad-54c7-a75a-32a5161da656","active","LEBL-TERM-0384","dimension","admitted","{""concept_id"":""concept.dimension.linear"",""evidence"":""R006 ch-several-vars-ders.tex"",""notes"":"""",""preferred_id"":""dimensi"",""register"":""formal"",""rejected_id"":"""",""resource_scope"":""R006"",""source_term"":""dimension"",""status"":""admitted"",""term_id"":""LEBL-TERM-0384"",""variants_id"":""""}","{""concept_id"":""urn:uuid:448de826-ab92-535b-ad48-60743e3f3658"",""evidence"":[{""locator"":""backend/production/v0.3/inputs/TERMINOLOGY.csv:LEBL-TERM-0384"",""sha256"":""sha256:0ceed50b0e84287f59456a16dbe46fc40f86bdbff25b7f25654b703330af2657""}],""examples"":[],""id"":""urn:uuid:4958af93-562d-5c3f-8461-ccff28e34239"",""language"":""id"",""ledger_binding"":{""concept_id"":""concept.dimension.linear"",""evidence"":""R006 ch-several-vars-ders.tex"",""notes"":"""",""preferred_id"":""dimensi"",""register"":""formal"",""rejected_id"":"""",""resource_scope"":""R006"",""source_term"":""dimension"",""status"":""admitted"",""term_id"":""LEBL-TERM-0384"",""variants_id"":""""},""locale"":""id-ID"",""preferred"":""dimensi"",""record_type"":""term"",""recorded_at"":""2026-08-21T00:00:00Z"",""register"":""formal"",""rejected_forms"":[],""rights_id"":""urn:uuid:a0273f1c-6fad-54c7-a75a-32a5161da656"",""schema_name"":""lebl.backend.record"",""schema_version"":""0.3.0"",""scope_ids"":[""urn:uuid:2985f369-c946-5392-be8c-902d3c9215b2""],""semantic_aliases"":[],""semantic_key"":""lebl.ra.term.ledger.lebl-term-0384.id-id"",""status"":""active"",""supersedes_id"":null,""variants"":[],""workflow_id"":""01a01f57-a34b-7740-9717-596b8116910c/backend-production-v0.3-r006-live""}"
"urn:uuid:11f783d3-0803-55af-abe0-036446dc7e72","lebl.ra.term.ledger.lebl-term-0197.id-id","urn:uuid:ebeabc2b-6dfb-5bf8-a7a7-a41e6de1fd20","id","id-ID","diskontinu","[]","[]","[""urn:uuid:2985f369-c946-5392-be8c-902d3c9215b2""]","formal","[{""locator"":""backend/production/v0.3/inputs/TERMINOLOGY.csv:LEBL-TERM-0197"",""sha256"":""sha256:cc802d5dc8dd28c13e0d0cda6bc1652f62c18012549c8443ddbc24ea2106ee49""}]","urn:uuid:a0273f1c-6fad-54c7-a75a-32a5161da656","active","LEBL-TERM-0197","discontinuous","admitted","{""concept_id"":""concept.function.discontinuous"",""evidence"":""R006 ch-contfunc.tex"",""notes"":"""",""preferred_id"":""diskontinu"",""register"":""formal"",""rejected_id"":"""",""resource_scope"":""R006"",""source_term"":""discontinuous"",""status"":""admitted"",""term_id"":""LEBL-TERM-0197"",""variants_id"":""""}","{""concept_id"":""urn:uuid:ebeabc2b-6dfb-5bf8-a7a7-a41e6de1fd20"",""evidence"":[{""locator"":""backend/production/v0.3/inputs/TERMINOLOGY.csv:LEBL-TERM-0197"",""sha256"":""sha256:cc802d5dc8dd28c13e0d0cda6bc1652f62c18012549c8443ddbc24ea2106ee49""}],""examples"":[],""id"":""urn:uuid:11f783d3-0803-55af-abe0-036446dc7e72"",""language"":""id"",""ledger_binding"":{""concept_id"":""concept.function.discontinuous"",""evidence"":""R006 ch-contfunc.tex"",""notes"":"""",""preferred_id"":""diskontinu"",""register"":""formal"",""rejected_id"":"""",""resource_scope"":""R006"",""source_term"":""discontinuous"",""status"":""admitted"",""term_id"":""LEBL-TERM-0197"",""variants_id"":""""},""locale"":""id-ID"",""preferred"":""diskontinu"",""record_type"":""term"",""recorded_at"":""2026-08-21T00:00:00Z"",""register"":""formal"",""rejected_forms"":[],""rights_id"":""urn:uuid:a0273f1c-6fad-54c7-a75a-32a5161da656"",""schema_name"":""lebl.backend.record"",""schema_version"":""0.3.0"",""scope_ids"":[""urn:uuid:2985f369-c946-5392-be8c-902d3c9215b2""],""semantic_aliases"":[],""semantic_key"":""lebl.ra.term.ledger.lebl-term-0197.id-id"",""status"":""active"",""supersedes_id"":null,""variants"":[],""workflow_id"":""01a01f57-a34b-7740-9717-596b8116910c/backend-production-v0.3-r006-live""}"
"urn:uuid:6e5a6775-21e4-5cd1-bcf9-bac5cdee1d53","lebl.ra.term.ledger.lebl-term-0198.id-id","urn:uuid:f23ae9e9-8e28-59e2-ab9a-b6dc08ed8893","id","id-ID","diskontinuitas","[]","[]","[""urn:uuid:2985f369-c946-5392-be8c-902d3c9215b2""]","formal","[{""locator"":""backend/production/v0.3/inputs/TERMINOLOGY.csv:LEBL-TERM-0198"",""sha256"":""sha256:10ddce4b48a2a0523fcb111bff3464bc4dd76a88884ffcf8f6940de84320894d""}]","urn:uuid:a0273f1c-6fad-54c7-a75a-32a5161da656","active","LEBL-TERM-0198","discontinuity","admitted","{""concept_id"":""concept.function.discontinuity"",""evidence"":""R006 ch-contfunc.tex"",""notes"":"""",""preferred_id"":""diskontinuitas"",""register"":""formal"",""rejected_id"":"""",""resource_scope"":""R006"",""source_term"":""discontinuity"",""status"":""admitted"",""term_id"":""LEBL-TERM-0198"",""variants_id"":""""}","{""concept_id"":""urn:uuid:f23ae9e9-8e28-59e2-ab9a-b6dc08ed8893"",""evidence"":[{""locator"":""backend/production/v0.3/inputs/TERMINOLOGY.csv:LEBL-TERM-0198"",""sha256"":""sha256:10ddce4b48a2a0523fcb111bff3464bc4dd76a88884ffcf8f6940de84320894d""}],""examples"":[],""id"":""urn:uuid:6e5a6775-21e4-5cd1-bcf9-bac5cdee1d53"",""language"":""id"",""ledger_binding"":{""concept_id"":""concept.function.discontinuity"",""evidence"":""R006 ch-contfunc.tex"",""notes"":"""",""preferred_id"":""diskontinuitas"",""register"":""formal"",""rejected_id"":"""",""resource_scope"":""R006"",""source_term"":""discontinuity"",""status"":""admitted"",""term_id"":""LEBL-TERM-0198"",""variants_id"":""""},""locale"":""id-ID"",""preferred"":""diskontinuitas"",""record_type"":""term"",""recorded_at"":""2026-08-21T00:00:00Z"",""register"":""formal"",""rejected_forms"":[],""rights_id"":""urn:uuid:a0273f1c-6fad-54c7-a75a-32a5161da656"",""schema_name"":""lebl.backend.record"",""schema_version"":""0.3.0"",""scope_ids"":[""urn:uuid:2985f369-c946-5392-be8c-902d3c9215b2""],""semantic_aliases"":[],""semantic_key"":""lebl.ra.term.ledger.lebl-term-0198.id-id"",""status"":""active"",""supersedes_id"":null,""variants"":[],""workflow_id"":""01a01f57-a34b-7740-9717-596b8116910c/backend-production-v0.3-r006-live""}"
"urn:uuid:dc28c73e-c31f-5d8b-9306-4642b3cdba49","lebl.ra.term.ledger.lebl-term-0202.id-id","urn:uuid:06330fb1-d158-567c-8b17-668589e06b0d","id","id-ID","diskontinuitas yang dapat dihilangkan","[]","[]","[""urn:uuid:2985f369-c946-5392-be8c-902d3c9215b2""]","formal","[{""locator"":""backend/production/v0.3/inputs/TERMINOLOGY.csv:LEBL-TERM-0202"",""sha256"":""sha256:6872e631607ba9b61095f5de89cb0cb00be20447f99652c9ad002dbbb6e57cde""}]","urn:uuid:a0273f1c-6fad-54c7-a75a-32a5161da656","active","LEBL-TERM-0202","removable discontinuity","admitted","{""concept_id"":""concept.discontinuity.removable"",""evidence"":""R006 ch-contfunc.tex"",""notes"":"""",""preferred_id"":""diskontinuitas yang dapat dihilangkan"",""register"":""formal"",""rejected_id"":"""",""resource_scope"":""R006"",""source_term"":""removable discontinuity"",""status"":""admitted"",""term_id"":""LEBL-TERM-0202"",""variants_id"":""""}","{""concept_id"":""urn:uuid:06330fb1-d158-567c-8b17-668589e06b0d"",""evidence"":[{""locator"":""backend/production/v0.3/inputs/TERMINOLOGY.csv:LEBL-TERM-0202"",""sha256"":""sha256:6872e631607ba9b61095f5de89cb0cb00be20447f99652c9ad002dbbb6e57cde""}],""examples"":[],""id"":""urn:uuid:dc28c73e-c31f-5d8b-9306-4642b3cdba49"",""language"":""id"",""ledger_binding"":{""concept_id"":""concept.discontinuity.removable"",""evidence"":""R006 ch-contfunc.tex"",""notes"":"""",""preferred_id"":""diskontinuitas yang dapat dihilangkan"",""register"":""formal"",""rejected_id"":"""",""resource_scope"":""R006"",""source_term"":""removable discontinuity"",""status"":""admitted"",""term_id"":""LEBL-TERM-0202"",""variants_id"":""""},""locale"":""id-ID"",""preferred"":""diskontinuitas yang dapat dihilangkan"",""record_type"":""term"",""recorded_at"":""2026-08-21T00:00:00Z"",""register"":""formal"",""rejected_forms"":[],""rights_id"":""urn:uuid:a0273f1c-6fad-54c7-a75a-32a5161da656"",""schema_name"":""lebl.backend.record"",""schema_version"":""0.3.0"",""scope_ids"":[""urn:uuid:2985f369-c946-5392-be8c-902d3c9215b2""],""semantic_aliases"":[],""semantic_key"":""lebl.ra.term.ledger.lebl-term-0202.id-id"",""status"":""active"",""supersedes_id"":null,""variants"":[],""workflow_id"":""01a01f57-a34b-7740-9717-596b8116910c/backend-production-v0.3-r006-live""}"
"urn:uuid:427a69ac-bb28-5331-8fb2-ce443a6deddb","lebl.ra.term.ledger.lebl-term-0122.id-id","urn:uuid:48dcb7b8-1fb4-57df-94db-839f56270323","id","id-ID","divergen","[]","[]","[""urn:uuid:2985f369-c946-5392-be8c-902d3c9215b2""]","formal","[{""locator"":""backend/production/v0.3/inputs/TERMINOLOGY.csv:LEBL-TERM-0122"",""sha256"":""sha256:7838a8d00e2bdc578e905f00cf14ca5cae8d6ead5a1a6e87202948010e16a6de""}]","urn:uuid:a0273f1c-6fad-54c7-a75a-32a5161da656","active","LEBL-TERM-0122","divergent","admitted","{""concept_id"":""concept.sequence.divergent"",""evidence"":""R006 ch-seq-ser.tex"",""notes"":"""",""preferred_id"":""divergen"",""register"":""formal"",""rejected_id"":"""",""resource_scope"":""R006"",""source_term"":""divergent"",""status"":""admitted"",""term_id"":""LEBL-TERM-0122"",""variants_id"":""""}","{""concept_id"":""urn:uuid:48dcb7b8-1fb4-57df-94db-839f56270323"",""evidence"":[{""locator"":""backend/production/v0.3/inputs/TERMINOLOGY.csv:LEBL-TERM-0122"",""sha256"":""sha256:7838a8d00e2bdc578e905f00cf14ca5cae8d6ead5a1a6e87202948010e16a6de""}],""examples"":[],""id"":""urn:uuid:427a69ac-bb28-5331-8fb2-ce443a6deddb"",""language"":""id"",""ledger_binding"":{""concept_id"":""concept.sequence.divergent"",""evidence"":""R006 ch-seq-ser.tex"",""notes"":"""",""preferred_id"":""divergen"",""register"":""formal"",""rejected_id"":"""",""resource_scope"":""R006"",""source_term"":""divergent"",""status"":""admitted"",""term_id"":""LEBL-TERM-0122"",""variants_id"":""""},""locale"":""id-ID"",""preferred"":""divergen"",""record_type"":""term"",""recorded_at"":""2026-08-21T00:00:00Z"",""register"":""formal"",""rejected_forms"":[],""rights_id"":""urn:uuid:a0273f1c-6fad-54c7-a75a-32a5161da656"",""schema_name"":""lebl.backend.record"",""schema_version"":""0.3.0"",""scope_ids"":[""urn:uuid:2985f369-c946-5392-be8c-902d3c9215b2""],""semantic_aliases"":[],""semantic_key"":""lebl.ra.term.ledger.lebl-term-0122.id-id"",""status"":""active"",""supersedes_id"":null,""variants"":[],""workflow_id"":""01a01f57-a34b-7740-9717-596b8116910c/backend-production-v0.3-r006-live""}"
"urn:uuid:a6927635-ffc8-58d5-b263-2db819574ccf","lebl.ra.term.ledger.lebl-term-0221.id-id","urn:uuid:baab3811-c940-5d9c-a731-b4a156a9285d","id","id-ID","divergen ke tak hingga","[]","[]","[""urn:uuid:2985f369-c946-5392-be8c-902d3c9215b2""]","formal","[{""locator"":""backend/production/v0.3/inputs/TERMINOLOGY.csv:LEBL-TERM-0221"",""sha256"":""sha256:37250929e4bd9b7b5195d9a60b0fc0207b5b077c8ec66d41587cd216f57d30d3""}]","urn:uuid:a0273f1c-6fad-54c7-a75a-32a5161da656","active","LEBL-TERM-0221","diverges to infinity","admitted","{""concept_id"":""concept.divergence.to-infinity"",""evidence"":""R006 ch-contfunc.tex"",""notes"":"""",""preferred_id"":""divergen ke tak hingga"",""register"":""formal"",""rejected_id"":"""",""resource_scope"":""R006"",""source_term"":""diverges to infinity"",""status"":""admitted"",""term_id"":""LEBL-TERM-0221"",""variants_id"":""""}","{""concept_id"":""urn:uuid:baab3811-c940-5d9c-a731-b4a156a9285d"",""evidence"":[{""locator"":""backend/production/v0.3/inputs/TERMINOLOGY.csv:LEBL-TERM-0221"",""sha256"":""sha256:37250929e4bd9b7b5195d9a60b0fc0207b5b077c8ec66d41587cd216f57d30d3""}],""examples"":[],""id"":""urn:uuid:a6927635-ffc8-58d5-b263-2db819574ccf"",""language"":""id"",""ledger_binding"":{""concept_id"":""concept.divergence.to-infinity"",""evidence"":""R006 ch-contfunc.tex"",""notes"":"""",""preferred_id"":""divergen ke tak hingga"",""register"":""formal"",""rejected_id"":"""",""resource_scope"":""R006"",""source_term"":""diverges to infinity"",""status"":""admitted"",""term_id"":""LEBL-TERM-0221"",""variants_id"":""""},""locale"":""id-ID"",""preferred"":""divergen ke tak hingga"",""record_type"":""term"",""recorded_at"":""2026-08-21T00:00:00Z"",""register"":""formal"",""rejected_forms"":[],""rights_id"":""urn:uuid:a0273f1c-6fad-54c7-a75a-32a5161da656"",""schema_name"":""lebl.backend.record"",""schema_version"":""0.3.0"",""scope_ids"":[""urn:uuid:2985f369-c946-5392-be8c-902d3c9215b2""],""semantic_aliases"":[],""semantic_key"":""lebl.ra.term.ledger.lebl-term-0221.id-id"",""status"":""active"",""supersedes_id"":null,""variants"":[],""workflow_id"":""01a01f57-a34b-7740-9717-596b8116910c/backend-production-v0.3-r006-live""}"
"urn:uuid:c79b9456-735a-5d1f-9c0f-8be90f2011a0","lebl.ra.term.ledger.lebl-term-0034.id-id","urn:uuid:26c717c6-b2f4-5feb-8dc4-aff63ab478d4","id","id-ID","domain","[]","[]","[""urn:uuid:2985f369-c946-5392-be8c-902d3c9215b2""]","formal","[{""locator"":""backend/production/v0.3/inputs/TERMINOLOGY.csv:LEBL-TERM-0034"",""sha256"":""sha256:470a451f6aa0a5ff52495942e3c14000f0fdb9075bcf341acc586913a26d0441""}]","urn:uuid:a0273f1c-6fad-54c7-a75a-32a5161da656","active","LEBL-TERM-0034","domain","admitted","{""concept_id"":""concept.function.domain"",""evidence"":""R006 ch-vol1-intro.tex"",""notes"":"""",""preferred_id"":""domain"",""register"":""formal"",""rejected_id"":"""",""resource_scope"":""R006"",""source_term"":""domain"",""status"":""admitted"",""term_id"":""LEBL-TERM-0034"",""variants_id"":""""}","{""concept_id"":""urn:uuid:26c717c6-b2f4-5feb-8dc4-aff63ab478d4"",""evidence"":[{""locator"":""backend/production/v0.3/inputs/TERMINOLOGY.csv:LEBL-TERM-0034"",""sha256"":""sha256:470a451f6aa0a5ff52495942e3c14000f0fdb9075bcf341acc586913a26d0441""}],""examples"":[],""id"":""urn:uuid:c79b9456-735a-5d1f-9c0f-8be90f2011a0"",""language"":""id"",""ledger_binding"":{""concept_id"":""concept.function.domain"",""evidence"":""R006 ch-vol1-intro.tex"",""notes"":"""",""preferred_id"":""domain"",""register"":""formal"",""rejected_id"":"""",""resource_scope"":""R006"",""source_term"":""domain"",""status"":""admitted"",""term_id"":""LEBL-TERM-0034"",""variants_id"":""""},""locale"":""id-ID"",""preferred"":""domain"",""record_type"":""term"",""recorded_at"":""2026-08-21T00:00:00Z"",""register"":""formal"",""rejected_forms"":[],""rights_id"":""urn:uuid:a0273f1c-6fad-54c7-a75a-32a5161da656"",""schema_name"":""lebl.backend.record"",""schema_version"":""0.3.0"",""scope_ids"":[""urn:uuid:2985f369-c946-5392-be8c-902d3c9215b2""],""semantic_aliases"":[],""semantic_key"":""lebl.ra.term.ledger.lebl-term-0034.id-id"",""status"":""active"",""supersedes_id"":null,""variants"":[],""workflow_id"":""01a01f57-a34b-7740-9717-596b8116910c/backend-production-v0.3-r006-live""}"
"urn:uuid:c700e57f-a1de-50a2-9109-4e5c5100ace8","lebl.ra.term.ledger.lebl-term-0134.id-id","urn:uuid:40e6e6fd-a367-5bd9-969d-8fb19f6d69d3","id","id-ID","ekor barisan","[""ekor-K""]","[]","[""urn:uuid:2985f369-c946-5392-be8c-902d3c9215b2""]","formal","[{""locator"":""backend/production/v0.3/inputs/TERMINOLOGY.csv:LEBL-TERM-0134"",""sha256"":""sha256:c4b372379b3092e81ad01420b14418cbbd359cc197ea448b5f54ea4fd7e2496f""}]","urn:uuid:a0273f1c-6fad-54c7-a75a-32a5161da656","active","LEBL-TERM-0134","tail of a sequence","admitted","{""concept_id"":""concept.sequence.tail"",""evidence"":""R006 ch-seq-ser.tex"",""notes"":"""",""preferred_id"":""ekor barisan"",""register"":""formal"",""rejected_id"":"""",""resource_scope"":""R006"",""source_term"":""tail of a sequence"",""status"":""admitted"",""term_id"":""LEBL-TERM-0134"",""variants_id"":""ekor-K""}","{""concept_id"":""urn:uuid:40e6e6fd-a367-5bd9-969d-8fb19f6d69d3"",""evidence"":[{""locator"":""backend/production/v0.3/inputs/TERMINOLOGY.csv:LEBL-TERM-0134"",""sha256"":""sha256:c4b372379b3092e81ad01420b14418cbbd359cc197ea448b5f54ea4fd7e2496f""}],""examples"":[],""id"":""urn:uuid:c700e57f-a1de-50a2-9109-4e5c5100ace8"",""language"":""id"",""ledger_binding"":{""concept_id"":""concept.sequence.tail"",""evidence"":""R006 ch-seq-ser.tex"",""notes"":"""",""preferred_id"":""ekor barisan"",""register"":""formal"",""rejected_id"":"""",""resource_scope"":""R006"",""source_term"":""tail of a sequence"",""status"":""admitted"",""term_id"":""LEBL-TERM-0134"",""variants_id"":""ekor-K""},""locale"":""id-ID"",""preferred"":""ekor barisan"",""record_type"":""term"",""recorded_at"":""2026-08-21T00:00:00Z"",""register"":""formal"",""rejected_forms"":[],""rights_id"":""urn:uuid:a0273f1c-6fad-54c7-a75a-32a5161da656"",""schema_name"":""lebl.backend.record"",""schema_version"":""0.3.0"",""scope_ids"":[""urn:uuid:2985f369-c946-5392-be8c-902d3c9215b2""],""semantic_aliases"":[],""semantic_key"":""lebl.ra.term.ledger.lebl-term-0134.id-id"",""status"":""active"",""supersedes_id"":null,""variants"":[""ekor-K""],""workflow_id"":""01a01f57-a34b-7740-9717-596b8116910c/backend-production-v0.3-r006-live""}"
"urn:uuid:f7e1031b-500a-52b7-8d1e-be5ac81b9d8b","lebl.ra.term.ledger.lebl-term-0160.id-id","urn:uuid:1556c69e-27bb-544e-a320-ba319e158f9f","id","id-ID","ekor deret","[]","[]","[""urn:uuid:2985f369-c946-5392-be8c-902d3c9215b2""]","formal","[{""locator"":""backend/production/v0.3/inputs/TERMINOLOGY.csv:LEBL-TERM-0160"",""sha256"":""sha256:6eabe0480bf34384ef3e9977140d3e2dde066f5964ae2229b5e60b2e50911a3d""}]","urn:uuid:a0273f1c-6fad-54c7-a75a-32a5161da656","active","LEBL-TERM-0160","tail of a series","admitted","{""concept_id"":""concept.series.tail"",""evidence"":""R006 ch-seq-ser.tex"",""notes"":"""",""preferred_id"":""ekor deret"",""register"":""formal"",""rejected_id"":"""",""resource_scope"":""R006"",""source_term"":""tail of a series"",""status"":""admitted"",""term_id"":""LEBL-TERM-0160"",""variants_id"":""""}","{""concept_id"":""urn:uuid:1556c69e-27bb-544e-a320-ba319e158f9f"",""evidence"":[{""locator"":""backend/production/v0.3/inputs/TERMINOLOGY.csv:LEBL-TERM-0160"",""sha256"":""sha256:6eabe0480bf34384ef3e9977140d3e2dde066f5964ae2229b5e60b2e50911a3d""}],""examples"":[],""id"":""urn:uuid:f7e1031b-500a-52b7-8d1e-be5ac81b9d8b"",""language"":""id"",""ledger_binding"":{""concept_id"":""concept.series.tail"",""evidence"":""R006 ch-seq-ser.tex"",""notes"":"""",""preferred_id"":""ekor deret"",""register"":""formal"",""rejected_id"":"""",""resource_scope"":""R006"",""source_term"":""tail of a series"",""status"":""admitted"",""term_id"":""LEBL-TERM-0160"",""variants_id"":""""},""locale"":""id-ID"",""preferred"":""ekor deret"",""record_type"":""term"",""recorded_at"":""2026-08-21T00:00:00Z"",""register"":""formal"",""rejected_forms"":[],""rights_id"":""urn:uuid:a0273f1c-6fad-54c7-a75a-32a5161da656"",""schema_name"":""lebl.backend.record"",""schema_version"":""0.3.0"",""scope_ids"":[""urn:uuid:2985f369-c946-5392-be8c-902d3c9215b2""],""semantic_aliases"":[],""semantic_key"":""lebl.ra.term.ledger.lebl-term-0160.id-id"",""status"":""active"",""supersedes_id"":null,""variants"":[],""workflow_id"":""01a01f57-a34b-7740-9717-596b8116910c/backend-production-v0.3-r006-live""}"
"urn:uuid:ade3d68e-bced-5d90-a688-20fde4030fbe","lebl.ra.term.ledger.lebl-term-0115.id-id","urn:uuid:32ca2ff9-80c4-5aab-94ac-780013cf4568","id","id-ID","ekspansi desimal","[]","[]","[""urn:uuid:2985f369-c946-5392-be8c-902d3c9215b2""]","formal","[{""locator"":""backend/production/v0.3/inputs/TERMINOLOGY.csv:LEBL-TERM-0115"",""sha256"":""sha256:d79eff1ead7f6d1b0c52e964d56c5cbb5195b79b70afb89d11001dde833fa4b8""}]","urn:uuid:a0273f1c-6fad-54c7-a75a-32a5161da656","active","LEBL-TERM-0115","decimal expansion","admitted","{""concept_id"":""concept.number.decimal-expansion"",""evidence"":""R006 ch-real-nums.tex"",""notes"":"""",""preferred_id"":""ekspansi desimal"",""register"":""formal"",""rejected_id"":"""",""resource_scope"":""R006"",""source_term"":""decimal expansion"",""status"":""admitted"",""term_id"":""LEBL-TERM-0115"",""variants_id"":""""}","{""concept_id"":""urn:uuid:32ca2ff9-80c4-5aab-94ac-780013cf4568"",""evidence"":[{""locator"":""backend/production/v0.3/inputs/TERMINOLOGY.csv:LEBL-TERM-0115"",""sha256"":""sha256:d79eff1ead7f6d1b0c52e964d56c5cbb5195b79b70afb89d11001dde833fa4b8""}],""examples"":[],""id"":""urn:uuid:ade3d68e-bced-5d90-a688-20fde4030fbe"",""language"":""id"",""ledger_binding"":{""concept_id"":""concept.number.decimal-expansion"",""evidence"":""R006 ch-real-nums.tex"",""notes"":"""",""preferred_id"":""ekspansi desimal"",""register"":""formal"",""rejected_id"":"""",""resource_scope"":""R006"",""source_term"":""decimal expansion"",""status"":""admitted"",""term_id"":""LEBL-TERM-0115"",""variants_id"":""""},""locale"":""id-ID"",""preferred"":""ekspansi desimal"",""record_type"":""term"",""recorded_at"":""2026-08-21T00:00:00Z"",""register"":""formal"",""rejected_forms"":[],""rights_id"":""urn:uuid:a0273f1c-6fad-54c7-a75a-32a5161da656"",""schema_name"":""lebl.backend.record"",""schema_version"":""0.3.0"",""scope_ids"":[""urn:uuid:2985f369-c946-5392-be8c-902d3c9215b2""],""semantic_aliases"":[],""semantic_key"":""lebl.ra.term.ledger.lebl-term-0115.id-id"",""status"":""active"",""supersedes_id"":null,""variants"":[],""workflow_id"":""01a01f57-a34b-7740-9717-596b8116910c/backend-production-v0.3-r006-live""}"
"urn:uuid:24a03373-086f-53a7-b065-96e941d46a51","lebl.ra.term.ledger.lebl-term-0005.id-id","urn:uuid:2f059965-7612-5d59-a09a-29eb7e6cff61","id","id-ID","elemen","[""anggota""]","[]","[""urn:uuid:2985f369-c946-5392-be8c-902d3c9215b2""]","formal","[{""locator"":""backend/production/v0.3/inputs/TERMINOLOGY.csv:LEBL-TERM-0005"",""sha256"":""sha256:e503ee46e89e9c0bd6748d5e124df5fc9b9b1616b868dbda17f2b7bfbe4dd74a""}]","urn:uuid:a0273f1c-6fad-54c7-a75a-32a5161da656","active","LEBL-TERM-0005","element","admitted","{""concept_id"":""concept.set-theory.element"",""evidence"":""R006 ch-vol1-intro.tex"",""notes"":"""",""preferred_id"":""elemen"",""register"":""formal"",""rejected_id"":"""",""resource_scope"":""R006"",""source_term"":""element"",""status"":""admitted"",""term_id"":""LEBL-TERM-0005"",""variants_id"":""anggota""}","{""concept_id"":""urn:uuid:2f059965-7612-5d59-a09a-29eb7e6cff61"",""evidence"":[{""locator"":""backend/production/v0.3/inputs/TERMINOLOGY.csv:LEBL-TERM-0005"",""sha256"":""sha256:e503ee46e89e9c0bd6748d5e124df5fc9b9b1616b868dbda17f2b7bfbe4dd74a""}],""examples"":[],""id"":""urn:uuid:24a03373-086f-53a7-b065-96e941d46a51"",""language"":""id"",""ledger_binding"":{""concept_id"":""concept.set-theory.element"",""evidence"":""R006 ch-vol1-intro.tex"",""notes"":"""",""preferred_id"":""elemen"",""register"":""formal"",""rejected_id"":"""",""resource_scope"":""R006"",""source_term"":""element"",""status"":""admitted"",""term_id"":""LEBL-TERM-0005"",""variants_id"":""anggota""},""locale"":""id-ID"",""preferred"":""elemen"",""record_type"":""term"",""recorded_at"":""2026-08-21T00:00:00Z"",""register"":""formal"",""rejected_forms"":[],""rights_id"":""urn:uuid:a0273f1c-6fad-54c7-a75a-32a5161da656"",""schema_name"":""lebl.backend.record"",""schema_version"":""0.3.0"",""scope_ids"":[""urn:uuid:2985f369-c946-5392-be8c-902d3c9215b2""],""semantic_aliases"":[],""semantic_key"":""lebl.ra.term.ledger.lebl-term-0005.id-id"",""status"":""active"",""supersedes_id"":null,""variants"":[""anggota""],""workflow_id"":""01a01f57-a34b-7740-9717-596b8116910c/backend-production-v0.3-r006-live""}"
"urn:uuid:b3a03aeb-34a1-5774-8187-f2dd501fa4cd","lebl.ra.term.ledger.lebl-term-0017.id-id","urn:uuid:30ed97dc-2fc4-51f0-b1eb-892f6097739f","id","id-ID","elemen terkecil","[""minimum""]","[]","[""urn:uuid:2985f369-c946-5392-be8c-902d3c9215b2""]","formal","[{""locator"":""backend/production/v0.3/inputs/TERMINOLOGY.csv:LEBL-TERM-0017"",""sha256"":""sha256:7c2e3b25a5fab8552f8889c3fbcb1c5f4b12bbb85c8af3ff53fd9bde70a735b5""}]","urn:uuid:a0273f1c-6fad-54c7-a75a-32a5161da656","active","LEBL-TERM-0017","least element","admitted","{""concept_id"":""concept.order.least-element"",""evidence"":""R006 ch-vol1-intro.tex"",""notes"":"""",""preferred_id"":""elemen terkecil"",""register"":""formal"",""rejected_id"":"""",""resource_scope"":""R006"",""source_term"":""least element"",""status"":""admitted"",""term_id"":""LEBL-TERM-0017"",""variants_id"":""minimum""}","{""concept_id"":""urn:uuid:30ed97dc-2fc4-51f0-b1eb-892f6097739f"",""evidence"":[{""locator"":""backend/production/v0.3/inputs/TERMINOLOGY.csv:LEBL-TERM-0017"",""sha256"":""sha256:7c2e3b25a5fab8552f8889c3fbcb1c5f4b12bbb85c8af3ff53fd9bde70a735b5""}],""examples"":[],""id"":""urn:uuid:b3a03aeb-34a1-5774-8187-f2dd501fa4cd"",""language"":""id"",""ledger_binding"":{""concept_id"":""concept.order.least-element"",""evidence"":""R006 ch-vol1-intro.tex"",""notes"":"""",""preferred_id"":""elemen terkecil"",""register"":""formal"",""rejected_id"":"""",""resource_scope"":""R006"",""source_term"":""least element"",""status"":""admitted"",""term_id"":""LEBL-TERM-0017"",""variants_id"":""minimum""},""locale"":""id-ID"",""preferred"":""elemen terkecil"",""record_type"":""term"",""recorded_at"":""2026-08-21T00:00:00Z"",""register"":""formal"",""rejected_forms"":[],""rights_id"":""urn:uuid:a0273f1c-6fad-54c7-a75a-32a5161da656"",""schema_name"":""lebl.backend.record"",""schema_version"":""0.3.0"",""scope_ids"":[""urn:uuid:2985f369-c946-5392-be8c-902d3c9215b2""],""semantic_aliases"":[],""semantic_key"":""lebl.ra.term.ledger.lebl-term-0017.id-id"",""status"":""active"",""supersedes_id"":null,""variants"":[""minimum""],""workflow_id"":""01a01f57-a34b-7740-9717-596b8116910c/backend-production-v0.3-r006-live""}"
"urn:uuid:b20380de-6bf8-551e-b3c9-5bf691e3214d","lebl.ra.term.ledger.lebl-term-0407.id-id","urn:uuid:f1f515ba-865e-5fac-a6bd-7245bb88a321","id","id-ID","entri matriks","[""unsur matriks""]","[]","[""urn:uuid:2985f369-c946-5392-be8c-902d3c9215b2""]","formal","[{""locator"":""backend/production/v0.3/inputs/TERMINOLOGY.csv:LEBL-TERM-0407"",""sha256"":""sha256:b962e4d809723dfde0758ff1c9ba339f5f5106c6e421d286b1842e22cd800eaa""}]","urn:uuid:a0273f1c-6fad-54c7-a75a-32a5161da656","active","LEBL-TERM-0407","matrix entry","admitted","{""concept_id"":""concept.matrix.entry"",""evidence"":""R006 ch-several-vars-ders.tex"",""notes"":"""",""preferred_id"":""entri matriks"",""register"":""formal"",""rejected_id"":"""",""resource_scope"":""R006"",""source_term"":""matrix entry"",""status"":""admitted"",""term_id"":""LEBL-TERM-0407"",""variants_id"":""unsur matriks""}","{""concept_id"":""urn:uuid:f1f515ba-865e-5fac-a6bd-7245bb88a321"",""evidence"":[{""locator"":""backend/production/v0.3/inputs/TERMINOLOGY.csv:LEBL-TERM-0407"",""sha256"":""sha256:b962e4d809723dfde0758ff1c9ba339f5f5106c6e421d286b1842e22cd800eaa""}],""examples"":[],""id"":""urn:uuid:b20380de-6bf8-551e-b3c9-5bf691e3214d"",""language"":""id"",""ledger_binding"":{""concept_id"":""concept.matrix.entry"",""evidence"":""R006 ch-several-vars-ders.tex"",""notes"":"""",""preferred_id"":""entri matriks"",""register"":""formal"",""rejected_id"":"""",""resource_scope"":""R006"",""source_term"":""matrix entry"",""status"":""admitted"",""term_id"":""LEBL-TERM-0407"",""variants_id"":""unsur matriks""},""locale"":""id-ID"",""preferred"":""entri matriks"",""record_type"":""term"",""recorded_at"":""2026-08-21T00:00:00Z"",""register"":""formal"",""rejected_forms"":[],""rights_id"":""urn:uuid:a0273f1c-6fad-54c7-a75a-32a5161da656"",""schema_name"":""lebl.backend.record"",""schema_version"":""0.3.0"",""scope_ids"":[""urn:uuid:2985f369-c946-5392-be8c-902d3c9215b2""],""semantic_aliases"":[],""semantic_key"":""lebl.ra.term.ledger.lebl-term-0407.id-id"",""status"":""active"",""supersedes_id"":null,""variants"":[""unsur matriks""],""workflow_id"":""01a01f57-a34b-7740-9717-596b8116910c/backend-production-v0.3-r006-live""}"
"urn:uuid:2936d55d-1bca-5913-ab8a-ef11dda87ed3","lebl.ra.term.ledger.lebl-term-0320.id-id","urn:uuid:2968c1d9-397f-52b4-9a43-f036ce798671","id","id-ID","faktor integrasi","[]","[]","[""urn:uuid:2985f369-c946-5392-be8c-902d3c9215b2""]","formal","[{""locator"":""backend/production/v0.3/inputs/TERMINOLOGY.csv:LEBL-TERM-0320"",""sha256"":""sha256:b7834d67df80df1974a4891265597e67854c77171d51af293b9bb08e9438db4e""}]","urn:uuid:a0273f1c-6fad-54c7-a75a-32a5161da656","active","LEBL-TERM-0320","integrating factor","admitted","{""concept_id"":""concept.integrating-factor"",""evidence"":""R006 ch-seq-funcs.tex"",""notes"":"""",""preferred_id"":""faktor integrasi"",""register"":""formal"",""rejected_id"":"""",""resource_scope"":""R006"",""source_term"":""integrating factor"",""status"":""admitted"",""term_id"":""LEBL-TERM-0320"",""variants_id"":""""}","{""concept_id"":""urn:uuid:2968c1d9-397f-52b4-9a43-f036ce798671"",""evidence"":[{""locator"":""backend/production/v0.3/inputs/TERMINOLOGY.csv:LEBL-TERM-0320"",""sha256"":""sha256:b7834d67df80df1974a4891265597e67854c77171d51af293b9bb08e9438db4e""}],""examples"":[],""id"":""urn:uuid:2936d55d-1bca-5913-ab8a-ef11dda87ed3"",""language"":""id"",""ledger_binding"":{""concept_id"":""concept.integrating-factor"",""evidence"":""R006 ch-seq-funcs.tex"",""notes"":"""",""preferred_id"":""faktor integrasi"",""register"":""formal"",""rejected_id"":"""",""resource_scope"":""R006"",""source_term"":""integrating factor"",""status"":""admitted"",""term_id"":""LEBL-TERM-0320"",""variants_id"":""""},""locale"":""id-ID"",""preferred"":""faktor integrasi"",""record_type"":""term"",""recorded_at"":""2026-08-21T00:00:00Z"",""register"":""formal"",""rejected_forms"":[],""rights_id"":""urn:uuid:a0273f1c-6fad-54c7-a75a-32a5161da656"",""schema_name"":""lebl.backend.record"",""schema_version"":""0.3.0"",""scope_ids"":[""urn:uuid:2985f369-c946-5392-be8c-902d3c9215b2""],""semantic_aliases"":[],""semantic_key"":""lebl.ra.term.ledger.lebl-term-0320.id-id"",""status"":""active"",""supersedes_id"":null,""variants"":[],""workflow_id"":""01a01f57-a34b-7740-9717-596b8116910c/backend-production-v0.3-r006-live""}"
"urn:uuid:eb13bce5-ecb6-5466-ba64-550131802180","lebl.ra.term.ledger.lebl-term-0029.id-id","urn:uuid:941c211e-d840-5680-ad01-e156d770fd03","id","id-ID","fungsi","[]","[]","[""urn:uuid:2985f369-c946-5392-be8c-902d3c9215b2""]","formal","[{""locator"":""backend/production/v0.3/inputs/TERMINOLOGY.csv:LEBL-TERM-0029"",""sha256"":""sha256:318e64619b86345013b0efccbbba77fe87faa4ac39fdaa9a1fb48f7b975a3b99""}]","urn:uuid:a0273f1c-6fad-54c7-a75a-32a5161da656","active","LEBL-TERM-0029","function","admitted","{""concept_id"":""concept.function.function"",""evidence"":""R006 ch-vol1-intro.tex"",""notes"":"""",""preferred_id"":""fungsi"",""register"":""formal"",""rejected_id"":"""",""resource_scope"":""R006"",""source_term"":""function"",""status"":""admitted"",""term_id"":""LEBL-TERM-0029"",""variants_id"":""""}","{""concept_id"":""urn:uuid:941c211e-d840-5680-ad01-e156d770fd03"",""evidence"":[{""locator"":""backend/production/v0.3/inputs/TERMINOLOGY.csv:LEBL-TERM-0029"",""sha256"":""sha256:318e64619b86345013b0efccbbba77fe87faa4ac39fdaa9a1fb48f7b975a3b99""}],""examples"":[],""id"":""urn:uuid:eb13bce5-ecb6-5466-ba64-550131802180"",""language"":""id"",""ledger_binding"":{""concept_id"":""concept.function.function"",""evidence"":""R006 ch-vol1-intro.tex"",""notes"":"""",""preferred_id"":""fungsi"",""register"":""formal"",""rejected_id"":"""",""resource_scope"":""R006"",""source_term"":""function"",""status"":""admitted"",""term_id"":""LEBL-TERM-0029"",""variants_id"":""""},""locale"":""id-ID"",""preferred"":""fungsi"",""record_type"":""term"",""recorded_at"":""2026-08-21T00:00:00Z"",""register"":""formal"",""rejected_forms"":[],""rights_id"":""urn:uuid:a0273f1c-6fad-54c7-a75a-32a5161da656"",""schema_name"":""lebl.backend.record"",""schema_version"":""0.3.0"",""scope_ids"":[""urn:uuid:2985f369-c946-5392-be8c-902d3c9215b2""],""semantic_aliases"":[],""semantic_key"":""lebl.ra.term.ledger.lebl-term-0029.id-id"",""status"":""active"",""supersedes_id"":null,""variants"":[],""workflow_id"":""01a01f57-a34b-7740-9717-596b8116910c/backend-production-v0.3-r006-live""}"
"urn:uuid:b8e81c21-2fe3-50f4-97d1-b49c9d9a1b4c","lebl.ra.term.ledger.lebl-term-0199.id-id","urn:uuid:bc53e539-ee36-550c-a178-fb9b3ea36656","id","id-ID","fungsi Dirichlet","[]","[]","[""urn:uuid:2985f369-c946-5392-be8c-902d3c9215b2""]","formal","[{""locator"":""backend/production/v0.3/inputs/TERMINOLOGY.csv:LEBL-TERM-0199"",""sha256"":""sha256:b9a5b95ab1cb7a111d9a32a8743cec8f87a6b9e26aa38d6854445c889eac7131""}]","urn:uuid:a0273f1c-6fad-54c7-a75a-32a5161da656","active","LEBL-TERM-0199","Dirichlet function","admitted","{""concept_id"":""concept.function.dirichlet"",""evidence"":""R006 ch-contfunc.tex"",""notes"":"""",""preferred_id"":""fungsi Dirichlet"",""register"":""formal"",""rejected_id"":"""",""resource_scope"":""R006"",""source_term"":""Dirichlet function"",""status"":""admitted"",""term_id"":""LEBL-TERM-0199"",""variants_id"":""""}","{""concept_id"":""urn:uuid:bc53e539-ee36-550c-a178-fb9b3ea36656"",""evidence"":[{""locator"":""backend/production/v0.3/inputs/TERMINOLOGY.csv:LEBL-TERM-0199"",""sha256"":""sha256:b9a5b95ab1cb7a111d9a32a8743cec8f87a6b9e26aa38d6854445c889eac7131""}],""examples"":[],""id"":""urn:uuid:b8e81c21-2fe3-50f4-97d1-b49c9d9a1b4c"",""language"":""id"",""ledger_binding"":{""concept_id"":""concept.function.dirichlet"",""evidence"":""R006 ch-contfunc.tex"",""notes"":"""",""preferred_id"":""fungsi Dirichlet"",""register"":""formal"",""rejected_id"":"""",""resource_scope"":""R006"",""source_term"":""Dirichlet function"",""status"":""admitted"",""term_id"":""LEBL-TERM-0199"",""variants_id"":""""},""locale"":""id-ID"",""preferred"":""fungsi Dirichlet"",""record_type"":""term"",""recorded_at"":""2026-08-21T00:00:00Z"",""register"":""formal"",""rejected_forms"":[],""rights_id"":""urn:uuid:a0273f1c-6fad-54c7-a75a-32a5161da656"",""schema_name"":""lebl.backend.record"",""schema_version"":""0.3.0"",""scope_ids"":[""urn:uuid:2985f369-c946-5392-be8c-902d3c9215b2""],""semantic_aliases"":[],""semantic_key"":""lebl.ra.term.ledger.lebl-term-0199.id-id"",""status"":""active"",""supersedes_id"":null,""variants"":[],""workflow_id"":""01a01f57-a34b-7740-9717-596b8116910c/backend-production-v0.3-r006-live""}"
"urn:uuid:b9bb7da8-269d-59a1-9f17-d0cac57cffbd","lebl.ra.term.ledger.lebl-term-0317.id-id","urn:uuid:9b087d71-2813-5fef-bdd3-784e672f6aa0","id","id-ID","fungsi Heaviside","[]","[]","[""urn:uuid:2985f369-c946-5392-be8c-902d3c9215b2""]","formal","[{""locator"":""backend/production/v0.3/inputs/TERMINOLOGY.csv:LEBL-TERM-0317"",""sha256"":""sha256:0936eec82594ee2908289e7059147daed23344a8c8fd9bd215d71ee5dbc9b668""}]","urn:uuid:a0273f1c-6fad-54c7-a75a-32a5161da656","active","LEBL-TERM-0317","Heaviside function","admitted","{""concept_id"":""concept.function.heaviside"",""evidence"":""R006 ch-seq-funcs.tex"",""notes"":"""",""preferred_id"":""fungsi Heaviside"",""register"":""formal"",""rejected_id"":"""",""resource_scope"":""R006"",""source_term"":""Heaviside function"",""status"":""admitted"",""term_id"":""LEBL-TERM-0317"",""variants_id"":""""}","{""concept_id"":""urn:uuid:9b087d71-2813-5fef-bdd3-784e672f6aa0"",""evidence"":[{""locator"":""backend/production/v0.3/inputs/TERMINOLOGY.csv:LEBL-TERM-0317"",""sha256"":""sha256:0936eec82594ee2908289e7059147daed23344a8c8fd9bd215d71ee5dbc9b668""}],""examples"":[],""id"":""urn:uuid:b9bb7da8-269d-59a1-9f17-d0cac57cffbd"",""language"":""id"",""ledger_binding"":{""concept_id"":""concept.function.heaviside"",""evidence"":""R006 ch-seq-funcs.tex"",""notes"":"""",""preferred_id"":""fungsi Heaviside"",""register"":""formal"",""rejected_id"":"""",""resource_scope"":""R006"",""source_term"":""Heaviside function"",""status"":""admitted"",""term_id"":""LEBL-TERM-0317"",""variants_id"":""""},""locale"":""id-ID"",""preferred"":""fungsi Heaviside"",""record_type"":""term"",""recorded_at"":""2026-08-21T00:00:00Z"",""register"":""formal"",""rejected_forms"":[],""rights_id"":""urn:uuid:a0273f1c-6fad-54c7-a75a-32a5161da656"",""schema_name"":""lebl.backend.record"",""schema_version"":""0.3.0"",""scope_ids"":[""urn:uuid:2985f369-c946-5392-be8c-902d3c9215b2""],""semantic_aliases"":[],""semantic_key"":""lebl.ra.term.ledger.lebl-term-0317.id-id"",""status"":""active"",""supersedes_id"":null,""variants"":[],""workflow_id"":""01a01f57-a34b-7740-9717-596b8116910c/backend-production-v0.3-r006-live""}"
"urn:uuid:fed53c64-e26d-591f-9d9f-5b4d97f6bffa","lebl.ra.term.ledger.lebl-term-0200.id-id","urn:uuid:f8ebf28c-a31c-53cb-90f7-e3501b24acb0","id","id-ID","fungsi Thomae","[]","[]","[""urn:uuid:2985f369-c946-5392-be8c-902d3c9215b2""]","formal","[{""locator"":""backend/production/v0.3/inputs/TERMINOLOGY.csv:LEBL-TERM-0200"",""sha256"":""sha256:c856b090e938e8dd7aecd1e83fb886d9ab18e23c413f9b450c70f4e667cba47c""}]","urn:uuid:a0273f1c-6fad-54c7-a75a-32a5161da656","active","LEBL-TERM-0200","Thomae function","admitted","{""concept_id"":""concept.function.thomae"",""evidence"":""R006 ch-contfunc.tex"",""notes"":"""",""preferred_id"":""fungsi Thomae"",""register"":""formal"",""rejected_id"":"""",""resource_scope"":""R006"",""source_term"":""Thomae function"",""status"":""admitted"",""term_id"":""LEBL-TERM-0200"",""variants_id"":""""}","{""concept_id"":""urn:uuid:f8ebf28c-a31c-53cb-90f7-e3501b24acb0"",""evidence"":[{""locator"":""backend/production/v0.3/inputs/TERMINOLOGY.csv:LEBL-TERM-0200"",""sha256"":""sha256:c856b090e938e8dd7aecd1e83fb886d9ab18e23c413f9b450c70f4e667cba47c""}],""examples"":[],""id"":""urn:uuid:fed53c64-e26d-591f-9d9f-5b4d97f6bffa"",""language"":""id"",""ledger_binding"":{""concept_id"":""concept.function.thomae"",""evidence"":""R006 ch-contfunc.tex"",""notes"":"""",""preferred_id"":""fungsi Thomae"",""register"":""formal"",""rejected_id"":"""",""resource_scope"":""R006"",""source_term"":""Thomae function"",""status"":""admitted"",""term_id"":""LEBL-TERM-0200"",""variants_id"":""""},""locale"":""id-ID"",""preferred"":""fungsi Thomae"",""record_type"":""term"",""recorded_at"":""2026-08-21T00:00:00Z"",""register"":""formal"",""rejected_forms"":[],""rights_id"":""urn:uuid:a0273f1c-6fad-54c7-a75a-32a5161da656"",""schema_name"":""lebl.backend.record"",""schema_version"":""0.3.0"",""scope_ids"":[""urn:uuid:2985f369-c946-5392-be8c-902d3c9215b2""],""semantic_aliases"":[],""semantic_key"":""lebl.ra.term.ledger.lebl-term-0200.id-id"",""status"":""active"",""supersedes_id"":null,""variants"":[],""workflow_id"":""01a01f57-a34b-7740-9717-596b8116910c/backend-production-v0.3-r006-live""}"
"urn:uuid:2ad2c66c-1410-5454-80d6-39eb3475f863","lebl.ra.term.ledger.lebl-term-0236.id-id","urn:uuid:14552ad8-7013-57b2-843f-14a20410c827","id","id-ID","fungsi afin","[]","[]","[""urn:uuid:2985f369-c946-5392-be8c-902d3c9215b2""]","formal","[{""locator"":""backend/production/v0.3/inputs/TERMINOLOGY.csv:LEBL-TERM-0236"",""sha256"":""sha256:ef1ccdbc4224dc82d099415e7345f027884189fbedd98653e2642cc67e324534""}]","urn:uuid:a0273f1c-6fad-54c7-a75a-32a5161da656","active","LEBL-TERM-0236","affine function","admitted","{""concept_id"":""concept.function.affine"",""evidence"":""R006 ch-der.tex"",""notes"":"""",""preferred_id"":""fungsi afin"",""register"":""formal"",""rejected_id"":"""",""resource_scope"":""R006"",""source_term"":""affine function"",""status"":""admitted"",""term_id"":""LEBL-TERM-0236"",""variants_id"":""""}","{""concept_id"":""urn:uuid:14552ad8-7013-57b2-843f-14a20410c827"",""evidence"":[{""locator"":""backend/production/v0.3/inputs/TERMINOLOGY.csv:LEBL-TERM-0236"",""sha256"":""sha256:ef1ccdbc4224dc82d099415e7345f027884189fbedd98653e2642cc67e324534""}],""examples"":[],""id"":""urn:uuid:2ad2c66c-1410-5454-80d6-39eb3475f863"",""language"":""id"",""ledger_binding"":{""concept_id"":""concept.function.affine"",""evidence"":""R006 ch-der.tex"",""notes"":"""",""preferred_id"":""fungsi afin"",""register"":""formal"",""rejected_id"":"""",""resource_scope"":""R006"",""source_term"":""affine function"",""status"":""admitted"",""term_id"":""LEBL-TERM-0236"",""variants_id"":""""},""locale"":""id-ID"",""preferred"":""fungsi afin"",""record_type"":""term"",""recorded_at"":""2026-08-21T00:00:00Z"",""register"":""formal"",""rejected_forms"":[],""rights_id"":""urn:uuid:a0273f1c-6fad-54c7-a75a-32a5161da656"",""schema_name"":""lebl.backend.record"",""schema_version"":""0.3.0"",""scope_ids"":[""urn:uuid:2985f369-c946-5392-be8c-902d3c9215b2""],""semantic_aliases"":[],""semantic_key"":""lebl.ra.term.ledger.lebl-term-0236.id-id"",""status"":""active"",""supersedes_id"":null,""variants"":[],""workflow_id"":""01a01f57-a34b-7740-9717-596b8116910c/backend-production-v0.3-r006-live""}"
"urn:uuid:c286de02-ac03-5eee-9844-a59c938f1a9b","lebl.ra.term.ledger.lebl-term-0257.id-id","urn:uuid:ccaca74c-3dfa-5307-9aa0-9af1e58efa5a","id","id-ID","fungsi analitik","[]","[]","[""urn:uuid:2985f369-c946-5392-be8c-902d3c9215b2""]","formal","[{""locator"":""backend/production/v0.3/inputs/TERMINOLOGY.csv:LEBL-TERM-0257"",""sha256"":""sha256:208b6fadb7cbd72dabd62670ddcbbb481f12eacf911e654dee82599788066561""}]","urn:uuid:a0273f1c-6fad-54c7-a75a-32a5161da656","active","LEBL-TERM-0257","analytic function","admitted","{""concept_id"":""concept.function.analytic"",""evidence"":""R006 ch-der.tex"",""notes"":"""",""preferred_id"":""fungsi analitik"",""register"":""formal"",""rejected_id"":"""",""resource_scope"":""R006"",""source_term"":""analytic function"",""status"":""admitted"",""term_id"":""LEBL-TERM-0257"",""variants_id"":""""}","{""concept_id"":""urn:uuid:ccaca74c-3dfa-5307-9aa0-9af1e58efa5a"",""evidence"":[{""locator"":""backend/production/v0.3/inputs/TERMINOLOGY.csv:LEBL-TERM-0257"",""sha256"":""sha256:208b6fadb7cbd72dabd62670ddcbbb481f12eacf911e654dee82599788066561""}],""examples"":[],""id"":""urn:uuid:c286de02-ac03-5eee-9844-a59c938f1a9b"",""language"":""id"",""ledger_binding"":{""concept_id"":""concept.function.analytic"",""evidence"":""R006 ch-der.tex"",""notes"":"""",""preferred_id"":""fungsi analitik"",""register"":""formal"",""rejected_id"":"""",""resource_scope"":""R006"",""source_term"":""analytic function"",""status"":""admitted"",""term_id"":""LEBL-TERM-0257"",""variants_id"":""""},""locale"":""id-ID"",""preferred"":""fungsi analitik"",""record_type"":""term"",""recorded_at"":""2026-08-21T00:00:00Z"",""register"":""formal"",""rejected_forms"":[],""rights_id"":""urn:uuid:a0273f1c-6fad-54c7-a75a-32a5161da656"",""schema_name"":""lebl.backend.record"",""schema_version"":""0.3.0"",""scope_ids"":[""urn:uuid:2985f369-c946-5392-be8c-902d3c9215b2""],""semantic_aliases"":[],""semantic_key"":""lebl.ra.term.ledger.lebl-term-0257.id-id"",""status"":""active"",""supersedes_id"":null,""variants"":[],""workflow_id"":""01a01f57-a34b-7740-9717-596b8116910c/backend-production-v0.3-r006-live""}"
"urn:uuid:ff87641e-6833-55f6-bf32-9b4a81e92b47","lebl.ra.term.ledger.lebl-term-0030.id-id","urn:uuid:6686782b-ed66-5e72-90e1-cb2bab0eaad7","id","id-ID","fungsi dalam teori himpunan","[]","[]","[""urn:uuid:2985f369-c946-5392-be8c-902d3c9215b2""]","formal","[{""locator"":""backend/production/v0.3/inputs/TERMINOLOGY.csv:LEBL-TERM-0030"",""sha256"":""sha256:12d27bf82589dcad06f59c676d393c038af85c8915615bcef87304729485114c""}]","urn:uuid:a0273f1c-6fad-54c7-a75a-32a5161da656","active","LEBL-TERM-0030","set-theoretic function","admitted","{""concept_id"":""concept.function.set-theoretic-function"",""evidence"":""R006 ch-vol1-intro.tex"",""notes"":"""",""preferred_id"":""fungsi dalam teori himpunan"",""register"":""formal"",""rejected_id"":"""",""resource_scope"":""R006"",""source_term"":""set-theoretic function"",""status"":""admitted"",""term_id"":""LEBL-TERM-0030"",""variants_id"":""""}","{""concept_id"":""urn:uuid:6686782b-ed66-5e72-90e1-cb2bab0eaad7"",""evidence"":[{""locator"":""backend/production/v0.3/inputs/TERMINOLOGY.csv:LEBL-TERM-0030"",""sha256"":""sha256:12d27bf82589dcad06f59c676d393c038af85c8915615bcef87304729485114c""}],""examples"":[],""id"":""urn:uuid:ff87641e-6833-55f6-bf32-9b4a81e92b47"",""language"":""id"",""ledger_binding"":{""concept_id"":""concept.function.set-theoretic-function"",""evidence"":""R006 ch-vol1-intro.tex"",""notes"":"""",""preferred_id"":""fungsi dalam teori himpunan"",""register"":""formal"",""rejected_id"":"""",""resource_scope"":""R006"",""source_term"":""set-theoretic function"",""status"":""admitted"",""term_id"":""LEBL-TERM-0030"",""variants_id"":""""},""locale"":""id-ID"",""preferred"":""fungsi dalam teori himpunan"",""record_type"":""term"",""recorded_at"":""2026-08-21T00:00:00Z"",""register"":""formal"",""rejected_forms"":[],""rights_id"":""urn:uuid:a0273f1c-6fad-54c7-a75a-32a5161da656"",""schema_name"":""lebl.backend.record"",""schema_version"":""0.3.0"",""scope_ids"":[""urn:uuid:2985f369-c946-5392-be8c-902d3c9215b2""],""semantic_aliases"":[],""semantic_key"":""lebl.ra.term.ledger.lebl-term-0030.id-id"",""status"":""active"",""supersedes_id"":null,""variants"":[],""workflow_id"":""01a01f57-a34b-7740-9717-596b8116910c/backend-production-v0.3-r006-live""}"
"urn:uuid:b9f68c56-ce05-5db7-b311-492e8a8b4d2c","lebl.ra.term.ledger.lebl-term-0288.id-id","urn:uuid:e3acd52a-45d9-5f6f-ae23-83eaff29141a","id","id-ID","fungsi eksponensial","[]","[]","[""urn:uuid:2985f369-c946-5392-be8c-902d3c9215b2""]","formal","[{""locator"":""backend/production/v0.3/inputs/TERMINOLOGY.csv:LEBL-TERM-0288"",""sha256"":""sha256:ec051d96597c9a60ec3718efc11451b5988dba902216a86c2e84145fb2da0736""}]","urn:uuid:a0273f1c-6fad-54c7-a75a-32a5161da656","active","LEBL-TERM-0288","exponential function","admitted","{""concept_id"":""concept.function.exponential"",""evidence"":""R006 ch-riemann.tex"",""notes"":"""",""preferred_id"":""fungsi eksponensial"",""register"":""formal"",""rejected_id"":"""",""resource_scope"":""R006"",""source_term"":""exponential function"",""status"":""admitted"",""term_id"":""LEBL-TERM-0288"",""variants_id"":""""}","{""concept_id"":""urn:uuid:e3acd52a-45d9-5f6f-ae23-83eaff29141a"",""evidence"":[{""locator"":""backend/production/v0.3/inputs/TERMINOLOGY.csv:LEBL-TERM-0288"",""sha256"":""sha256:ec051d96597c9a60ec3718efc11451b5988dba902216a86c2e84145fb2da0736""}],""examples"":[],""id"":""urn:uuid:b9f68c56-ce05-5db7-b311-492e8a8b4d2c"",""language"":""id"",""ledger_binding"":{""concept_id"":""concept.function.exponential"",""evidence"":""R006 ch-riemann.tex"",""notes"":"""",""preferred_id"":""fungsi eksponensial"",""register"":""formal"",""rejected_id"":"""",""resource_scope"":""R006"",""source_term"":""exponential function"",""status"":""admitted"",""term_id"":""LEBL-TERM-0288"",""variants_id"":""""},""locale"":""id-ID"",""preferred"":""fungsi eksponensial"",""record_type"":""term"",""recorded_at"":""2026-08-21T00:00:00Z"",""register"":""formal"",""rejected_forms"":[],""rights_id"":""urn:uuid:a0273f1c-6fad-54c7-a75a-32a5161da656"",""schema_name"":""lebl.backend.record"",""schema_version"":""0.3.0"",""scope_ids"":[""urn:uuid:2985f369-c946-5392-be8c-902d3c9215b2""],""semantic_aliases"":[],""semantic_key"":""lebl.ra.term.ledger.lebl-term-0288.id-id"",""status"":""active"",""supersedes_id"":null,""variants"":[],""workflow_id"":""01a01f57-a34b-7740-9717-596b8116910c/backend-production-v0.3-r006-live""}"
"urn:uuid:4b6386c7-faa4-5e64-a24a-167e1e45647a","lebl.ra.term.ledger.lebl-term-0363.id-id","urn:uuid:72caba11-de8b-5e56-b2c9-fdcd61c62ad9","id","id-ID","fungsi evaluasi","[]","[]","[""urn:uuid:2985f369-c946-5392-be8c-902d3c9215b2""]","formal","[{""locator"":""backend/production/v0.3/inputs/TERMINOLOGY.csv:LEBL-TERM-0363"",""sha256"":""sha256:4d6071d5108ded2abcc9d8c64bcb1adae03115bccc878ac418ecbeb644342c0a""}]","urn:uuid:a0273f1c-6fad-54c7-a75a-32a5161da656","active","LEBL-TERM-0363","evaluation function","admitted","{""concept_id"":""concept.function.evaluation"",""evidence"":""R006 ch-metric.tex"",""notes"":"""",""preferred_id"":""fungsi evaluasi"",""register"":""formal"",""rejected_id"":"""",""resource_scope"":""R006"",""source_term"":""evaluation function"",""status"":""admitted"",""term_id"":""LEBL-TERM-0363"",""variants_id"":""""}","{""concept_id"":""urn:uuid:72caba11-de8b-5e56-b2c9-fdcd61c62ad9"",""evidence"":[{""locator"":""backend/production/v0.3/inputs/TERMINOLOGY.csv:LEBL-TERM-0363"",""sha256"":""sha256:4d6071d5108ded2abcc9d8c64bcb1adae03115bccc878ac418ecbeb644342c0a""}],""examples"":[],""id"":""urn:uuid:4b6386c7-faa4-5e64-a24a-167e1e45647a"",""language"":""id"",""ledger_binding"":{""concept_id"":""concept.function.evaluation"",""evidence"":""R006 ch-metric.tex"",""notes"":"""",""preferred_id"":""fungsi evaluasi"",""register"":""formal"",""rejected_id"":"""",""resource_scope"":""R006"",""source_term"":""evaluation function"",""status"":""admitted"",""term_id"":""LEBL-TERM-0363"",""variants_id"":""""},""locale"":""id-ID"",""preferred"":""fungsi evaluasi"",""record_type"":""term"",""recorded_at"":""2026-08-21T00:00:00Z"",""register"":""formal"",""rejected_forms"":[],""rights_id"":""urn:uuid:a0273f1c-6fad-54c7-a75a-32a5161da656"",""schema_name"":""lebl.backend.record"",""schema_version"":""0.3.0"",""scope_ids"":[""urn:uuid:2985f369-c946-5392-be8c-902d3c9215b2""],""semantic_aliases"":[],""semantic_key"":""lebl.ra.term.ledger.lebl-term-0363.id-id"",""status"":""active"",""supersedes_id"":null,""variants"":[],""workflow_id"":""01a01f57-a34b-7740-9717-596b8116910c/backend-production-v0.3-r006-live""}"
"urn:uuid:3e4a049c-01d1-5987-b4e0-2d3c451a58ec","lebl.ra.term.ledger.lebl-term-0284.id-id","urn:uuid:98ae43f0-8053-5c24-baae-dd28b3abcede","id","id-ID","fungsi ganjil","[]","[]","[""urn:uuid:2985f369-c946-5392-be8c-902d3c9215b2""]","formal","[{""locator"":""backend/production/v0.3/inputs/TERMINOLOGY.csv:LEBL-TERM-0284"",""sha256"":""sha256:e7a6e2a7280240a3dd323d5d7fdc5fa6429da06b9fd380183d12b68055368b9f""}]","urn:uuid:a0273f1c-6fad-54c7-a75a-32a5161da656","active","LEBL-TERM-0284","odd function","admitted","{""concept_id"":""concept.function.odd"",""evidence"":""R006 ch-riemann.tex"",""notes"":"""",""preferred_id"":""fungsi ganjil"",""register"":""formal"",""rejected_id"":"""",""resource_scope"":""R006"",""source_term"":""odd function"",""status"":""admitted"",""term_id"":""LEBL-TERM-0284"",""variants_id"":""""}","{""concept_id"":""urn:uuid:98ae43f0-8053-5c24-baae-dd28b3abcede"",""evidence"":[{""locator"":""backend/production/v0.3/inputs/TERMINOLOGY.csv:LEBL-TERM-0284"",""sha256"":""sha256:e7a6e2a7280240a3dd323d5d7fdc5fa6429da06b9fd380183d12b68055368b9f""}],""examples"":[],""id"":""urn:uuid:3e4a049c-01d1-5987-b4e0-2d3c451a58ec"",""language"":""id"",""ledger_binding"":{""concept_id"":""concept.function.odd"",""evidence"":""R006 ch-riemann.tex"",""notes"":"""",""preferred_id"":""fungsi ganjil"",""register"":""formal"",""rejected_id"":"""",""resource_scope"":""R006"",""source_term"":""odd function"",""status"":""admitted"",""term_id"":""LEBL-TERM-0284"",""variants_id"":""""},""locale"":""id-ID"",""preferred"":""fungsi ganjil"",""record_type"":""term"",""recorded_at"":""2026-08-21T00:00:00Z"",""register"":""formal"",""rejected_forms"":[],""rights_id"":""urn:uuid:a0273f1c-6fad-54c7-a75a-32a5161da656"",""schema_name"":""lebl.backend.record"",""schema_version"":""0.3.0"",""scope_ids"":[""urn:uuid:2985f369-c946-5392-be8c-902d3c9215b2""],""semantic_aliases"":[],""semantic_key"":""lebl.ra.term.ledger.lebl-term-0284.id-id"",""status"":""active"",""supersedes_id"":null,""variants"":[],""workflow_id"":""01a01f57-a34b-7740-9717-596b8116910c/backend-production-v0.3-r006-live""}"
"urn:uuid:3832a451-ef84-513c-b9ec-ab2fe6b5ed9b","lebl.ra.term.ledger.lebl-term-0285.id-id","urn:uuid:d2b4a5ca-024c-5255-9c68-50a1d18175b3","id","id-ID","fungsi genap","[]","[]","[""urn:uuid:2985f369-c946-5392-be8c-902d3c9215b2""]","formal","[{""locator"":""backend/production/v0.3/inputs/TERMINOLOGY.csv:LEBL-TERM-0285"",""sha256"":""sha256:b0d319922889bf69c20819f073c6bd952d0abdd487733a7a13a5a6ede9e97072""}]","urn:uuid:a0273f1c-6fad-54c7-a75a-32a5161da656","active","LEBL-TERM-0285","even function","admitted","{""concept_id"":""concept.function.even"",""evidence"":""R006 ch-riemann.tex"",""notes"":"""",""preferred_id"":""fungsi genap"",""register"":""formal"",""rejected_id"":"""",""resource_scope"":""R006"",""source_term"":""even function"",""status"":""admitted"",""term_id"":""LEBL-TERM-0285"",""variants_id"":""""}","{""concept_id"":""urn:uuid:d2b4a5ca-024c-5255-9c68-50a1d18175b3"",""evidence"":[{""locator"":""backend/production/v0.3/inputs/TERMINOLOGY.csv:LEBL-TERM-0285"",""sha256"":""sha256:b0d319922889bf69c20819f073c6bd952d0abdd487733a7a13a5a6ede9e97072""}],""examples"":[],""id"":""urn:uuid:3832a451-ef84-513c-b9ec-ab2fe6b5ed9b"",""language"":""id"",""ledger_binding"":{""concept_id"":""concept.function.even"",""evidence"":""R006 ch-riemann.tex"",""notes"":"""",""preferred_id"":""fungsi genap"",""register"":""formal"",""rejected_id"":"""",""resource_scope"":""R006"",""source_term"":""even function"",""status"":""admitted"",""term_id"":""LEBL-TERM-0285"",""variants_id"":""""},""locale"":""id-ID"",""preferred"":""fungsi genap"",""record_type"":""term"",""recorded_at"":""2026-08-21T00:00:00Z"",""register"":""formal"",""rejected_forms"":[],""rights_id"":""urn:uuid:a0273f1c-6fad-54c7-a75a-32a5161da656"",""schema_name"":""lebl.backend.record"",""schema_version"":""0.3.0"",""scope_ids"":[""urn:uuid:2985f369-c946-5392-be8c-902d3c9215b2""],""semantic_aliases"":[],""semantic_key"":""lebl.ra.term.ledger.lebl-term-0285.id-id"",""status"":""active"",""supersedes_id"":null,""variants"":[],""workflow_id"":""01a01f57-a34b-7740-9717-596b8116910c/backend-production-v0.3-r006-live""}"
"urn:uuid:0dbf8220-2fcf-5bcd-8e35-0e6f158ca55f","lebl.ra.term.ledger.lebl-term-0046.id-id","urn:uuid:e8235e7d-8564-58a3-974f-e1df6eb2b50d","id","id-ID","fungsi invers","[]","[]","[""urn:uuid:2985f369-c946-5392-be8c-902d3c9215b2""]","formal","[{""locator"":""backend/production/v0.3/inputs/TERMINOLOGY.csv:LEBL-TERM-0046"",""sha256"":""sha256:95cc356a0d9b81668740eba19d28cab1461769f107ddca3ccfd3826013251d94""}]","urn:uuid:a0273f1c-6fad-54c7-a75a-32a5161da656","active","LEBL-TERM-0046","inverse function","admitted","{""concept_id"":""concept.function.inverse-function"",""evidence"":""R006 ch-vol1-intro.tex"",""notes"":"""",""preferred_id"":""fungsi invers"",""register"":""formal"",""rejected_id"":"""",""resource_scope"":""R006"",""source_term"":""inverse function"",""status"":""admitted"",""term_id"":""LEBL-TERM-0046"",""variants_id"":""""}","{""concept_id"":""urn:uuid:e8235e7d-8564-58a3-974f-e1df6eb2b50d"",""evidence"":[{""locator"":""backend/production/v0.3/inputs/TERMINOLOGY.csv:LEBL-TERM-0046"",""sha256"":""sha256:95cc356a0d9b81668740eba19d28cab1461769f107ddca3ccfd3826013251d94""}],""examples"":[],""id"":""urn:uuid:0dbf8220-2fcf-5bcd-8e35-0e6f158ca55f"",""language"":""id"",""ledger_binding"":{""concept_id"":""concept.function.inverse-function"",""evidence"":""R006 ch-vol1-intro.tex"",""notes"":"""",""preferred_id"":""fungsi invers"",""register"":""formal"",""rejected_id"":"""",""resource_scope"":""R006"",""source_term"":""inverse function"",""status"":""admitted"",""term_id"":""LEBL-TERM-0046"",""variants_id"":""""},""locale"":""id-ID"",""preferred"":""fungsi invers"",""record_type"":""term"",""recorded_at"":""2026-08-21T00:00:00Z"",""register"":""formal"",""rejected_forms"":[],""rights_id"":""urn:uuid:a0273f1c-6fad-54c7-a75a-32a5161da656"",""schema_name"":""lebl.backend.record"",""schema_version"":""0.3.0"",""scope_ids"":[""urn:uuid:2985f369-c946-5392-be8c-902d3c9215b2""],""semantic_aliases"":[],""semantic_key"":""lebl.ra.term.ledger.lebl-term-0046.id-id"",""status"":""active"",""supersedes_id"":null,""variants"":[],""workflow_id"":""01a01f57-a34b-7740-9717-596b8116910c/backend-production-v0.3-r006-live""}"
"urn:uuid:338da77c-ac41-5893-8930-18a144475a4b","lebl.ra.term.ledger.lebl-term-0323.id-id","urn:uuid:b8a3985a-3ae1-58f8-b4e4-cd76525714fb","id","id-ID","fungsi jarak","[]","[]","[""urn:uuid:2985f369-c946-5392-be8c-902d3c9215b2""]","formal","[{""locator"":""backend/production/v0.3/inputs/TERMINOLOGY.csv:LEBL-TERM-0323"",""sha256"":""sha256:238d8f242a4d340c9a13cb351344cc0585eeaddf2588f8650c86352b56581191""}]","urn:uuid:a0273f1c-6fad-54c7-a75a-32a5161da656","active","LEBL-TERM-0323","distance function","admitted","{""concept_id"":""concept.distance-function"",""evidence"":""R006 ch-metric.tex"",""notes"":"""",""preferred_id"":""fungsi jarak"",""register"":""formal"",""rejected_id"":"""",""resource_scope"":""R006"",""source_term"":""distance function"",""status"":""admitted"",""term_id"":""LEBL-TERM-0323"",""variants_id"":""""}","{""concept_id"":""urn:uuid:b8a3985a-3ae1-58f8-b4e4-cd76525714fb"",""evidence"":[{""locator"":""backend/production/v0.3/inputs/TERMINOLOGY.csv:LEBL-TERM-0323"",""sha256"":""sha256:238d8f242a4d340c9a13cb351344cc0585eeaddf2588f8650c86352b56581191""}],""examples"":[],""id"":""urn:uuid:338da77c-ac41-5893-8930-18a144475a4b"",""language"":""id"",""ledger_binding"":{""concept_id"":""concept.distance-function"",""evidence"":""R006 ch-metric.tex"",""notes"":"""",""preferred_id"":""fungsi jarak"",""register"":""formal"",""rejected_id"":"""",""resource_scope"":""R006"",""source_term"":""distance function"",""status"":""admitted"",""term_id"":""LEBL-TERM-0323"",""variants_id"":""""},""locale"":""id-ID"",""preferred"":""fungsi jarak"",""record_type"":""term"",""recorded_at"":""2026-08-21T00:00:00Z"",""register"":""formal"",""rejected_forms"":[],""rights_id"":""urn:uuid:a0273f1c-6fad-54c7-a75a-32a5161da656"",""schema_name"":""lebl.backend.record"",""schema_version"":""0.3.0"",""scope_ids"":[""urn:uuid:2985f369-c946-5392-be8c-902d3c9215b2""],""semantic_aliases"":[],""semantic_key"":""lebl.ra.term.ledger.lebl-term-0323.id-id"",""status"":""active"",""supersedes_id"":null,""variants"":[],""workflow_id"":""01a01f57-a34b-7740-9717-596b8116910c/backend-production-v0.3-r006-live""}"
"urn:uuid:6316df19-afe2-5dee-a1e4-608e9653a766","lebl.ra.term.ledger.lebl-term-0188.id-id","urn:uuid:99abc17f-d438-57c7-abea-4b7aa8e22865","id","id-ID","fungsi kontinu","[]","[]","[""urn:uuid:2985f369-c946-5392-be8c-902d3c9215b2""]","formal","[{""locator"":""backend/production/v0.3/inputs/TERMINOLOGY.csv:LEBL-TERM-0188"",""sha256"":""sha256:7e8386df5de3b8b9bbaf2214ed022ed274740e1ac0df973bfd6cda2c112283d7""}]","urn:uuid:a0273f1c-6fad-54c7-a75a-32a5161da656","active","LEBL-TERM-0188","continuous function","admitted","{""concept_id"":""concept.function.continuous"",""evidence"":""R006 ch-contfunc.tex"",""notes"":"""",""preferred_id"":""fungsi kontinu"",""register"":""formal"",""rejected_id"":"""",""resource_scope"":""R006"",""source_term"":""continuous function"",""status"":""admitted"",""term_id"":""LEBL-TERM-0188"",""variants_id"":""""}","{""concept_id"":""urn:uuid:99abc17f-d438-57c7-abea-4b7aa8e22865"",""evidence"":[{""locator"":""backend/production/v0.3/inputs/TERMINOLOGY.csv:LEBL-TERM-0188"",""sha256"":""sha256:7e8386df5de3b8b9bbaf2214ed022ed274740e1ac0df973bfd6cda2c112283d7""}],""examples"":[],""id"":""urn:uuid:6316df19-afe2-5dee-a1e4-608e9653a766"",""language"":""id"",""ledger_binding"":{""concept_id"":""concept.function.continuous"",""evidence"":""R006 ch-contfunc.tex"",""notes"":"""",""preferred_id"":""fungsi kontinu"",""register"":""formal"",""rejected_id"":"""",""resource_scope"":""R006"",""source_term"":""continuous function"",""status"":""admitted"",""term_id"":""LEBL-TERM-0188"",""variants_id"":""""},""locale"":""id-ID"",""preferred"":""fungsi kontinu"",""record_type"":""term"",""recorded_at"":""2026-08-21T00:00:00Z"",""register"":""formal"",""rejected_forms"":[],""rights_id"":""urn:uuid:a0273f1c-6fad-54c7-a75a-32a5161da656"",""schema_name"":""lebl.backend.record"",""schema_version"":""0.3.0"",""scope_ids"":[""urn:uuid:2985f369-c946-5392-be8c-902d3c9215b2""],""semantic_aliases"":[],""semantic_key"":""lebl.ra.term.ledger.lebl-term-0188.id-id"",""status"":""active"",""supersedes_id"":null,""variants"":[],""workflow_id"":""01a01f57-a34b-7740-9717-596b8116910c/backend-production-v0.3-r006-live""}"
"urn:uuid:ae35a174-2524-5443-bffb-86b04ef9ed59","lebl.ra.term.ledger.lebl-term-0203.id-id","urn:uuid:f379d27b-103e-5555-8ba8-c9a7de6f339e","id","id-ID","fungsi konveks","[]","[]","[""urn:uuid:2985f369-c946-5392-be8c-902d3c9215b2""]","formal","[{""locator"":""backend/production/v0.3/inputs/TERMINOLOGY.csv:LEBL-TERM-0203"",""sha256"":""sha256:4eff4ef5771e41b1ed470bc6f7953b0d9cbe2569ab8c31e10a0608dedbd0f309""}]","urn:uuid:a0273f1c-6fad-54c7-a75a-32a5161da656","active","LEBL-TERM-0203","convex function","admitted","{""concept_id"":""concept.function.convex"",""evidence"":""R006 ch-contfunc.tex"",""notes"":"""",""preferred_id"":""fungsi konveks"",""register"":""formal"",""rejected_id"":"""",""resource_scope"":""R006"",""source_term"":""convex function"",""status"":""admitted"",""term_id"":""LEBL-TERM-0203"",""variants_id"":""""}","{""concept_id"":""urn:uuid:f379d27b-103e-5555-8ba8-c9a7de6f339e"",""evidence"":[{""locator"":""backend/production/v0.3/inputs/TERMINOLOGY.csv:LEBL-TERM-0203"",""sha256"":""sha256:4eff4ef5771e41b1ed470bc6f7953b0d9cbe2569ab8c31e10a0608dedbd0f309""}],""examples"":[],""id"":""urn:uuid:ae35a174-2524-5443-bffb-86b04ef9ed59"",""language"":""id"",""ledger_binding"":{""concept_id"":""concept.function.convex"",""evidence"":""R006 ch-contfunc.tex"",""notes"":"""",""preferred_id"":""fungsi konveks"",""register"":""formal"",""rejected_id"":"""",""resource_scope"":""R006"",""source_term"":""convex function"",""status"":""admitted"",""term_id"":""LEBL-TERM-0203"",""variants_id"":""""},""locale"":""id-ID"",""preferred"":""fungsi konveks"",""record_type"":""term"",""recorded_at"":""2026-08-21T00:00:00Z"",""register"":""formal"",""rejected_forms"":[],""rights_id"":""urn:uuid:a0273f1c-6fad-54c7-a75a-32a5161da656"",""schema_name"":""lebl.backend.record"",""schema_version"":""0.3.0"",""scope_ids"":[""urn:uuid:2985f369-c946-5392-be8c-902d3c9215b2""],""semantic_aliases"":[],""semantic_key"":""lebl.ra.term.ledger.lebl-term-0203.id-id"",""status"":""active"",""supersedes_id"":null,""variants"":[],""workflow_id"":""01a01f57-a34b-7740-9717-596b8116910c/backend-production-v0.3-r006-live""}"
"urn:uuid:4044c440-0f49-5a2d-a8ae-62d2e93b4792","lebl.ra.term.ledger.lebl-term-0227.id-id","urn:uuid:6ac7a9a6-6596-5004-a84b-71bad358ff38","id","id-ID","fungsi monoton","[]","[]","[""urn:uuid:2985f369-c946-5392-be8c-902d3c9215b2""]","formal","[{""locator"":""backend/production/v0.3/inputs/TERMINOLOGY.csv:LEBL-TERM-0227"",""sha256"":""sha256:d7891bce1d22d5c8014d38423767f914cf64f0d1ab1dd4dc5472af63b39626f5""}]","urn:uuid:a0273f1c-6fad-54c7-a75a-32a5161da656","active","LEBL-TERM-0227","monotone function","admitted","{""concept_id"":""concept.function.monotone"",""evidence"":""R006 ch-contfunc.tex"",""notes"":"""",""preferred_id"":""fungsi monoton"",""register"":""formal"",""rejected_id"":"""",""resource_scope"":""R006"",""source_term"":""monotone function"",""status"":""admitted"",""term_id"":""LEBL-TERM-0227"",""variants_id"":""""}","{""concept_id"":""urn:uuid:6ac7a9a6-6596-5004-a84b-71bad358ff38"",""evidence"":[{""locator"":""backend/production/v0.3/inputs/TERMINOLOGY.csv:LEBL-TERM-0227"",""sha256"":""sha256:d7891bce1d22d5c8014d38423767f914cf64f0d1ab1dd4dc5472af63b39626f5""}],""examples"":[],""id"":""urn:uuid:4044c440-0f49-5a2d-a8ae-62d2e93b4792"",""language"":""id"",""ledger_binding"":{""concept_id"":""concept.function.monotone"",""evidence"":""R006 ch-contfunc.tex"",""notes"":"""",""preferred_id"":""fungsi monoton"",""register"":""formal"",""rejected_id"":"""",""resource_scope"":""R006"",""source_term"":""monotone function"",""status"":""admitted"",""term_id"":""LEBL-TERM-0227"",""variants_id"":""""},""locale"":""id-ID"",""preferred"":""fungsi monoton"",""record_type"":""term"",""recorded_at"":""2026-08-21T00:00:00Z"",""register"":""formal"",""rejected_forms"":[],""rights_id"":""urn:uuid:a0273f1c-6fad-54c7-a75a-32a5161da656"",""schema_name"":""lebl.backend.record"",""schema_version"":""0.3.0"",""scope_ids"":[""urn:uuid:2985f369-c946-5392-be8c-902d3c9215b2""],""semantic_aliases"":[],""semantic_key"":""lebl.ra.term.ledger.lebl-term-0227.id-id"",""status"":""active"",""supersedes_id"":null,""variants"":[],""workflow_id"":""01a01f57-a34b-7740-9717-596b8116910c/backend-production-v0.3-r006-live""}"
"urn:uuid:4f557f41-6652-54a0-bcba-084276a53de8","lebl.ra.term.ledger.lebl-term-0228.id-id","urn:uuid:258dd099-13f5-5698-9008-18794d2a9b24","id","id-ID","fungsi monoton tegas","[]","[]","[""urn:uuid:2985f369-c946-5392-be8c-902d3c9215b2""]","formal","[{""locator"":""backend/production/v0.3/inputs/TERMINOLOGY.csv:LEBL-TERM-0228"",""sha256"":""sha256:4ab03d23432b0d154bf78c4c19e37ef8d9392020c0380f76dd5a2170e7c0d2c8""}]","urn:uuid:a0273f1c-6fad-54c7-a75a-32a5161da656","active","LEBL-TERM-0228","strictly monotone function","admitted","{""concept_id"":""concept.function.strictly-monotone"",""evidence"":""R006 ch-contfunc.tex"",""notes"":"""",""preferred_id"":""fungsi monoton tegas"",""register"":""formal"",""rejected_id"":"""",""resource_scope"":""R006"",""source_term"":""strictly monotone function"",""status"":""admitted"",""term_id"":""LEBL-TERM-0228"",""variants_id"":""""}","{""concept_id"":""urn:uuid:258dd099-13f5-5698-9008-18794d2a9b24"",""evidence"":[{""locator"":""backend/production/v0.3/inputs/TERMINOLOGY.csv:LEBL-TERM-0228"",""sha256"":""sha256:4ab03d23432b0d154bf78c4c19e37ef8d9392020c0380f76dd5a2170e7c0d2c8""}],""examples"":[],""id"":""urn:uuid:4f557f41-6652-54a0-bcba-084276a53de8"",""language"":""id"",""ledger_binding"":{""concept_id"":""concept.function.strictly-monotone"",""evidence"":""R006 ch-contfunc.tex"",""notes"":"""",""preferred_id"":""fungsi monoton tegas"",""register"":""formal"",""rejected_id"":"""",""resource_scope"":""R006"",""source_term"":""strictly monotone function"",""status"":""admitted"",""term_id"":""LEBL-TERM-0228"",""variants_id"":""""},""locale"":""id-ID"",""preferred"":""fungsi monoton tegas"",""record_type"":""term"",""recorded_at"":""2026-08-21T00:00:00Z"",""register"":""formal"",""rejected_forms"":[],""rights_id"":""urn:uuid:a0273f1c-6fad-54c7-a75a-32a5161da656"",""schema_name"":""lebl.backend.record"",""schema_version"":""0.3.0"",""scope_ids"":[""urn:uuid:2985f369-c946-5392-be8c-902d3c9215b2""],""semantic_aliases"":[],""semantic_key"":""lebl.ra.term.ledger.lebl-term-0228.id-id"",""status"":""active"",""supersedes_id"":null,""variants"":[],""workflow_id"":""01a01f57-a34b-7740-9717-596b8116910c/backend-production-v0.3-r006-live""}"
"urn:uuid:54e21443-8d6f-5e01-9497-65e4f24716d4","lebl.ra.term.ledger.lebl-term-0201.id-id","urn:uuid:dbeec96e-e454-5158-a409-562be963ea36","id","id-ID","fungsi popcorn","[]","[]","[""urn:uuid:2985f369-c946-5392-be8c-902d3c9215b2""]","formal","[{""locator"":""backend/production/v0.3/inputs/TERMINOLOGY.csv:LEBL-TERM-0201"",""sha256"":""sha256:9a07c72489c785fc8cc0d6e8dd330df997f3c24755e427b1b1adbd40baede9f4""}]","urn:uuid:a0273f1c-6fad-54c7-a75a-32a5161da656","active","LEBL-TERM-0201","popcorn function","admitted","{""concept_id"":""concept.function.popcorn"",""evidence"":""R006 ch-contfunc.tex"",""notes"":"""",""preferred_id"":""fungsi popcorn"",""register"":""formal"",""rejected_id"":"""",""resource_scope"":""R006"",""source_term"":""popcorn function"",""status"":""admitted"",""term_id"":""LEBL-TERM-0201"",""variants_id"":""""}","{""concept_id"":""urn:uuid:dbeec96e-e454-5158-a409-562be963ea36"",""evidence"":[{""locator"":""backend/production/v0.3/inputs/TERMINOLOGY.csv:LEBL-TERM-0201"",""sha256"":""sha256:9a07c72489c785fc8cc0d6e8dd330df997f3c24755e427b1b1adbd40baede9f4""}],""examples"":[],""id"":""urn:uuid:54e21443-8d6f-5e01-9497-65e4f24716d4"",""language"":""id"",""ledger_binding"":{""concept_id"":""concept.function.popcorn"",""evidence"":""R006 ch-contfunc.tex"",""notes"":"""",""preferred_id"":""fungsi popcorn"",""register"":""formal"",""rejected_id"":"""",""resource_scope"":""R006"",""source_term"":""popcorn function"",""status"":""admitted"",""term_id"":""LEBL-TERM-0201"",""variants_id"":""""},""locale"":""id-ID"",""preferred"":""fungsi popcorn"",""record_type"":""term"",""recorded_at"":""2026-08-21T00:00:00Z"",""register"":""formal"",""rejected_forms"":[],""rights_id"":""urn:uuid:a0273f1c-6fad-54c7-a75a-32a5161da656"",""schema_name"":""lebl.backend.record"",""schema_version"":""0.3.0"",""scope_ids"":[""urn:uuid:2985f369-c946-5392-be8c-902d3c9215b2""],""semantic_aliases"":[],""semantic_key"":""lebl.ra.term.ledger.lebl-term-0201.id-id"",""status"":""active"",""supersedes_id"":null,""variants"":[],""workflow_id"":""01a01f57-a34b-7740-9717-596b8116910c/backend-production-v0.3-r006-live""}"
"urn:uuid:63d165d3-211e-5831-a9eb-49f41fe6ad32","lebl.ra.term.ledger.lebl-term-0187.id-id","urn:uuid:10a67951-f6e5-50fc-836b-5b426e9832d3","id","id-ID","fungsi rasional","[]","[]","[""urn:uuid:2985f369-c946-5392-be8c-902d3c9215b2""]","formal","[{""locator"":""backend/production/v0.3/inputs/TERMINOLOGY.csv:LEBL-TERM-0187"",""sha256"":""sha256:0d203e96f52f6e64f0697ebcdb51bc7b85e7a6c91e85f20235727be4b6a2da53""}]","urn:uuid:a0273f1c-6fad-54c7-a75a-32a5161da656","active","LEBL-TERM-0187","rational function","admitted","{""concept_id"":""concept.function.rational"",""evidence"":""R006 ch-seq-ser.tex"",""notes"":"""",""preferred_id"":""fungsi rasional"",""register"":""formal"",""rejected_id"":"""",""resource_scope"":""R006"",""source_term"":""rational function"",""status"":""admitted"",""term_id"":""LEBL-TERM-0187"",""variants_id"":""""}","{""concept_id"":""urn:uuid:10a67951-f6e5-50fc-836b-5b426e9832d3"",""evidence"":[{""locator"":""backend/production/v0.3/inputs/TERMINOLOGY.csv:LEBL-TERM-0187"",""sha256"":""sha256:0d203e96f52f6e64f0697ebcdb51bc7b85e7a6c91e85f20235727be4b6a2da53""}],""examples"":[],""id"":""urn:uuid:63d165d3-211e-5831-a9eb-49f41fe6ad32"",""language"":""id"",""ledger_binding"":{""concept_id"":""concept.function.rational"",""evidence"":""R006 ch-seq-ser.tex"",""notes"":"""",""preferred_id"":""fungsi rasional"",""register"":""formal"",""rejected_id"":"""",""resource_scope"":""R006"",""source_term"":""rational function"",""status"":""admitted"",""term_id"":""LEBL-TERM-0187"",""variants_id"":""""},""locale"":""id-ID"",""preferred"":""fungsi rasional"",""record_type"":""term"",""recorded_at"":""2026-08-21T00:00:00Z"",""register"":""formal"",""rejected_forms"":[],""rights_id"":""urn:uuid:a0273f1c-6fad-54c7-a75a-32a5161da656"",""schema_name"":""lebl.backend.record"",""schema_version"":""0.3.0"",""scope_ids"":[""urn:uuid:2985f369-c946-5392-be8c-902d3c9215b2""],""semantic_aliases"":[],""semantic_key"":""lebl.ra.term.ledger.lebl-term-0187.id-id"",""status"":""active"",""supersedes_id"":null,""variants"":[],""workflow_id"":""01a01f57-a34b-7740-9717-596b8116910c/backend-production-v0.3-r006-live""}"
"urn:uuid:b7111016-aee6-5bea-9b58-35c20fae0dd5","lebl.ra.term.ledger.lebl-term-0297.id-id","urn:uuid:8e2ee6c9-e40c-56bd-ae33-cb4620db23e5","id","id-ID","fungsi sinc","[]","[]","[""urn:uuid:2985f369-c946-5392-be8c-902d3c9215b2""]","formal","[{""locator"":""backend/production/v0.3/inputs/TERMINOLOGY.csv:LEBL-TERM-0297"",""sha256"":""sha256:f3b8befb37e5ade1fac0ed58f55f530716bc4aa9a4eb0c051bc703102f428cc5""}]","urn:uuid:a0273f1c-6fad-54c7-a75a-32a5161da656","active","LEBL-TERM-0297","sinc function","admitted","{""concept_id"":""concept.function.sinc"",""evidence"":""R006 ch-riemann.tex"",""notes"":"""",""preferred_id"":""fungsi sinc"",""register"":""formal"",""rejected_id"":"""",""resource_scope"":""R006"",""source_term"":""sinc function"",""status"":""admitted"",""term_id"":""LEBL-TERM-0297"",""variants_id"":""""}","{""concept_id"":""urn:uuid:8e2ee6c9-e40c-56bd-ae33-cb4620db23e5"",""evidence"":[{""locator"":""backend/production/v0.3/inputs/TERMINOLOGY.csv:LEBL-TERM-0297"",""sha256"":""sha256:f3b8befb37e5ade1fac0ed58f55f530716bc4aa9a4eb0c051bc703102f428cc5""}],""examples"":[],""id"":""urn:uuid:b7111016-aee6-5bea-9b58-35c20fae0dd5"",""language"":""id"",""ledger_binding"":{""concept_id"":""concept.function.sinc"",""evidence"":""R006 ch-riemann.tex"",""notes"":"""",""preferred_id"":""fungsi sinc"",""register"":""formal"",""rejected_id"":"""",""resource_scope"":""R006"",""source_term"":""sinc function"",""status"":""admitted"",""term_id"":""LEBL-TERM-0297"",""variants_id"":""""},""locale"":""id-ID"",""preferred"":""fungsi sinc"",""record_type"":""term"",""recorded_at"":""2026-08-21T00:00:00Z"",""register"":""formal"",""rejected_forms"":[],""rights_id"":""urn:uuid:a0273f1c-6fad-54c7-a75a-32a5161da656"",""schema_name"":""lebl.backend.record"",""schema_version"":""0.3.0"",""scope_ids"":[""urn:uuid:2985f369-c946-5392-be8c-902d3c9215b2""],""semantic_aliases"":[],""semantic_key"":""lebl.ra.term.ledger.lebl-term-0297.id-id"",""status"":""active"",""supersedes_id"":null,""variants"":[],""workflow_id"":""01a01f57-a34b-7740-9717-596b8116910c/backend-production-v0.3-r006-live""}"
"urn:uuid:31164515-f75f-5c11-93e6-9019328ea71d","lebl.ra.term.ledger.lebl-term-0273.id-id","urn:uuid:6a5684be-e22d-5506-ade5-0cdfebf4fb2a","id","id-ID","fungsi tangga","[]","[]","[""urn:uuid:2985f369-c946-5392-be8c-902d3c9215b2""]","formal","[{""locator"":""backend/production/v0.3/inputs/TERMINOLOGY.csv:LEBL-TERM-0273"",""sha256"":""sha256:c637e8a70daf810a24256fe1da8620994b62dec35f4704271d59afd82c57da4c""}]","urn:uuid:a0273f1c-6fad-54c7-a75a-32a5161da656","active","LEBL-TERM-0273","step function","admitted","{""concept_id"":""concept.function.step-function"",""evidence"":""R006 ch-riemann.tex"",""notes"":"""",""preferred_id"":""fungsi tangga"",""register"":""formal"",""rejected_id"":"""",""resource_scope"":""R006"",""source_term"":""step function"",""status"":""admitted"",""term_id"":""LEBL-TERM-0273"",""variants_id"":""""}","{""concept_id"":""urn:uuid:6a5684be-e22d-5506-ade5-0cdfebf4fb2a"",""evidence"":[{""locator"":""backend/production/v0.3/inputs/TERMINOLOGY.csv:LEBL-TERM-0273"",""sha256"":""sha256:c637e8a70daf810a24256fe1da8620994b62dec35f4704271d59afd82c57da4c""}],""examples"":[],""id"":""urn:uuid:31164515-f75f-5c11-93e6-9019328ea71d"",""language"":""id"",""ledger_binding"":{""concept_id"":""concept.function.step-function"",""evidence"":""R006 ch-riemann.tex"",""notes"":"""",""preferred_id"":""fungsi tangga"",""register"":""formal"",""rejected_id"":"""",""resource_scope"":""R006"",""source_term"":""step function"",""status"":""admitted"",""term_id"":""LEBL-TERM-0273"",""variants_id"":""""},""locale"":""id-ID"",""preferred"":""fungsi tangga"",""record_type"":""term"",""recorded_at"":""2026-08-21T00:00:00Z"",""register"":""formal"",""rejected_forms"":[],""rights_id"":""urn:uuid:a0273f1c-6fad-54c7-a75a-32a5161da656"",""schema_name"":""lebl.backend.record"",""schema_version"":""0.3.0"",""scope_ids"":[""urn:uuid:2985f369-c946-5392-be8c-902d3c9215b2""],""semantic_aliases"":[],""semantic_key"":""lebl.ra.term.ledger.lebl-term-0273.id-id"",""status"":""active"",""supersedes_id"":null,""variants"":[],""workflow_id"":""01a01f57-a34b-7740-9717-596b8116910c/backend-production-v0.3-r006-live""}"
"urn:uuid:21a1ee39-2065-513e-832f-e41d722fe007","lebl.ra.term.ledger.lebl-term-0092.id-id","urn:uuid:211f7616-f081-5d60-b321-a3c848b9eed8","id","id-ID","fungsi terbatas","[]","[]","[""urn:uuid:2985f369-c946-5392-be8c-902d3c9215b2""]","formal","[{""locator"":""backend/production/v0.3/inputs/TERMINOLOGY.csv:LEBL-TERM-0092"",""sha256"":""sha256:26fd1fd6d6299ad3f06c88bbf9635626a38c73e819d75cba796c8034a0523532""}]","urn:uuid:a0273f1c-6fad-54c7-a75a-32a5161da656","active","LEBL-TERM-0092","bounded function","admitted","{""concept_id"":""concept.function.bounded"",""evidence"":""R006 ch-real-nums.tex"",""notes"":"""",""preferred_id"":""fungsi terbatas"",""register"":""formal"",""rejected_id"":"""",""resource_scope"":""R006"",""source_term"":""bounded function"",""status"":""admitted"",""term_id"":""LEBL-TERM-0092"",""variants_id"":""""}","{""concept_id"":""urn:uuid:211f7616-f081-5d60-b321-a3c848b9eed8"",""evidence"":[{""locator"":""backend/production/v0.3/inputs/TERMINOLOGY.csv:LEBL-TERM-0092"",""sha256"":""sha256:26fd1fd6d6299ad3f06c88bbf9635626a38c73e819d75cba796c8034a0523532""}],""examples"":[],""id"":""urn:uuid:21a1ee39-2065-513e-832f-e41d722fe007"",""language"":""id"",""ledger_binding"":{""concept_id"":""concept.function.bounded"",""evidence"":""R006 ch-real-nums.tex"",""notes"":"""",""preferred_id"":""fungsi terbatas"",""register"":""formal"",""rejected_id"":"""",""resource_scope"":""R006"",""source_term"":""bounded function"",""status"":""admitted"",""term_id"":""LEBL-TERM-0092"",""variants_id"":""""},""locale"":""id-ID"",""preferred"":""fungsi terbatas"",""record_type"":""term"",""recorded_at"":""2026-08-21T00:00:00Z"",""register"":""formal"",""rejected_forms"":[],""rights_id"":""urn:uuid:a0273f1c-6fad-54c7-a75a-32a5161da656"",""schema_name"":""lebl.backend.record"",""schema_version"":""0.3.0"",""scope_ids"":[""urn:uuid:2985f369-c946-5392-be8c-902d3c9215b2""],""semantic_aliases"":[],""semantic_key"":""lebl.ra.term.ledger.lebl-term-0092.id-id"",""status"":""active"",""supersedes_id"":null,""variants"":[],""workflow_id"":""01a01f57-a34b-7740-9717-596b8116910c/backend-production-v0.3-r006-live""}"
"urn:uuid:ec0e8dde-a4a7-577c-b770-f68cc1d685da","lebl.ra.term.ledger.lebl-term-0173.id-id","urn:uuid:8d07293e-4796-52a4-84b3-c25bbe1076a4","id","id-ID","fungsi zeta Riemann","[]","[]","[""urn:uuid:2985f369-c946-5392-be8c-902d3c9215b2""]","formal","[{""locator"":""backend/production/v0.3/inputs/TERMINOLOGY.csv:LEBL-TERM-0173"",""sha256"":""sha256:9217edd608259c307b0c64a71c3877ec088b61e64fd871ce8d4727d1bf0934e6""}]","urn:uuid:a0273f1c-6fad-54c7-a75a-32a5161da656","active","LEBL-TERM-0173","Riemann zeta function","admitted","{""concept_id"":""concept.function.riemann-zeta"",""evidence"":""R006 ch-seq-ser.tex"",""notes"":"""",""preferred_id"":""fungsi zeta Riemann"",""register"":""formal"",""rejected_id"":"""",""resource_scope"":""R006"",""source_term"":""Riemann zeta function"",""status"":""admitted"",""term_id"":""LEBL-TERM-0173"",""variants_id"":""""}","{""concept_id"":""urn:uuid:8d07293e-4796-52a4-84b3-c25bbe1076a4"",""evidence"":[{""locator"":""backend/production/v0.3/inputs/TERMINOLOGY.csv:LEBL-TERM-0173"",""sha256"":""sha256:9217edd608259c307b0c64a71c3877ec088b61e64fd871ce8d4727d1bf0934e6""}],""examples"":[],""id"":""urn:uuid:ec0e8dde-a4a7-577c-b770-f68cc1d685da"",""language"":""id"",""ledger_binding"":{""concept_id"":""concept.function.riemann-zeta"",""evidence"":""R006 ch-seq-ser.tex"",""notes"":"""",""preferred_id"":""fungsi zeta Riemann"",""register"":""formal"",""rejected_id"":"""",""resource_scope"":""R006"",""source_term"":""Riemann zeta function"",""status"":""admitted"",""term_id"":""LEBL-TERM-0173"",""variants_id"":""""},""locale"":""id-ID"",""preferred"":""fungsi zeta Riemann"",""record_type"":""term"",""recorded_at"":""2026-08-21T00:00:00Z"",""register"":""formal"",""rejected_forms"":[],""rights_id"":""urn:uuid:a0273f1c-6fad-54c7-a75a-32a5161da656"",""schema_name"":""lebl.backend.record"",""schema_version"":""0.3.0"",""scope_ids"":[""urn:uuid:2985f369-c946-5392-be8c-902d3c9215b2""],""semantic_aliases"":[],""semantic_key"":""lebl.ra.term.ledger.lebl-term-0173.id-id"",""status"":""active"",""supersedes_id"":null,""variants"":[],""workflow_id"":""01a01f57-a34b-7740-9717-596b8116910c/backend-production-v0.3-r006-live""}"
"urn:uuid:6c5437a0-735f-5ec6-840d-c0d2f2b6acc7","lebl.ra.term.ledger.lebl-term-0008.id-id","urn:uuid:4522803b-4965-5805-b1da-4d17c02395b6","id","id-ID","gabungan","[]","[]","[""urn:uuid:2985f369-c946-5392-be8c-902d3c9215b2""]","formal","[{""locator"":""backend/production/v0.3/inputs/TERMINOLOGY.csv:LEBL-TERM-0008"",""sha256"":""sha256:b734df2275cb0af7ab4eee8f075f97887684095e55ccab261a71c90ca3055473""}]","urn:uuid:a0273f1c-6fad-54c7-a75a-32a5161da656","active","LEBL-TERM-0008","union","admitted","{""concept_id"":""concept.set-theory.union"",""evidence"":""R006 ch-vol1-intro.tex"",""notes"":"""",""preferred_id"":""gabungan"",""register"":""formal"",""rejected_id"":"""",""resource_scope"":""R006"",""source_term"":""union"",""status"":""admitted"",""term_id"":""LEBL-TERM-0008"",""variants_id"":""""}","{""concept_id"":""urn:uuid:4522803b-4965-5805-b1da-4d17c02395b6"",""evidence"":[{""locator"":""backend/production/v0.3/inputs/TERMINOLOGY.csv:LEBL-TERM-0008"",""sha256"":""sha256:b734df2275cb0af7ab4eee8f075f97887684095e55ccab261a71c90ca3055473""}],""examples"":[],""id"":""urn:uuid:6c5437a0-735f-5ec6-840d-c0d2f2b6acc7"",""language"":""id"",""ledger_binding"":{""concept_id"":""concept.set-theory.union"",""evidence"":""R006 ch-vol1-intro.tex"",""notes"":"""",""preferred_id"":""gabungan"",""register"":""formal"",""rejected_id"":"""",""resource_scope"":""R006"",""source_term"":""union"",""status"":""admitted"",""term_id"":""LEBL-TERM-0008"",""variants_id"":""""},""locale"":""id-ID"",""preferred"":""gabungan"",""record_type"":""term"",""recorded_at"":""2026-08-21T00:00:00Z"",""register"":""formal"",""rejected_forms"":[],""rights_id"":""urn:uuid:a0273f1c-6fad-54c7-a75a-32a5161da656"",""schema_name"":""lebl.backend.record"",""schema_version"":""0.3.0"",""scope_ids"":[""urn:uuid:2985f369-c946-5392-be8c-902d3c9215b2""],""semantic_aliases"":[],""semantic_key"":""lebl.ra.term.ledger.lebl-term-0008.id-id"",""status"":""active"",""supersedes_id"":null,""variants"":[],""workflow_id"":""01a01f57-a34b-7740-9717-596b8116910c/backend-production-v0.3-r006-live""}"
"urn:uuid:4cfce4a7-4d8b-5bdc-b698-1755fbe4e5e7","lebl.ra.term.ledger.lebl-term-0102.id-id","urn:uuid:143e36d6-5e01-5592-9272-b16f3e7bfa10","id","id-ID","gabungan terhitung","[]","[]","[""urn:uuid:2985f369-c946-5392-be8c-902d3c9215b2""]","formal","[{""locator"":""backend/production/v0.3/inputs/TERMINOLOGY.csv:LEBL-TERM-0102"",""sha256"":""sha256:2c66c80da220b0d06c9e4ff410abeb5e65fefd84cbee527b93ab3c777742792a""}]","urn:uuid:a0273f1c-6fad-54c7-a75a-32a5161da656","active","LEBL-TERM-0102","countable union","admitted","{""concept_id"":""concept.set-theory.countable-union"",""evidence"":""R006 ch-real-nums.tex"",""notes"":"""",""preferred_id"":""gabungan terhitung"",""register"":""formal"",""rejected_id"":"""",""resource_scope"":""R006"",""source_term"":""countable union"",""status"":""admitted"",""term_id"":""LEBL-TERM-0102"",""variants_id"":""""}","{""concept_id"":""urn:uuid:143e36d6-5e01-5592-9272-b16f3e7bfa10"",""evidence"":[{""locator"":""backend/production/v0.3/inputs/TERMINOLOGY.csv:LEBL-TERM-0102"",""sha256"":""sha256:2c66c80da220b0d06c9e4ff410abeb5e65fefd84cbee527b93ab3c777742792a""}],""examples"":[],""id"":""urn:uuid:4cfce4a7-4d8b-5bdc-b698-1755fbe4e5e7"",""language"":""id"",""ledger_binding"":{""concept_id"":""concept.set-theory.countable-union"",""evidence"":""R006 ch-real-nums.tex"",""notes"":"""",""preferred_id"":""gabungan terhitung"",""register"":""formal"",""rejected_id"":"""",""resource_scope"":""R006"",""source_term"":""countable union"",""status"":""admitted"",""term_id"":""LEBL-TERM-0102"",""variants_id"":""""},""locale"":""id-ID"",""preferred"":""gabungan terhitung"",""record_type"":""term"",""recorded_at"":""2026-08-21T00:00:00Z"",""register"":""formal"",""rejected_forms"":[],""rights_id"":""urn:uuid:a0273f1c-6fad-54c7-a75a-32a5161da656"",""schema_name"":""lebl.backend.record"",""schema_version"":""0.3.0"",""scope_ids"":[""urn:uuid:2985f369-c946-5392-be8c-902d3c9215b2""],""semantic_aliases"":[],""semantic_key"":""lebl.ra.term.ledger.lebl-term-0102.id-id"",""status"":""active"",""supersedes_id"":null,""variants"":[],""workflow_id"":""01a01f57-a34b-7740-9717-596b8116910c/backend-production-v0.3-r006-live""}"
"urn:uuid:f41acb51-384e-5485-8787-726bd43dcbdd","lebl.ra.term.ledger.lebl-term-0217.id-id","urn:uuid:40e4064c-579f-5e55-9d67-94540a6b9f02","id","id-ID","garis sekan","[]","[]","[""urn:uuid:2985f369-c946-5392-be8c-902d3c9215b2""]","formal","[{""locator"":""backend/production/v0.3/inputs/TERMINOLOGY.csv:LEBL-TERM-0217"",""sha256"":""sha256:3efeaf537092f8d862a487d189f12f7dc971bb219ca34a7a58418ee7a18320c3""}]","urn:uuid:a0273f1c-6fad-54c7-a75a-32a5161da656","active","LEBL-TERM-0217","secant line","admitted","{""concept_id"":""concept.line.secant"",""evidence"":""R006 ch-contfunc.tex"",""notes"":"""",""preferred_id"":""garis sekan"",""register"":""formal"",""rejected_id"":"""",""resource_scope"":""R006"",""source_term"":""secant line"",""status"":""admitted"",""term_id"":""LEBL-TERM-0217"",""variants_id"":""""}","{""concept_id"":""urn:uuid:40e4064c-579f-5e55-9d67-94540a6b9f02"",""evidence"":[{""locator"":""backend/production/v0.3/inputs/TERMINOLOGY.csv:LEBL-TERM-0217"",""sha256"":""sha256:3efeaf537092f8d862a487d189f12f7dc971bb219ca34a7a58418ee7a18320c3""}],""examples"":[],""id"":""urn:uuid:f41acb51-384e-5485-8787-726bd43dcbdd"",""language"":""id"",""ledger_binding"":{""concept_id"":""concept.line.secant"",""evidence"":""R006 ch-contfunc.tex"",""notes"":"""",""preferred_id"":""garis sekan"",""register"":""formal"",""rejected_id"":"""",""resource_scope"":""R006"",""source_term"":""secant line"",""status"":""admitted"",""term_id"":""LEBL-TERM-0217"",""variants_id"":""""},""locale"":""id-ID"",""preferred"":""garis sekan"",""record_type"":""term"",""recorded_at"":""2026-08-21T00:00:00Z"",""register"":""formal"",""rejected_forms"":[],""rights_id"":""urn:uuid:a0273f1c-6fad-54c7-a75a-32a5161da656"",""schema_name"":""lebl.backend.record"",""schema_version"":""0.3.0"",""scope_ids"":[""urn:uuid:2985f369-c946-5392-be8c-902d3c9215b2""],""semantic_aliases"":[],""semantic_key"":""lebl.ra.term.ledger.lebl-term-0217.id-id"",""status"":""active"",""supersedes_id"":null,""variants"":[],""workflow_id"":""01a01f57-a34b-7740-9717-596b8116910c/backend-production-v0.3-r006-live""}"
"urn:uuid:560aa0e0-591e-5bc1-a91c-8b98b7ff0dbf","lebl.ra.term.ledger.lebl-term-0235.id-id","urn:uuid:6a49fcce-2df8-53c5-a5df-f073a5cdee56","id","id-ID","garis singgung","[]","[]","[""urn:uuid:2985f369-c946-5392-be8c-902d3c9215b2""]","formal","[{""locator"":""backend/production/v0.3/inputs/TERMINOLOGY.csv:LEBL-TERM-0235"",""sha256"":""sha256:7d5957429d95e54e0078fd58122cfeb63356a28ead7aafbe26ed17233341bd8c""}]","urn:uuid:a0273f1c-6fad-54c7-a75a-32a5161da656","active","LEBL-TERM-0235","tangent line","admitted","{""concept_id"":""concept.line.tangent"",""evidence"":""R006 ch-der.tex"",""notes"":"""",""preferred_id"":""garis singgung"",""register"":""formal"",""rejected_id"":"""",""resource_scope"":""R006"",""source_term"":""tangent line"",""status"":""admitted"",""term_id"":""LEBL-TERM-0235"",""variants_id"":""""}","{""concept_id"":""urn:uuid:6a49fcce-2df8-53c5-a5df-f073a5cdee56"",""evidence"":[{""locator"":""backend/production/v0.3/inputs/TERMINOLOGY.csv:LEBL-TERM-0235"",""sha256"":""sha256:7d5957429d95e54e0078fd58122cfeb63356a28ead7aafbe26ed17233341bd8c""}],""examples"":[],""id"":""urn:uuid:560aa0e0-591e-5bc1-a91c-8b98b7ff0dbf"",""language"":""id"",""ledger_binding"":{""concept_id"":""concept.line.tangent"",""evidence"":""R006 ch-der.tex"",""notes"":"""",""preferred_id"":""garis singgung"",""register"":""formal"",""rejected_id"":"""",""resource_scope"":""R006"",""source_term"":""tangent line"",""status"":""admitted"",""term_id"":""LEBL-TERM-0235"",""variants_id"":""""},""locale"":""id-ID"",""preferred"":""garis singgung"",""record_type"":""term"",""recorded_at"":""2026-08-21T00:00:00Z"",""register"":""formal"",""rejected_forms"":[],""rights_id"":""urn:uuid:a0273f1c-6fad-54c7-a75a-32a5161da656"",""schema_name"":""lebl.backend.record"",""schema_version"":""0.3.0"",""scope_ids"":[""urn:uuid:2985f369-c946-5392-be8c-902d3c9215b2""],""semantic_aliases"":[],""semantic_key"":""lebl.ra.term.ledger.lebl-term-0235.id-id"",""status"":""active"",""supersedes_id"":null,""variants"":[],""workflow_id"":""01a01f57-a34b-7740-9717-596b8116910c/backend-production-v0.3-r006-live""}"
"urn:uuid:a95c40ab-45cf-5dcd-89fa-b253b616268c","lebl.ra.term.ledger.lebl-term-0361.id-id","urn:uuid:59618427-d884-54ac-ae09-8bf02017ced4","id","id-ID","geometri aljabar","[]","[]","[""urn:uuid:2985f369-c946-5392-be8c-902d3c9215b2""]","formal","[{""locator"":""backend/production/v0.3/inputs/TERMINOLOGY.csv:LEBL-TERM-0361"",""sha256"":""sha256:9f612207cb13639218854afac6c91f0fe3571b0b41186a5829f3180919bf2c57""}]","urn:uuid:a0273f1c-6fad-54c7-a75a-32a5161da656","active","LEBL-TERM-0361","algebraic geometry","admitted","{""concept_id"":""concept.geometry.algebraic"",""evidence"":""R006 ch-metric.tex"",""notes"":"""",""preferred_id"":""geometri aljabar"",""register"":""formal"",""rejected_id"":"""",""resource_scope"":""R006"",""source_term"":""algebraic geometry"",""status"":""admitted"",""term_id"":""LEBL-TERM-0361"",""variants_id"":""""}","{""concept_id"":""urn:uuid:59618427-d884-54ac-ae09-8bf02017ced4"",""evidence"":[{""locator"":""backend/production/v0.3/inputs/TERMINOLOGY.csv:LEBL-TERM-0361"",""sha256"":""sha256:9f612207cb13639218854afac6c91f0fe3571b0b41186a5829f3180919bf2c57""}],""examples"":[],""id"":""urn:uuid:a95c40ab-45cf-5dcd-89fa-b253b616268c"",""language"":""id"",""ledger_binding"":{""concept_id"":""concept.geometry.algebraic"",""evidence"":""R006 ch-metric.tex"",""notes"":"""",""preferred_id"":""geometri aljabar"",""register"":""formal"",""rejected_id"":"""",""resource_scope"":""R006"",""source_term"":""algebraic geometry"",""status"":""admitted"",""term_id"":""LEBL-TERM-0361"",""variants_id"":""""},""locale"":""id-ID"",""preferred"":""geometri aljabar"",""record_type"":""term"",""recorded_at"":""2026-08-21T00:00:00Z"",""register"":""formal"",""rejected_forms"":[],""rights_id"":""urn:uuid:a0273f1c-6fad-54c7-a75a-32a5161da656"",""schema_name"":""lebl.backend.record"",""schema_version"":""0.3.0"",""scope_ids"":[""urn:uuid:2985f369-c946-5392-be8c-902d3c9215b2""],""semantic_aliases"":[],""semantic_key"":""lebl.ra.term.ledger.lebl-term-0361.id-id"",""status"":""active"",""supersedes_id"":null,""variants"":[],""workflow_id"":""01a01f57-a34b-7740-9717-596b8116910c/backend-production-v0.3-r006-live""}"
"urn:uuid:22f9ddff-4033-5336-91da-7c5a52741453","lebl.ra.term.ledger.lebl-term-0430.id-id","urn:uuid:56f6dede-0885-53de-ab1f-90a7104410e5","id","id-ID","gradien","[]","[]","[""urn:uuid:2985f369-c946-5392-be8c-902d3c9215b2""]","formal","[{""locator"":""backend/production/v0.3/inputs/TERMINOLOGY.csv:LEBL-TERM-0430"",""sha256"":""sha256:7459224bbb99af78c25ef3cb5bc7dd53b5c0c6a91fa1f1e3e813fecc91c5047d""}]","urn:uuid:a0273f1c-6fad-54c7-a75a-32a5161da656","active","LEBL-TERM-0430","gradient","admitted","{""concept_id"":""concept.calculus.gradient"",""evidence"":""R006 ch-several-vars-ders.tex"",""notes"":"""",""preferred_id"":""gradien"",""register"":""formal"",""rejected_id"":"""",""resource_scope"":""R006"",""source_term"":""gradient"",""status"":""admitted"",""term_id"":""LEBL-TERM-0430"",""variants_id"":""""}","{""concept_id"":""urn:uuid:56f6dede-0885-53de-ab1f-90a7104410e5"",""evidence"":[{""locator"":""backend/production/v0.3/inputs/TERMINOLOGY.csv:LEBL-TERM-0430"",""sha256"":""sha256:7459224bbb99af78c25ef3cb5bc7dd53b5c0c6a91fa1f1e3e813fecc91c5047d""}],""examples"":[],""id"":""urn:uuid:22f9ddff-4033-5336-91da-7c5a52741453"",""language"":""id"",""ledger_binding"":{""concept_id"":""concept.calculus.gradient"",""evidence"":""R006 ch-several-vars-ders.tex"",""notes"":"""",""preferred_id"":""gradien"",""register"":""formal"",""rejected_id"":"""",""resource_scope"":""R006"",""source_term"":""gradient"",""status"":""admitted"",""term_id"":""LEBL-TERM-0430"",""variants_id"":""""},""locale"":""id-ID"",""preferred"":""gradien"",""record_type"":""term"",""recorded_at"":""2026-08-21T00:00:00Z"",""register"":""formal"",""rejected_forms"":[],""rights_id"":""urn:uuid:a0273f1c-6fad-54c7-a75a-32a5161da656"",""schema_name"":""lebl.backend.record"",""schema_version"":""0.3.0"",""scope_ids"":[""urn:uuid:2985f369-c946-5392-be8c-902d3c9215b2""],""semantic_aliases"":[],""semantic_key"":""lebl.ra.term.ledger.lebl-term-0430.id-id"",""status"":""active"",""supersedes_id"":null,""variants"":[],""workflow_id"":""01a01f57-a34b-7740-9717-596b8116910c/backend-production-v0.3-r006-live""}"
"urn:uuid:d657d74c-cbcf-5244-b5d8-46639ced0d19","lebl.ra.term.ledger.lebl-term-0033.id-id","urn:uuid:390cd01a-e5d8-54ea-a120-f1fb17687b9a","id","id-ID","grafik","[]","[]","[""urn:uuid:2985f369-c946-5392-be8c-902d3c9215b2""]","formal","[{""locator"":""backend/production/v0.3/inputs/TERMINOLOGY.csv:LEBL-TERM-0033"",""sha256"":""sha256:3812bf905908d6aaf794ae2af21448abeb659a68fc911d470f347c84b841439a""}]","urn:uuid:a0273f1c-6fad-54c7-a75a-32a5161da656","active","LEBL-TERM-0033","graph","admitted","{""concept_id"":""concept.function.graph"",""evidence"":""R006 ch-vol1-intro.tex"",""notes"":"""",""preferred_id"":""grafik"",""register"":""formal"",""rejected_id"":"""",""resource_scope"":""R006"",""source_term"":""graph"",""status"":""admitted"",""term_id"":""LEBL-TERM-0033"",""variants_id"":""""}","{""concept_id"":""urn:uuid:390cd01a-e5d8-54ea-a120-f1fb17687b9a"",""evidence"":[{""locator"":""backend/production/v0.3/inputs/TERMINOLOGY.csv:LEBL-TERM-0033"",""sha256"":""sha256:3812bf905908d6aaf794ae2af21448abeb659a68fc911d470f347c84b841439a""}],""examples"":[],""id"":""urn:uuid:d657d74c-cbcf-5244-b5d8-46639ced0d19"",""language"":""id"",""ledger_binding"":{""concept_id"":""concept.function.graph"",""evidence"":""R006 ch-vol1-intro.tex"",""notes"":"""",""preferred_id"":""grafik"",""register"":""formal"",""rejected_id"":"""",""resource_scope"":""R006"",""source_term"":""graph"",""status"":""admitted"",""term_id"":""LEBL-TERM-0033"",""variants_id"":""""},""locale"":""id-ID"",""preferred"":""grafik"",""record_type"":""term"",""recorded_at"":""2026-08-21T00:00:00Z"",""register"":""formal"",""rejected_forms"":[],""rights_id"":""urn:uuid:a0273f1c-6fad-54c7-a75a-32a5161da656"",""schema_name"":""lebl.backend.record"",""schema_version"":""0.3.0"",""scope_ids"":[""urn:uuid:2985f369-c946-5392-be8c-902d3c9215b2""],""semantic_aliases"":[],""semantic_key"":""lebl.ra.term.ledger.lebl-term-0033.id-id"",""status"":""active"",""supersedes_id"":null,""variants"":[],""workflow_id"":""01a01f57-a34b-7740-9717-596b8116910c/backend-production-v0.3-r006-live""}"
"urn:uuid:0cdcca87-80b3-50de-aaf9-fc1dcdde862d","lebl.ra.term.ledger.lebl-term-0405.id-id","urn:uuid:92ecc6a6-6f35-5c2e-a5a8-0473291d6210","id","id-ID","grup linear umum","[]","[]","[""urn:uuid:2985f369-c946-5392-be8c-902d3c9215b2""]","formal","[{""locator"":""backend/production/v0.3/inputs/TERMINOLOGY.csv:LEBL-TERM-0405"",""sha256"":""sha256:8a20e349087c1b490bf2fb1b54b0c1c56a8b9f58e213f2770ff1a4d45f5d6cf5""}]","urn:uuid:a0273f1c-6fad-54c7-a75a-32a5161da656","active","LEBL-TERM-0405","general linear group","admitted","{""concept_id"":""concept.group.general-linear"",""evidence"":""R006 ch-several-vars-ders.tex"",""notes"":"""",""preferred_id"":""grup linear umum"",""register"":""formal"",""rejected_id"":"""",""resource_scope"":""R006"",""source_term"":""general linear group"",""status"":""admitted"",""term_id"":""LEBL-TERM-0405"",""variants_id"":""""}","{""concept_id"":""urn:uuid:92ecc6a6-6f35-5c2e-a5a8-0473291d6210"",""evidence"":[{""locator"":""backend/production/v0.3/inputs/TERMINOLOGY.csv:LEBL-TERM-0405"",""sha256"":""sha256:8a20e349087c1b490bf2fb1b54b0c1c56a8b9f58e213f2770ff1a4d45f5d6cf5""}],""examples"":[],""id"":""urn:uuid:0cdcca87-80b3-50de-aaf9-fc1dcdde862d"",""language"":""id"",""ledger_binding"":{""concept_id"":""concept.group.general-linear"",""evidence"":""R006 ch-several-vars-ders.tex"",""notes"":"""",""preferred_id"":""grup linear umum"",""register"":""formal"",""rejected_id"":"""",""resource_scope"":""R006"",""source_term"":""general linear group"",""status"":""admitted"",""term_id"":""LEBL-TERM-0405"",""variants_id"":""""},""locale"":""id-ID"",""preferred"":""grup linear umum"",""record_type"":""term"",""recorded_at"":""2026-08-21T00:00:00Z"",""register"":""formal"",""rejected_forms"":[],""rights_id"":""urn:uuid:a0273f1c-6fad-54c7-a75a-32a5161da656"",""schema_name"":""lebl.backend.record"",""schema_version"":""0.3.0"",""scope_ids"":[""urn:uuid:2985f369-c946-5392-be8c-902d3c9215b2""],""semantic_aliases"":[],""semantic_key"":""lebl.ra.term.ledger.lebl-term-0405.id-id"",""status"":""active"",""supersedes_id"":null,""variants"":[],""workflow_id"":""01a01f57-a34b-7740-9717-596b8116910c/backend-production-v0.3-r006-live""}"
"urn:uuid:27d51352-baf7-51c1-becf-3a4f2e30396a","lebl.ra.term.ledger.lebl-term-0417.id-id","urn:uuid:77b9b4ad-56cc-557b-bc96-d628edc52dc2","id","id-ID","grup simetris","[]","[]","[""urn:uuid:2985f369-c946-5392-be8c-902d3c9215b2""]","formal","[{""locator"":""backend/production/v0.3/inputs/TERMINOLOGY.csv:LEBL-TERM-0417"",""sha256"":""sha256:286f4d0c68a68743336a0c8b4ee7a1a6206f3261ec5253ce8eb008f009d48256""}]","urn:uuid:a0273f1c-6fad-54c7-a75a-32a5161da656","active","LEBL-TERM-0417","symmetric group","admitted","{""concept_id"":""concept.group.symmetric"",""evidence"":""R006 ch-several-vars-ders.tex"",""notes"":"""",""preferred_id"":""grup simetris"",""register"":""formal"",""rejected_id"":"""",""resource_scope"":""R006"",""source_term"":""symmetric group"",""status"":""admitted"",""term_id"":""LEBL-TERM-0417"",""variants_id"":""""}","{""concept_id"":""urn:uuid:77b9b4ad-56cc-557b-bc96-d628edc52dc2"",""evidence"":[{""locator"":""backend/production/v0.3/inputs/TERMINOLOGY.csv:LEBL-TERM-0417"",""sha256"":""sha256:286f4d0c68a68743336a0c8b4ee7a1a6206f3261ec5253ce8eb008f009d48256""}],""examples"":[],""id"":""urn:uuid:27d51352-baf7-51c1-becf-3a4f2e30396a"",""language"":""id"",""ledger_binding"":{""concept_id"":""concept.group.symmetric"",""evidence"":""R006 ch-several-vars-ders.tex"",""notes"":"""",""preferred_id"":""grup simetris"",""register"":""formal"",""rejected_id"":"""",""resource_scope"":""R006"",""source_term"":""symmetric group"",""status"":""admitted"",""term_id"":""LEBL-TERM-0417"",""variants_id"":""""},""locale"":""id-ID"",""preferred"":""grup simetris"",""record_type"":""term"",""recorded_at"":""2026-08-21T00:00:00Z"",""register"":""formal"",""rejected_forms"":[],""rights_id"":""urn:uuid:a0273f1c-6fad-54c7-a75a-32a5161da656"",""schema_name"":""lebl.backend.record"",""schema_version"":""0.3.0"",""scope_ids"":[""urn:uuid:2985f369-c946-5392-be8c-902d3c9215b2""],""semantic_aliases"":[],""semantic_key"":""lebl.ra.term.ledger.lebl-term-0417.id-id"",""status"":""active"",""supersedes_id"":null,""variants"":[],""workflow_id"":""01a01f57-a34b-7740-9717-596b8116910c/backend-production-v0.3-r006-live""}"
"urn:uuid:143b7115-be9d-50b8-b543-1d80360101b3","lebl.ra.term.ledger.lebl-term-0111.id-id","urn:uuid:e05a95eb-5c27-506d-a6e9-b9b799e17cc9","id","id-ID","hasil bagi","[]","[]","[""urn:uuid:2985f369-c946-5392-be8c-902d3c9215b2""]","formal","[{""locator"":""backend/production/v0.3/inputs/TERMINOLOGY.csv:LEBL-TERM-0111"",""sha256"":""sha256:d4097748b29e29208073612da767cc5c10dc9199248c1a7a728c9b417723103b""}]","urn:uuid:a0273f1c-6fad-54c7-a75a-32a5161da656","active","LEBL-TERM-0111","quotient","admitted","{""concept_id"":""concept.arithmetic.quotient"",""evidence"":""R006 ch-real-nums.tex"",""notes"":"""",""preferred_id"":""hasil bagi"",""register"":""formal"",""rejected_id"":"""",""resource_scope"":""R006"",""source_term"":""quotient"",""status"":""admitted"",""term_id"":""LEBL-TERM-0111"",""variants_id"":""""}","{""concept_id"":""urn:uuid:e05a95eb-5c27-506d-a6e9-b9b799e17cc9"",""evidence"":[{""locator"":""backend/production/v0.3/inputs/TERMINOLOGY.csv:LEBL-TERM-0111"",""sha256"":""sha256:d4097748b29e29208073612da767cc5c10dc9199248c1a7a728c9b417723103b""}],""examples"":[],""id"":""urn:uuid:143b7115-be9d-50b8-b543-1d80360101b3"",""language"":""id"",""ledger_binding"":{""concept_id"":""concept.arithmetic.quotient"",""evidence"":""R006 ch-real-nums.tex"",""notes"":"""",""preferred_id"":""hasil bagi"",""register"":""formal"",""rejected_id"":"""",""resource_scope"":""R006"",""source_term"":""quotient"",""status"":""admitted"",""term_id"":""LEBL-TERM-0111"",""variants_id"":""""},""locale"":""id-ID"",""preferred"":""hasil bagi"",""record_type"":""term"",""recorded_at"":""2026-08-21T00:00:00Z"",""register"":""formal"",""rejected_forms"":[],""rights_id"":""urn:uuid:a0273f1c-6fad-54c7-a75a-32a5161da656"",""schema_name"":""lebl.backend.record"",""schema_version"":""0.3.0"",""scope_ids"":[""urn:uuid:2985f369-c946-5392-be8c-902d3c9215b2""],""semantic_aliases"":[],""semantic_key"":""lebl.ra.term.ledger.lebl-term-0111.id-id"",""status"":""active"",""supersedes_id"":null,""variants"":[],""workflow_id"":""01a01f57-a34b-7740-9717-596b8116910c/backend-production-v0.3-r006-live""}"
"urn:uuid:42275bcd-6310-5480-915d-7ccc19df729f","lebl.ra.term.ledger.lebl-term-0234.id-id","urn:uuid:e7b8ee88-5fcc-59cf-9b12-c604c4c19415","id","id-ID","hasil bagi selisih","[]","[]","[""urn:uuid:2985f369-c946-5392-be8c-902d3c9215b2""]","formal","[{""locator"":""backend/production/v0.3/inputs/TERMINOLOGY.csv:LEBL-TERM-0234"",""sha256"":""sha256:9997c4b10f91ac897f268e5bfcd094c742659c679909d0d3245ac17a8987bf6e""}]","urn:uuid:a0273f1c-6fad-54c7-a75a-32a5161da656","active","LEBL-TERM-0234","difference quotient","admitted","{""concept_id"":""concept.calculus.difference-quotient"",""evidence"":""R006 ch-der.tex"",""notes"":"""",""preferred_id"":""hasil bagi selisih"",""register"":""formal"",""rejected_id"":"""",""resource_scope"":""R006"",""source_term"":""difference quotient"",""status"":""admitted"",""term_id"":""LEBL-TERM-0234"",""variants_id"":""""}","{""concept_id"":""urn:uuid:e7b8ee88-5fcc-59cf-9b12-c604c4c19415"",""evidence"":[{""locator"":""backend/production/v0.3/inputs/TERMINOLOGY.csv:LEBL-TERM-0234"",""sha256"":""sha256:9997c4b10f91ac897f268e5bfcd094c742659c679909d0d3245ac17a8987bf6e""}],""examples"":[],""id"":""urn:uuid:42275bcd-6310-5480-915d-7ccc19df729f"",""language"":""id"",""ledger_binding"":{""concept_id"":""concept.calculus.difference-quotient"",""evidence"":""R006 ch-der.tex"",""notes"":"""",""preferred_id"":""hasil bagi selisih"",""register"":""formal"",""rejected_id"":"""",""resource_scope"":""R006"",""source_term"":""difference quotient"",""status"":""admitted"",""term_id"":""LEBL-TERM-0234"",""variants_id"":""""},""locale"":""id-ID"",""preferred"":""hasil bagi selisih"",""record_type"":""term"",""recorded_at"":""2026-08-21T00:00:00Z"",""register"":""formal"",""rejected_forms"":[],""rights_id"":""urn:uuid:a0273f1c-6fad-54c7-a75a-32a5161da656"",""schema_name"":""lebl.backend.record"",""schema_version"":""0.3.0"",""scope_ids"":[""urn:uuid:2985f369-c946-5392-be8c-902d3c9215b2""],""semantic_aliases"":[],""semantic_key"":""lebl.ra.term.ledger.lebl-term-0234.id-id"",""status"":""active"",""supersedes_id"":null,""variants"":[],""workflow_id"":""01a01f57-a34b-7740-9717-596b8116910c/backend-production-v0.3-r006-live""}"
"urn:uuid:4c0c1a2c-685c-5bc7-aa66-2435f2726c77","lebl.ra.term.ledger.lebl-term-0183.id-id","urn:uuid:55ad1179-6187-565a-ad05-ff3e37802672","id","id-ID","hasil kali Cauchy","[]","[]","[""urn:uuid:2985f369-c946-5392-be8c-902d3c9215b2""]","formal","[{""locator"":""backend/production/v0.3/inputs/TERMINOLOGY.csv:LEBL-TERM-0183"",""sha256"":""sha256:f3274c88cf4261e4b6ab4fec9ea72a7ba9b0f94635b6398109b0535812920c67""}]","urn:uuid:a0273f1c-6fad-54c7-a75a-32a5161da656","active","LEBL-TERM-0183","Cauchy product","admitted","{""concept_id"":""concept.series.cauchy-product"",""evidence"":""R006 ch-seq-ser.tex"",""notes"":"""",""preferred_id"":""hasil kali Cauchy"",""register"":""formal"",""rejected_id"":"""",""resource_scope"":""R006"",""source_term"":""Cauchy product"",""status"":""admitted"",""term_id"":""LEBL-TERM-0183"",""variants_id"":""""}","{""concept_id"":""urn:uuid:55ad1179-6187-565a-ad05-ff3e37802672"",""evidence"":[{""locator"":""backend/production/v0.3/inputs/TERMINOLOGY.csv:LEBL-TERM-0183"",""sha256"":""sha256:f3274c88cf4261e4b6ab4fec9ea72a7ba9b0f94635b6398109b0535812920c67""}],""examples"":[],""id"":""urn:uuid:4c0c1a2c-685c-5bc7-aa66-2435f2726c77"",""language"":""id"",""ledger_binding"":{""concept_id"":""concept.series.cauchy-product"",""evidence"":""R006 ch-seq-ser.tex"",""notes"":"""",""preferred_id"":""hasil kali Cauchy"",""register"":""formal"",""rejected_id"":"""",""resource_scope"":""R006"",""source_term"":""Cauchy product"",""status"":""admitted"",""term_id"":""LEBL-TERM-0183"",""variants_id"":""""},""locale"":""id-ID"",""preferred"":""hasil kali Cauchy"",""record_type"":""term"",""recorded_at"":""2026-08-21T00:00:00Z"",""register"":""formal"",""rejected_forms"":[],""rights_id"":""urn:uuid:a0273f1c-6fad-54c7-a75a-32a5161da656"",""schema_name"":""lebl.backend.record"",""schema_version"":""0.3.0"",""scope_ids"":[""urn:uuid:2985f369-c946-5392-be8c-902d3c9215b2""],""semantic_aliases"":[],""semantic_key"":""lebl.ra.term.ledger.lebl-term-0183.id-id"",""status"":""active"",""supersedes_id"":null,""variants"":[],""workflow_id"":""01a01f57-a34b-7740-9717-596b8116910c/backend-production-v0.3-r006-live""}"
"urn:uuid:f1281f63-da28-50c3-a446-7e461e09bfba","lebl.ra.term.ledger.lebl-term-0400.id-id","urn:uuid:e7b22a88-82f9-55e8-8077-d96ab3fbeafa","id","id-ID","hasil kali titik","[""produk titik""]","[]","[""urn:uuid:2985f369-c946-5392-be8c-902d3c9215b2""]","formal","[{""locator"":""backend/production/v0.3/inputs/TERMINOLOGY.csv:LEBL-TERM-0400"",""sha256"":""sha256:1a0eb3378fcbce26694e05512f89f01aa02352342ac51527244b299e9220525f""}]","urn:uuid:a0273f1c-6fad-54c7-a75a-32a5161da656","active","LEBL-TERM-0400","dot product","admitted","{""concept_id"":""concept.product.dot"",""evidence"":""R006 ch-several-vars-ders.tex"",""notes"":"""",""preferred_id"":""hasil kali titik"",""register"":""formal"",""rejected_id"":"""",""resource_scope"":""R006"",""source_term"":""dot product"",""status"":""admitted"",""term_id"":""LEBL-TERM-0400"",""variants_id"":""produk titik""}","{""concept_id"":""urn:uuid:e7b22a88-82f9-55e8-8077-d96ab3fbeafa"",""evidence"":[{""locator"":""backend/production/v0.3/inputs/TERMINOLOGY.csv:LEBL-TERM-0400"",""sha256"":""sha256:1a0eb3378fcbce26694e05512f89f01aa02352342ac51527244b299e9220525f""}],""examples"":[],""id"":""urn:uuid:f1281f63-da28-50c3-a446-7e461e09bfba"",""language"":""id"",""ledger_binding"":{""concept_id"":""concept.product.dot"",""evidence"":""R006 ch-several-vars-ders.tex"",""notes"":"""",""preferred_id"":""hasil kali titik"",""register"":""formal"",""rejected_id"":"""",""resource_scope"":""R006"",""source_term"":""dot product"",""status"":""admitted"",""term_id"":""LEBL-TERM-0400"",""variants_id"":""produk titik""},""locale"":""id-ID"",""preferred"":""hasil kali titik"",""record_type"":""term"",""recorded_at"":""2026-08-21T00:00:00Z"",""register"":""formal"",""rejected_forms"":[],""rights_id"":""urn:uuid:a0273f1c-6fad-54c7-a75a-32a5161da656"",""schema_name"":""lebl.backend.record"",""schema_version"":""0.3.0"",""scope_ids"":[""urn:uuid:2985f369-c946-5392-be8c-902d3c9215b2""],""semantic_aliases"":[],""semantic_key"":""lebl.ra.term.ledger.lebl-term-0400.id-id"",""status"":""active"",""supersedes_id"":null,""variants"":[""produk titik""],""workflow_id"":""01a01f57-a34b-7740-9717-596b8116910c/backend-production-v0.3-r006-live""}"
"urn:uuid:eede27e8-e1bb-5b54-83b1-2239bd102307","lebl.ra.term.ledger.lebl-term-0004.id-id","urn:uuid:8725cd05-e8e6-5e70-a104-af11b162cc93","id","id-ID","himpunan","[]","[]","[""urn:uuid:2985f369-c946-5392-be8c-902d3c9215b2""]","formal","[{""locator"":""backend/production/v0.3/inputs/TERMINOLOGY.csv:LEBL-TERM-0004"",""sha256"":""sha256:4a6e962fc92a9878a238a6d98796375562eac2bb8754701c27a64aea7fb1b6e1""}]","urn:uuid:a0273f1c-6fad-54c7-a75a-32a5161da656","active","LEBL-TERM-0004","set","admitted","{""concept_id"":""concept.set-theory.set"",""evidence"":""R006 ch-vol1-intro.tex"",""notes"":"""",""preferred_id"":""himpunan"",""register"":""formal"",""rejected_id"":"""",""resource_scope"":""R006"",""source_term"":""set"",""status"":""admitted"",""term_id"":""LEBL-TERM-0004"",""variants_id"":""""}","{""concept_id"":""urn:uuid:8725cd05-e8e6-5e70-a104-af11b162cc93"",""evidence"":[{""locator"":""backend/production/v0.3/inputs/TERMINOLOGY.csv:LEBL-TERM-0004"",""sha256"":""sha256:4a6e962fc92a9878a238a6d98796375562eac2bb8754701c27a64aea7fb1b6e1""}],""examples"":[],""id"":""urn:uuid:eede27e8-e1bb-5b54-83b1-2239bd102307"",""language"":""id"",""ledger_binding"":{""concept_id"":""concept.set-theory.set"",""evidence"":""R006 ch-vol1-intro.tex"",""notes"":"""",""preferred_id"":""himpunan"",""register"":""formal"",""rejected_id"":"""",""resource_scope"":""R006"",""source_term"":""set"",""status"":""admitted"",""term_id"":""LEBL-TERM-0004"",""variants_id"":""""},""locale"":""id-ID"",""preferred"":""himpunan"",""record_type"":""term"",""recorded_at"":""2026-08-21T00:00:00Z"",""register"":""formal"",""rejected_forms"":[],""rights_id"":""urn:uuid:a0273f1c-6fad-54c7-a75a-32a5161da656"",""schema_name"":""lebl.backend.record"",""schema_version"":""0.3.0"",""scope_ids"":[""urn:uuid:2985f369-c946-5392-be8c-902d3c9215b2""],""semantic_aliases"":[],""semantic_key"":""lebl.ra.term.ledger.lebl-term-0004.id-id"",""status"":""active"",""supersedes_id"":null,""variants"":[],""workflow_id"":""01a01f57-a34b-7740-9717-596b8116910c/backend-production-v0.3-r006-live""}"
"urn:uuid:253f5c13-a415-5c99-8632-e9df11a15e92","lebl.ra.term.ledger.lebl-term-0006.id-id","urn:uuid:9dba1197-bfca-5616-9b00-4d9aa90ea077","id","id-ID","himpunan bagian","[]","[]","[""urn:uuid:2985f369-c946-5392-be8c-902d3c9215b2""]","formal","[{""locator"":""backend/production/v0.3/inputs/TERMINOLOGY.csv:LEBL-TERM-0006"",""sha256"":""sha256:a40ec4abadb7eae7312be943950c4c827a06da620e98853273fc16bc1db731b1""}]","urn:uuid:a0273f1c-6fad-54c7-a75a-32a5161da656","active","LEBL-TERM-0006","subset","admitted","{""concept_id"":""concept.set-theory.subset"",""evidence"":""R006 ch-vol1-intro.tex"",""notes"":"""",""preferred_id"":""himpunan bagian"",""register"":""formal"",""rejected_id"":"""",""resource_scope"":""R006"",""source_term"":""subset"",""status"":""admitted"",""term_id"":""LEBL-TERM-0006"",""variants_id"":""""}","{""concept_id"":""urn:uuid:9dba1197-bfca-5616-9b00-4d9aa90ea077"",""evidence"":[{""locator"":""backend/production/v0.3/inputs/TERMINOLOGY.csv:LEBL-TERM-0006"",""sha256"":""sha256:a40ec4abadb7eae7312be943950c4c827a06da620e98853273fc16bc1db731b1""}],""examples"":[],""id"":""urn:uuid:253f5c13-a415-5c99-8632-e9df11a15e92"",""language"":""id"",""ledger_binding"":{""concept_id"":""concept.set-theory.subset"",""evidence"":""R006 ch-vol1-intro.tex"",""notes"":"""",""preferred_id"":""himpunan bagian"",""register"":""formal"",""rejected_id"":"""",""resource_scope"":""R006"",""source_term"":""subset"",""status"":""admitted"",""term_id"":""LEBL-TERM-0006"",""variants_id"":""""},""locale"":""id-ID"",""preferred"":""himpunan bagian"",""record_type"":""term"",""recorded_at"":""2026-08-21T00:00:00Z"",""register"":""formal"",""rejected_forms"":[],""rights_id"":""urn:uuid:a0273f1c-6fad-54c7-a75a-32a5161da656"",""schema_name"":""lebl.backend.record"",""schema_version"":""0.3.0"",""scope_ids"":[""urn:uuid:2985f369-c946-5392-be8c-902d3c9215b2""],""semantic_aliases"":[],""semantic_key"":""lebl.ra.term.ledger.lebl-term-0006.id-id"",""status"":""active"",""supersedes_id"":null,""variants"":[],""workflow_id"":""01a01f57-a34b-7740-9717-596b8116910c/backend-production-v0.3-r006-live""}"
"urn:uuid:e2c16edf-f5f6-51aa-8f64-bc674428af90","lebl.ra.term.ledger.lebl-term-0098.id-id","urn:uuid:57142fd2-0b0d-5de6-b63f-78570d088daf","id","id-ID","himpunan bagian sejati","[""subhimpunan sejati""]","[]","[""urn:uuid:2985f369-c946-5392-be8c-902d3c9215b2""]","formal","[{""locator"":""backend/production/v0.3/inputs/TERMINOLOGY.csv:LEBL-TERM-0098"",""sha256"":""sha256:c2ed18b3705e9bcf5bcb9a52c99d44e8648cf5797dee93d24eae52648fdeb1ba""}]","urn:uuid:a0273f1c-6fad-54c7-a75a-32a5161da656","active","LEBL-TERM-0098","proper subset","admitted","{""concept_id"":""concept.set-theory.proper-subset"",""evidence"":""R006 ch-vol1-intro.tex and ch-real-nums.tex"",""notes"":"""",""preferred_id"":""himpunan bagian sejati"",""register"":""formal"",""rejected_id"":"""",""resource_scope"":""R006"",""source_term"":""proper subset"",""status"":""admitted"",""term_id"":""LEBL-TERM-0098"",""variants_id"":""subhimpunan sejati""}","{""concept_id"":""urn:uuid:57142fd2-0b0d-5de6-b63f-78570d088daf"",""evidence"":[{""locator"":""backend/production/v0.3/inputs/TERMINOLOGY.csv:LEBL-TERM-0098"",""sha256"":""sha256:c2ed18b3705e9bcf5bcb9a52c99d44e8648cf5797dee93d24eae52648fdeb1ba""}],""examples"":[],""id"":""urn:uuid:e2c16edf-f5f6-51aa-8f64-bc674428af90"",""language"":""id"",""ledger_binding"":{""concept_id"":""concept.set-theory.proper-subset"",""evidence"":""R006 ch-vol1-intro.tex and ch-real-nums.tex"",""notes"":"""",""preferred_id"":""himpunan bagian sejati"",""register"":""formal"",""rejected_id"":"""",""resource_scope"":""R006"",""source_term"":""proper subset"",""status"":""admitted"",""term_id"":""LEBL-TERM-0098"",""variants_id"":""subhimpunan sejati""},""locale"":""id-ID"",""preferred"":""himpunan bagian sejati"",""record_type"":""term"",""recorded_at"":""2026-08-21T00:00:00Z"",""register"":""formal"",""rejected_forms"":[],""rights_id"":""urn:uuid:a0273f1c-6fad-54c7-a75a-32a5161da656"",""schema_name"":""lebl.backend.record"",""schema_version"":""0.3.0"",""scope_ids"":[""urn:uuid:2985f369-c946-5392-be8c-902d3c9215b2""],""semantic_aliases"":[],""semantic_key"":""lebl.ra.term.ledger.lebl-term-0098.id-id"",""status"":""active"",""supersedes_id"":null,""variants"":[""subhimpunan sejati""],""workflow_id"":""01a01f57-a34b-7740-9717-596b8116910c/backend-production-v0.3-r006-live""}"
"urn:uuid:501b121b-76f9-56e1-bcb0-8b81c743198d","lebl.ra.term.ledger.lebl-term-0061.id-id","urn:uuid:130a7d8e-3d29-583d-8eb6-11791432bd2d","id","id-ID","himpunan beranggota tunggal","[""himpunan satu elemen""]","[]","[""urn:uuid:2985f369-c946-5392-be8c-902d3c9215b2""]","formal","[{""locator"":""backend/production/v0.3/inputs/TERMINOLOGY.csv:LEBL-TERM-0061"",""sha256"":""sha256:0e45bf48152062700c2f8c73acb02848bf72590965fcf02fd83b9e0eee14b393""}]","urn:uuid:a0273f1c-6fad-54c7-a75a-32a5161da656","active","LEBL-TERM-0061","singleton","admitted","{""concept_id"":""concept.set-theory.singleton"",""evidence"":""R006 ch-vol1-intro.tex"",""notes"":"""",""preferred_id"":""himpunan beranggota tunggal"",""register"":""formal"",""rejected_id"":"""",""resource_scope"":""R006"",""source_term"":""singleton"",""status"":""admitted"",""term_id"":""LEBL-TERM-0061"",""variants_id"":""himpunan satu elemen""}","{""concept_id"":""urn:uuid:130a7d8e-3d29-583d-8eb6-11791432bd2d"",""evidence"":[{""locator"":""backend/production/v0.3/inputs/TERMINOLOGY.csv:LEBL-TERM-0061"",""sha256"":""sha256:0e45bf48152062700c2f8c73acb02848bf72590965fcf02fd83b9e0eee14b393""}],""examples"":[],""id"":""urn:uuid:501b121b-76f9-56e1-bcb0-8b81c743198d"",""language"":""id"",""ledger_binding"":{""concept_id"":""concept.set-theory.singleton"",""evidence"":""R006 ch-vol1-intro.tex"",""notes"":"""",""preferred_id"":""himpunan beranggota tunggal"",""register"":""formal"",""rejected_id"":"""",""resource_scope"":""R006"",""source_term"":""singleton"",""status"":""admitted"",""term_id"":""LEBL-TERM-0061"",""variants_id"":""himpunan satu elemen""},""locale"":""id-ID"",""preferred"":""himpunan beranggota tunggal"",""record_type"":""term"",""recorded_at"":""2026-08-21T00:00:00Z"",""register"":""formal"",""rejected_forms"":[],""rights_id"":""urn:uuid:a0273f1c-6fad-54c7-a75a-32a5161da656"",""schema_name"":""lebl.backend.record"",""schema_version"":""0.3.0"",""scope_ids"":[""urn:uuid:2985f369-c946-5392-be8c-902d3c9215b2""],""semantic_aliases"":[],""semantic_key"":""lebl.ra.term.ledger.lebl-term-0061.id-id"",""status"":""active"",""supersedes_id"":null,""variants"":[""himpunan satu elemen""],""workflow_id"":""01a01f57-a34b-7740-9717-596b8116910c/backend-production-v0.3-r006-live""}"
"urn:uuid:2c229033-b310-5d59-a301-833bc4720352","lebl.ra.term.ledger.lebl-term-0129.id-id","urn:uuid:9af879ad-36f3-573a-a0ff-3d09fd1257e6","id","id-ID","himpunan berhingga","[]","[]","[""urn:uuid:2985f369-c946-5392-be8c-902d3c9215b2""]","formal","[{""locator"":""backend/production/v0.3/inputs/TERMINOLOGY.csv:LEBL-TERM-0129"",""sha256"":""sha256:8446c0d140ca1f1252d82c802b724526312839dc96a0569b753d8d2d14ddf218""}]","urn:uuid:a0273f1c-6fad-54c7-a75a-32a5161da656","active","LEBL-TERM-0129","finite set","admitted","{""concept_id"":""concept.set.finite"",""evidence"":""R006 ch-seq-ser.tex"",""notes"":"""",""preferred_id"":""himpunan berhingga"",""register"":""formal"",""rejected_id"":"""",""resource_scope"":""R006"",""source_term"":""finite set"",""status"":""admitted"",""term_id"":""LEBL-TERM-0129"",""variants_id"":""""}","{""concept_id"":""urn:uuid:9af879ad-36f3-573a-a0ff-3d09fd1257e6"",""evidence"":[{""locator"":""backend/production/v0.3/inputs/TERMINOLOGY.csv:LEBL-TERM-0129"",""sha256"":""sha256:8446c0d140ca1f1252d82c802b724526312839dc96a0569b753d8d2d14ddf218""}],""examples"":[],""id"":""urn:uuid:2c229033-b310-5d59-a301-833bc4720352"",""language"":""id"",""ledger_binding"":{""concept_id"":""concept.set.finite"",""evidence"":""R006 ch-seq-ser.tex"",""notes"":"""",""preferred_id"":""himpunan berhingga"",""register"":""formal"",""rejected_id"":"""",""resource_scope"":""R006"",""source_term"":""finite set"",""status"":""admitted"",""term_id"":""LEBL-TERM-0129"",""variants_id"":""""},""locale"":""id-ID"",""preferred"":""himpunan berhingga"",""record_type"":""term"",""recorded_at"":""2026-08-21T00:00:00Z"",""register"":""formal"",""rejected_forms"":[],""rights_id"":""urn:uuid:a0273f1c-6fad-54c7-a75a-32a5161da656"",""schema_name"":""lebl.backend.record"",""schema_version"":""0.3.0"",""scope_ids"":[""urn:uuid:2985f369-c946-5392-be8c-902d3c9215b2""],""semantic_aliases"":[],""semantic_key"":""lebl.ra.term.ledger.lebl-term-0129.id-id"",""status"":""active"",""supersedes_id"":null,""variants"":[],""workflow_id"":""01a01f57-a34b-7740-9717-596b8116910c/backend-production-v0.3-r006-live""}"
"urn:uuid:9977c455-dc88-53e6-b0ac-02a2d5a721ad","lebl.ra.term.ledger.lebl-term-0353.id-id","urn:uuid:c64fa1d1-8354-5341-95d0-7d2301abc68d","id","id-ID","himpunan kompak","[]","[]","[""urn:uuid:2985f369-c946-5392-be8c-902d3c9215b2""]","formal","[{""locator"":""backend/production/v0.3/inputs/TERMINOLOGY.csv:LEBL-TERM-0353"",""sha256"":""sha256:344a83fdb9123f58388c6ed0f488f5c07dfdaa68f35ffada5bff32d1e5bd29bb""}]","urn:uuid:a0273f1c-6fad-54c7-a75a-32a5161da656","active","LEBL-TERM-0353","compact set","admitted","{""concept_id"":""concept.set.compact"",""evidence"":""R006 ch-metric.tex"",""notes"":"""",""preferred_id"":""himpunan kompak"",""register"":""formal"",""rejected_id"":"""",""resource_scope"":""R006"",""source_term"":""compact set"",""status"":""admitted"",""term_id"":""LEBL-TERM-0353"",""variants_id"":""""}","{""concept_id"":""urn:uuid:c64fa1d1-8354-5341-95d0-7d2301abc68d"",""evidence"":[{""locator"":""backend/production/v0.3/inputs/TERMINOLOGY.csv:LEBL-TERM-0353"",""sha256"":""sha256:344a83fdb9123f58388c6ed0f488f5c07dfdaa68f35ffada5bff32d1e5bd29bb""}],""examples"":[],""id"":""urn:uuid:9977c455-dc88-53e6-b0ac-02a2d5a721ad"",""language"":""id"",""ledger_binding"":{""concept_id"":""concept.set.compact"",""evidence"":""R006 ch-metric.tex"",""notes"":"""",""preferred_id"":""himpunan kompak"",""register"":""formal"",""rejected_id"":"""",""resource_scope"":""R006"",""source_term"":""compact set"",""status"":""admitted"",""term_id"":""LEBL-TERM-0353"",""variants_id"":""""},""locale"":""id-ID"",""preferred"":""himpunan kompak"",""record_type"":""term"",""recorded_at"":""2026-08-21T00:00:00Z"",""register"":""formal"",""rejected_forms"":[],""rights_id"":""urn:uuid:a0273f1c-6fad-54c7-a75a-32a5161da656"",""schema_name"":""lebl.backend.record"",""schema_version"":""0.3.0"",""scope_ids"":[""urn:uuid:2985f369-c946-5392-be8c-902d3c9215b2""],""semantic_aliases"":[],""semantic_key"":""lebl.ra.term.ledger.lebl-term-0353.id-id"",""status"":""active"",""supersedes_id"":null,""variants"":[],""workflow_id"":""01a01f57-a34b-7740-9717-596b8116910c/backend-production-v0.3-r006-live""}"
"urn:uuid:75e2a3eb-2262-5943-88de-36fcd9bac079","lebl.ra.term.ledger.lebl-term-0007.id-id","urn:uuid:8436bf99-916d-5f43-aeb6-7a0660bc8299","id","id-ID","himpunan kosong","[]","[]","[""urn:uuid:2985f369-c946-5392-be8c-902d3c9215b2""]","formal","[{""locator"":""backend/production/v0.3/inputs/TERMINOLOGY.csv:LEBL-TERM-0007"",""sha256"":""sha256:7ac29b7785956bc5024eaaafa3d30e49718cda1a3d389951e6478bbfafde93a3""}]","urn:uuid:a0273f1c-6fad-54c7-a75a-32a5161da656","active","LEBL-TERM-0007","empty set","admitted","{""concept_id"":""concept.set-theory.empty-set"",""evidence"":""R006 ch-vol1-intro.tex"",""notes"":"""",""preferred_id"":""himpunan kosong"",""register"":""formal"",""rejected_id"":"""",""resource_scope"":""R006"",""source_term"":""empty set"",""status"":""admitted"",""term_id"":""LEBL-TERM-0007"",""variants_id"":""""}","{""concept_id"":""urn:uuid:8436bf99-916d-5f43-aeb6-7a0660bc8299"",""evidence"":[{""locator"":""backend/production/v0.3/inputs/TERMINOLOGY.csv:LEBL-TERM-0007"",""sha256"":""sha256:7ac29b7785956bc5024eaaafa3d30e49718cda1a3d389951e6478bbfafde93a3""}],""examples"":[],""id"":""urn:uuid:75e2a3eb-2262-5943-88de-36fcd9bac079"",""language"":""id"",""ledger_binding"":{""concept_id"":""concept.set-theory.empty-set"",""evidence"":""R006 ch-vol1-intro.tex"",""notes"":"""",""preferred_id"":""himpunan kosong"",""register"":""formal"",""rejected_id"":"""",""resource_scope"":""R006"",""source_term"":""empty set"",""status"":""admitted"",""term_id"":""LEBL-TERM-0007"",""variants_id"":""""},""locale"":""id-ID"",""preferred"":""himpunan kosong"",""record_type"":""term"",""recorded_at"":""2026-08-21T00:00:00Z"",""register"":""formal"",""rejected_forms"":[],""rights_id"":""urn:uuid:a0273f1c-6fad-54c7-a75a-32a5161da656"",""schema_name"":""lebl.backend.record"",""schema_version"":""0.3.0"",""scope_ids"":[""urn:uuid:2985f369-c946-5392-be8c-902d3c9215b2""],""semantic_aliases"":[],""semantic_key"":""lebl.ra.term.ledger.lebl-term-0007.id-id"",""status"":""active"",""supersedes_id"":null,""variants"":[],""workflow_id"":""01a01f57-a34b-7740-9717-596b8116910c/backend-production-v0.3-r006-live""}"
"urn:uuid:d62d4732-de97-5c5c-9d8b-9e25887c7843","lebl.ra.term.ledger.lebl-term-0060.id-id","urn:uuid:924bd279-3a43-580a-a993-465625fb32e2","id","id-ID","himpunan kuasa","[]","[]","[""urn:uuid:2985f369-c946-5392-be8c-902d3c9215b2""]","formal","[{""locator"":""backend/production/v0.3/inputs/TERMINOLOGY.csv:LEBL-TERM-0060"",""sha256"":""sha256:99603aa974a824585b097f455ba58f4843dad66cffe46103ace9c26d0a245c71""}]","urn:uuid:a0273f1c-6fad-54c7-a75a-32a5161da656","active","LEBL-TERM-0060","power set","admitted","{""concept_id"":""concept.set-theory.power-set"",""evidence"":""R006 ch-vol1-intro.tex"",""notes"":"""",""preferred_id"":""himpunan kuasa"",""register"":""formal"",""rejected_id"":"""",""resource_scope"":""R006"",""source_term"":""power set"",""status"":""admitted"",""term_id"":""LEBL-TERM-0060"",""variants_id"":""""}","{""concept_id"":""urn:uuid:924bd279-3a43-580a-a993-465625fb32e2"",""evidence"":[{""locator"":""backend/production/v0.3/inputs/TERMINOLOGY.csv:LEBL-TERM-0060"",""sha256"":""sha256:99603aa974a824585b097f455ba58f4843dad66cffe46103ace9c26d0a245c71""}],""examples"":[],""id"":""urn:uuid:d62d4732-de97-5c5c-9d8b-9e25887c7843"",""language"":""id"",""ledger_binding"":{""concept_id"":""concept.set-theory.power-set"",""evidence"":""R006 ch-vol1-intro.tex"",""notes"":"""",""preferred_id"":""himpunan kuasa"",""register"":""formal"",""rejected_id"":"""",""resource_scope"":""R006"",""source_term"":""power set"",""status"":""admitted"",""term_id"":""LEBL-TERM-0060"",""variants_id"":""""},""locale"":""id-ID"",""preferred"":""himpunan kuasa"",""record_type"":""term"",""recorded_at"":""2026-08-21T00:00:00Z"",""register"":""formal"",""rejected_forms"":[],""rights_id"":""urn:uuid:a0273f1c-6fad-54c7-a75a-32a5161da656"",""schema_name"":""lebl.backend.record"",""schema_version"":""0.3.0"",""scope_ids"":[""urn:uuid:2985f369-c946-5392-be8c-902d3c9215b2""],""semantic_aliases"":[],""semantic_key"":""lebl.ra.term.ledger.lebl-term-0060.id-id"",""status"":""active"",""supersedes_id"":null,""variants"":[],""workflow_id"":""01a01f57-a34b-7740-9717-596b8116910c/backend-production-v0.3-r006-live""}"
"urn:uuid:0f8f844e-ed87-5ef7-a3bf-14f88dcd71d4","lebl.ra.term.ledger.lebl-term-0360.id-id","urn:uuid:0ec453a9-5223-5413-98d6-4010a0a4f0b4","id","id-ID","himpunan nol","[]","[]","[""urn:uuid:2985f369-c946-5392-be8c-902d3c9215b2""]","formal","[{""locator"":""backend/production/v0.3/inputs/TERMINOLOGY.csv:LEBL-TERM-0360"",""sha256"":""sha256:bf92e787a09ac1741ddd0d45fc0bf19c3400553d3c3f2f89cb70858af3431ee3""}]","urn:uuid:a0273f1c-6fad-54c7-a75a-32a5161da656","active","LEBL-TERM-0360","zero set","admitted","{""concept_id"":""concept.set.zero-set"",""evidence"":""R006 ch-metric.tex"",""notes"":"""",""preferred_id"":""himpunan nol"",""register"":""formal"",""rejected_id"":"""",""resource_scope"":""R006"",""source_term"":""zero set"",""status"":""admitted"",""term_id"":""LEBL-TERM-0360"",""variants_id"":""""}","{""concept_id"":""urn:uuid:0ec453a9-5223-5413-98d6-4010a0a4f0b4"",""evidence"":[{""locator"":""backend/production/v0.3/inputs/TERMINOLOGY.csv:LEBL-TERM-0360"",""sha256"":""sha256:bf92e787a09ac1741ddd0d45fc0bf19c3400553d3c3f2f89cb70858af3431ee3""}],""examples"":[],""id"":""urn:uuid:0f8f844e-ed87-5ef7-a3bf-14f88dcd71d4"",""language"":""id"",""ledger_binding"":{""concept_id"":""concept.set.zero-set"",""evidence"":""R006 ch-metric.tex"",""notes"":"""",""preferred_id"":""himpunan nol"",""register"":""formal"",""rejected_id"":"""",""resource_scope"":""R006"",""source_term"":""zero set"",""status"":""admitted"",""term_id"":""LEBL-TERM-0360"",""variants_id"":""""},""locale"":""id-ID"",""preferred"":""himpunan nol"",""record_type"":""term"",""recorded_at"":""2026-08-21T00:00:00Z"",""register"":""formal"",""rejected_forms"":[],""rights_id"":""urn:uuid:a0273f1c-6fad-54c7-a75a-32a5161da656"",""schema_name"":""lebl.backend.record"",""schema_version"":""0.3.0"",""scope_ids"":[""urn:uuid:2985f369-c946-5392-be8c-902d3c9215b2""],""semantic_aliases"":[],""semantic_key"":""lebl.ra.term.ledger.lebl-term-0360.id-id"",""status"":""active"",""supersedes_id"":null,""variants"":[],""workflow_id"":""01a01f57-a34b-7740-9717-596b8116910c/backend-production-v0.3-r006-live""}"
"urn:uuid:6342bd04-b9f9-52bd-beed-48e23c26f770","lebl.ra.term.ledger.lebl-term-0351.id-id","urn:uuid:bfa4bc51-2ac1-5e4a-80f9-f40cdd13c615","id","id-ID","himpunan rapat","[]","[]","[""urn:uuid:2985f369-c946-5392-be8c-902d3c9215b2""]","formal","[{""locator"":""backend/production/v0.3/inputs/TERMINOLOGY.csv:LEBL-TERM-0351"",""sha256"":""sha256:1efc64b67968470b696d2901e5dc106fde3417d272053f0e64803ce602be939b""}]","urn:uuid:a0273f1c-6fad-54c7-a75a-32a5161da656","active","LEBL-TERM-0351","dense set","admitted","{""concept_id"":""concept.set.dense"",""evidence"":""R006 ch-metric.tex"",""notes"":"""",""preferred_id"":""himpunan rapat"",""register"":""formal"",""rejected_id"":"""",""resource_scope"":""R006"",""source_term"":""dense set"",""status"":""admitted"",""term_id"":""LEBL-TERM-0351"",""variants_id"":""""}","{""concept_id"":""urn:uuid:bfa4bc51-2ac1-5e4a-80f9-f40cdd13c615"",""evidence"":[{""locator"":""backend/production/v0.3/inputs/TERMINOLOGY.csv:LEBL-TERM-0351"",""sha256"":""sha256:1efc64b67968470b696d2901e5dc106fde3417d272053f0e64803ce602be939b""}],""examples"":[],""id"":""urn:uuid:6342bd04-b9f9-52bd-beed-48e23c26f770"",""language"":""id"",""ledger_binding"":{""concept_id"":""concept.set.dense"",""evidence"":""R006 ch-metric.tex"",""notes"":"""",""preferred_id"":""himpunan rapat"",""register"":""formal"",""rejected_id"":"""",""resource_scope"":""R006"",""source_term"":""dense set"",""status"":""admitted"",""term_id"":""LEBL-TERM-0351"",""variants_id"":""""},""locale"":""id-ID"",""preferred"":""himpunan rapat"",""record_type"":""term"",""recorded_at"":""2026-08-21T00:00:00Z"",""register"":""formal"",""rejected_forms"":[],""rights_id"":""urn:uuid:a0273f1c-6fad-54c7-a75a-32a5161da656"",""schema_name"":""lebl.backend.record"",""schema_version"":""0.3.0"",""scope_ids"":[""urn:uuid:2985f369-c946-5392-be8c-902d3c9215b2""],""semantic_aliases"":[],""semantic_key"":""lebl.ra.term.ledger.lebl-term-0351.id-id"",""status"":""active"",""supersedes_id"":null,""variants"":[],""workflow_id"":""01a01f57-a34b-7740-9717-596b8116910c/backend-production-v0.3-r006-live""}"
"urn:uuid:a385d19b-9f21-5ee4-8ae7-b1088396558e","lebl.ra.term.ledger.lebl-term-0429.id-id","urn:uuid:8eafd978-84c7-585a-b124-5ffea277c91d","id","id-ID","himpunan simetris","[]","[]","[""urn:uuid:2985f369-c946-5392-be8c-902d3c9215b2""]","formal","[{""locator"":""backend/production/v0.3/inputs/TERMINOLOGY.csv:LEBL-TERM-0429"",""sha256"":""sha256:4452951536a5d741fe45dbeb9d3990ca919b38b7dc3a4532fb182e18aecab0d5""}]","urn:uuid:a0273f1c-6fad-54c7-a75a-32a5161da656","active","LEBL-TERM-0429","symmetric set","admitted","{""concept_id"":""concept.set.symmetric"",""evidence"":""R006 ch-several-vars-ders.tex"",""notes"":"""",""preferred_id"":""himpunan simetris"",""register"":""formal"",""rejected_id"":"""",""resource_scope"":""R006"",""source_term"":""symmetric set"",""status"":""admitted"",""term_id"":""LEBL-TERM-0429"",""variants_id"":""""}","{""concept_id"":""urn:uuid:8eafd978-84c7-585a-b124-5ffea277c91d"",""evidence"":[{""locator"":""backend/production/v0.3/inputs/TERMINOLOGY.csv:LEBL-TERM-0429"",""sha256"":""sha256:4452951536a5d741fe45dbeb9d3990ca919b38b7dc3a4532fb182e18aecab0d5""}],""examples"":[],""id"":""urn:uuid:a385d19b-9f21-5ee4-8ae7-b1088396558e"",""language"":""id"",""ledger_binding"":{""concept_id"":""concept.set.symmetric"",""evidence"":""R006 ch-several-vars-ders.tex"",""notes"":"""",""preferred_id"":""himpunan simetris"",""register"":""formal"",""rejected_id"":"""",""resource_scope"":""R006"",""source_term"":""symmetric set"",""status"":""admitted"",""term_id"":""LEBL-TERM-0429"",""variants_id"":""""},""locale"":""id-ID"",""preferred"":""himpunan simetris"",""record_type"":""term"",""recorded_at"":""2026-08-21T00:00:00Z"",""register"":""formal"",""rejected_forms"":[],""rights_id"":""urn:uuid:a0273f1c-6fad-54c7-a75a-32a5161da656"",""schema_name"":""lebl.backend.record"",""schema_version"":""0.3.0"",""scope_ids"":[""urn:uuid:2985f369-c946-5392-be8c-902d3c9215b2""],""semantic_aliases"":[],""semantic_key"":""lebl.ra.term.ledger.lebl-term-0429.id-id"",""status"":""active"",""supersedes_id"":null,""variants"":[],""workflow_id"":""01a01f57-a34b-7740-9717-596b8116910c/backend-production-v0.3-r006-live""}"
"urn:uuid:557199ac-b3b1-5a39-a0f4-6a5470bc1c90","lebl.ra.term.ledger.lebl-term-0345.id-id","urn:uuid:c9a8caaf-b07e-5c3c-b368-a4f197235b15","id","id-ID","himpunan tak terhubung","[]","[]","[""urn:uuid:2985f369-c946-5392-be8c-902d3c9215b2""]","formal","[{""locator"":""backend/production/v0.3/inputs/TERMINOLOGY.csv:LEBL-TERM-0345"",""sha256"":""sha256:5caf61c8a4767e85952387006e963238206a5d7853828a8761f698b492840f9a""}]","urn:uuid:a0273f1c-6fad-54c7-a75a-32a5161da656","active","LEBL-TERM-0345","disconnected set","admitted","{""concept_id"":""concept.set.disconnected"",""evidence"":""R006 ch-metric.tex"",""notes"":"""",""preferred_id"":""himpunan tak terhubung"",""register"":""formal"",""rejected_id"":"""",""resource_scope"":""R006"",""source_term"":""disconnected set"",""status"":""admitted"",""term_id"":""LEBL-TERM-0345"",""variants_id"":""""}","{""concept_id"":""urn:uuid:c9a8caaf-b07e-5c3c-b368-a4f197235b15"",""evidence"":[{""locator"":""backend/production/v0.3/inputs/TERMINOLOGY.csv:LEBL-TERM-0345"",""sha256"":""sha256:5caf61c8a4767e85952387006e963238206a5d7853828a8761f698b492840f9a""}],""examples"":[],""id"":""urn:uuid:557199ac-b3b1-5a39-a0f4-6a5470bc1c90"",""language"":""id"",""ledger_binding"":{""concept_id"":""concept.set.disconnected"",""evidence"":""R006 ch-metric.tex"",""notes"":"""",""preferred_id"":""himpunan tak terhubung"",""register"":""formal"",""rejected_id"":"""",""resource_scope"":""R006"",""source_term"":""disconnected set"",""status"":""admitted"",""term_id"":""LEBL-TERM-0345"",""variants_id"":""""},""locale"":""id-ID"",""preferred"":""himpunan tak terhubung"",""record_type"":""term"",""recorded_at"":""2026-08-21T00:00:00Z"",""register"":""formal"",""rejected_forms"":[],""rights_id"":""urn:uuid:a0273f1c-6fad-54c7-a75a-32a5161da656"",""schema_name"":""lebl.backend.record"",""schema_version"":""0.3.0"",""scope_ids"":[""urn:uuid:2985f369-c946-5392-be8c-902d3c9215b2""],""semantic_aliases"":[],""semantic_key"":""lebl.ra.term.ledger.lebl-term-0345.id-id"",""status"":""active"",""supersedes_id"":null,""variants"":[],""workflow_id"":""01a01f57-a34b-7740-9717-596b8116910c/backend-production-v0.3-r006-live""}"
"urn:uuid:06d19307-2210-5607-9cdd-83d85c6efda7","lebl.ra.term.ledger.lebl-term-0335.id-id","urn:uuid:c8233b5f-020a-571e-ab56-c6eea8de11e6","id","id-ID","himpunan terbatas","[]","[]","[""urn:uuid:2985f369-c946-5392-be8c-902d3c9215b2""]","formal","[{""locator"":""backend/production/v0.3/inputs/TERMINOLOGY.csv:LEBL-TERM-0335"",""sha256"":""sha256:948fe2b5a0dbed17bcd7630886341a33afd259342aef83faf96bff4cac4e3e82""}]","urn:uuid:a0273f1c-6fad-54c7-a75a-32a5161da656","active","LEBL-TERM-0335","bounded set","admitted","{""concept_id"":""concept.set.bounded"",""evidence"":""R006 ch-metric.tex"",""notes"":"""",""preferred_id"":""himpunan terbatas"",""register"":""formal"",""rejected_id"":"""",""resource_scope"":""R006"",""source_term"":""bounded set"",""status"":""admitted"",""term_id"":""LEBL-TERM-0335"",""variants_id"":""""}","{""concept_id"":""urn:uuid:c8233b5f-020a-571e-ab56-c6eea8de11e6"",""evidence"":[{""locator"":""backend/production/v0.3/inputs/TERMINOLOGY.csv:LEBL-TERM-0335"",""sha256"":""sha256:948fe2b5a0dbed17bcd7630886341a33afd259342aef83faf96bff4cac4e3e82""}],""examples"":[],""id"":""urn:uuid:06d19307-2210-5607-9cdd-83d85c6efda7"",""language"":""id"",""ledger_binding"":{""concept_id"":""concept.set.bounded"",""evidence"":""R006 ch-metric.tex"",""notes"":"""",""preferred_id"":""himpunan terbatas"",""register"":""formal"",""rejected_id"":"""",""resource_scope"":""R006"",""source_term"":""bounded set"",""status"":""admitted"",""term_id"":""LEBL-TERM-0335"",""variants_id"":""""},""locale"":""id-ID"",""preferred"":""himpunan terbatas"",""record_type"":""term"",""recorded_at"":""2026-08-21T00:00:00Z"",""register"":""formal"",""rejected_forms"":[],""rights_id"":""urn:uuid:a0273f1c-6fad-54c7-a75a-32a5161da656"",""schema_name"":""lebl.backend.record"",""schema_version"":""0.3.0"",""scope_ids"":[""urn:uuid:2985f369-c946-5392-be8c-902d3c9215b2""],""semantic_aliases"":[],""semantic_key"":""lebl.ra.term.ledger.lebl-term-0335.id-id"",""status"":""active"",""supersedes_id"":null,""variants"":[],""workflow_id"":""01a01f57-a34b-7740-9717-596b8116910c/backend-production-v0.3-r006-live""}"
"urn:uuid:300777a9-e65c-559d-9403-8e0dbabfe098","lebl.ra.term.ledger.lebl-term-0339.id-id","urn:uuid:ba0e4546-5168-52b1-adbd-f205575eac75","id","id-ID","himpunan terbuka","[]","[]","[""urn:uuid:2985f369-c946-5392-be8c-902d3c9215b2""]","formal","[{""locator"":""backend/production/v0.3/inputs/TERMINOLOGY.csv:LEBL-TERM-0339"",""sha256"":""sha256:0350aab940f70b739b05c3f0dbd3e844501f02e77be9b2564d306fed0c9b1729""}]","urn:uuid:a0273f1c-6fad-54c7-a75a-32a5161da656","active","LEBL-TERM-0339","open set","admitted","{""concept_id"":""concept.set.open"",""evidence"":""R006 ch-metric.tex"",""notes"":"""",""preferred_id"":""himpunan terbuka"",""register"":""formal"",""rejected_id"":"""",""resource_scope"":""R006"",""source_term"":""open set"",""status"":""admitted"",""term_id"":""LEBL-TERM-0339"",""variants_id"":""""}","{""concept_id"":""urn:uuid:ba0e4546-5168-52b1-adbd-f205575eac75"",""evidence"":[{""locator"":""backend/production/v0.3/inputs/TERMINOLOGY.csv:LEBL-TERM-0339"",""sha256"":""sha256:0350aab940f70b739b05c3f0dbd3e844501f02e77be9b2564d306fed0c9b1729""}],""examples"":[],""id"":""urn:uuid:300777a9-e65c-559d-9403-8e0dbabfe098"",""language"":""id"",""ledger_binding"":{""concept_id"":""concept.set.open"",""evidence"":""R006 ch-metric.tex"",""notes"":"""",""preferred_id"":""himpunan terbuka"",""register"":""formal"",""rejected_id"":"""",""resource_scope"":""R006"",""source_term"":""open set"",""status"":""admitted"",""term_id"":""LEBL-TERM-0339"",""variants_id"":""""},""locale"":""id-ID"",""preferred"":""himpunan terbuka"",""record_type"":""term"",""recorded_at"":""2026-08-21T00:00:00Z"",""register"":""formal"",""rejected_forms"":[],""rights_id"":""urn:uuid:a0273f1c-6fad-54c7-a75a-32a5161da656"",""schema_name"":""lebl.backend.record"",""schema_version"":""0.3.0"",""scope_ids"":[""urn:uuid:2985f369-c946-5392-be8c-902d3c9215b2""],""semantic_aliases"":[],""semantic_key"":""lebl.ra.term.ledger.lebl-term-0339.id-id"",""status"":""active"",""supersedes_id"":null,""variants"":[],""workflow_id"":""01a01f57-a34b-7740-9717-596b8116910c/backend-production-v0.3-r006-live""}"
"urn:uuid:c09e7ba0-68ef-5da0-8aa7-c316765db63c","lebl.ra.term.ledger.lebl-term-0346.id-id","urn:uuid:aa355d0b-60a9-5b30-b255-f7480bd13137","id","id-ID","himpunan terbuka-tertutup","[]","[]","[""urn:uuid:2985f369-c946-5392-be8c-902d3c9215b2""]","formal","[{""locator"":""backend/production/v0.3/inputs/TERMINOLOGY.csv:LEBL-TERM-0346"",""sha256"":""sha256:771646b30da3abecbc91f1fdc9fedf07b3c5dd5c89e25297679255505b32f598""}]","urn:uuid:a0273f1c-6fad-54c7-a75a-32a5161da656","active","LEBL-TERM-0346","clopen set","admitted","{""concept_id"":""concept.set.clopen"",""evidence"":""R006 ch-metric.tex"",""notes"":"""",""preferred_id"":""himpunan terbuka-tertutup"",""register"":""formal"",""rejected_id"":"""",""resource_scope"":""R006"",""source_term"":""clopen set"",""status"":""admitted"",""term_id"":""LEBL-TERM-0346"",""variants_id"":""""}","{""concept_id"":""urn:uuid:aa355d0b-60a9-5b30-b255-f7480bd13137"",""evidence"":[{""locator"":""backend/production/v0.3/inputs/TERMINOLOGY.csv:LEBL-TERM-0346"",""sha256"":""sha256:771646b30da3abecbc91f1fdc9fedf07b3c5dd5c89e25297679255505b32f598""}],""examples"":[],""id"":""urn:uuid:c09e7ba0-68ef-5da0-8aa7-c316765db63c"",""language"":""id"",""ledger_binding"":{""concept_id"":""concept.set.clopen"",""evidence"":""R006 ch-metric.tex"",""notes"":"""",""preferred_id"":""himpunan terbuka-tertutup"",""register"":""formal"",""rejected_id"":"""",""resource_scope"":""R006"",""source_term"":""clopen set"",""status"":""admitted"",""term_id"":""LEBL-TERM-0346"",""variants_id"":""""},""locale"":""id-ID"",""preferred"":""himpunan terbuka-tertutup"",""record_type"":""term"",""recorded_at"":""2026-08-21T00:00:00Z"",""register"":""formal"",""rejected_forms"":[],""rights_id"":""urn:uuid:a0273f1c-6fad-54c7-a75a-32a5161da656"",""schema_name"":""lebl.backend.record"",""schema_version"":""0.3.0"",""scope_ids"":[""urn:uuid:2985f369-c946-5392-be8c-902d3c9215b2""],""semantic_aliases"":[],""semantic_key"":""lebl.ra.term.ledger.lebl-term-0346.id-id"",""status"":""active"",""supersedes_id"":null,""variants"":[],""workflow_id"":""01a01f57-a34b-7740-9717-596b8116910c/backend-production-v0.3-r006-live""}"
"urn:uuid:742523f9-d320-50da-9a7c-9d5757f627e3","lebl.ra.term.ledger.lebl-term-0343.id-id","urn:uuid:2e7d5ba8-42e2-5ba1-bdb1-4ca830b49c9f","id","id-ID","himpunan terhubung","[]","[]","[""urn:uuid:2985f369-c946-5392-be8c-902d3c9215b2""]","formal","[{""locator"":""backend/production/v0.3/inputs/TERMINOLOGY.csv:LEBL-TERM-0343"",""sha256"":""sha256:a24e273d0e4b64b7ef2765534ddcdef12643918eaeff82924abb60a472388129""}]","urn:uuid:a0273f1c-6fad-54c7-a75a-32a5161da656","active","LEBL-TERM-0343","connected set","admitted","{""concept_id"":""concept.set.connected"",""evidence"":""R006 ch-metric.tex"",""notes"":"""",""preferred_id"":""himpunan terhubung"",""register"":""formal"",""rejected_id"":"""",""resource_scope"":""R006"",""source_term"":""connected set"",""status"":""admitted"",""term_id"":""LEBL-TERM-0343"",""variants_id"":""""}","{""concept_id"":""urn:uuid:2e7d5ba8-42e2-5ba1-bdb1-4ca830b49c9f"",""evidence"":[{""locator"":""backend/production/v0.3/inputs/TERMINOLOGY.csv:LEBL-TERM-0343"",""sha256"":""sha256:a24e273d0e4b64b7ef2765534ddcdef12643918eaeff82924abb60a472388129""}],""examples"":[],""id"":""urn:uuid:742523f9-d320-50da-9a7c-9d5757f627e3"",""language"":""id"",""ledger_binding"":{""concept_id"":""concept.set.connected"",""evidence"":""R006 ch-metric.tex"",""notes"":"""",""preferred_id"":""himpunan terhubung"",""register"":""formal"",""rejected_id"":"""",""resource_scope"":""R006"",""source_term"":""connected set"",""status"":""admitted"",""term_id"":""LEBL-TERM-0343"",""variants_id"":""""},""locale"":""id-ID"",""preferred"":""himpunan terhubung"",""record_type"":""term"",""recorded_at"":""2026-08-21T00:00:00Z"",""register"":""formal"",""rejected_forms"":[],""rights_id"":""urn:uuid:a0273f1c-6fad-54c7-a75a-32a5161da656"",""schema_name"":""lebl.backend.record"",""schema_version"":""0.3.0"",""scope_ids"":[""urn:uuid:2985f369-c946-5392-be8c-902d3c9215b2""],""semantic_aliases"":[],""semantic_key"":""lebl.ra.term.ledger.lebl-term-0343.id-id"",""status"":""active"",""supersedes_id"":null,""variants"":[],""workflow_id"":""01a01f57-a34b-7740-9717-596b8116910c/backend-production-v0.3-r006-live""}"
"urn:uuid:7aab8c2a-5da2-542d-9796-56798067e8ac","lebl.ra.term.ledger.lebl-term-0340.id-id","urn:uuid:0d49be3e-7236-54d2-9205-d602ba61bf30","id","id-ID","himpunan tertutup","[]","[]","[""urn:uuid:2985f369-c946-5392-be8c-902d3c9215b2""]","formal","[{""locator"":""backend/production/v0.3/inputs/TERMINOLOGY.csv:LEBL-TERM-0340"",""sha256"":""sha256:ede8b13086a4bd6bc43bf3f4614ecf0b8dc400e84fe66ba8e8c2d6e8734b4e75""}]","urn:uuid:a0273f1c-6fad-54c7-a75a-32a5161da656","active","LEBL-TERM-0340","closed set","admitted","{""concept_id"":""concept.set.closed"",""evidence"":""R006 ch-metric.tex"",""notes"":"""",""preferred_id"":""himpunan tertutup"",""register"":""formal"",""rejected_id"":"""",""resource_scope"":""R006"",""source_term"":""closed set"",""status"":""admitted"",""term_id"":""LEBL-TERM-0340"",""variants_id"":""""}","{""concept_id"":""urn:uuid:0d49be3e-7236-54d2-9205-d602ba61bf30"",""evidence"":[{""locator"":""backend/production/v0.3/inputs/TERMINOLOGY.csv:LEBL-TERM-0340"",""sha256"":""sha256:ede8b13086a4bd6bc43bf3f4614ecf0b8dc400e84fe66ba8e8c2d6e8734b4e75""}],""examples"":[],""id"":""urn:uuid:7aab8c2a-5da2-542d-9796-56798067e8ac"",""language"":""id"",""ledger_binding"":{""concept_id"":""concept.set.closed"",""evidence"":""R006 ch-metric.tex"",""notes"":"""",""preferred_id"":""himpunan tertutup"",""register"":""formal"",""rejected_id"":"""",""resource_scope"":""R006"",""source_term"":""closed set"",""status"":""admitted"",""term_id"":""LEBL-TERM-0340"",""variants_id"":""""},""locale"":""id-ID"",""preferred"":""himpunan tertutup"",""record_type"":""term"",""recorded_at"":""2026-08-21T00:00:00Z"",""register"":""formal"",""rejected_forms"":[],""rights_id"":""urn:uuid:a0273f1c-6fad-54c7-a75a-32a5161da656"",""schema_name"":""lebl.backend.record"",""schema_version"":""0.3.0"",""scope_ids"":[""urn:uuid:2985f369-c946-5392-be8c-902d3c9215b2""],""semantic_aliases"":[],""semantic_key"":""lebl.ra.term.ledger.lebl-term-0340.id-id"",""status"":""active"",""supersedes_id"":null,""variants"":[],""workflow_id"":""01a01f57-a34b-7740-9717-596b8116910c/backend-production-v0.3-r006-live""}"
"urn:uuid:71907072-1fd8-5e17-b52f-29f65b784ac9","lebl.ra.term.ledger.lebl-term-0063.id-id","urn:uuid:396ae065-d5cb-575a-822e-91d9d23ebd54","id","id-ID","himpunan terurut","[]","[]","[""urn:uuid:2985f369-c946-5392-be8c-902d3c9215b2""]","formal","[{""locator"":""backend/production/v0.3/inputs/TERMINOLOGY.csv:LEBL-TERM-0063"",""sha256"":""sha256:a2d65e85185b77640f69d3942a6f3f64539c447ed3c893e898ed8c90428d481b""}]","urn:uuid:a0273f1c-6fad-54c7-a75a-32a5161da656","active","LEBL-TERM-0063","ordered set","admitted","{""concept_id"":""concept.order.ordered-set"",""evidence"":""R006 ch-real-nums.tex"",""notes"":"""",""preferred_id"":""himpunan terurut"",""register"":""formal"",""rejected_id"":"""",""resource_scope"":""R006"",""source_term"":""ordered set"",""status"":""admitted"",""term_id"":""LEBL-TERM-0063"",""variants_id"":""""}","{""concept_id"":""urn:uuid:396ae065-d5cb-575a-822e-91d9d23ebd54"",""evidence"":[{""locator"":""backend/production/v0.3/inputs/TERMINOLOGY.csv:LEBL-TERM-0063"",""sha256"":""sha256:a2d65e85185b77640f69d3942a6f3f64539c447ed3c893e898ed8c90428d481b""}],""examples"":[],""id"":""urn:uuid:71907072-1fd8-5e17-b52f-29f65b784ac9"",""language"":""id"",""ledger_binding"":{""concept_id"":""concept.order.ordered-set"",""evidence"":""R006 ch-real-nums.tex"",""notes"":"""",""preferred_id"":""himpunan terurut"",""register"":""formal"",""rejected_id"":"""",""resource_scope"":""R006"",""source_term"":""ordered set"",""status"":""admitted"",""term_id"":""LEBL-TERM-0063"",""variants_id"":""""},""locale"":""id-ID"",""preferred"":""himpunan terurut"",""record_type"":""term"",""recorded_at"":""2026-08-21T00:00:00Z"",""register"":""formal"",""rejected_forms"":[],""rights_id"":""urn:uuid:a0273f1c-6fad-54c7-a75a-32a5161da656"",""schema_name"":""lebl.backend.record"",""schema_version"":""0.3.0"",""scope_ids"":[""urn:uuid:2985f369-c946-5392-be8c-902d3c9215b2""],""semantic_aliases"":[],""semantic_key"":""lebl.ra.term.ledger.lebl-term-0063.id-id"",""status"":""active"",""supersedes_id"":null,""variants"":[],""workflow_id"":""01a01f57-a34b-7740-9717-596b8116910c/backend-production-v0.3-r006-live""}"
"urn:uuid:a6a66bae-6324-5b48-b045-5f12b923fbe4","lebl.ra.term.ledger.lebl-term-0023.id-id","urn:uuid:f29e0b5e-1a01-5e18-9897-78ebb0ba401e","id","id-ID","hipotesis induksi","[]","[]","[""urn:uuid:2985f369-c946-5392-be8c-902d3c9215b2""]","formal","[{""locator"":""backend/production/v0.3/inputs/TERMINOLOGY.csv:LEBL-TERM-0023"",""sha256"":""sha256:109341279d2a76e055c260a63914e6e7d9ece210a9ad59b9d8bbb87dfd7c8576""}]","urn:uuid:a0273f1c-6fad-54c7-a75a-32a5161da656","active","LEBL-TERM-0023","induction hypothesis","admitted","{""concept_id"":""concept.proof.induction-hypothesis"",""evidence"":""R006 ch-vol1-intro.tex"",""notes"":"""",""preferred_id"":""hipotesis induksi"",""register"":""formal"",""rejected_id"":"""",""resource_scope"":""R006"",""source_term"":""induction hypothesis"",""status"":""admitted"",""term_id"":""LEBL-TERM-0023"",""variants_id"":""""}","{""concept_id"":""urn:uuid:f29e0b5e-1a01-5e18-9897-78ebb0ba401e"",""evidence"":[{""locator"":""backend/production/v0.3/inputs/TERMINOLOGY.csv:LEBL-TERM-0023"",""sha256"":""sha256:109341279d2a76e055c260a63914e6e7d9ece210a9ad59b9d8bbb87dfd7c8576""}],""examples"":[],""id"":""urn:uuid:a6a66bae-6324-5b48-b045-5f12b923fbe4"",""language"":""id"",""ledger_binding"":{""concept_id"":""concept.proof.induction-hypothesis"",""evidence"":""R006 ch-vol1-intro.tex"",""notes"":"""",""preferred_id"":""hipotesis induksi"",""register"":""formal"",""rejected_id"":"""",""resource_scope"":""R006"",""source_term"":""induction hypothesis"",""status"":""admitted"",""term_id"":""LEBL-TERM-0023"",""variants_id"":""""},""locale"":""id-ID"",""preferred"":""hipotesis induksi"",""record_type"":""term"",""recorded_at"":""2026-08-21T00:00:00Z"",""register"":""formal"",""rejected_forms"":[],""rights_id"":""urn:uuid:a0273f1c-6fad-54c7-a75a-32a5161da656"",""schema_name"":""lebl.backend.record"",""schema_version"":""0.3.0"",""scope_ids"":[""urn:uuid:2985f369-c946-5392-be8c-902d3c9215b2""],""semantic_aliases"":[],""semantic_key"":""lebl.ra.term.ledger.lebl-term-0023.id-id"",""status"":""active"",""supersedes_id"":null,""variants"":[],""workflow_id"":""01a01f57-a34b-7740-9717-596b8116910c/backend-production-v0.3-r006-live""}"
"urn:uuid:95c307e0-24dc-5e6c-b240-5d7185fcb0a8","lebl.ra.term.ledger.lebl-term-0325.id-id","urn:uuid:481f1bfe-1ef3-5e57-90c7-0b24c877807a","id","id-ID","identitas unsur yang tak terbedakan","[]","[]","[""urn:uuid:2985f369-c946-5392-be8c-902d3c9215b2""]","formal","[{""locator"":""backend/production/v0.3/inputs/TERMINOLOGY.csv:LEBL-TERM-0325"",""sha256"":""sha256:0af02f77b10069e85124b55039da6537eebe5abfe7d92ec9c2ac402c3c75f184""}]","urn:uuid:a0273f1c-6fad-54c7-a75a-32a5161da656","active","LEBL-TERM-0325","identity of indiscernibles","admitted","{""concept_id"":""concept.metric.identity-indiscernibles"",""evidence"":""R006 ch-metric.tex"",""notes"":"""",""preferred_id"":""identitas unsur yang tak terbedakan"",""register"":""formal"",""rejected_id"":"""",""resource_scope"":""R006"",""source_term"":""identity of indiscernibles"",""status"":""admitted"",""term_id"":""LEBL-TERM-0325"",""variants_id"":""""}","{""concept_id"":""urn:uuid:481f1bfe-1ef3-5e57-90c7-0b24c877807a"",""evidence"":[{""locator"":""backend/production/v0.3/inputs/TERMINOLOGY.csv:LEBL-TERM-0325"",""sha256"":""sha256:0af02f77b10069e85124b55039da6537eebe5abfe7d92ec9c2ac402c3c75f184""}],""examples"":[],""id"":""urn:uuid:95c307e0-24dc-5e6c-b240-5d7185fcb0a8"",""language"":""id"",""ledger_binding"":{""concept_id"":""concept.metric.identity-indiscernibles"",""evidence"":""R006 ch-metric.tex"",""notes"":"""",""preferred_id"":""identitas unsur yang tak terbedakan"",""register"":""formal"",""rejected_id"":"""",""resource_scope"":""R006"",""source_term"":""identity of indiscernibles"",""status"":""admitted"",""term_id"":""LEBL-TERM-0325"",""variants_id"":""""},""locale"":""id-ID"",""preferred"":""identitas unsur yang tak terbedakan"",""record_type"":""term"",""recorded_at"":""2026-08-21T00:00:00Z"",""register"":""formal"",""rejected_forms"":[],""rights_id"":""urn:uuid:a0273f1c-6fad-54c7-a75a-32a5161da656"",""schema_name"":""lebl.backend.record"",""schema_version"":""0.3.0"",""scope_ids"":[""urn:uuid:2985f369-c946-5392-be8c-902d3c9215b2""],""semantic_aliases"":[],""semantic_key"":""lebl.ra.term.ledger.lebl-term-0325.id-id"",""status"":""active"",""supersedes_id"":null,""variants"":[],""workflow_id"":""01a01f57-a34b-7740-9717-596b8116910c/backend-production-v0.3-r006-live""}"
"urn:uuid:10b79e3e-377d-584d-8f2e-873a743659b5","lebl.ra.term.ledger.lebl-term-0024.id-id","urn:uuid:edd7a276-d84f-5e91-98ea-f7833a1a39bb","id","id-ID","induksi kuat","[]","[]","[""urn:uuid:2985f369-c946-5392-be8c-902d3c9215b2""]","formal","[{""locator"":""backend/production/v0.3/inputs/TERMINOLOGY.csv:LEBL-TERM-0024"",""sha256"":""sha256:c2c76cc3606f317a9a3958602cd3f980d2e43c1856bce4ca840fe7e409d0d174""}]","urn:uuid:a0273f1c-6fad-54c7-a75a-32a5161da656","active","LEBL-TERM-0024","strong induction","admitted","{""concept_id"":""concept.proof.strong-induction"",""evidence"":""R006 ch-vol1-intro.tex"",""notes"":"""",""preferred_id"":""induksi kuat"",""register"":""formal"",""rejected_id"":"""",""resource_scope"":""R006"",""source_term"":""strong induction"",""status"":""admitted"",""term_id"":""LEBL-TERM-0024"",""variants_id"":""""}","{""concept_id"":""urn:uuid:edd7a276-d84f-5e91-98ea-f7833a1a39bb"",""evidence"":[{""locator"":""backend/production/v0.3/inputs/TERMINOLOGY.csv:LEBL-TERM-0024"",""sha256"":""sha256:c2c76cc3606f317a9a3958602cd3f980d2e43c1856bce4ca840fe7e409d0d174""}],""examples"":[],""id"":""urn:uuid:10b79e3e-377d-584d-8f2e-873a743659b5"",""language"":""id"",""ledger_binding"":{""concept_id"":""concept.proof.strong-induction"",""evidence"":""R006 ch-vol1-intro.tex"",""notes"":"""",""preferred_id"":""induksi kuat"",""register"":""formal"",""rejected_id"":"""",""resource_scope"":""R006"",""source_term"":""strong induction"",""status"":""admitted"",""term_id"":""LEBL-TERM-0024"",""variants_id"":""""},""locale"":""id-ID"",""preferred"":""induksi kuat"",""record_type"":""term"",""recorded_at"":""2026-08-21T00:00:00Z"",""register"":""formal"",""rejected_forms"":[],""rights_id"":""urn:uuid:a0273f1c-6fad-54c7-a75a-32a5161da656"",""schema_name"":""lebl.backend.record"",""schema_version"":""0.3.0"",""scope_ids"":[""urn:uuid:2985f369-c946-5392-be8c-902d3c9215b2""],""semantic_aliases"":[],""semantic_key"":""lebl.ra.term.ledger.lebl-term-0024.id-id"",""status"":""active"",""supersedes_id"":null,""variants"":[],""workflow_id"":""01a01f57-a34b-7740-9717-596b8116910c/backend-production-v0.3-r006-live""}"
"urn:uuid:7d2e684a-f490-55ed-a1b0-3703c22aba26","lebl.ra.term.ledger.lebl-term-0072.id-id","urn:uuid:5c8e5a31-5baa-5c72-9aa0-cd054fe65dae","id","id-ID","infimum","[""batas bawah terbesar""]","[]","[""urn:uuid:2985f369-c946-5392-be8c-902d3c9215b2""]","formal","[{""locator"":""backend/production/v0.3/inputs/TERMINOLOGY.csv:LEBL-TERM-0072"",""sha256"":""sha256:227a6093e854e69f0ac6d5a40c31bbfb2129e8279ac2b6f0c5022cc6de054c27""}]","urn:uuid:a0273f1c-6fad-54c7-a75a-32a5161da656","active","LEBL-TERM-0072","infimum","admitted","{""concept_id"":""concept.order.infimum"",""evidence"":""R006 ch-real-nums.tex"",""notes"":"""",""preferred_id"":""infimum"",""register"":""formal"",""rejected_id"":"""",""resource_scope"":""R006"",""source_term"":""infimum"",""status"":""admitted"",""term_id"":""LEBL-TERM-0072"",""variants_id"":""batas bawah terbesar""}","{""concept_id"":""urn:uuid:5c8e5a31-5baa-5c72-9aa0-cd054fe65dae"",""evidence"":[{""locator"":""backend/production/v0.3/inputs/TERMINOLOGY.csv:LEBL-TERM-0072"",""sha256"":""sha256:227a6093e854e69f0ac6d5a40c31bbfb2129e8279ac2b6f0c5022cc6de054c27""}],""examples"":[],""id"":""urn:uuid:7d2e684a-f490-55ed-a1b0-3703c22aba26"",""language"":""id"",""ledger_binding"":{""concept_id"":""concept.order.infimum"",""evidence"":""R006 ch-real-nums.tex"",""notes"":"""",""preferred_id"":""infimum"",""register"":""formal"",""rejected_id"":"""",""resource_scope"":""R006"",""source_term"":""infimum"",""status"":""admitted"",""term_id"":""LEBL-TERM-0072"",""variants_id"":""batas bawah terbesar""},""locale"":""id-ID"",""preferred"":""infimum"",""record_type"":""term"",""recorded_at"":""2026-08-21T00:00:00Z"",""register"":""formal"",""rejected_forms"":[],""rights_id"":""urn:uuid:a0273f1c-6fad-54c7-a75a-32a5161da656"",""schema_name"":""lebl.backend.record"",""schema_version"":""0.3.0"",""scope_ids"":[""urn:uuid:2985f369-c946-5392-be8c-902d3c9215b2""],""semantic_aliases"":[],""semantic_key"":""lebl.ra.term.ledger.lebl-term-0072.id-id"",""status"":""active"",""supersedes_id"":null,""variants"":[""batas bawah terbesar""],""workflow_id"":""01a01f57-a34b-7740-9717-596b8116910c/backend-production-v0.3-r006-live""}"
"urn:uuid:8e45d469-6799-510b-8c08-acd8adc56e76","lebl.ra.term.ledger.lebl-term-0041.id-id","urn:uuid:b46a7127-23d2-56df-8044-8a9a3287ac48","id","id-ID","injeksi","[]","[]","[""urn:uuid:2985f369-c946-5392-be8c-902d3c9215b2""]","formal","[{""locator"":""backend/production/v0.3/inputs/TERMINOLOGY.csv:LEBL-TERM-0041"",""sha256"":""sha256:52fe4e3c707a2923a2b336847cc199336358d7fcaa7e8649c06ca105dec07f24""}]","urn:uuid:a0273f1c-6fad-54c7-a75a-32a5161da656","active","LEBL-TERM-0041","injection","admitted","{""concept_id"":""concept.function.injection"",""evidence"":""R006 ch-vol1-intro.tex"",""notes"":"""",""preferred_id"":""injeksi"",""register"":""formal"",""rejected_id"":"""",""resource_scope"":""R006"",""source_term"":""injection"",""status"":""admitted"",""term_id"":""LEBL-TERM-0041"",""variants_id"":""""}","{""concept_id"":""urn:uuid:b46a7127-23d2-56df-8044-8a9a3287ac48"",""evidence"":[{""locator"":""backend/production/v0.3/inputs/TERMINOLOGY.csv:LEBL-TERM-0041"",""sha256"":""sha256:52fe4e3c707a2923a2b336847cc199336358d7fcaa7e8649c06ca105dec07f24""}],""examples"":[],""id"":""urn:uuid:8e45d469-6799-510b-8c08-acd8adc56e76"",""language"":""id"",""ledger_binding"":{""concept_id"":""concept.function.injection"",""evidence"":""R006 ch-vol1-intro.tex"",""notes"":"""",""preferred_id"":""injeksi"",""register"":""formal"",""rejected_id"":"""",""resource_scope"":""R006"",""source_term"":""injection"",""status"":""admitted"",""term_id"":""LEBL-TERM-0041"",""variants_id"":""""},""locale"":""id-ID"",""preferred"":""injeksi"",""record_type"":""term"",""recorded_at"":""2026-08-21T00:00:00Z"",""register"":""formal"",""rejected_forms"":[],""rights_id"":""urn:uuid:a0273f1c-6fad-54c7-a75a-32a5161da656"",""schema_name"":""lebl.backend.record"",""schema_version"":""0.3.0"",""scope_ids"":[""urn:uuid:2985f369-c946-5392-be8c-902d3c9215b2""],""semantic_aliases"":[],""semantic_key"":""lebl.ra.term.ledger.lebl-term-0041.id-id"",""status"":""active"",""supersedes_id"":null,""variants"":[],""workflow_id"":""01a01f57-a34b-7740-9717-596b8116910c/backend-production-v0.3-r006-live""}"
"urn:uuid:1d859d1c-1c9a-5ed0-b217-18d84ab9d31c","lebl.ra.term.ledger.lebl-term-0393.id-id","urn:uuid:4f7fde24-0abc-59c3-8dae-fb02da2948cd","id","id-ID","injektif","[""satu-ke-satu""]","[]","[""urn:uuid:2985f369-c946-5392-be8c-902d3c9215b2""]","formal","[{""locator"":""backend/production/v0.3/inputs/TERMINOLOGY.csv:LEBL-TERM-0393"",""sha256"":""sha256:80a0c0ad5d579ba2c99257e9e38a3832194cb5615709f85d142cc00a27b825d4""}]","urn:uuid:a0273f1c-6fad-54c7-a75a-32a5161da656","active","LEBL-TERM-0393","one-to-one","admitted","{""concept_id"":""concept.function.injective"",""evidence"":""R006 ch-several-vars-ders.tex"",""notes"":"""",""preferred_id"":""injektif"",""register"":""formal"",""rejected_id"":"""",""resource_scope"":""R006"",""source_term"":""one-to-one"",""status"":""admitted"",""term_id"":""LEBL-TERM-0393"",""variants_id"":""satu-ke-satu""}","{""concept_id"":""urn:uuid:4f7fde24-0abc-59c3-8dae-fb02da2948cd"",""evidence"":[{""locator"":""backend/production/v0.3/inputs/TERMINOLOGY.csv:LEBL-TERM-0393"",""sha256"":""sha256:80a0c0ad5d579ba2c99257e9e38a3832194cb5615709f85d142cc00a27b825d4""}],""examples"":[],""id"":""urn:uuid:1d859d1c-1c9a-5ed0-b217-18d84ab9d31c"",""language"":""id"",""ledger_binding"":{""concept_id"":""concept.function.injective"",""evidence"":""R006 ch-several-vars-ders.tex"",""notes"":"""",""preferred_id"":""injektif"",""register"":""formal"",""rejected_id"":"""",""resource_scope"":""R006"",""source_term"":""one-to-one"",""status"":""admitted"",""term_id"":""LEBL-TERM-0393"",""variants_id"":""satu-ke-satu""},""locale"":""id-ID"",""preferred"":""injektif"",""record_type"":""term"",""recorded_at"":""2026-08-21T00:00:00Z"",""register"":""formal"",""rejected_forms"":[],""rights_id"":""urn:uuid:a0273f1c-6fad-54c7-a75a-32a5161da656"",""schema_name"":""lebl.backend.record"",""schema_version"":""0.3.0"",""scope_ids"":[""urn:uuid:2985f369-c946-5392-be8c-902d3c9215b2""],""semantic_aliases"":[],""semantic_key"":""lebl.ra.term.ledger.lebl-term-0393.id-id"",""status"":""active"",""supersedes_id"":null,""variants"":[""satu-ke-satu""],""workflow_id"":""01a01f57-a34b-7740-9717-596b8116910c/backend-production-v0.3-r006-live""}"
"urn:uuid:d8bee69e-2232-5326-b3a2-fcb197e3c814","lebl.ra.term.ledger.lebl-term-0040.id-id","urn:uuid:4f7fde24-0abc-59c3-8dae-fb02da2948cd","id","id-ID","injektif","[""satu-ke-satu""]","[]","[""urn:uuid:2985f369-c946-5392-be8c-902d3c9215b2""]","formal","[{""locator"":""backend/production/v0.3/inputs/TERMINOLOGY.csv:LEBL-TERM-0040"",""sha256"":""sha256:0bcf3e6e2c0a2c03666dade623d9715fe730882cddf5b7db2e4062c02ef0f785""}]","urn:uuid:a0273f1c-6fad-54c7-a75a-32a5161da656","active","LEBL-TERM-0040","injective","admitted","{""concept_id"":""concept.function.injective"",""evidence"":""R006 ch-vol1-intro.tex"",""notes"":"""",""preferred_id"":""injektif"",""register"":""formal"",""rejected_id"":"""",""resource_scope"":""R006"",""source_term"":""injective"",""status"":""admitted"",""term_id"":""LEBL-TERM-0040"",""variants_id"":""satu-ke-satu""}","{""concept_id"":""urn:uuid:4f7fde24-0abc-59c3-8dae-fb02da2948cd"",""evidence"":[{""locator"":""backend/production/v0.3/inputs/TERMINOLOGY.csv:LEBL-TERM-0040"",""sha256"":""sha256:0bcf3e6e2c0a2c03666dade623d9715fe730882cddf5b7db2e4062c02ef0f785""}],""examples"":[],""id"":""urn:uuid:d8bee69e-2232-5326-b3a2-fcb197e3c814"",""language"":""id"",""ledger_binding"":{""concept_id"":""concept.function.injective"",""evidence"":""R006 ch-vol1-intro.tex"",""notes"":"""",""preferred_id"":""injektif"",""register"":""formal"",""rejected_id"":"""",""resource_scope"":""R006"",""source_term"":""injective"",""status"":""admitted"",""term_id"":""LEBL-TERM-0040"",""variants_id"":""satu-ke-satu""},""locale"":""id-ID"",""preferred"":""injektif"",""record_type"":""term"",""recorded_at"":""2026-08-21T00:00:00Z"",""register"":""formal"",""rejected_forms"":[],""rights_id"":""urn:uuid:a0273f1c-6fad-54c7-a75a-32a5161da656"",""schema_name"":""lebl.backend.record"",""schema_version"":""0.3.0"",""scope_ids"":[""urn:uuid:2985f369-c946-5392-be8c-902d3c9215b2""],""semantic_aliases"":[],""semantic_key"":""lebl.ra.term.ledger.lebl-term-0040.id-id"",""status"":""active"",""supersedes_id"":null,""variants"":[""satu-ke-satu""],""workflow_id"":""01a01f57-a34b-7740-9717-596b8116910c/backend-production-v0.3-r006-live""}"
"urn:uuid:e7ed287f-ba7e-5b9f-9c90-cb4c2d7e5294","lebl.ra.term.ledger.lebl-term-0265.id-id","urn:uuid:e9014f52-bcd3-58a7-b4ea-58fab88ae33e","id","id-ID","integral Darboux","[]","[]","[""urn:uuid:2985f369-c946-5392-be8c-902d3c9215b2""]","formal","[{""locator"":""backend/production/v0.3/inputs/TERMINOLOGY.csv:LEBL-TERM-0265"",""sha256"":""sha256:16863ef4d23706ef42bc3e03fbf9b4983140a8904bd33740bea1151f4947c0a8""}]","urn:uuid:a0273f1c-6fad-54c7-a75a-32a5161da656","active","LEBL-TERM-0265","Darboux integral","admitted","{""concept_id"":""concept.integration.darboux-integral"",""evidence"":""R006 ch-riemann.tex"",""notes"":"""",""preferred_id"":""integral Darboux"",""register"":""formal"",""rejected_id"":"""",""resource_scope"":""R006"",""source_term"":""Darboux integral"",""status"":""admitted"",""term_id"":""LEBL-TERM-0265"",""variants_id"":""""}","{""concept_id"":""urn:uuid:e9014f52-bcd3-58a7-b4ea-58fab88ae33e"",""evidence"":[{""locator"":""backend/production/v0.3/inputs/TERMINOLOGY.csv:LEBL-TERM-0265"",""sha256"":""sha256:16863ef4d23706ef42bc3e03fbf9b4983140a8904bd33740bea1151f4947c0a8""}],""examples"":[],""id"":""urn:uuid:e7ed287f-ba7e-5b9f-9c90-cb4c2d7e5294"",""language"":""id"",""ledger_binding"":{""concept_id"":""concept.integration.darboux-integral"",""evidence"":""R006 ch-riemann.tex"",""notes"":"""",""preferred_id"":""integral Darboux"",""register"":""formal"",""rejected_id"":"""",""resource_scope"":""R006"",""source_term"":""Darboux integral"",""status"":""admitted"",""term_id"":""LEBL-TERM-0265"",""variants_id"":""""},""locale"":""id-ID"",""preferred"":""integral Darboux"",""record_type"":""term"",""recorded_at"":""2026-08-21T00:00:00Z"",""register"":""formal"",""rejected_forms"":[],""rights_id"":""urn:uuid:a0273f1c-6fad-54c7-a75a-32a5161da656"",""schema_name"":""lebl.backend.record"",""schema_version"":""0.3.0"",""scope_ids"":[""urn:uuid:2985f369-c946-5392-be8c-902d3c9215b2""],""semantic_aliases"":[],""semantic_key"":""lebl.ra.term.ledger.lebl-term-0265.id-id"",""status"":""active"",""supersedes_id"":null,""variants"":[],""workflow_id"":""01a01f57-a34b-7740-9717-596b8116910c/backend-production-v0.3-r006-live""}"
"urn:uuid:1887752f-15ac-5367-a41b-b9971d1b3c66","lebl.ra.term.ledger.lebl-term-0270.id-id","urn:uuid:db117be0-9d03-5b6f-9f5c-8636d6ced17f","id","id-ID","integral Darboux atas","[]","[]","[""urn:uuid:2985f369-c946-5392-be8c-902d3c9215b2""]","formal","[{""locator"":""backend/production/v0.3/inputs/TERMINOLOGY.csv:LEBL-TERM-0270"",""sha256"":""sha256:fcd1a533fec9829152ad6120dab180bd0e0b91ff5aa401c49df0e8ad6742e472""}]","urn:uuid:a0273f1c-6fad-54c7-a75a-32a5161da656","active","LEBL-TERM-0270","upper Darboux integral","admitted","{""concept_id"":""concept.integration.upper-darboux-integral"",""evidence"":""R006 ch-riemann.tex"",""notes"":"""",""preferred_id"":""integral Darboux atas"",""register"":""formal"",""rejected_id"":"""",""resource_scope"":""R006"",""source_term"":""upper Darboux integral"",""status"":""admitted"",""term_id"":""LEBL-TERM-0270"",""variants_id"":""""}","{""concept_id"":""urn:uuid:db117be0-9d03-5b6f-9f5c-8636d6ced17f"",""evidence"":[{""locator"":""backend/production/v0.3/inputs/TERMINOLOGY.csv:LEBL-TERM-0270"",""sha256"":""sha256:fcd1a533fec9829152ad6120dab180bd0e0b91ff5aa401c49df0e8ad6742e472""}],""examples"":[],""id"":""urn:uuid:1887752f-15ac-5367-a41b-b9971d1b3c66"",""language"":""id"",""ledger_binding"":{""concept_id"":""concept.integration.upper-darboux-integral"",""evidence"":""R006 ch-riemann.tex"",""notes"":"""",""preferred_id"":""integral Darboux atas"",""register"":""formal"",""rejected_id"":"""",""resource_scope"":""R006"",""source_term"":""upper Darboux integral"",""status"":""admitted"",""term_id"":""LEBL-TERM-0270"",""variants_id"":""""},""locale"":""id-ID"",""preferred"":""integral Darboux atas"",""record_type"":""term"",""recorded_at"":""2026-08-21T00:00:00Z"",""register"":""formal"",""rejected_forms"":[],""rights_id"":""urn:uuid:a0273f1c-6fad-54c7-a75a-32a5161da656"",""schema_name"":""lebl.backend.record"",""schema_version"":""0.3.0"",""scope_ids"":[""urn:uuid:2985f369-c946-5392-be8c-902d3c9215b2""],""semantic_aliases"":[],""semantic_key"":""lebl.ra.term.ledger.lebl-term-0270.id-id"",""status"":""active"",""supersedes_id"":null,""variants"":[],""workflow_id"":""01a01f57-a34b-7740-9717-596b8116910c/backend-production-v0.3-r006-live""}"
"urn:uuid:2f7eac1a-4820-5871-9f3c-f0207079dc4b","lebl.ra.term.ledger.lebl-term-0269.id-id","urn:uuid:58f6bf0c-a97d-5a59-b20c-d2d4b0baeb9b","id","id-ID","integral Darboux bawah","[]","[]","[""urn:uuid:2985f369-c946-5392-be8c-902d3c9215b2""]","formal","[{""locator"":""backend/production/v0.3/inputs/TERMINOLOGY.csv:LEBL-TERM-0269"",""sha256"":""sha256:5bbef1dbb3d59574feab5aeed44580c9dfff5a86732bbecdedacf5efedd2283d""}]","urn:uuid:a0273f1c-6fad-54c7-a75a-32a5161da656","active","LEBL-TERM-0269","lower Darboux integral","admitted","{""concept_id"":""concept.integration.lower-darboux-integral"",""evidence"":""R006 ch-riemann.tex"",""notes"":"""",""preferred_id"":""integral Darboux bawah"",""register"":""formal"",""rejected_id"":"""",""resource_scope"":""R006"",""source_term"":""lower Darboux integral"",""status"":""admitted"",""term_id"":""LEBL-TERM-0269"",""variants_id"":""""}","{""concept_id"":""urn:uuid:58f6bf0c-a97d-5a59-b20c-d2d4b0baeb9b"",""evidence"":[{""locator"":""backend/production/v0.3/inputs/TERMINOLOGY.csv:LEBL-TERM-0269"",""sha256"":""sha256:5bbef1dbb3d59574feab5aeed44580c9dfff5a86732bbecdedacf5efedd2283d""}],""examples"":[],""id"":""urn:uuid:2f7eac1a-4820-5871-9f3c-f0207079dc4b"",""language"":""id"",""ledger_binding"":{""concept_id"":""concept.integration.lower-darboux-integral"",""evidence"":""R006 ch-riemann.tex"",""notes"":"""",""preferred_id"":""integral Darboux bawah"",""register"":""formal"",""rejected_id"":"""",""resource_scope"":""R006"",""source_term"":""lower Darboux integral"",""status"":""admitted"",""term_id"":""LEBL-TERM-0269"",""variants_id"":""""},""locale"":""id-ID"",""preferred"":""integral Darboux bawah"",""record_type"":""term"",""recorded_at"":""2026-08-21T00:00:00Z"",""register"":""formal"",""rejected_forms"":[],""rights_id"":""urn:uuid:a0273f1c-6fad-54c7-a75a-32a5161da656"",""schema_name"":""lebl.backend.record"",""schema_version"":""0.3.0"",""scope_ids"":[""urn:uuid:2985f369-c946-5392-be8c-902d3c9215b2""],""semantic_aliases"":[],""semantic_key"":""lebl.ra.term.ledger.lebl-term-0269.id-id"",""status"":""active"",""supersedes_id"":null,""variants"":[],""workflow_id"":""01a01f57-a34b-7740-9717-596b8116910c/backend-production-v0.3-r006-live""}"
"urn:uuid:1a6b5c3a-9f20-53a5-a76a-062bae76d628","lebl.ra.term.ledger.lebl-term-0263.id-id","urn:uuid:0992da6a-5c0c-5c8c-b98b-43a1059400cb","id","id-ID","integral Riemann","[]","[]","[""urn:uuid:2985f369-c946-5392-be8c-902d3c9215b2""]","formal","[{""locator"":""backend/production/v0.3/inputs/TERMINOLOGY.csv:LEBL-TERM-0263"",""sha256"":""sha256:51d523e0de35114b52071a96257f4315c8975aa605a33876caff2918d16d996c""}]","urn:uuid:a0273f1c-6fad-54c7-a75a-32a5161da656","active","LEBL-TERM-0263","Riemann integral","admitted","{""concept_id"":""concept.integration.riemann-integral"",""evidence"":""R006 ch-riemann.tex"",""notes"":"""",""preferred_id"":""integral Riemann"",""register"":""formal"",""rejected_id"":"""",""resource_scope"":""R006"",""source_term"":""Riemann integral"",""status"":""admitted"",""term_id"":""LEBL-TERM-0263"",""variants_id"":""""}","{""concept_id"":""urn:uuid:0992da6a-5c0c-5c8c-b98b-43a1059400cb"",""evidence"":[{""locator"":""backend/production/v0.3/inputs/TERMINOLOGY.csv:LEBL-TERM-0263"",""sha256"":""sha256:51d523e0de35114b52071a96257f4315c8975aa605a33876caff2918d16d996c""}],""examples"":[],""id"":""urn:uuid:1a6b5c3a-9f20-53a5-a76a-062bae76d628"",""language"":""id"",""ledger_binding"":{""concept_id"":""concept.integration.riemann-integral"",""evidence"":""R006 ch-riemann.tex"",""notes"":"""",""preferred_id"":""integral Riemann"",""register"":""formal"",""rejected_id"":"""",""resource_scope"":""R006"",""source_term"":""Riemann integral"",""status"":""admitted"",""term_id"":""LEBL-TERM-0263"",""variants_id"":""""},""locale"":""id-ID"",""preferred"":""integral Riemann"",""record_type"":""term"",""recorded_at"":""2026-08-21T00:00:00Z"",""register"":""formal"",""rejected_forms"":[],""rights_id"":""urn:uuid:a0273f1c-6fad-54c7-a75a-32a5161da656"",""schema_name"":""lebl.backend.record"",""schema_version"":""0.3.0"",""scope_ids"":[""urn:uuid:2985f369-c946-5392-be8c-902d3c9215b2""],""semantic_aliases"":[],""semantic_key"":""lebl.ra.term.ledger.lebl-term-0263.id-id"",""status"":""active"",""supersedes_id"":null,""variants"":[],""workflow_id"":""01a01f57-a34b-7740-9717-596b8116910c/backend-production-v0.3-r006-live""}"
"urn:uuid:e87ae62e-301f-5e1e-a6a3-70dec0f1c4e8","lebl.ra.term.ledger.lebl-term-0289.id-id","urn:uuid:6fab0f57-c7e2-5b69-8825-450c6591210d","id","id-ID","integral tak wajar","[]","[]","[""urn:uuid:2985f369-c946-5392-be8c-902d3c9215b2""]","formal","[{""locator"":""backend/production/v0.3/inputs/TERMINOLOGY.csv:LEBL-TERM-0289"",""sha256"":""sha256:c3ae2069da3875596daed52867f3830e7d511733c30456573b11bb1dedb68ffb""}]","urn:uuid:a0273f1c-6fad-54c7-a75a-32a5161da656","active","LEBL-TERM-0289","improper integral","admitted","{""concept_id"":""concept.integration.improper-integral"",""evidence"":""R006 ch-riemann.tex"",""notes"":"""",""preferred_id"":""integral tak wajar"",""register"":""formal"",""rejected_id"":"""",""resource_scope"":""R006"",""source_term"":""improper integral"",""status"":""admitted"",""term_id"":""LEBL-TERM-0289"",""variants_id"":""""}","{""concept_id"":""urn:uuid:6fab0f57-c7e2-5b69-8825-450c6591210d"",""evidence"":[{""locator"":""backend/production/v0.3/inputs/TERMINOLOGY.csv:LEBL-TERM-0289"",""sha256"":""sha256:c3ae2069da3875596daed52867f3830e7d511733c30456573b11bb1dedb68ffb""}],""examples"":[],""id"":""urn:uuid:e87ae62e-301f-5e1e-a6a3-70dec0f1c4e8"",""language"":""id"",""ledger_binding"":{""concept_id"":""concept.integration.improper-integral"",""evidence"":""R006 ch-riemann.tex"",""notes"":"""",""preferred_id"":""integral tak wajar"",""register"":""formal"",""rejected_id"":"""",""resource_scope"":""R006"",""source_term"":""improper integral"",""status"":""admitted"",""term_id"":""LEBL-TERM-0289"",""variants_id"":""""},""locale"":""id-ID"",""preferred"":""integral tak wajar"",""record_type"":""term"",""recorded_at"":""2026-08-21T00:00:00Z"",""register"":""formal"",""rejected_forms"":[],""rights_id"":""urn:uuid:a0273f1c-6fad-54c7-a75a-32a5161da656"",""schema_name"":""lebl.backend.record"",""schema_version"":""0.3.0"",""scope_ids"":[""urn:uuid:2985f369-c946-5392-be8c-902d3c9215b2""],""semantic_aliases"":[],""semantic_key"":""lebl.ra.term.ledger.lebl-term-0289.id-id"",""status"":""active"",""supersedes_id"":null,""variants"":[],""workflow_id"":""01a01f57-a34b-7740-9717-596b8116910c/backend-production-v0.3-r006-live""}"
"urn:uuid:8c54d4c4-749b-52f4-a2ff-8b7eeffd5708","lebl.ra.term.ledger.lebl-term-0283.id-id","urn:uuid:33a47bf1-de91-5f88-8b1c-aa95dcd7a724","id","id-ID","integrasi parsial","[]","[]","[""urn:uuid:2985f369-c946-5392-be8c-902d3c9215b2""]","formal","[{""locator"":""backend/production/v0.3/inputs/TERMINOLOGY.csv:LEBL-TERM-0283"",""sha256"":""sha256:c5358c079bc4ea2ba01201be69cbc1e1d5dc509e075647efd2bb6e5085d24767""}]","urn:uuid:a0273f1c-6fad-54c7-a75a-32a5161da656","active","LEBL-TERM-0283","integration by parts","admitted","{""concept_id"":""concept.integration.integration-by-parts"",""evidence"":""R006 ch-riemann.tex"",""notes"":"""",""preferred_id"":""integrasi parsial"",""register"":""formal"",""rejected_id"":"""",""resource_scope"":""R006"",""source_term"":""integration by parts"",""status"":""admitted"",""term_id"":""LEBL-TERM-0283"",""variants_id"":""""}","{""concept_id"":""urn:uuid:33a47bf1-de91-5f88-8b1c-aa95dcd7a724"",""evidence"":[{""locator"":""backend/production/v0.3/inputs/TERMINOLOGY.csv:LEBL-TERM-0283"",""sha256"":""sha256:c5358c079bc4ea2ba01201be69cbc1e1d5dc509e075647efd2bb6e5085d24767""}],""examples"":[],""id"":""urn:uuid:8c54d4c4-749b-52f4-a2ff-8b7eeffd5708"",""language"":""id"",""ledger_binding"":{""concept_id"":""concept.integration.integration-by-parts"",""evidence"":""R006 ch-riemann.tex"",""notes"":"""",""preferred_id"":""integrasi parsial"",""register"":""formal"",""rejected_id"":"""",""resource_scope"":""R006"",""source_term"":""integration by parts"",""status"":""admitted"",""term_id"":""LEBL-TERM-0283"",""variants_id"":""""},""locale"":""id-ID"",""preferred"":""integrasi parsial"",""record_type"":""term"",""recorded_at"":""2026-08-21T00:00:00Z"",""register"":""formal"",""rejected_forms"":[],""rights_id"":""urn:uuid:a0273f1c-6fad-54c7-a75a-32a5161da656"",""schema_name"":""lebl.backend.record"",""schema_version"":""0.3.0"",""scope_ids"":[""urn:uuid:2985f369-c946-5392-be8c-902d3c9215b2""],""semantic_aliases"":[],""semantic_key"":""lebl.ra.term.ledger.lebl-term-0283.id-id"",""status"":""active"",""supersedes_id"":null,""variants"":[],""workflow_id"":""01a01f57-a34b-7740-9717-596b8116910c/backend-production-v0.3-r006-live""}"
"urn:uuid:15446605-c33e-5c2d-a158-4bbbd5cadc82","lebl.ra.term.ledger.lebl-term-0095.id-id","urn:uuid:a861f623-98af-5d6e-9edc-3be48571a332","id","id-ID","interval setengah terbuka","[]","[]","[""urn:uuid:2985f369-c946-5392-be8c-902d3c9215b2""]","formal","[{""locator"":""backend/production/v0.3/inputs/TERMINOLOGY.csv:LEBL-TERM-0095"",""sha256"":""sha256:c390c178d1ba047524c9cb4fc475626f5fd699dbfbbcc06c11e68421e1ebbd34""}]","urn:uuid:a0273f1c-6fad-54c7-a75a-32a5161da656","active","LEBL-TERM-0095","half-open interval","admitted","{""concept_id"":""concept.interval.half-open"",""evidence"":""R006 ch-real-nums.tex"",""notes"":"""",""preferred_id"":""interval setengah terbuka"",""register"":""formal"",""rejected_id"":"""",""resource_scope"":""R006"",""source_term"":""half-open interval"",""status"":""admitted"",""term_id"":""LEBL-TERM-0095"",""variants_id"":""""}","{""concept_id"":""urn:uuid:a861f623-98af-5d6e-9edc-3be48571a332"",""evidence"":[{""locator"":""backend/production/v0.3/inputs/TERMINOLOGY.csv:LEBL-TERM-0095"",""sha256"":""sha256:c390c178d1ba047524c9cb4fc475626f5fd699dbfbbcc06c11e68421e1ebbd34""}],""examples"":[],""id"":""urn:uuid:15446605-c33e-5c2d-a158-4bbbd5cadc82"",""language"":""id"",""ledger_binding"":{""concept_id"":""concept.interval.half-open"",""evidence"":""R006 ch-real-nums.tex"",""notes"":"""",""preferred_id"":""interval setengah terbuka"",""register"":""formal"",""rejected_id"":"""",""resource_scope"":""R006"",""source_term"":""half-open interval"",""status"":""admitted"",""term_id"":""LEBL-TERM-0095"",""variants_id"":""""},""locale"":""id-ID"",""preferred"":""interval setengah terbuka"",""record_type"":""term"",""recorded_at"":""2026-08-21T00:00:00Z"",""register"":""formal"",""rejected_forms"":[],""rights_id"":""urn:uuid:a0273f1c-6fad-54c7-a75a-32a5161da656"",""schema_name"":""lebl.backend.record"",""schema_version"":""0.3.0"",""scope_ids"":[""urn:uuid:2985f369-c946-5392-be8c-902d3c9215b2""],""semantic_aliases"":[],""semantic_key"":""lebl.ra.term.ledger.lebl-term-0095.id-id"",""status"":""active"",""supersedes_id"":null,""variants"":[],""workflow_id"":""01a01f57-a34b-7740-9717-596b8116910c/backend-production-v0.3-r006-live""}"
"urn:uuid:b7f12eff-2916-5458-88e8-3d7060d9d693","lebl.ra.term.ledger.lebl-term-0097.id-id","urn:uuid:f21f002e-a964-52ef-9720-268df0435666","id","id-ID","interval tak terbatas","[]","[]","[""urn:uuid:2985f369-c946-5392-be8c-902d3c9215b2""]","formal","[{""locator"":""backend/production/v0.3/inputs/TERMINOLOGY.csv:LEBL-TERM-0097"",""sha256"":""sha256:5bf754843d6d8c85603eb0429ec45fdf7007541bc80bed6d187e0ad032e4a4c7""}]","urn:uuid:a0273f1c-6fad-54c7-a75a-32a5161da656","active","LEBL-TERM-0097","unbounded interval","admitted","{""concept_id"":""concept.interval.unbounded"",""evidence"":""R006 ch-real-nums.tex"",""notes"":"""",""preferred_id"":""interval tak terbatas"",""register"":""formal"",""rejected_id"":"""",""resource_scope"":""R006"",""source_term"":""unbounded interval"",""status"":""admitted"",""term_id"":""LEBL-TERM-0097"",""variants_id"":""""}","{""concept_id"":""urn:uuid:f21f002e-a964-52ef-9720-268df0435666"",""evidence"":[{""locator"":""backend/production/v0.3/inputs/TERMINOLOGY.csv:LEBL-TERM-0097"",""sha256"":""sha256:5bf754843d6d8c85603eb0429ec45fdf7007541bc80bed6d187e0ad032e4a4c7""}],""examples"":[],""id"":""urn:uuid:b7f12eff-2916-5458-88e8-3d7060d9d693"",""language"":""id"",""ledger_binding"":{""concept_id"":""concept.interval.unbounded"",""evidence"":""R006 ch-real-nums.tex"",""notes"":"""",""preferred_id"":""interval tak terbatas"",""register"":""formal"",""rejected_id"":"""",""resource_scope"":""R006"",""source_term"":""unbounded interval"",""status"":""admitted"",""term_id"":""LEBL-TERM-0097"",""variants_id"":""""},""locale"":""id-ID"",""preferred"":""interval tak terbatas"",""record_type"":""term"",""recorded_at"":""2026-08-21T00:00:00Z"",""register"":""formal"",""rejected_forms"":[],""rights_id"":""urn:uuid:a0273f1c-6fad-54c7-a75a-32a5161da656"",""schema_name"":""lebl.backend.record"",""schema_version"":""0.3.0"",""scope_ids"":[""urn:uuid:2985f369-c946-5392-be8c-902d3c9215b2""],""semantic_aliases"":[],""semantic_key"":""lebl.ra.term.ledger.lebl-term-0097.id-id"",""status"":""active"",""supersedes_id"":null,""variants"":[],""workflow_id"":""01a01f57-a34b-7740-9717-596b8116910c/backend-production-v0.3-r006-live""}"
"urn:uuid:1cf89d4a-8714-5261-8bf6-2128d93b5033","lebl.ra.term.ledger.lebl-term-0096.id-id","urn:uuid:58777880-a68a-5e42-abf6-4c006874e40d","id","id-ID","interval terbatas","[]","[]","[""urn:uuid:2985f369-c946-5392-be8c-902d3c9215b2""]","formal","[{""locator"":""backend/production/v0.3/inputs/TERMINOLOGY.csv:LEBL-TERM-0096"",""sha256"":""sha256:52e6a6d11ae5d991a54660e7103ebe8dc6ffa86daad975b5aa0735d95d14774d""}]","urn:uuid:a0273f1c-6fad-54c7-a75a-32a5161da656","active","LEBL-TERM-0096","bounded interval","admitted","{""concept_id"":""concept.interval.bounded"",""evidence"":""R006 ch-real-nums.tex"",""notes"":"""",""preferred_id"":""interval terbatas"",""register"":""formal"",""rejected_id"":"""",""resource_scope"":""R006"",""source_term"":""bounded interval"",""status"":""admitted"",""term_id"":""LEBL-TERM-0096"",""variants_id"":""""}","{""concept_id"":""urn:uuid:58777880-a68a-5e42-abf6-4c006874e40d"",""evidence"":[{""locator"":""backend/production/v0.3/inputs/TERMINOLOGY.csv:LEBL-TERM-0096"",""sha256"":""sha256:52e6a6d11ae5d991a54660e7103ebe8dc6ffa86daad975b5aa0735d95d14774d""}],""examples"":[],""id"":""urn:uuid:1cf89d4a-8714-5261-8bf6-2128d93b5033"",""language"":""id"",""ledger_binding"":{""concept_id"":""concept.interval.bounded"",""evidence"":""R006 ch-real-nums.tex"",""notes"":"""",""preferred_id"":""interval terbatas"",""register"":""formal"",""rejected_id"":"""",""resource_scope"":""R006"",""source_term"":""bounded interval"",""status"":""admitted"",""term_id"":""LEBL-TERM-0096"",""variants_id"":""""},""locale"":""id-ID"",""preferred"":""interval terbatas"",""record_type"":""term"",""recorded_at"":""2026-08-21T00:00:00Z"",""register"":""formal"",""rejected_forms"":[],""rights_id"":""urn:uuid:a0273f1c-6fad-54c7-a75a-32a5161da656"",""schema_name"":""lebl.backend.record"",""schema_version"":""0.3.0"",""scope_ids"":[""urn:uuid:2985f369-c946-5392-be8c-902d3c9215b2""],""semantic_aliases"":[],""semantic_key"":""lebl.ra.term.ledger.lebl-term-0096.id-id"",""status"":""active"",""supersedes_id"":null,""variants"":[],""workflow_id"":""01a01f57-a34b-7740-9717-596b8116910c/backend-production-v0.3-r006-live""}"
"urn:uuid:b6a01761-693b-5856-b021-4dbb0f3047d7","lebl.ra.term.ledger.lebl-term-0093.id-id","urn:uuid:cd6e405e-27b9-5cda-aa72-9e63eb8025e7","id","id-ID","interval terbuka","[]","[]","[""urn:uuid:2985f369-c946-5392-be8c-902d3c9215b2""]","formal","[{""locator"":""backend/production/v0.3/inputs/TERMINOLOGY.csv:LEBL-TERM-0093"",""sha256"":""sha256:bc46000945934dde2263d04e7068b5047782ec2b943cef9e67e776feef4920c5""}]","urn:uuid:a0273f1c-6fad-54c7-a75a-32a5161da656","active","LEBL-TERM-0093","open interval","admitted","{""concept_id"":""concept.interval.open"",""evidence"":""R006 ch-real-nums.tex"",""notes"":"""",""preferred_id"":""interval terbuka"",""register"":""formal"",""rejected_id"":"""",""resource_scope"":""R006"",""source_term"":""open interval"",""status"":""admitted"",""term_id"":""LEBL-TERM-0093"",""variants_id"":""""}","{""concept_id"":""urn:uuid:cd6e405e-27b9-5cda-aa72-9e63eb8025e7"",""evidence"":[{""locator"":""backend/production/v0.3/inputs/TERMINOLOGY.csv:LEBL-TERM-0093"",""sha256"":""sha256:bc46000945934dde2263d04e7068b5047782ec2b943cef9e67e776feef4920c5""}],""examples"":[],""id"":""urn:uuid:b6a01761-693b-5856-b021-4dbb0f3047d7"",""language"":""id"",""ledger_binding"":{""concept_id"":""concept.interval.open"",""evidence"":""R006 ch-real-nums.tex"",""notes"":"""",""preferred_id"":""interval terbuka"",""register"":""formal"",""rejected_id"":"""",""resource_scope"":""R006"",""source_term"":""open interval"",""status"":""admitted"",""term_id"":""LEBL-TERM-0093"",""variants_id"":""""},""locale"":""id-ID"",""preferred"":""interval terbuka"",""record_type"":""term"",""recorded_at"":""2026-08-21T00:00:00Z"",""register"":""formal"",""rejected_forms"":[],""rights_id"":""urn:uuid:a0273f1c-6fad-54c7-a75a-32a5161da656"",""schema_name"":""lebl.backend.record"",""schema_version"":""0.3.0"",""scope_ids"":[""urn:uuid:2985f369-c946-5392-be8c-902d3c9215b2""],""semantic_aliases"":[],""semantic_key"":""lebl.ra.term.ledger.lebl-term-0093.id-id"",""status"":""active"",""supersedes_id"":null,""variants"":[],""workflow_id"":""01a01f57-a34b-7740-9717-596b8116910c/backend-production-v0.3-r006-live""}"
"urn:uuid:174d95b3-0c64-5f32-8461-c2022dcfdeee","lebl.ra.term.ledger.lebl-term-0094.id-id","urn:uuid:a62ff359-7bde-503f-a42e-0219ea0f568d","id","id-ID","interval tertutup","[]","[]","[""urn:uuid:2985f369-c946-5392-be8c-902d3c9215b2""]","formal","[{""locator"":""backend/production/v0.3/inputs/TERMINOLOGY.csv:LEBL-TERM-0094"",""sha256"":""sha256:afec6fddfc698df786a2f64af5979920cbefcf4c350ad2ee233476cf385be88d""}]","urn:uuid:a0273f1c-6fad-54c7-a75a-32a5161da656","active","LEBL-TERM-0094","closed interval","admitted","{""concept_id"":""concept.interval.closed"",""evidence"":""R006 ch-real-nums.tex"",""notes"":"""",""preferred_id"":""interval tertutup"",""register"":""formal"",""rejected_id"":"""",""resource_scope"":""R006"",""source_term"":""closed interval"",""status"":""admitted"",""term_id"":""LEBL-TERM-0094"",""variants_id"":""""}","{""concept_id"":""urn:uuid:a62ff359-7bde-503f-a42e-0219ea0f568d"",""evidence"":[{""locator"":""backend/production/v0.3/inputs/TERMINOLOGY.csv:LEBL-TERM-0094"",""sha256"":""sha256:afec6fddfc698df786a2f64af5979920cbefcf4c350ad2ee233476cf385be88d""}],""examples"":[],""id"":""urn:uuid:174d95b3-0c64-5f32-8461-c2022dcfdeee"",""language"":""id"",""ledger_binding"":{""concept_id"":""concept.interval.closed"",""evidence"":""R006 ch-real-nums.tex"",""notes"":"""",""preferred_id"":""interval tertutup"",""register"":""formal"",""rejected_id"":"""",""resource_scope"":""R006"",""source_term"":""closed interval"",""status"":""admitted"",""term_id"":""LEBL-TERM-0094"",""variants_id"":""""},""locale"":""id-ID"",""preferred"":""interval tertutup"",""record_type"":""term"",""recorded_at"":""2026-08-21T00:00:00Z"",""register"":""formal"",""rejected_forms"":[],""rights_id"":""urn:uuid:a0273f1c-6fad-54c7-a75a-32a5161da656"",""schema_name"":""lebl.backend.record"",""schema_version"":""0.3.0"",""scope_ids"":[""urn:uuid:2985f369-c946-5392-be8c-902d3c9215b2""],""semantic_aliases"":[],""semantic_key"":""lebl.ra.term.ledger.lebl-term-0094.id-id"",""status"":""active"",""supersedes_id"":null,""variants"":[],""workflow_id"":""01a01f57-a34b-7740-9717-596b8116910c/backend-production-v0.3-r006-live""}"
"urn:uuid:5bb3c627-186f-577c-a10c-1c8522df5c18","lebl.ra.term.ledger.lebl-term-0081.id-id","urn:uuid:63e6ec00-8129-5969-b1d4-6a759d07391c","id","id-ID","irasional","[]","[]","[""urn:uuid:2985f369-c946-5392-be8c-902d3c9215b2""]","formal","[{""locator"":""backend/production/v0.3/inputs/TERMINOLOGY.csv:LEBL-TERM-0081"",""sha256"":""sha256:690e422e5db3e0fdde85c31440368f8e81786c302e3a459792b56997e6c9a876""}]","urn:uuid:a0273f1c-6fad-54c7-a75a-32a5161da656","active","LEBL-TERM-0081","irrational","admitted","{""concept_id"":""concept.number.irrational"",""evidence"":""R006 ch-real-nums.tex"",""notes"":"""",""preferred_id"":""irasional"",""register"":""formal"",""rejected_id"":"""",""resource_scope"":""R006"",""source_term"":""irrational"",""status"":""admitted"",""term_id"":""LEBL-TERM-0081"",""variants_id"":""""}","{""concept_id"":""urn:uuid:63e6ec00-8129-5969-b1d4-6a759d07391c"",""evidence"":[{""locator"":""backend/production/v0.3/inputs/TERMINOLOGY.csv:LEBL-TERM-0081"",""sha256"":""sha256:690e422e5db3e0fdde85c31440368f8e81786c302e3a459792b56997e6c9a876""}],""examples"":[],""id"":""urn:uuid:5bb3c627-186f-577c-a10c-1c8522df5c18"",""language"":""id"",""ledger_binding"":{""concept_id"":""concept.number.irrational"",""evidence"":""R006 ch-real-nums.tex"",""notes"":"""",""preferred_id"":""irasional"",""register"":""formal"",""rejected_id"":"""",""resource_scope"":""R006"",""source_term"":""irrational"",""status"":""admitted"",""term_id"":""LEBL-TERM-0081"",""variants_id"":""""},""locale"":""id-ID"",""preferred"":""irasional"",""record_type"":""term"",""recorded_at"":""2026-08-21T00:00:00Z"",""register"":""formal"",""rejected_forms"":[],""rights_id"":""urn:uuid:a0273f1c-6fad-54c7-a75a-32a5161da656"",""schema_name"":""lebl.backend.record"",""schema_version"":""0.3.0"",""scope_ids"":[""urn:uuid:2985f369-c946-5392-be8c-902d3c9215b2""],""semantic_aliases"":[],""semantic_key"":""lebl.ra.term.ledger.lebl-term-0081.id-id"",""status"":""active"",""supersedes_id"":null,""variants"":[],""workflow_id"":""01a01f57-a34b-7740-9717-596b8116910c/backend-production-v0.3-r006-live""}"
"urn:uuid:5b5ab1c2-74dc-57ac-a92c-a0a6df07a427","lebl.ra.term.ledger.lebl-term-0009.id-id","urn:uuid:cee443de-9af7-52c7-9fa7-38d0f8732296","id","id-ID","irisan","[]","[]","[""urn:uuid:2985f369-c946-5392-be8c-902d3c9215b2""]","formal","[{""locator"":""backend/production/v0.3/inputs/TERMINOLOGY.csv:LEBL-TERM-0009"",""sha256"":""sha256:1c060b6c4b113d6364b52fb7396963e66799e1585a3b70eb99b629c62b69ba08""}]","urn:uuid:a0273f1c-6fad-54c7-a75a-32a5161da656","active","LEBL-TERM-0009","intersection","admitted","{""concept_id"":""concept.set-theory.intersection"",""evidence"":""R006 ch-vol1-intro.tex"",""notes"":"""",""preferred_id"":""irisan"",""register"":""formal"",""rejected_id"":"""",""resource_scope"":""R006"",""source_term"":""intersection"",""status"":""admitted"",""term_id"":""LEBL-TERM-0009"",""variants_id"":""""}","{""concept_id"":""urn:uuid:cee443de-9af7-52c7-9fa7-38d0f8732296"",""evidence"":[{""locator"":""backend/production/v0.3/inputs/TERMINOLOGY.csv:LEBL-TERM-0009"",""sha256"":""sha256:1c060b6c4b113d6364b52fb7396963e66799e1585a3b70eb99b629c62b69ba08""}],""examples"":[],""id"":""urn:uuid:5b5ab1c2-74dc-57ac-a92c-a0a6df07a427"",""language"":""id"",""ledger_binding"":{""concept_id"":""concept.set-theory.intersection"",""evidence"":""R006 ch-vol1-intro.tex"",""notes"":"""",""preferred_id"":""irisan"",""register"":""formal"",""rejected_id"":"""",""resource_scope"":""R006"",""source_term"":""intersection"",""status"":""admitted"",""term_id"":""LEBL-TERM-0009"",""variants_id"":""""},""locale"":""id-ID"",""preferred"":""irisan"",""record_type"":""term"",""recorded_at"":""2026-08-21T00:00:00Z"",""register"":""formal"",""rejected_forms"":[],""rights_id"":""urn:uuid:a0273f1c-6fad-54c7-a75a-32a5161da656"",""schema_name"":""lebl.backend.record"",""schema_version"":""0.3.0"",""scope_ids"":[""urn:uuid:2985f369-c946-5392-be8c-902d3c9215b2""],""semantic_aliases"":[],""semantic_key"":""lebl.ra.term.ledger.lebl-term-0009.id-id"",""status"":""active"",""supersedes_id"":null,""variants"":[],""workflow_id"":""01a01f57-a34b-7740-9717-596b8116910c/backend-production-v0.3-r006-live""}"
"urn:uuid:e3dd92bf-036a-5c59-957a-24d8f3533c47","lebl.ra.term.ledger.lebl-term-0101.id-id","urn:uuid:78c243b2-98b4-5ae5-adc5-8cfe04edd83e","id","id-ID","irisan terhitung","[]","[]","[""urn:uuid:2985f369-c946-5392-be8c-902d3c9215b2""]","formal","[{""locator"":""backend/production/v0.3/inputs/TERMINOLOGY.csv:LEBL-TERM-0101"",""sha256"":""sha256:247839ad1ad7971a22353686c70e53bc87347f26256bec7216ed94ad242c547c""}]","urn:uuid:a0273f1c-6fad-54c7-a75a-32a5161da656","active","LEBL-TERM-0101","countable intersection","admitted","{""concept_id"":""concept.set-theory.countable-intersection"",""evidence"":""R006 ch-real-nums.tex"",""notes"":"""",""preferred_id"":""irisan terhitung"",""register"":""formal"",""rejected_id"":"""",""resource_scope"":""R006"",""source_term"":""countable intersection"",""status"":""admitted"",""term_id"":""LEBL-TERM-0101"",""variants_id"":""""}","{""concept_id"":""urn:uuid:78c243b2-98b4-5ae5-adc5-8cfe04edd83e"",""evidence"":[{""locator"":""backend/production/v0.3/inputs/TERMINOLOGY.csv:LEBL-TERM-0101"",""sha256"":""sha256:247839ad1ad7971a22353686c70e53bc87347f26256bec7216ed94ad242c547c""}],""examples"":[],""id"":""urn:uuid:e3dd92bf-036a-5c59-957a-24d8f3533c47"",""language"":""id"",""ledger_binding"":{""concept_id"":""concept.set-theory.countable-intersection"",""evidence"":""R006 ch-real-nums.tex"",""notes"":"""",""preferred_id"":""irisan terhitung"",""register"":""formal"",""rejected_id"":"""",""resource_scope"":""R006"",""source_term"":""countable intersection"",""status"":""admitted"",""term_id"":""LEBL-TERM-0101"",""variants_id"":""""},""locale"":""id-ID"",""preferred"":""irisan terhitung"",""record_type"":""term"",""recorded_at"":""2026-08-21T00:00:00Z"",""register"":""formal"",""rejected_forms"":[],""rights_id"":""urn:uuid:a0273f1c-6fad-54c7-a75a-32a5161da656"",""schema_name"":""lebl.backend.record"",""schema_version"":""0.3.0"",""scope_ids"":[""urn:uuid:2985f369-c946-5392-be8c-902d3c9215b2""],""semantic_aliases"":[],""semantic_key"":""lebl.ra.term.ledger.lebl-term-0101.id-id"",""status"":""active"",""supersedes_id"":null,""variants"":[],""workflow_id"":""01a01f57-a34b-7740-9717-596b8116910c/backend-production-v0.3-r006-live""}"
"urn:uuid:2ee2d34a-3b41-5f58-a1e5-5138104d38c8","lebl.ra.term.ledger.lebl-term-0313.id-id","urn:uuid:210d25cd-3433-5283-a75f-717258a9170b","id","id-ID","iterasi Picard","[]","[]","[""urn:uuid:2985f369-c946-5392-be8c-902d3c9215b2""]","formal","[{""locator"":""backend/production/v0.3/inputs/TERMINOLOGY.csv:LEBL-TERM-0313"",""sha256"":""sha256:367fb727270a7cf7931070b62667c7722d3127627848c8443e1f51e4fe26e452""}]","urn:uuid:a0273f1c-6fad-54c7-a75a-32a5161da656","active","LEBL-TERM-0313","Picard iteration","admitted","{""concept_id"":""concept.iteration.picard"",""evidence"":""R006 ch-seq-funcs.tex"",""notes"":"""",""preferred_id"":""iterasi Picard"",""register"":""formal"",""rejected_id"":"""",""resource_scope"":""R006"",""source_term"":""Picard iteration"",""status"":""admitted"",""term_id"":""LEBL-TERM-0313"",""variants_id"":""""}","{""concept_id"":""urn:uuid:210d25cd-3433-5283-a75f-717258a9170b"",""evidence"":[{""locator"":""backend/production/v0.3/inputs/TERMINOLOGY.csv:LEBL-TERM-0313"",""sha256"":""sha256:367fb727270a7cf7931070b62667c7722d3127627848c8443e1f51e4fe26e452""}],""examples"":[],""id"":""urn:uuid:2ee2d34a-3b41-5f58-a1e5-5138104d38c8"",""language"":""id"",""ledger_binding"":{""concept_id"":""concept.iteration.picard"",""evidence"":""R006 ch-seq-funcs.tex"",""notes"":"""",""preferred_id"":""iterasi Picard"",""register"":""formal"",""rejected_id"":"""",""resource_scope"":""R006"",""source_term"":""Picard iteration"",""status"":""admitted"",""term_id"":""LEBL-TERM-0313"",""variants_id"":""""},""locale"":""id-ID"",""preferred"":""iterasi Picard"",""record_type"":""term"",""recorded_at"":""2026-08-21T00:00:00Z"",""register"":""formal"",""rejected_forms"":[],""rights_id"":""urn:uuid:a0273f1c-6fad-54c7-a75a-32a5161da656"",""schema_name"":""lebl.backend.record"",""schema_version"":""0.3.0"",""scope_ids"":[""urn:uuid:2985f369-c946-5392-be8c-902d3c9215b2""],""semantic_aliases"":[],""semantic_key"":""lebl.ra.term.ledger.lebl-term-0313.id-id"",""status"":""active"",""supersedes_id"":null,""variants"":[],""workflow_id"":""01a01f57-a34b-7740-9717-596b8116910c/backend-production-v0.3-r006-live""}"
"urn:uuid:32927c38-e5d0-501f-a5c8-130c9dfa92b9","lebl.ra.term.ledger.lebl-term-0314.id-id","urn:uuid:ad29d5a8-66a5-5c2a-a691-8b6671ef544c","id","id-ID","iterat Picard","[]","[]","[""urn:uuid:2985f369-c946-5392-be8c-902d3c9215b2""]","formal","[{""locator"":""backend/production/v0.3/inputs/TERMINOLOGY.csv:LEBL-TERM-0314"",""sha256"":""sha256:cf78b1e79f4394545c48c5f76f9be6625707b05a0bdf97f57a6ecc93a979e9b4""}]","urn:uuid:a0273f1c-6fad-54c7-a75a-32a5161da656","active","LEBL-TERM-0314","Picard iterate","admitted","{""concept_id"":""concept.iterate.picard"",""evidence"":""R006 ch-seq-funcs.tex"",""notes"":"""",""preferred_id"":""iterat Picard"",""register"":""formal"",""rejected_id"":"""",""resource_scope"":""R006"",""source_term"":""Picard iterate"",""status"":""admitted"",""term_id"":""LEBL-TERM-0314"",""variants_id"":""""}","{""concept_id"":""urn:uuid:ad29d5a8-66a5-5c2a-a691-8b6671ef544c"",""evidence"":[{""locator"":""backend/production/v0.3/inputs/TERMINOLOGY.csv:LEBL-TERM-0314"",""sha256"":""sha256:cf78b1e79f4394545c48c5f76f9be6625707b05a0bdf97f57a6ecc93a979e9b4""}],""examples"":[],""id"":""urn:uuid:32927c38-e5d0-501f-a5c8-130c9dfa92b9"",""language"":""id"",""ledger_binding"":{""concept_id"":""concept.iterate.picard"",""evidence"":""R006 ch-seq-funcs.tex"",""notes"":"""",""preferred_id"":""iterat Picard"",""register"":""formal"",""rejected_id"":"""",""resource_scope"":""R006"",""source_term"":""Picard iterate"",""status"":""admitted"",""term_id"":""LEBL-TERM-0314"",""variants_id"":""""},""locale"":""id-ID"",""preferred"":""iterat Picard"",""record_type"":""term"",""recorded_at"":""2026-08-21T00:00:00Z"",""register"":""formal"",""rejected_forms"":[],""rights_id"":""urn:uuid:a0273f1c-6fad-54c7-a75a-32a5161da656"",""schema_name"":""lebl.backend.record"",""schema_version"":""0.3.0"",""scope_ids"":[""urn:uuid:2985f369-c946-5392-be8c-902d3c9215b2""],""semantic_aliases"":[],""semantic_key"":""lebl.ra.term.ledger.lebl-term-0314.id-id"",""status"":""active"",""supersedes_id"":null,""variants"":[],""workflow_id"":""01a01f57-a34b-7740-9717-596b8116910c/backend-production-v0.3-r006-live""}"
"urn:uuid:29c3f791-ab72-5e5d-abb9-d59ba36902fd","lebl.ra.term.ledger.lebl-term-0331.id-id","urn:uuid:db579285-1a8c-5603-b282-34c691c45866","id","id-ID","jarak lingkaran besar","[]","[]","[""urn:uuid:2985f369-c946-5392-be8c-902d3c9215b2""]","formal","[{""locator"":""backend/production/v0.3/inputs/TERMINOLOGY.csv:LEBL-TERM-0331"",""sha256"":""sha256:3a4137004f82351da3fec214a5d6308b2f6d901ec918371ae89d4e0ee1576555""}]","urn:uuid:a0273f1c-6fad-54c7-a75a-32a5161da656","active","LEBL-TERM-0331","great circle distance","admitted","{""concept_id"":""concept.distance.great-circle"",""evidence"":""R006 ch-metric.tex"",""notes"":"""",""preferred_id"":""jarak lingkaran besar"",""register"":""formal"",""rejected_id"":"""",""resource_scope"":""R006"",""source_term"":""great circle distance"",""status"":""admitted"",""term_id"":""LEBL-TERM-0331"",""variants_id"":""""}","{""concept_id"":""urn:uuid:db579285-1a8c-5603-b282-34c691c45866"",""evidence"":[{""locator"":""backend/production/v0.3/inputs/TERMINOLOGY.csv:LEBL-TERM-0331"",""sha256"":""sha256:3a4137004f82351da3fec214a5d6308b2f6d901ec918371ae89d4e0ee1576555""}],""examples"":[],""id"":""urn:uuid:29c3f791-ab72-5e5d-abb9-d59ba36902fd"",""language"":""id"",""ledger_binding"":{""concept_id"":""concept.distance.great-circle"",""evidence"":""R006 ch-metric.tex"",""notes"":"""",""preferred_id"":""jarak lingkaran besar"",""register"":""formal"",""rejected_id"":"""",""resource_scope"":""R006"",""source_term"":""great circle distance"",""status"":""admitted"",""term_id"":""LEBL-TERM-0331"",""variants_id"":""""},""locale"":""id-ID"",""preferred"":""jarak lingkaran besar"",""record_type"":""term"",""recorded_at"":""2026-08-21T00:00:00Z"",""register"":""formal"",""rejected_forms"":[],""rights_id"":""urn:uuid:a0273f1c-6fad-54c7-a75a-32a5161da656"",""schema_name"":""lebl.backend.record"",""schema_version"":""0.3.0"",""scope_ids"":[""urn:uuid:2985f369-c946-5392-be8c-902d3c9215b2""],""semantic_aliases"":[],""semantic_key"":""lebl.ra.term.ledger.lebl-term-0331.id-id"",""status"":""active"",""supersedes_id"":null,""variants"":[],""workflow_id"":""01a01f57-a34b-7740-9717-596b8116910c/backend-production-v0.3-r006-live""}"
"urn:uuid:ed1d3fb2-4783-5ea8-a5d2-ea13c2956306","lebl.ra.term.ledger.lebl-term-0423.id-id","urn:uuid:37ac62fc-1a06-59db-933f-714351332fea","id","id-ID","jarak taksi","[]","[]","[""urn:uuid:2985f369-c946-5392-be8c-902d3c9215b2""]","formal","[{""locator"":""backend/production/v0.3/inputs/TERMINOLOGY.csv:LEBL-TERM-0423"",""sha256"":""sha256:71fd606be49b1e0e5860abc16da2d1edfa822df0823580a87804aea1a0f9e4d4""}]","urn:uuid:a0273f1c-6fad-54c7-a75a-32a5161da656","active","LEBL-TERM-0423","taxicab distance","admitted","{""concept_id"":""concept.distance.taxicab"",""evidence"":""R006 ch-several-vars-ders.tex"",""notes"":"""",""preferred_id"":""jarak taksi"",""register"":""formal"",""rejected_id"":"""",""resource_scope"":""R006"",""source_term"":""taxicab distance"",""status"":""admitted"",""term_id"":""LEBL-TERM-0423"",""variants_id"":""""}","{""concept_id"":""urn:uuid:37ac62fc-1a06-59db-933f-714351332fea"",""evidence"":[{""locator"":""backend/production/v0.3/inputs/TERMINOLOGY.csv:LEBL-TERM-0423"",""sha256"":""sha256:71fd606be49b1e0e5860abc16da2d1edfa822df0823580a87804aea1a0f9e4d4""}],""examples"":[],""id"":""urn:uuid:ed1d3fb2-4783-5ea8-a5d2-ea13c2956306"",""language"":""id"",""ledger_binding"":{""concept_id"":""concept.distance.taxicab"",""evidence"":""R006 ch-several-vars-ders.tex"",""notes"":"""",""preferred_id"":""jarak taksi"",""register"":""formal"",""rejected_id"":"""",""resource_scope"":""R006"",""source_term"":""taxicab distance"",""status"":""admitted"",""term_id"":""LEBL-TERM-0423"",""variants_id"":""""},""locale"":""id-ID"",""preferred"":""jarak taksi"",""record_type"":""term"",""recorded_at"":""2026-08-21T00:00:00Z"",""register"":""formal"",""rejected_forms"":[],""rights_id"":""urn:uuid:a0273f1c-6fad-54c7-a75a-32a5161da656"",""schema_name"":""lebl.backend.record"",""schema_version"":""0.3.0"",""scope_ids"":[""urn:uuid:2985f369-c946-5392-be8c-902d3c9215b2""],""semantic_aliases"":[],""semantic_key"":""lebl.ra.term.ledger.lebl-term-0423.id-id"",""status"":""active"",""supersedes_id"":null,""variants"":[],""workflow_id"":""01a01f57-a34b-7740-9717-596b8116910c/backend-production-v0.3-r006-live""}"
"urn:uuid:971574c5-32b6-5cad-b8c0-2ac74b766632","lebl.ra.term.ledger.lebl-term-0186.id-id","urn:uuid:c5db6a4e-f9c4-5f40-b74f-8bf872f70cb5","id","id-ID","jari-jari konvergensi","[]","[]","[""urn:uuid:2985f369-c946-5392-be8c-902d3c9215b2""]","formal","[{""locator"":""backend/production/v0.3/inputs/TERMINOLOGY.csv:LEBL-TERM-0186"",""sha256"":""sha256:b6b3dedf3acb48c51c5b8c69eab9dfce39100e1e6bb7d5906e521d84b0e89a6e""}]","urn:uuid:a0273f1c-6fad-54c7-a75a-32a5161da656","active","LEBL-TERM-0186","radius of convergence","admitted","{""concept_id"":""concept.series.radius-of-convergence"",""evidence"":""R006 ch-seq-ser.tex"",""notes"":"""",""preferred_id"":""jari-jari konvergensi"",""register"":""formal"",""rejected_id"":"""",""resource_scope"":""R006"",""source_term"":""radius of convergence"",""status"":""admitted"",""term_id"":""LEBL-TERM-0186"",""variants_id"":""""}","{""concept_id"":""urn:uuid:c5db6a4e-f9c4-5f40-b74f-8bf872f70cb5"",""evidence"":[{""locator"":""backend/production/v0.3/inputs/TERMINOLOGY.csv:LEBL-TERM-0186"",""sha256"":""sha256:b6b3dedf3acb48c51c5b8c69eab9dfce39100e1e6bb7d5906e521d84b0e89a6e""}],""examples"":[],""id"":""urn:uuid:971574c5-32b6-5cad-b8c0-2ac74b766632"",""language"":""id"",""ledger_binding"":{""concept_id"":""concept.series.radius-of-convergence"",""evidence"":""R006 ch-seq-ser.tex"",""notes"":"""",""preferred_id"":""jari-jari konvergensi"",""register"":""formal"",""rejected_id"":"""",""resource_scope"":""R006"",""source_term"":""radius of convergence"",""status"":""admitted"",""term_id"":""LEBL-TERM-0186"",""variants_id"":""""},""locale"":""id-ID"",""preferred"":""jari-jari konvergensi"",""record_type"":""term"",""recorded_at"":""2026-08-21T00:00:00Z"",""register"":""formal"",""rejected_forms"":[],""rights_id"":""urn:uuid:a0273f1c-6fad-54c7-a75a-32a5161da656"",""schema_name"":""lebl.backend.record"",""schema_version"":""0.3.0"",""scope_ids"":[""urn:uuid:2985f369-c946-5392-be8c-902d3c9215b2""],""semantic_aliases"":[],""semantic_key"":""lebl.ra.term.ledger.lebl-term-0186.id-id"",""status"":""active"",""supersedes_id"":null,""variants"":[],""workflow_id"":""01a01f57-a34b-7740-9717-596b8116910c/backend-production-v0.3-r006-live""}"
"urn:uuid:9710b115-bd1e-5546-93e2-f30c788f8e5c","lebl.ra.term.ledger.lebl-term-0268.id-id","urn:uuid:ad4ab348-c90b-5049-a484-1aee30b3a800","id","id-ID","jumlah Darboux atas","[]","[]","[""urn:uuid:2985f369-c946-5392-be8c-902d3c9215b2""]","formal","[{""locator"":""backend/production/v0.3/inputs/TERMINOLOGY.csv:LEBL-TERM-0268"",""sha256"":""sha256:f97c8f20018e53e12515144a4752c70799ecc6c841d83a8b6af7c6bb69415b1e""}]","urn:uuid:a0273f1c-6fad-54c7-a75a-32a5161da656","active","LEBL-TERM-0268","upper Darboux sum","admitted","{""concept_id"":""concept.integration.upper-darboux-sum"",""evidence"":""R006 ch-riemann.tex"",""notes"":"""",""preferred_id"":""jumlah Darboux atas"",""register"":""formal"",""rejected_id"":"""",""resource_scope"":""R006"",""source_term"":""upper Darboux sum"",""status"":""admitted"",""term_id"":""LEBL-TERM-0268"",""variants_id"":""""}","{""concept_id"":""urn:uuid:ad4ab348-c90b-5049-a484-1aee30b3a800"",""evidence"":[{""locator"":""backend/production/v0.3/inputs/TERMINOLOGY.csv:LEBL-TERM-0268"",""sha256"":""sha256:f97c8f20018e53e12515144a4752c70799ecc6c841d83a8b6af7c6bb69415b1e""}],""examples"":[],""id"":""urn:uuid:9710b115-bd1e-5546-93e2-f30c788f8e5c"",""language"":""id"",""ledger_binding"":{""concept_id"":""concept.integration.upper-darboux-sum"",""evidence"":""R006 ch-riemann.tex"",""notes"":"""",""preferred_id"":""jumlah Darboux atas"",""register"":""formal"",""rejected_id"":"""",""resource_scope"":""R006"",""source_term"":""upper Darboux sum"",""status"":""admitted"",""term_id"":""LEBL-TERM-0268"",""variants_id"":""""},""locale"":""id-ID"",""preferred"":""jumlah Darboux atas"",""record_type"":""term"",""recorded_at"":""2026-08-21T00:00:00Z"",""register"":""formal"",""rejected_forms"":[],""rights_id"":""urn:uuid:a0273f1c-6fad-54c7-a75a-32a5161da656"",""schema_name"":""lebl.backend.record"",""schema_version"":""0.3.0"",""scope_ids"":[""urn:uuid:2985f369-c946-5392-be8c-902d3c9215b2""],""semantic_aliases"":[],""semantic_key"":""lebl.ra.term.ledger.lebl-term-0268.id-id"",""status"":""active"",""supersedes_id"":null,""variants"":[],""workflow_id"":""01a01f57-a34b-7740-9717-596b8116910c/backend-production-v0.3-r006-live""}"
"urn:uuid:80197d86-5482-5a0b-94d2-15ee46b18b02","lebl.ra.term.ledger.lebl-term-0267.id-id","urn:uuid:99fe7d45-0d56-5747-9586-5388db6638ae","id","id-ID","jumlah Darboux bawah","[]","[]","[""urn:uuid:2985f369-c946-5392-be8c-902d3c9215b2""]","formal","[{""locator"":""backend/production/v0.3/inputs/TERMINOLOGY.csv:LEBL-TERM-0267"",""sha256"":""sha256:10430db3d0c6f111d216826ecc165ec910d861b06ceaef12898053e2402a7681""}]","urn:uuid:a0273f1c-6fad-54c7-a75a-32a5161da656","active","LEBL-TERM-0267","lower Darboux sum","admitted","{""concept_id"":""concept.integration.lower-darboux-sum"",""evidence"":""R006 ch-riemann.tex"",""notes"":"""",""preferred_id"":""jumlah Darboux bawah"",""register"":""formal"",""rejected_id"":"""",""resource_scope"":""R006"",""source_term"":""lower Darboux sum"",""status"":""admitted"",""term_id"":""LEBL-TERM-0267"",""variants_id"":""""}","{""concept_id"":""urn:uuid:99fe7d45-0d56-5747-9586-5388db6638ae"",""evidence"":[{""locator"":""backend/production/v0.3/inputs/TERMINOLOGY.csv:LEBL-TERM-0267"",""sha256"":""sha256:10430db3d0c6f111d216826ecc165ec910d861b06ceaef12898053e2402a7681""}],""examples"":[],""id"":""urn:uuid:80197d86-5482-5a0b-94d2-15ee46b18b02"",""language"":""id"",""ledger_binding"":{""concept_id"":""concept.integration.lower-darboux-sum"",""evidence"":""R006 ch-riemann.tex"",""notes"":"""",""preferred_id"":""jumlah Darboux bawah"",""register"":""formal"",""rejected_id"":"""",""resource_scope"":""R006"",""source_term"":""lower Darboux sum"",""status"":""admitted"",""term_id"":""LEBL-TERM-0267"",""variants_id"":""""},""locale"":""id-ID"",""preferred"":""jumlah Darboux bawah"",""record_type"":""term"",""recorded_at"":""2026-08-21T00:00:00Z"",""register"":""formal"",""rejected_forms"":[],""rights_id"":""urn:uuid:a0273f1c-6fad-54c7-a75a-32a5161da656"",""schema_name"":""lebl.backend.record"",""schema_version"":""0.3.0"",""scope_ids"":[""urn:uuid:2985f369-c946-5392-be8c-902d3c9215b2""],""semantic_aliases"":[],""semantic_key"":""lebl.ra.term.ledger.lebl-term-0267.id-id"",""status"":""active"",""supersedes_id"":null,""variants"":[],""workflow_id"":""01a01f57-a34b-7740-9717-596b8116910c/backend-production-v0.3-r006-live""}"
"urn:uuid:6fbd625c-b766-59c0-9535-8db6a7e9d9dd","lebl.ra.term.ledger.lebl-term-0158.id-id","urn:uuid:eef82afc-1237-51d5-992b-e111a380f8ca","id","id-ID","jumlah parsial","[""jumlah-jumlah parsial""]","[]","[""urn:uuid:2985f369-c946-5392-be8c-902d3c9215b2""]","formal","[{""locator"":""backend/production/v0.3/inputs/TERMINOLOGY.csv:LEBL-TERM-0158"",""sha256"":""sha256:ed4d3b94608814a5d7feb352667a6aea156823647bd4c6478c01d67bcdcf3141""}]","urn:uuid:a0273f1c-6fad-54c7-a75a-32a5161da656","active","LEBL-TERM-0158","partial sum","admitted","{""concept_id"":""concept.series.partial-sum"",""evidence"":""R006 ch-seq-ser.tex"",""notes"":"""",""preferred_id"":""jumlah parsial"",""register"":""formal"",""rejected_id"":"""",""resource_scope"":""R006"",""source_term"":""partial sum"",""status"":""admitted"",""term_id"":""LEBL-TERM-0158"",""variants_id"":""jumlah-jumlah parsial""}","{""concept_id"":""urn:uuid:eef82afc-1237-51d5-992b-e111a380f8ca"",""evidence"":[{""locator"":""backend/production/v0.3/inputs/TERMINOLOGY.csv:LEBL-TERM-0158"",""sha256"":""sha256:ed4d3b94608814a5d7feb352667a6aea156823647bd4c6478c01d67bcdcf3141""}],""examples"":[],""id"":""urn:uuid:6fbd625c-b766-59c0-9535-8db6a7e9d9dd"",""language"":""id"",""ledger_binding"":{""concept_id"":""concept.series.partial-sum"",""evidence"":""R006 ch-seq-ser.tex"",""notes"":"""",""preferred_id"":""jumlah parsial"",""register"":""formal"",""rejected_id"":"""",""resource_scope"":""R006"",""source_term"":""partial sum"",""status"":""admitted"",""term_id"":""LEBL-TERM-0158"",""variants_id"":""jumlah-jumlah parsial""},""locale"":""id-ID"",""preferred"":""jumlah parsial"",""record_type"":""term"",""recorded_at"":""2026-08-21T00:00:00Z"",""register"":""formal"",""rejected_forms"":[],""rights_id"":""urn:uuid:a0273f1c-6fad-54c7-a75a-32a5161da656"",""schema_name"":""lebl.backend.record"",""schema_version"":""0.3.0"",""scope_ids"":[""urn:uuid:2985f369-c946-5392-be8c-902d3c9215b2""],""semantic_aliases"":[],""semantic_key"":""lebl.ra.term.ledger.lebl-term-0158.id-id"",""status"":""active"",""supersedes_id"":null,""variants"":[""jumlah-jumlah parsial""],""workflow_id"":""01a01f57-a34b-7740-9717-596b8116910c/backend-production-v0.3-r006-live""}"
"urn:uuid:d8ada5c4-29d1-5086-b90d-a5a49ed829fe","lebl.ra.term.ledger.lebl-term-0274.id-id","urn:uuid:6bc215e0-48b8-52a8-acbb-f4c1a3bf51e8","id","id-ID","jumlah teleskopik","[]","[]","[""urn:uuid:2985f369-c946-5392-be8c-902d3c9215b2""]","formal","[{""locator"":""backend/production/v0.3/inputs/TERMINOLOGY.csv:LEBL-TERM-0274"",""sha256"":""sha256:f6127ba866f784da2cc9c69e67b92cc4b5a5944d3bfdbdb300b3851f6c5aca3d""}]","urn:uuid:a0273f1c-6fad-54c7-a75a-32a5161da656","active","LEBL-TERM-0274","telescoping sum","admitted","{""concept_id"":""concept.sum.telescoping"",""evidence"":""R006 ch-riemann.tex"",""notes"":"""",""preferred_id"":""jumlah teleskopik"",""register"":""formal"",""rejected_id"":"""",""resource_scope"":""R006"",""source_term"":""telescoping sum"",""status"":""admitted"",""term_id"":""LEBL-TERM-0274"",""variants_id"":""""}","{""concept_id"":""urn:uuid:6bc215e0-48b8-52a8-acbb-f4c1a3bf51e8"",""evidence"":[{""locator"":""backend/production/v0.3/inputs/TERMINOLOGY.csv:LEBL-TERM-0274"",""sha256"":""sha256:f6127ba866f784da2cc9c69e67b92cc4b5a5944d3bfdbdb300b3851f6c5aca3d""}],""examples"":[],""id"":""urn:uuid:d8ada5c4-29d1-5086-b90d-a5a49ed829fe"",""language"":""id"",""ledger_binding"":{""concept_id"":""concept.sum.telescoping"",""evidence"":""R006 ch-riemann.tex"",""notes"":"""",""preferred_id"":""jumlah teleskopik"",""register"":""formal"",""rejected_id"":"""",""resource_scope"":""R006"",""source_term"":""telescoping sum"",""status"":""admitted"",""term_id"":""LEBL-TERM-0274"",""variants_id"":""""},""locale"":""id-ID"",""preferred"":""jumlah teleskopik"",""record_type"":""term"",""recorded_at"":""2026-08-21T00:00:00Z"",""register"":""formal"",""rejected_forms"":[],""rights_id"":""urn:uuid:a0273f1c-6fad-54c7-a75a-32a5161da656"",""schema_name"":""lebl.backend.record"",""schema_version"":""0.3.0"",""scope_ids"":[""urn:uuid:2985f369-c946-5392-be8c-902d3c9215b2""],""semantic_aliases"":[],""semantic_key"":""lebl.ra.term.ledger.lebl-term-0274.id-id"",""status"":""active"",""supersedes_id"":null,""variants"":[],""workflow_id"":""01a01f57-a34b-7740-9717-596b8116910c/backend-production-v0.3-r006-live""}"
"urn:uuid:7c119883-35c7-52ca-beba-9baa8da74d66","lebl.ra.term.ledger.lebl-term-0054.id-id","urn:uuid:bf9ad1f2-852d-50b2-bf44-238315d77825","id","id-ID","kardinalitas","[]","[]","[""urn:uuid:2985f369-c946-5392-be8c-902d3c9215b2""]","formal","[{""locator"":""backend/production/v0.3/inputs/TERMINOLOGY.csv:LEBL-TERM-0054"",""sha256"":""sha256:39ff73cc093aaab5633f06385853df65b96773957608a891c40cd533e5c1e0a9""}]","urn:uuid:a0273f1c-6fad-54c7-a75a-32a5161da656","active","LEBL-TERM-0054","cardinality","admitted","{""concept_id"":""concept.set-theory.cardinality"",""evidence"":""R006 ch-vol1-intro.tex"",""notes"":"""",""preferred_id"":""kardinalitas"",""register"":""formal"",""rejected_id"":"""",""resource_scope"":""R006"",""source_term"":""cardinality"",""status"":""admitted"",""term_id"":""LEBL-TERM-0054"",""variants_id"":""""}","{""concept_id"":""urn:uuid:bf9ad1f2-852d-50b2-bf44-238315d77825"",""evidence"":[{""locator"":""backend/production/v0.3/inputs/TERMINOLOGY.csv:LEBL-TERM-0054"",""sha256"":""sha256:39ff73cc093aaab5633f06385853df65b96773957608a891c40cd533e5c1e0a9""}],""examples"":[],""id"":""urn:uuid:7c119883-35c7-52ca-beba-9baa8da74d66"",""language"":""id"",""ledger_binding"":{""concept_id"":""concept.set-theory.cardinality"",""evidence"":""R006 ch-vol1-intro.tex"",""notes"":"""",""preferred_id"":""kardinalitas"",""register"":""formal"",""rejected_id"":"""",""resource_scope"":""R006"",""source_term"":""cardinality"",""status"":""admitted"",""term_id"":""LEBL-TERM-0054"",""variants_id"":""""},""locale"":""id-ID"",""preferred"":""kardinalitas"",""record_type"":""term"",""recorded_at"":""2026-08-21T00:00:00Z"",""register"":""formal"",""rejected_forms"":[],""rights_id"":""urn:uuid:a0273f1c-6fad-54c7-a75a-32a5161da656"",""schema_name"":""lebl.backend.record"",""schema_version"":""0.3.0"",""scope_ids"":[""urn:uuid:2985f369-c946-5392-be8c-902d3c9215b2""],""semantic_aliases"":[],""semantic_key"":""lebl.ra.term.ledger.lebl-term-0054.id-id"",""status"":""active"",""supersedes_id"":null,""variants"":[],""workflow_id"":""01a01f57-a34b-7740-9717-596b8116910c/backend-production-v0.3-r006-live""}"
"urn:uuid:e0063d3c-6672-52aa-a930-dd102a4e8963","lebl.ra.term.ledger.lebl-term-0352.id-id","urn:uuid:2fb4c753-2232-5bf5-bd65-c57c586d8b37","id","id-ID","kekompakan","[]","[]","[""urn:uuid:2985f369-c946-5392-be8c-902d3c9215b2""]","formal","[{""locator"":""backend/production/v0.3/inputs/TERMINOLOGY.csv:LEBL-TERM-0352"",""sha256"":""sha256:24bb8ce4c02dbe10d2172e695b4e155af5e5172f373d332967046414a262a2af""}]","urn:uuid:a0273f1c-6fad-54c7-a75a-32a5161da656","active","LEBL-TERM-0352","compactness","admitted","{""concept_id"":""concept.compactness"",""evidence"":""R006 ch-metric.tex"",""notes"":"""",""preferred_id"":""kekompakan"",""register"":""formal"",""rejected_id"":"""",""resource_scope"":""R006"",""source_term"":""compactness"",""status"":""admitted"",""term_id"":""LEBL-TERM-0352"",""variants_id"":""""}","{""concept_id"":""urn:uuid:2fb4c753-2232-5bf5-bd65-c57c586d8b37"",""evidence"":[{""locator"":""backend/production/v0.3/inputs/TERMINOLOGY.csv:LEBL-TERM-0352"",""sha256"":""sha256:24bb8ce4c02dbe10d2172e695b4e155af5e5172f373d332967046414a262a2af""}],""examples"":[],""id"":""urn:uuid:e0063d3c-6672-52aa-a930-dd102a4e8963"",""language"":""id"",""ledger_binding"":{""concept_id"":""concept.compactness"",""evidence"":""R006 ch-metric.tex"",""notes"":"""",""preferred_id"":""kekompakan"",""register"":""formal"",""rejected_id"":"""",""resource_scope"":""R006"",""source_term"":""compactness"",""status"":""admitted"",""term_id"":""LEBL-TERM-0352"",""variants_id"":""""},""locale"":""id-ID"",""preferred"":""kekompakan"",""record_type"":""term"",""recorded_at"":""2026-08-21T00:00:00Z"",""register"":""formal"",""rejected_forms"":[],""rights_id"":""urn:uuid:a0273f1c-6fad-54c7-a75a-32a5161da656"",""schema_name"":""lebl.backend.record"",""schema_version"":""0.3.0"",""scope_ids"":[""urn:uuid:2985f369-c946-5392-be8c-902d3c9215b2""],""semantic_aliases"":[],""semantic_key"":""lebl.ra.term.ledger.lebl-term-0352.id-id"",""status"":""active"",""supersedes_id"":null,""variants"":[],""workflow_id"":""01a01f57-a34b-7740-9717-596b8116910c/backend-production-v0.3-r006-live""}"
"urn:uuid:0cc23b12-c899-50bd-8af5-e1f88d2b0b40","lebl.ra.term.ledger.lebl-term-0189.id-id","urn:uuid:3714ceb3-4876-58a6-baf5-e8e49dd4782b","id","id-ID","kekontinuan","[]","[]","[""urn:uuid:2985f369-c946-5392-be8c-902d3c9215b2""]","formal","[{""locator"":""backend/production/v0.3/inputs/TERMINOLOGY.csv:LEBL-TERM-0189"",""sha256"":""sha256:4a80ce702c49930737de085ce8ac8f341a40ed637530dda6013c91090b22617f""}]","urn:uuid:a0273f1c-6fad-54c7-a75a-32a5161da656","active","LEBL-TERM-0189","continuity","admitted","{""concept_id"":""concept.function.continuity"",""evidence"":""R006 ch-contfunc.tex"",""notes"":"""",""preferred_id"":""kekontinuan"",""register"":""formal"",""rejected_id"":"""",""resource_scope"":""R006"",""source_term"":""continuity"",""status"":""admitted"",""term_id"":""LEBL-TERM-0189"",""variants_id"":""""}","{""concept_id"":""urn:uuid:3714ceb3-4876-58a6-baf5-e8e49dd4782b"",""evidence"":[{""locator"":""backend/production/v0.3/inputs/TERMINOLOGY.csv:LEBL-TERM-0189"",""sha256"":""sha256:4a80ce702c49930737de085ce8ac8f341a40ed637530dda6013c91090b22617f""}],""examples"":[],""id"":""urn:uuid:0cc23b12-c899-50bd-8af5-e1f88d2b0b40"",""language"":""id"",""ledger_binding"":{""concept_id"":""concept.function.continuity"",""evidence"":""R006 ch-contfunc.tex"",""notes"":"""",""preferred_id"":""kekontinuan"",""register"":""formal"",""rejected_id"":"""",""resource_scope"":""R006"",""source_term"":""continuity"",""status"":""admitted"",""term_id"":""LEBL-TERM-0189"",""variants_id"":""""},""locale"":""id-ID"",""preferred"":""kekontinuan"",""record_type"":""term"",""recorded_at"":""2026-08-21T00:00:00Z"",""register"":""formal"",""rejected_forms"":[],""rights_id"":""urn:uuid:a0273f1c-6fad-54c7-a75a-32a5161da656"",""schema_name"":""lebl.backend.record"",""schema_version"":""0.3.0"",""scope_ids"":[""urn:uuid:2985f369-c946-5392-be8c-902d3c9215b2""],""semantic_aliases"":[],""semantic_key"":""lebl.ra.term.ledger.lebl-term-0189.id-id"",""status"":""active"",""supersedes_id"":null,""variants"":[],""workflow_id"":""01a01f57-a34b-7740-9717-596b8116910c/backend-production-v0.3-r006-live""}"
"urn:uuid:47b77fc3-a70e-596c-ae2c-39325fbd785e","lebl.ra.term.ledger.lebl-term-0141.id-id","urn:uuid:e0efc1be-09e6-5a85-9ab5-77216c1fe780","id","id-ID","kekontinuan operasi aljabar","[]","[]","[""urn:uuid:2985f369-c946-5392-be8c-902d3c9215b2""]","formal","[{""locator"":""backend/production/v0.3/inputs/TERMINOLOGY.csv:LEBL-TERM-0141"",""sha256"":""sha256:08fc98166643390308eeca8a765bdbc70447f99f2137a5721fb5132231633611""}]","urn:uuid:a0273f1c-6fad-54c7-a75a-32a5161da656","active","LEBL-TERM-0141","continuity of algebraic operations","admitted","{""concept_id"":""concept.continuity.algebraic-operations"",""evidence"":""R006 ch-seq-ser.tex"",""notes"":"""",""preferred_id"":""kekontinuan operasi aljabar"",""register"":""formal"",""rejected_id"":"""",""resource_scope"":""R006"",""source_term"":""continuity of algebraic operations"",""status"":""admitted"",""term_id"":""LEBL-TERM-0141"",""variants_id"":""""}","{""concept_id"":""urn:uuid:e0efc1be-09e6-5a85-9ab5-77216c1fe780"",""evidence"":[{""locator"":""backend/production/v0.3/inputs/TERMINOLOGY.csv:LEBL-TERM-0141"",""sha256"":""sha256:08fc98166643390308eeca8a765bdbc70447f99f2137a5721fb5132231633611""}],""examples"":[],""id"":""urn:uuid:47b77fc3-a70e-596c-ae2c-39325fbd785e"",""language"":""id"",""ledger_binding"":{""concept_id"":""concept.continuity.algebraic-operations"",""evidence"":""R006 ch-seq-ser.tex"",""notes"":"""",""preferred_id"":""kekontinuan operasi aljabar"",""register"":""formal"",""rejected_id"":"""",""resource_scope"":""R006"",""source_term"":""continuity of algebraic operations"",""status"":""admitted"",""term_id"":""LEBL-TERM-0141"",""variants_id"":""""},""locale"":""id-ID"",""preferred"":""kekontinuan operasi aljabar"",""record_type"":""term"",""recorded_at"":""2026-08-21T00:00:00Z"",""register"":""formal"",""rejected_forms"":[],""rights_id"":""urn:uuid:a0273f1c-6fad-54c7-a75a-32a5161da656"",""schema_name"":""lebl.backend.record"",""schema_version"":""0.3.0"",""scope_ids"":[""urn:uuid:2985f369-c946-5392-be8c-902d3c9215b2""],""semantic_aliases"":[],""semantic_key"":""lebl.ra.term.ledger.lebl-term-0141.id-id"",""status"":""active"",""supersedes_id"":null,""variants"":[],""workflow_id"":""01a01f57-a34b-7740-9717-596b8116910c/backend-production-v0.3-r006-live""}"
"urn:uuid:7f3390f3-48a1-5528-a3d9-8844bcf2858c","lebl.ra.term.ledger.lebl-term-0212.id-id","urn:uuid:7334cb2a-3b7b-51f7-99b2-de2551ac8b0d","id","id-ID","kekontinuan seragam","[]","[]","[""urn:uuid:2985f369-c946-5392-be8c-902d3c9215b2""]","formal","[{""locator"":""backend/production/v0.3/inputs/TERMINOLOGY.csv:LEBL-TERM-0212"",""sha256"":""sha256:2d37c376ea030a127d22f1f98e57f06c01a85d4dce135ec628665d03b8764339""}]","urn:uuid:a0273f1c-6fad-54c7-a75a-32a5161da656","active","LEBL-TERM-0212","uniform continuity","admitted","{""concept_id"":""concept.function.uniform-continuity"",""evidence"":""R006 ch-contfunc.tex"",""notes"":"""",""preferred_id"":""kekontinuan seragam"",""register"":""formal"",""rejected_id"":"""",""resource_scope"":""R006"",""source_term"":""uniform continuity"",""status"":""admitted"",""term_id"":""LEBL-TERM-0212"",""variants_id"":""""}","{""concept_id"":""urn:uuid:7334cb2a-3b7b-51f7-99b2-de2551ac8b0d"",""evidence"":[{""locator"":""backend/production/v0.3/inputs/TERMINOLOGY.csv:LEBL-TERM-0212"",""sha256"":""sha256:2d37c376ea030a127d22f1f98e57f06c01a85d4dce135ec628665d03b8764339""}],""examples"":[],""id"":""urn:uuid:7f3390f3-48a1-5528-a3d9-8844bcf2858c"",""language"":""id"",""ledger_binding"":{""concept_id"":""concept.function.uniform-continuity"",""evidence"":""R006 ch-contfunc.tex"",""notes"":"""",""preferred_id"":""kekontinuan seragam"",""register"":""formal"",""rejected_id"":"""",""resource_scope"":""R006"",""source_term"":""uniform continuity"",""status"":""admitted"",""term_id"":""LEBL-TERM-0212"",""variants_id"":""""},""locale"":""id-ID"",""preferred"":""kekontinuan seragam"",""record_type"":""term"",""recorded_at"":""2026-08-21T00:00:00Z"",""register"":""formal"",""rejected_forms"":[],""rights_id"":""urn:uuid:a0273f1c-6fad-54c7-a75a-32a5161da656"",""schema_name"":""lebl.backend.record"",""schema_version"":""0.3.0"",""scope_ids"":[""urn:uuid:2985f369-c946-5392-be8c-902d3c9215b2""],""semantic_aliases"":[],""semantic_key"":""lebl.ra.term.ledger.lebl-term-0212.id-id"",""status"":""active"",""supersedes_id"":null,""variants"":[],""workflow_id"":""01a01f57-a34b-7740-9717-596b8116910c/backend-production-v0.3-r006-live""}"
"urn:uuid:95223dd1-700c-52ba-98cb-c5eff15b2971","lebl.ra.term.ledger.lebl-term-0053.id-id","urn:uuid:f2ac68e4-0456-5d96-a118-f6d000933b35","id","id-ID","kelas ekuivalensi","[]","[]","[""urn:uuid:2985f369-c946-5392-be8c-902d3c9215b2""]","formal","[{""locator"":""backend/production/v0.3/inputs/TERMINOLOGY.csv:LEBL-TERM-0053"",""sha256"":""sha256:64b6874b72090bc44af1b65213ddd8fdf5a1e2fa3055cff2bc516c5f1ddf69fa""}]","urn:uuid:a0273f1c-6fad-54c7-a75a-32a5161da656","active","LEBL-TERM-0053","equivalence class","admitted","{""concept_id"":""concept.relation.equivalence-class"",""evidence"":""R006 ch-vol1-intro.tex"",""notes"":"""",""preferred_id"":""kelas ekuivalensi"",""register"":""formal"",""rejected_id"":"""",""resource_scope"":""R006"",""source_term"":""equivalence class"",""status"":""admitted"",""term_id"":""LEBL-TERM-0053"",""variants_id"":""""}","{""concept_id"":""urn:uuid:f2ac68e4-0456-5d96-a118-f6d000933b35"",""evidence"":[{""locator"":""backend/production/v0.3/inputs/TERMINOLOGY.csv:LEBL-TERM-0053"",""sha256"":""sha256:64b6874b72090bc44af1b65213ddd8fdf5a1e2fa3055cff2bc516c5f1ddf69fa""}],""examples"":[],""id"":""urn:uuid:95223dd1-700c-52ba-98cb-c5eff15b2971"",""language"":""id"",""ledger_binding"":{""concept_id"":""concept.relation.equivalence-class"",""evidence"":""R006 ch-vol1-intro.tex"",""notes"":"""",""preferred_id"":""kelas ekuivalensi"",""register"":""formal"",""rejected_id"":"""",""resource_scope"":""R006"",""source_term"":""equivalence class"",""status"":""admitted"",""term_id"":""LEBL-TERM-0053"",""variants_id"":""""},""locale"":""id-ID"",""preferred"":""kelas ekuivalensi"",""record_type"":""term"",""recorded_at"":""2026-08-21T00:00:00Z"",""register"":""formal"",""rejected_forms"":[],""rights_id"":""urn:uuid:a0273f1c-6fad-54c7-a75a-32a5161da656"",""schema_name"":""lebl.backend.record"",""schema_version"":""0.3.0"",""scope_ids"":[""urn:uuid:2985f369-c946-5392-be8c-902d3c9215b2""],""semantic_aliases"":[],""semantic_key"":""lebl.ra.term.ledger.lebl-term-0053.id-id"",""status"":""active"",""supersedes_id"":null,""variants"":[],""workflow_id"":""01a01f57-a34b-7740-9717-596b8116910c/backend-production-v0.3-r006-live""}"
"urn:uuid:c3398e90-d3a5-5306-aafa-105483a35696","lebl.ra.term.ledger.lebl-term-0169.id-id","urn:uuid:67000380-3dd1-5240-ad43-97beff70bd6f","id","id-ID","kelengkapan","[]","[]","[""urn:uuid:2985f369-c946-5392-be8c-902d3c9215b2""]","formal","[{""locator"":""backend/production/v0.3/inputs/TERMINOLOGY.csv:LEBL-TERM-0169"",""sha256"":""sha256:576e5f3cb14801ae9af15fe18efaab3de1768dbed23319f912d73d30a196bdb5""}]","urn:uuid:a0273f1c-6fad-54c7-a75a-32a5161da656","active","LEBL-TERM-0169","completeness","admitted","{""concept_id"":""concept.completeness"",""evidence"":""R006 ch-seq-ser.tex"",""notes"":"""",""preferred_id"":""kelengkapan"",""register"":""formal"",""rejected_id"":"""",""resource_scope"":""R006"",""source_term"":""completeness"",""status"":""admitted"",""term_id"":""LEBL-TERM-0169"",""variants_id"":""""}","{""concept_id"":""urn:uuid:67000380-3dd1-5240-ad43-97beff70bd6f"",""evidence"":[{""locator"":""backend/production/v0.3/inputs/TERMINOLOGY.csv:LEBL-TERM-0169"",""sha256"":""sha256:576e5f3cb14801ae9af15fe18efaab3de1768dbed23319f912d73d30a196bdb5""}],""examples"":[],""id"":""urn:uuid:c3398e90-d3a5-5306-aafa-105483a35696"",""language"":""id"",""ledger_binding"":{""concept_id"":""concept.completeness"",""evidence"":""R006 ch-seq-ser.tex"",""notes"":"""",""preferred_id"":""kelengkapan"",""register"":""formal"",""rejected_id"":"""",""resource_scope"":""R006"",""source_term"":""completeness"",""status"":""admitted"",""term_id"":""LEBL-TERM-0169"",""variants_id"":""""},""locale"":""id-ID"",""preferred"":""kelengkapan"",""record_type"":""term"",""recorded_at"":""2026-08-21T00:00:00Z"",""register"":""formal"",""rejected_forms"":[],""rights_id"":""urn:uuid:a0273f1c-6fad-54c7-a75a-32a5161da656"",""schema_name"":""lebl.backend.record"",""schema_version"":""0.3.0"",""scope_ids"":[""urn:uuid:2985f369-c946-5392-be8c-902d3c9215b2""],""semantic_aliases"":[],""semantic_key"":""lebl.ra.term.ledger.lebl-term-0169.id-id"",""status"":""active"",""supersedes_id"":null,""variants"":[],""workflow_id"":""01a01f57-a34b-7740-9717-596b8116910c/backend-production-v0.3-r006-live""}"
"urn:uuid:fd90bd0b-063d-5b3c-9639-a90ac7c10deb","lebl.ra.term.ledger.lebl-term-0277.id-id","urn:uuid:fb25f1bb-bb23-5da2-9a58-50980a07769a","id","id-ID","kemonotonan integral","[]","[]","[""urn:uuid:2985f369-c946-5392-be8c-902d3c9215b2""]","formal","[{""locator"":""backend/production/v0.3/inputs/TERMINOLOGY.csv:LEBL-TERM-0277"",""sha256"":""sha256:a6d3b9068e899c597a33f8e706e4eccd54dcf3cba33b73903d03668320215854""}]","urn:uuid:a0273f1c-6fad-54c7-a75a-32a5161da656","active","LEBL-TERM-0277","monotonicity of the integral","admitted","{""concept_id"":""concept.integration.monotonicity"",""evidence"":""R006 ch-riemann.tex"",""notes"":"""",""preferred_id"":""kemonotonan integral"",""register"":""formal"",""rejected_id"":"""",""resource_scope"":""R006"",""source_term"":""monotonicity of the integral"",""status"":""admitted"",""term_id"":""LEBL-TERM-0277"",""variants_id"":""""}","{""concept_id"":""urn:uuid:fb25f1bb-bb23-5da2-9a58-50980a07769a"",""evidence"":[{""locator"":""backend/production/v0.3/inputs/TERMINOLOGY.csv:LEBL-TERM-0277"",""sha256"":""sha256:a6d3b9068e899c597a33f8e706e4eccd54dcf3cba33b73903d03668320215854""}],""examples"":[],""id"":""urn:uuid:fd90bd0b-063d-5b3c-9639-a90ac7c10deb"",""language"":""id"",""ledger_binding"":{""concept_id"":""concept.integration.monotonicity"",""evidence"":""R006 ch-riemann.tex"",""notes"":"""",""preferred_id"":""kemonotonan integral"",""register"":""formal"",""rejected_id"":"""",""resource_scope"":""R006"",""source_term"":""monotonicity of the integral"",""status"":""admitted"",""term_id"":""LEBL-TERM-0277"",""variants_id"":""""},""locale"":""id-ID"",""preferred"":""kemonotonan integral"",""record_type"":""term"",""recorded_at"":""2026-08-21T00:00:00Z"",""register"":""formal"",""rejected_forms"":[],""rights_id"":""urn:uuid:a0273f1c-6fad-54c7-a75a-32a5161da656"",""schema_name"":""lebl.backend.record"",""schema_version"":""0.3.0"",""scope_ids"":[""urn:uuid:2985f369-c946-5392-be8c-902d3c9215b2""],""semantic_aliases"":[],""semantic_key"":""lebl.ra.term.ledger.lebl-term-0277.id-id"",""status"":""active"",""supersedes_id"":null,""variants"":[],""workflow_id"":""01a01f57-a34b-7740-9717-596b8116910c/backend-production-v0.3-r006-live""}"
"urn:uuid:2751b4d4-50b3-572d-9476-39b5d268c0d8","lebl.ra.term.ledger.lebl-term-0087.id-id","urn:uuid:e0d7d44d-6b3c-579d-9a6d-de7443b1314e","id","id-ID","ketaksamaan Bernoulli","[]","[]","[""urn:uuid:2985f369-c946-5392-be8c-902d3c9215b2""]","formal","[{""locator"":""backend/production/v0.3/inputs/TERMINOLOGY.csv:LEBL-TERM-0087"",""sha256"":""sha256:33113dbdd0ef337a42650f79709c9a67c74d5b191249b2ba0b3e33d20cd90d55""}]","urn:uuid:a0273f1c-6fad-54c7-a75a-32a5161da656","active","LEBL-TERM-0087","Bernoulli's inequality","admitted","{""concept_id"":""concept.inequality.bernoulli"",""evidence"":""R006 ch-real-nums.tex"",""notes"":"""",""preferred_id"":""ketaksamaan Bernoulli"",""register"":""formal"",""rejected_id"":"""",""resource_scope"":""R006"",""source_term"":""Bernoulli's inequality"",""status"":""admitted"",""term_id"":""LEBL-TERM-0087"",""variants_id"":""""}","{""concept_id"":""urn:uuid:e0d7d44d-6b3c-579d-9a6d-de7443b1314e"",""evidence"":[{""locator"":""backend/production/v0.3/inputs/TERMINOLOGY.csv:LEBL-TERM-0087"",""sha256"":""sha256:33113dbdd0ef337a42650f79709c9a67c74d5b191249b2ba0b3e33d20cd90d55""}],""examples"":[],""id"":""urn:uuid:2751b4d4-50b3-572d-9476-39b5d268c0d8"",""language"":""id"",""ledger_binding"":{""concept_id"":""concept.inequality.bernoulli"",""evidence"":""R006 ch-real-nums.tex"",""notes"":"""",""preferred_id"":""ketaksamaan Bernoulli"",""register"":""formal"",""rejected_id"":"""",""resource_scope"":""R006"",""source_term"":""Bernoulli's inequality"",""status"":""admitted"",""term_id"":""LEBL-TERM-0087"",""variants_id"":""""},""locale"":""id-ID"",""preferred"":""ketaksamaan Bernoulli"",""record_type"":""term"",""recorded_at"":""2026-08-21T00:00:00Z"",""register"":""formal"",""rejected_forms"":[],""rights_id"":""urn:uuid:a0273f1c-6fad-54c7-a75a-32a5161da656"",""schema_name"":""lebl.backend.record"",""schema_version"":""0.3.0"",""scope_ids"":[""urn:uuid:2985f369-c946-5392-be8c-902d3c9215b2""],""semantic_aliases"":[],""semantic_key"":""lebl.ra.term.ledger.lebl-term-0087.id-id"",""status"":""active"",""supersedes_id"":null,""variants"":[],""workflow_id"":""01a01f57-a34b-7740-9717-596b8116910c/backend-production-v0.3-r006-live""}"
"urn:uuid:b5eaea43-cc9f-5e66-81b9-bb1070abe1f9","lebl.ra.term.ledger.lebl-term-0329.id-id","urn:uuid:e3553449-0fd7-5461-939b-d5959bc60c5e","id","id-ID","ketaksamaan Cauchy--Schwarz","[]","[]","[""urn:uuid:2985f369-c946-5392-be8c-902d3c9215b2""]","formal","[{""locator"":""backend/production/v0.3/inputs/TERMINOLOGY.csv:LEBL-TERM-0329"",""sha256"":""sha256:b5a19766caeba24789f0fbc476c84427268edd81f4a2f106c57deb7110ac4a33""}]","urn:uuid:a0273f1c-6fad-54c7-a75a-32a5161da656","active","LEBL-TERM-0329","Cauchy--Schwarz inequality","admitted","{""concept_id"":""concept.inequality.cauchy-schwarz"",""evidence"":""R006 ch-metric.tex"",""notes"":"""",""preferred_id"":""ketaksamaan Cauchy--Schwarz"",""register"":""formal"",""rejected_id"":"""",""resource_scope"":""R006"",""source_term"":""Cauchy--Schwarz inequality"",""status"":""admitted"",""term_id"":""LEBL-TERM-0329"",""variants_id"":""""}","{""concept_id"":""urn:uuid:e3553449-0fd7-5461-939b-d5959bc60c5e"",""evidence"":[{""locator"":""backend/production/v0.3/inputs/TERMINOLOGY.csv:LEBL-TERM-0329"",""sha256"":""sha256:b5a19766caeba24789f0fbc476c84427268edd81f4a2f106c57deb7110ac4a33""}],""examples"":[],""id"":""urn:uuid:b5eaea43-cc9f-5e66-81b9-bb1070abe1f9"",""language"":""id"",""ledger_binding"":{""concept_id"":""concept.inequality.cauchy-schwarz"",""evidence"":""R006 ch-metric.tex"",""notes"":"""",""preferred_id"":""ketaksamaan Cauchy--Schwarz"",""register"":""formal"",""rejected_id"":"""",""resource_scope"":""R006"",""source_term"":""Cauchy--Schwarz inequality"",""status"":""admitted"",""term_id"":""LEBL-TERM-0329"",""variants_id"":""""},""locale"":""id-ID"",""preferred"":""ketaksamaan Cauchy--Schwarz"",""record_type"":""term"",""recorded_at"":""2026-08-21T00:00:00Z"",""register"":""formal"",""rejected_forms"":[],""rights_id"":""urn:uuid:a0273f1c-6fad-54c7-a75a-32a5161da656"",""schema_name"":""lebl.backend.record"",""schema_version"":""0.3.0"",""scope_ids"":[""urn:uuid:2985f369-c946-5392-be8c-902d3c9215b2""],""semantic_aliases"":[],""semantic_key"":""lebl.ra.term.ledger.lebl-term-0329.id-id"",""status"":""active"",""supersedes_id"":null,""variants"":[],""workflow_id"":""01a01f57-a34b-7740-9717-596b8116910c/backend-production-v0.3-r006-live""}"
"urn:uuid:f2f7f88b-df96-5c80-bba1-e3dad387a798","lebl.ra.term.ledger.lebl-term-0403.id-id","urn:uuid:e3553449-0fd7-5461-939b-d5959bc60c5e","id","id-ID","ketaksamaan Cauchy--Schwarz","[]","[]","[""urn:uuid:2985f369-c946-5392-be8c-902d3c9215b2""]","formal","[{""locator"":""backend/production/v0.3/inputs/TERMINOLOGY.csv:LEBL-TERM-0403"",""sha256"":""sha256:98061f17414efa585a5f2e1a4328b1c230eef4835e37af1576efd3810d588e16""}]","urn:uuid:a0273f1c-6fad-54c7-a75a-32a5161da656","active","LEBL-TERM-0403","Cauchy--Schwarz inequality","admitted","{""concept_id"":""concept.inequality.cauchy-schwarz"",""evidence"":""R006 ch-several-vars-ders.tex"",""notes"":"""",""preferred_id"":""ketaksamaan Cauchy--Schwarz"",""register"":""formal"",""rejected_id"":"""",""resource_scope"":""R006"",""source_term"":""Cauchy--Schwarz inequality"",""status"":""admitted"",""term_id"":""LEBL-TERM-0403"",""variants_id"":""""}","{""concept_id"":""urn:uuid:e3553449-0fd7-5461-939b-d5959bc60c5e"",""evidence"":[{""locator"":""backend/production/v0.3/inputs/TERMINOLOGY.csv:LEBL-TERM-0403"",""sha256"":""sha256:98061f17414efa585a5f2e1a4328b1c230eef4835e37af1576efd3810d588e16""}],""examples"":[],""id"":""urn:uuid:f2f7f88b-df96-5c80-bba1-e3dad387a798"",""language"":""id"",""ledger_binding"":{""concept_id"":""concept.inequality.cauchy-schwarz"",""evidence"":""R006 ch-several-vars-ders.tex"",""notes"":"""",""preferred_id"":""ketaksamaan Cauchy--Schwarz"",""register"":""formal"",""rejected_id"":"""",""resource_scope"":""R006"",""source_term"":""Cauchy--Schwarz inequality"",""status"":""admitted"",""term_id"":""LEBL-TERM-0403"",""variants_id"":""""},""locale"":""id-ID"",""preferred"":""ketaksamaan Cauchy--Schwarz"",""record_type"":""term"",""recorded_at"":""2026-08-21T00:00:00Z"",""register"":""formal"",""rejected_forms"":[],""rights_id"":""urn:uuid:a0273f1c-6fad-54c7-a75a-32a5161da656"",""schema_name"":""lebl.backend.record"",""schema_version"":""0.3.0"",""scope_ids"":[""urn:uuid:2985f369-c946-5392-be8c-902d3c9215b2""],""semantic_aliases"":[],""semantic_key"":""lebl.ra.term.ledger.lebl-term-0403.id-id"",""status"":""active"",""supersedes_id"":null,""variants"":[],""workflow_id"":""01a01f57-a34b-7740-9717-596b8116910c/backend-production-v0.3-r006-live""}"
"urn:uuid:fe46ff56-bf4f-54ae-8efc-8bac343054cf","lebl.ra.term.ledger.lebl-term-0138.id-id","urn:uuid:4302d576-442c-5c38-8dee-6c657b88eb48","id","id-ID","ketaksamaan ketat","[]","[]","[""urn:uuid:2985f369-c946-5392-be8c-902d3c9215b2""]","formal","[{""locator"":""backend/production/v0.3/inputs/TERMINOLOGY.csv:LEBL-TERM-0138"",""sha256"":""sha256:9e5186300e08c8af31281b930369180aec6146aa69f67f758c84c3ebebd238d4""}]","urn:uuid:a0273f1c-6fad-54c7-a75a-32a5161da656","active","LEBL-TERM-0138","strict inequality","admitted","{""concept_id"":""concept.inequality.strict"",""evidence"":""R006 ch-seq-ser.tex"",""notes"":"""",""preferred_id"":""ketaksamaan ketat"",""register"":""formal"",""rejected_id"":"""",""resource_scope"":""R006"",""source_term"":""strict inequality"",""status"":""admitted"",""term_id"":""LEBL-TERM-0138"",""variants_id"":""""}","{""concept_id"":""urn:uuid:4302d576-442c-5c38-8dee-6c657b88eb48"",""evidence"":[{""locator"":""backend/production/v0.3/inputs/TERMINOLOGY.csv:LEBL-TERM-0138"",""sha256"":""sha256:9e5186300e08c8af31281b930369180aec6146aa69f67f758c84c3ebebd238d4""}],""examples"":[],""id"":""urn:uuid:fe46ff56-bf4f-54ae-8efc-8bac343054cf"",""language"":""id"",""ledger_binding"":{""concept_id"":""concept.inequality.strict"",""evidence"":""R006 ch-seq-ser.tex"",""notes"":"""",""preferred_id"":""ketaksamaan ketat"",""register"":""formal"",""rejected_id"":"""",""resource_scope"":""R006"",""source_term"":""strict inequality"",""status"":""admitted"",""term_id"":""LEBL-TERM-0138"",""variants_id"":""""},""locale"":""id-ID"",""preferred"":""ketaksamaan ketat"",""record_type"":""term"",""recorded_at"":""2026-08-21T00:00:00Z"",""register"":""formal"",""rejected_forms"":[],""rights_id"":""urn:uuid:a0273f1c-6fad-54c7-a75a-32a5161da656"",""schema_name"":""lebl.backend.record"",""schema_version"":""0.3.0"",""scope_ids"":[""urn:uuid:2985f369-c946-5392-be8c-902d3c9215b2""],""semantic_aliases"":[],""semantic_key"":""lebl.ra.term.ledger.lebl-term-0138.id-id"",""status"":""active"",""supersedes_id"":null,""variants"":[],""workflow_id"":""01a01f57-a34b-7740-9717-596b8116910c/backend-production-v0.3-r006-live""}"
"urn:uuid:356f28ae-35dc-54c6-a812-ded643af01e8","lebl.ra.term.ledger.lebl-term-0086.id-id","urn:uuid:59aadec7-47d3-57d8-84e9-4873d30bd420","id","id-ID","ketaksamaan rata-rata aritmetika-geometrik","[]","[]","[""urn:uuid:2985f369-c946-5392-be8c-902d3c9215b2""]","formal","[{""locator"":""backend/production/v0.3/inputs/TERMINOLOGY.csv:LEBL-TERM-0086"",""sha256"":""sha256:fd4030ab1d34bc48a3a410cd299cdb49c5e60e2e0e492166635585e3329b32bb""}]","urn:uuid:a0273f1c-6fad-54c7-a75a-32a5161da656","active","LEBL-TERM-0086","arithmetic-geometric mean inequality","admitted","{""concept_id"":""concept.inequality.arithmetic-geometric-mean"",""evidence"":""R006 ch-real-nums.tex"",""notes"":"""",""preferred_id"":""ketaksamaan rata-rata aritmetika-geometrik"",""register"":""formal"",""rejected_id"":"""",""resource_scope"":""R006"",""source_term"":""arithmetic-geometric mean inequality"",""status"":""admitted"",""term_id"":""LEBL-TERM-0086"",""variants_id"":""""}","{""concept_id"":""urn:uuid:59aadec7-47d3-57d8-84e9-4873d30bd420"",""evidence"":[{""locator"":""backend/production/v0.3/inputs/TERMINOLOGY.csv:LEBL-TERM-0086"",""sha256"":""sha256:fd4030ab1d34bc48a3a410cd299cdb49c5e60e2e0e492166635585e3329b32bb""}],""examples"":[],""id"":""urn:uuid:356f28ae-35dc-54c6-a812-ded643af01e8"",""language"":""id"",""ledger_binding"":{""concept_id"":""concept.inequality.arithmetic-geometric-mean"",""evidence"":""R006 ch-real-nums.tex"",""notes"":"""",""preferred_id"":""ketaksamaan rata-rata aritmetika-geometrik"",""register"":""formal"",""rejected_id"":"""",""resource_scope"":""R006"",""source_term"":""arithmetic-geometric mean inequality"",""status"":""admitted"",""term_id"":""LEBL-TERM-0086"",""variants_id"":""""},""locale"":""id-ID"",""preferred"":""ketaksamaan rata-rata aritmetika-geometrik"",""record_type"":""term"",""recorded_at"":""2026-08-21T00:00:00Z"",""register"":""formal"",""rejected_forms"":[],""rights_id"":""urn:uuid:a0273f1c-6fad-54c7-a75a-32a5161da656"",""schema_name"":""lebl.backend.record"",""schema_version"":""0.3.0"",""scope_ids"":[""urn:uuid:2985f369-c946-5392-be8c-902d3c9215b2""],""semantic_aliases"":[],""semantic_key"":""lebl.ra.term.ledger.lebl-term-0086.id-id"",""status"":""active"",""supersedes_id"":null,""variants"":[],""workflow_id"":""01a01f57-a34b-7740-9717-596b8116910c/backend-production-v0.3-r006-live""}"
"urn:uuid:1fbec07c-be1e-538b-9497-e42ac22da08c","lebl.ra.term.ledger.lebl-term-0326.id-id","urn:uuid:7982dafe-e577-572e-8eda-9fcc1df76197","id","id-ID","ketaksamaan segitiga","[]","[]","[""urn:uuid:2985f369-c946-5392-be8c-902d3c9215b2""]","formal","[{""locator"":""backend/production/v0.3/inputs/TERMINOLOGY.csv:LEBL-TERM-0326"",""sha256"":""sha256:e0752b41155e1319d59d7f25359c5e434722afc0b4e4621990db3c06a9bf6aa0""}]","urn:uuid:a0273f1c-6fad-54c7-a75a-32a5161da656","active","LEBL-TERM-0326","triangle inequality","admitted","{""concept_id"":""concept.inequality.triangle"",""evidence"":""R006 ch-metric.tex"",""notes"":"""",""preferred_id"":""ketaksamaan segitiga"",""register"":""formal"",""rejected_id"":"""",""resource_scope"":""R006"",""source_term"":""triangle inequality"",""status"":""admitted"",""term_id"":""LEBL-TERM-0326"",""variants_id"":""""}","{""concept_id"":""urn:uuid:7982dafe-e577-572e-8eda-9fcc1df76197"",""evidence"":[{""locator"":""backend/production/v0.3/inputs/TERMINOLOGY.csv:LEBL-TERM-0326"",""sha256"":""sha256:e0752b41155e1319d59d7f25359c5e434722afc0b4e4621990db3c06a9bf6aa0""}],""examples"":[],""id"":""urn:uuid:1fbec07c-be1e-538b-9497-e42ac22da08c"",""language"":""id"",""ledger_binding"":{""concept_id"":""concept.inequality.triangle"",""evidence"":""R006 ch-metric.tex"",""notes"":"""",""preferred_id"":""ketaksamaan segitiga"",""register"":""formal"",""rejected_id"":"""",""resource_scope"":""R006"",""source_term"":""triangle inequality"",""status"":""admitted"",""term_id"":""LEBL-TERM-0326"",""variants_id"":""""},""locale"":""id-ID"",""preferred"":""ketaksamaan segitiga"",""record_type"":""term"",""recorded_at"":""2026-08-21T00:00:00Z"",""register"":""formal"",""rejected_forms"":[],""rights_id"":""urn:uuid:a0273f1c-6fad-54c7-a75a-32a5161da656"",""schema_name"":""lebl.backend.record"",""schema_version"":""0.3.0"",""scope_ids"":[""urn:uuid:2985f369-c946-5392-be8c-902d3c9215b2""],""semantic_aliases"":[],""semantic_key"":""lebl.ra.term.ledger.lebl-term-0326.id-id"",""status"":""active"",""supersedes_id"":null,""variants"":[],""workflow_id"":""01a01f57-a34b-7740-9717-596b8116910c/backend-production-v0.3-r006-live""}"
"urn:uuid:74b47f8c-8fc3-5f74-86f3-08b9b974a4dd","lebl.ra.term.ledger.lebl-term-0090.id-id","urn:uuid:7982dafe-e577-572e-8eda-9fcc1df76197","id","id-ID","ketaksamaan segitiga","[]","[]","[""urn:uuid:2985f369-c946-5392-be8c-902d3c9215b2""]","formal","[{""locator"":""backend/production/v0.3/inputs/TERMINOLOGY.csv:LEBL-TERM-0090"",""sha256"":""sha256:10348b245369a1e3d6348e1dfb0144fc623e3832477d66bd9babc9695e168a78""}]","urn:uuid:a0273f1c-6fad-54c7-a75a-32a5161da656","active","LEBL-TERM-0090","triangle inequality","admitted","{""concept_id"":""concept.inequality.triangle"",""evidence"":""R006 ch-real-nums.tex"",""notes"":"""",""preferred_id"":""ketaksamaan segitiga"",""register"":""formal"",""rejected_id"":"""",""resource_scope"":""R006"",""source_term"":""triangle inequality"",""status"":""admitted"",""term_id"":""LEBL-TERM-0090"",""variants_id"":""""}","{""concept_id"":""urn:uuid:7982dafe-e577-572e-8eda-9fcc1df76197"",""evidence"":[{""locator"":""backend/production/v0.3/inputs/TERMINOLOGY.csv:LEBL-TERM-0090"",""sha256"":""sha256:10348b245369a1e3d6348e1dfb0144fc623e3832477d66bd9babc9695e168a78""}],""examples"":[],""id"":""urn:uuid:74b47f8c-8fc3-5f74-86f3-08b9b974a4dd"",""language"":""id"",""ledger_binding"":{""concept_id"":""concept.inequality.triangle"",""evidence"":""R006 ch-real-nums.tex"",""notes"":"""",""preferred_id"":""ketaksamaan segitiga"",""register"":""formal"",""rejected_id"":"""",""resource_scope"":""R006"",""source_term"":""triangle inequality"",""status"":""admitted"",""term_id"":""LEBL-TERM-0090"",""variants_id"":""""},""locale"":""id-ID"",""preferred"":""ketaksamaan segitiga"",""record_type"":""term"",""recorded_at"":""2026-08-21T00:00:00Z"",""register"":""formal"",""rejected_forms"":[],""rights_id"":""urn:uuid:a0273f1c-6fad-54c7-a75a-32a5161da656"",""schema_name"":""lebl.backend.record"",""schema_version"":""0.3.0"",""scope_ids"":[""urn:uuid:2985f369-c946-5392-be8c-902d3c9215b2""],""semantic_aliases"":[],""semantic_key"":""lebl.ra.term.ledger.lebl-term-0090.id-id"",""status"":""active"",""supersedes_id"":null,""variants"":[],""workflow_id"":""01a01f57-a34b-7740-9717-596b8116910c/backend-production-v0.3-r006-live""}"
"urn:uuid:8f85fa5a-b960-5b17-838c-0cb9dbff8346","lebl.ra.term.ledger.lebl-term-0128.id-id","urn:uuid:7982dafe-e577-572e-8eda-9fcc1df76197","id","id-ID","ketaksamaan segitiga","[]","[]","[""urn:uuid:2985f369-c946-5392-be8c-902d3c9215b2""]","formal","[{""locator"":""backend/production/v0.3/inputs/TERMINOLOGY.csv:LEBL-TERM-0128"",""sha256"":""sha256:0e9794edf314b8db481937b83be2c996a3edd71971e4f90e57ab91cafd1b279b""}]","urn:uuid:a0273f1c-6fad-54c7-a75a-32a5161da656","active","LEBL-TERM-0128","triangle inequality","admitted","{""concept_id"":""concept.inequality.triangle"",""evidence"":""R006 ch-seq-ser.tex"",""notes"":"""",""preferred_id"":""ketaksamaan segitiga"",""register"":""formal"",""rejected_id"":"""",""resource_scope"":""R006"",""source_term"":""triangle inequality"",""status"":""admitted"",""term_id"":""LEBL-TERM-0128"",""variants_id"":""""}","{""concept_id"":""urn:uuid:7982dafe-e577-572e-8eda-9fcc1df76197"",""evidence"":[{""locator"":""backend/production/v0.3/inputs/TERMINOLOGY.csv:LEBL-TERM-0128"",""sha256"":""sha256:0e9794edf314b8db481937b83be2c996a3edd71971e4f90e57ab91cafd1b279b""}],""examples"":[],""id"":""urn:uuid:8f85fa5a-b960-5b17-838c-0cb9dbff8346"",""language"":""id"",""ledger_binding"":{""concept_id"":""concept.inequality.triangle"",""evidence"":""R006 ch-seq-ser.tex"",""notes"":"""",""preferred_id"":""ketaksamaan segitiga"",""register"":""formal"",""rejected_id"":"""",""resource_scope"":""R006"",""source_term"":""triangle inequality"",""status"":""admitted"",""term_id"":""LEBL-TERM-0128"",""variants_id"":""""},""locale"":""id-ID"",""preferred"":""ketaksamaan segitiga"",""record_type"":""term"",""recorded_at"":""2026-08-21T00:00:00Z"",""register"":""formal"",""rejected_forms"":[],""rights_id"":""urn:uuid:a0273f1c-6fad-54c7-a75a-32a5161da656"",""schema_name"":""lebl.backend.record"",""schema_version"":""0.3.0"",""scope_ids"":[""urn:uuid:2985f369-c946-5392-be8c-902d3c9215b2""],""semantic_aliases"":[],""semantic_key"":""lebl.ra.term.ledger.lebl-term-0128.id-id"",""status"":""active"",""supersedes_id"":null,""variants"":[],""workflow_id"":""01a01f57-a34b-7740-9717-596b8116910c/backend-production-v0.3-r006-live""}"
"urn:uuid:887bb2ec-0740-54ea-a88f-2695b6de3b7d","lebl.ra.term.ledger.lebl-term-0142.id-id","urn:uuid:5e63fe89-1fee-50a7-b00c-c87ce204f019","id","id-ID","ketaksamaan segitiga terbalik","[]","[]","[""urn:uuid:2985f369-c946-5392-be8c-902d3c9215b2""]","formal","[{""locator"":""backend/production/v0.3/inputs/TERMINOLOGY.csv:LEBL-TERM-0142"",""sha256"":""sha256:7b8aee6ea93d82cec8b192004bf719cfed96e0b7c6190dcf2f8b92b4cd8b8688""}]","urn:uuid:a0273f1c-6fad-54c7-a75a-32a5161da656","active","LEBL-TERM-0142","reverse triangle inequality","admitted","{""concept_id"":""concept.inequality.reverse-triangle"",""evidence"":""R006 ch-seq-ser.tex"",""notes"":"""",""preferred_id"":""ketaksamaan segitiga terbalik"",""register"":""formal"",""rejected_id"":"""",""resource_scope"":""R006"",""source_term"":""reverse triangle inequality"",""status"":""admitted"",""term_id"":""LEBL-TERM-0142"",""variants_id"":""""}","{""concept_id"":""urn:uuid:5e63fe89-1fee-50a7-b00c-c87ce204f019"",""evidence"":[{""locator"":""backend/production/v0.3/inputs/TERMINOLOGY.csv:LEBL-TERM-0142"",""sha256"":""sha256:7b8aee6ea93d82cec8b192004bf719cfed96e0b7c6190dcf2f8b92b4cd8b8688""}],""examples"":[],""id"":""urn:uuid:887bb2ec-0740-54ea-a88f-2695b6de3b7d"",""language"":""id"",""ledger_binding"":{""concept_id"":""concept.inequality.reverse-triangle"",""evidence"":""R006 ch-seq-ser.tex"",""notes"":"""",""preferred_id"":""ketaksamaan segitiga terbalik"",""register"":""formal"",""rejected_id"":"""",""resource_scope"":""R006"",""source_term"":""reverse triangle inequality"",""status"":""admitted"",""term_id"":""LEBL-TERM-0142"",""variants_id"":""""},""locale"":""id-ID"",""preferred"":""ketaksamaan segitiga terbalik"",""record_type"":""term"",""recorded_at"":""2026-08-21T00:00:00Z"",""register"":""formal"",""rejected_forms"":[],""rights_id"":""urn:uuid:a0273f1c-6fad-54c7-a75a-32a5161da656"",""schema_name"":""lebl.backend.record"",""schema_version"":""0.3.0"",""scope_ids"":[""urn:uuid:2985f369-c946-5392-be8c-902d3c9215b2""],""semantic_aliases"":[],""semantic_key"":""lebl.ra.term.ledger.lebl-term-0142.id-id"",""status"":""active"",""supersedes_id"":null,""variants"":[],""workflow_id"":""01a01f57-a34b-7740-9717-596b8116910c/backend-production-v0.3-r006-live""}"
"urn:uuid:a4fb6cac-df52-5a17-95ce-87a13016870f","lebl.ra.term.ledger.lebl-term-0091.id-id","urn:uuid:5e63fe89-1fee-50a7-b00c-c87ce204f019","id","id-ID","ketaksamaan segitiga terbalik","[]","[]","[""urn:uuid:2985f369-c946-5392-be8c-902d3c9215b2""]","formal","[{""locator"":""backend/production/v0.3/inputs/TERMINOLOGY.csv:LEBL-TERM-0091"",""sha256"":""sha256:303030193f23576c852933643b84acb010174825eeb9f28dad4da1f9fae09fb0""}]","urn:uuid:a0273f1c-6fad-54c7-a75a-32a5161da656","active","LEBL-TERM-0091","reverse triangle inequality","admitted","{""concept_id"":""concept.inequality.reverse-triangle"",""evidence"":""R006 ch-real-nums.tex"",""notes"":"""",""preferred_id"":""ketaksamaan segitiga terbalik"",""register"":""formal"",""rejected_id"":"""",""resource_scope"":""R006"",""source_term"":""reverse triangle inequality"",""status"":""admitted"",""term_id"":""LEBL-TERM-0091"",""variants_id"":""""}","{""concept_id"":""urn:uuid:5e63fe89-1fee-50a7-b00c-c87ce204f019"",""evidence"":[{""locator"":""backend/production/v0.3/inputs/TERMINOLOGY.csv:LEBL-TERM-0091"",""sha256"":""sha256:303030193f23576c852933643b84acb010174825eeb9f28dad4da1f9fae09fb0""}],""examples"":[],""id"":""urn:uuid:a4fb6cac-df52-5a17-95ce-87a13016870f"",""language"":""id"",""ledger_binding"":{""concept_id"":""concept.inequality.reverse-triangle"",""evidence"":""R006 ch-real-nums.tex"",""notes"":"""",""preferred_id"":""ketaksamaan segitiga terbalik"",""register"":""formal"",""rejected_id"":"""",""resource_scope"":""R006"",""source_term"":""reverse triangle inequality"",""status"":""admitted"",""term_id"":""LEBL-TERM-0091"",""variants_id"":""""},""locale"":""id-ID"",""preferred"":""ketaksamaan segitiga terbalik"",""record_type"":""term"",""recorded_at"":""2026-08-21T00:00:00Z"",""register"":""formal"",""rejected_forms"":[],""rights_id"":""urn:uuid:a0273f1c-6fad-54c7-a75a-32a5161da656"",""schema_name"":""lebl.backend.record"",""schema_version"":""0.3.0"",""scope_ids"":[""urn:uuid:2985f369-c946-5392-be8c-902d3c9215b2""],""semantic_aliases"":[],""semantic_key"":""lebl.ra.term.ledger.lebl-term-0091.id-id"",""status"":""active"",""supersedes_id"":null,""variants"":[],""workflow_id"":""01a01f57-a34b-7740-9717-596b8116910c/backend-production-v0.3-r006-live""}"
"urn:uuid:a7ce8cd2-5dbf-5b94-aa96-e27b7990f8f7","lebl.ra.term.ledger.lebl-term-0139.id-id","urn:uuid:e6bdc710-1a50-52e0-8d7d-0ab838fd4617","id","id-ID","ketaksamaan tak ketat","[]","[]","[""urn:uuid:2985f369-c946-5392-be8c-902d3c9215b2""]","formal","[{""locator"":""backend/production/v0.3/inputs/TERMINOLOGY.csv:LEBL-TERM-0139"",""sha256"":""sha256:65eb0b03e0f58053c33f3f485b4a89da98827ecdb024c8ec925f48fd62e4549b""}]","urn:uuid:a0273f1c-6fad-54c7-a75a-32a5161da656","active","LEBL-TERM-0139","non-strict inequality","admitted","{""concept_id"":""concept.inequality.nonstrict"",""evidence"":""R006 ch-seq-ser.tex"",""notes"":"""",""preferred_id"":""ketaksamaan tak ketat"",""register"":""formal"",""rejected_id"":"""",""resource_scope"":""R006"",""source_term"":""non-strict inequality"",""status"":""admitted"",""term_id"":""LEBL-TERM-0139"",""variants_id"":""""}","{""concept_id"":""urn:uuid:e6bdc710-1a50-52e0-8d7d-0ab838fd4617"",""evidence"":[{""locator"":""backend/production/v0.3/inputs/TERMINOLOGY.csv:LEBL-TERM-0139"",""sha256"":""sha256:65eb0b03e0f58053c33f3f485b4a89da98827ecdb024c8ec925f48fd62e4549b""}],""examples"":[],""id"":""urn:uuid:a7ce8cd2-5dbf-5b94-aa96-e27b7990f8f7"",""language"":""id"",""ledger_binding"":{""concept_id"":""concept.inequality.nonstrict"",""evidence"":""R006 ch-seq-ser.tex"",""notes"":"""",""preferred_id"":""ketaksamaan tak ketat"",""register"":""formal"",""rejected_id"":"""",""resource_scope"":""R006"",""source_term"":""non-strict inequality"",""status"":""admitted"",""term_id"":""LEBL-TERM-0139"",""variants_id"":""""},""locale"":""id-ID"",""preferred"":""ketaksamaan tak ketat"",""record_type"":""term"",""recorded_at"":""2026-08-21T00:00:00Z"",""register"":""formal"",""rejected_forms"":[],""rights_id"":""urn:uuid:a0273f1c-6fad-54c7-a75a-32a5161da656"",""schema_name"":""lebl.backend.record"",""schema_version"":""0.3.0"",""scope_ids"":[""urn:uuid:2985f369-c946-5392-be8c-902d3c9215b2""],""semantic_aliases"":[],""semantic_key"":""lebl.ra.term.ledger.lebl-term-0139.id-id"",""status"":""active"",""supersedes_id"":null,""variants"":[],""workflow_id"":""01a01f57-a34b-7740-9717-596b8116910c/backend-production-v0.3-r006-live""}"
"urn:uuid:d6cba0c2-6dc0-5f35-816a-77608dd6ff3b","lebl.ra.term.ledger.lebl-term-0232.id-id","urn:uuid:7422979d-eef2-5931-baca-26b47640fcd5","id","id-ID","keterdiferensialan","[]","[]","[""urn:uuid:2985f369-c946-5392-be8c-902d3c9215b2""]","formal","[{""locator"":""backend/production/v0.3/inputs/TERMINOLOGY.csv:LEBL-TERM-0232"",""sha256"":""sha256:b847aa50026f9fc99c2041d7fda24d7dc4f584484cd3d094cf23cf4fa7577867""}]","urn:uuid:a0273f1c-6fad-54c7-a75a-32a5161da656","active","LEBL-TERM-0232","differentiability","admitted","{""concept_id"":""concept.calculus.differentiability"",""evidence"":""R006 ch-der.tex"",""notes"":"""",""preferred_id"":""keterdiferensialan"",""register"":""formal"",""rejected_id"":"""",""resource_scope"":""R006"",""source_term"":""differentiability"",""status"":""admitted"",""term_id"":""LEBL-TERM-0232"",""variants_id"":""""}","{""concept_id"":""urn:uuid:7422979d-eef2-5931-baca-26b47640fcd5"",""evidence"":[{""locator"":""backend/production/v0.3/inputs/TERMINOLOGY.csv:LEBL-TERM-0232"",""sha256"":""sha256:b847aa50026f9fc99c2041d7fda24d7dc4f584484cd3d094cf23cf4fa7577867""}],""examples"":[],""id"":""urn:uuid:d6cba0c2-6dc0-5f35-816a-77608dd6ff3b"",""language"":""id"",""ledger_binding"":{""concept_id"":""concept.calculus.differentiability"",""evidence"":""R006 ch-der.tex"",""notes"":"""",""preferred_id"":""keterdiferensialan"",""register"":""formal"",""rejected_id"":"""",""resource_scope"":""R006"",""source_term"":""differentiability"",""status"":""admitted"",""term_id"":""LEBL-TERM-0232"",""variants_id"":""""},""locale"":""id-ID"",""preferred"":""keterdiferensialan"",""record_type"":""term"",""recorded_at"":""2026-08-21T00:00:00Z"",""register"":""formal"",""rejected_forms"":[],""rights_id"":""urn:uuid:a0273f1c-6fad-54c7-a75a-32a5161da656"",""schema_name"":""lebl.backend.record"",""schema_version"":""0.3.0"",""scope_ids"":[""urn:uuid:2985f369-c946-5392-be8c-902d3c9215b2""],""semantic_aliases"":[],""semantic_key"":""lebl.ra.term.ledger.lebl-term-0232.id-id"",""status"":""active"",""supersedes_id"":null,""variants"":[],""workflow_id"":""01a01f57-a34b-7740-9717-596b8116910c/backend-production-v0.3-r006-live""}"
"urn:uuid:447c6c5d-b560-5426-a2f6-8dd5e9ef2d1b","lebl.ra.term.ledger.lebl-term-0193.id-id","urn:uuid:f41fc3cb-b5eb-5393-8feb-975e69c1a229","id","id-ID","keterjumlahan Cesaro","[]","[]","[""urn:uuid:2985f369-c946-5392-be8c-902d3c9215b2""]","formal","[{""locator"":""backend/production/v0.3/inputs/TERMINOLOGY.csv:LEBL-TERM-0193"",""sha256"":""sha256:30a5b25bfd855c90656ac013b6181009a47c1877f603fb278e0475bdddbca3cb""}]","urn:uuid:a0273f1c-6fad-54c7-a75a-32a5161da656","active","LEBL-TERM-0193","Cesaro summability","admitted","{""concept_id"":""concept.series.cesaro-summability"",""evidence"":""R006 ch-seq-ser.tex"",""notes"":""TeX source retains the grave-accented proper name form in index markup"",""preferred_id"":""keterjumlahan Cesaro"",""register"":""formal"",""rejected_id"":"""",""resource_scope"":""R006"",""source_term"":""Cesaro summability"",""status"":""admitted"",""term_id"":""LEBL-TERM-0193"",""variants_id"":""""}","{""concept_id"":""urn:uuid:f41fc3cb-b5eb-5393-8feb-975e69c1a229"",""evidence"":[{""locator"":""backend/production/v0.3/inputs/TERMINOLOGY.csv:LEBL-TERM-0193"",""sha256"":""sha256:30a5b25bfd855c90656ac013b6181009a47c1877f603fb278e0475bdddbca3cb""}],""examples"":[],""id"":""urn:uuid:447c6c5d-b560-5426-a2f6-8dd5e9ef2d1b"",""language"":""id"",""ledger_binding"":{""concept_id"":""concept.series.cesaro-summability"",""evidence"":""R006 ch-seq-ser.tex"",""notes"":""TeX source retains the grave-accented proper name form in index markup"",""preferred_id"":""keterjumlahan Cesaro"",""register"":""formal"",""rejected_id"":"""",""resource_scope"":""R006"",""source_term"":""Cesaro summability"",""status"":""admitted"",""term_id"":""LEBL-TERM-0193"",""variants_id"":""""},""locale"":""id-ID"",""preferred"":""keterjumlahan Cesaro"",""record_type"":""term"",""recorded_at"":""2026-08-21T00:00:00Z"",""register"":""formal"",""rejected_forms"":[],""rights_id"":""urn:uuid:a0273f1c-6fad-54c7-a75a-32a5161da656"",""schema_name"":""lebl.backend.record"",""schema_version"":""0.3.0"",""scope_ids"":[""urn:uuid:2985f369-c946-5392-be8c-902d3c9215b2""],""semantic_aliases"":[],""semantic_key"":""lebl.ra.term.ledger.lebl-term-0193.id-id"",""status"":""active"",""supersedes_id"":null,""variants"":[],""workflow_id"":""01a01f57-a34b-7740-9717-596b8116910c/backend-production-v0.3-r006-live""}"
"urn:uuid:757bfd20-2f62-5a82-9fe8-0d9df72921c7","lebl.ra.term.ledger.lebl-term-0036.id-id","urn:uuid:65ac8e9e-5d33-5129-971b-9443bcfc4c3e","id","id-ID","kodomain","[]","[]","[""urn:uuid:2985f369-c946-5392-be8c-902d3c9215b2""]","formal","[{""locator"":""backend/production/v0.3/inputs/TERMINOLOGY.csv:LEBL-TERM-0036"",""sha256"":""sha256:48cafac693b2cd5af68e239c46a3d889cd6bf6bc3a1c6adf51e20c15bd874e68""}]","urn:uuid:a0273f1c-6fad-54c7-a75a-32a5161da656","active","LEBL-TERM-0036","codomain","admitted","{""concept_id"":""concept.function.codomain"",""evidence"":""R006 ch-vol1-intro.tex"",""notes"":"""",""preferred_id"":""kodomain"",""register"":""formal"",""rejected_id"":"""",""resource_scope"":""R006"",""source_term"":""codomain"",""status"":""admitted"",""term_id"":""LEBL-TERM-0036"",""variants_id"":""""}","{""concept_id"":""urn:uuid:65ac8e9e-5d33-5129-971b-9443bcfc4c3e"",""evidence"":[{""locator"":""backend/production/v0.3/inputs/TERMINOLOGY.csv:LEBL-TERM-0036"",""sha256"":""sha256:48cafac693b2cd5af68e239c46a3d889cd6bf6bc3a1c6adf51e20c15bd874e68""}],""examples"":[],""id"":""urn:uuid:757bfd20-2f62-5a82-9fe8-0d9df72921c7"",""language"":""id"",""ledger_binding"":{""concept_id"":""concept.function.codomain"",""evidence"":""R006 ch-vol1-intro.tex"",""notes"":"""",""preferred_id"":""kodomain"",""register"":""formal"",""rejected_id"":"""",""resource_scope"":""R006"",""source_term"":""codomain"",""status"":""admitted"",""term_id"":""LEBL-TERM-0036"",""variants_id"":""""},""locale"":""id-ID"",""preferred"":""kodomain"",""record_type"":""term"",""recorded_at"":""2026-08-21T00:00:00Z"",""register"":""formal"",""rejected_forms"":[],""rights_id"":""urn:uuid:a0273f1c-6fad-54c7-a75a-32a5161da656"",""schema_name"":""lebl.backend.record"",""schema_version"":""0.3.0"",""scope_ids"":[""urn:uuid:2985f369-c946-5392-be8c-902d3c9215b2""],""semantic_aliases"":[],""semantic_key"":""lebl.ra.term.ledger.lebl-term-0036.id-id"",""status"":""active"",""supersedes_id"":null,""variants"":[],""workflow_id"":""01a01f57-a34b-7740-9717-596b8116910c/backend-production-v0.3-r006-live""}"
"urn:uuid:2329aaa4-fa2f-5272-9a96-8d6ff11fe543","lebl.ra.term.ledger.lebl-term-0409.id-id","urn:uuid:b4fe49a2-f058-5359-b340-e07352ef6a4a","id","id-ID","kolom","[]","[]","[""urn:uuid:2985f369-c946-5392-be8c-902d3c9215b2""]","formal","[{""locator"":""backend/production/v0.3/inputs/TERMINOLOGY.csv:LEBL-TERM-0409"",""sha256"":""sha256:ae0fb196e0f6cbc908e85d923ac6703d1474e8dd1d515730334292645d885578""}]","urn:uuid:a0273f1c-6fad-54c7-a75a-32a5161da656","active","LEBL-TERM-0409","column","admitted","{""concept_id"":""concept.matrix.column"",""evidence"":""R006 ch-several-vars-ders.tex"",""notes"":"""",""preferred_id"":""kolom"",""register"":""formal"",""rejected_id"":"""",""resource_scope"":""R006"",""source_term"":""column"",""status"":""admitted"",""term_id"":""LEBL-TERM-0409"",""variants_id"":""""}","{""concept_id"":""urn:uuid:b4fe49a2-f058-5359-b340-e07352ef6a4a"",""evidence"":[{""locator"":""backend/production/v0.3/inputs/TERMINOLOGY.csv:LEBL-TERM-0409"",""sha256"":""sha256:ae0fb196e0f6cbc908e85d923ac6703d1474e8dd1d515730334292645d885578""}],""examples"":[],""id"":""urn:uuid:2329aaa4-fa2f-5272-9a96-8d6ff11fe543"",""language"":""id"",""ledger_binding"":{""concept_id"":""concept.matrix.column"",""evidence"":""R006 ch-several-vars-ders.tex"",""notes"":"""",""preferred_id"":""kolom"",""register"":""formal"",""rejected_id"":"""",""resource_scope"":""R006"",""source_term"":""column"",""status"":""admitted"",""term_id"":""LEBL-TERM-0409"",""variants_id"":""""},""locale"":""id-ID"",""preferred"":""kolom"",""record_type"":""term"",""recorded_at"":""2026-08-21T00:00:00Z"",""register"":""formal"",""rejected_forms"":[],""rights_id"":""urn:uuid:a0273f1c-6fad-54c7-a75a-32a5161da656"",""schema_name"":""lebl.backend.record"",""schema_version"":""0.3.0"",""scope_ids"":[""urn:uuid:2985f369-c946-5392-be8c-902d3c9215b2""],""semantic_aliases"":[],""semantic_key"":""lebl.ra.term.ledger.lebl-term-0409.id-id"",""status"":""active"",""supersedes_id"":null,""variants"":[],""workflow_id"":""01a01f57-a34b-7740-9717-596b8116910c/backend-production-v0.3-r006-live""}"
"urn:uuid:9e15d01f-a36c-55ca-8056-a65965ff25f3","lebl.ra.term.ledger.lebl-term-0396.id-id","urn:uuid:70d6b087-0872-57fe-bfd5-88a4bd406cd0","id","id-ID","kombinasi konveks","[]","[]","[""urn:uuid:2985f369-c946-5392-be8c-902d3c9215b2""]","formal","[{""locator"":""backend/production/v0.3/inputs/TERMINOLOGY.csv:LEBL-TERM-0396"",""sha256"":""sha256:b91665ee8578bff76379e1af4b905ef7eeceb25de594537e56a84b0a25fe7cc8""}]","urn:uuid:a0273f1c-6fad-54c7-a75a-32a5161da656","active","LEBL-TERM-0396","convex combination","admitted","{""concept_id"":""concept.combination.convex"",""evidence"":""R006 ch-several-vars-ders.tex"",""notes"":"""",""preferred_id"":""kombinasi konveks"",""register"":""formal"",""rejected_id"":"""",""resource_scope"":""R006"",""source_term"":""convex combination"",""status"":""admitted"",""term_id"":""LEBL-TERM-0396"",""variants_id"":""""}","{""concept_id"":""urn:uuid:70d6b087-0872-57fe-bfd5-88a4bd406cd0"",""evidence"":[{""locator"":""backend/production/v0.3/inputs/TERMINOLOGY.csv:LEBL-TERM-0396"",""sha256"":""sha256:b91665ee8578bff76379e1af4b905ef7eeceb25de594537e56a84b0a25fe7cc8""}],""examples"":[],""id"":""urn:uuid:9e15d01f-a36c-55ca-8056-a65965ff25f3"",""language"":""id"",""ledger_binding"":{""concept_id"":""concept.combination.convex"",""evidence"":""R006 ch-several-vars-ders.tex"",""notes"":"""",""preferred_id"":""kombinasi konveks"",""register"":""formal"",""rejected_id"":"""",""resource_scope"":""R006"",""source_term"":""convex combination"",""status"":""admitted"",""term_id"":""LEBL-TERM-0396"",""variants_id"":""""},""locale"":""id-ID"",""preferred"":""kombinasi konveks"",""record_type"":""term"",""recorded_at"":""2026-08-21T00:00:00Z"",""register"":""formal"",""rejected_forms"":[],""rights_id"":""urn:uuid:a0273f1c-6fad-54c7-a75a-32a5161da656"",""schema_name"":""lebl.backend.record"",""schema_version"":""0.3.0"",""scope_ids"":[""urn:uuid:2985f369-c946-5392-be8c-902d3c9215b2""],""semantic_aliases"":[],""semantic_key"":""lebl.ra.term.ledger.lebl-term-0396.id-id"",""status"":""active"",""supersedes_id"":null,""variants"":[],""workflow_id"":""01a01f57-a34b-7740-9717-596b8116910c/backend-production-v0.3-r006-live""}"
"urn:uuid:8f255716-483e-5e4c-a41d-2cf62a3eb128","lebl.ra.term.ledger.lebl-term-0379.id-id","urn:uuid:53bc223a-1631-5605-8afe-4b4f02923bad","id","id-ID","kombinasi linear","[]","[]","[""urn:uuid:2985f369-c946-5392-be8c-902d3c9215b2""]","formal","[{""locator"":""backend/production/v0.3/inputs/TERMINOLOGY.csv:LEBL-TERM-0379"",""sha256"":""sha256:7be84833df3c3bec394f57c851fd181f3ebd8f16ed133cf7c83f7738d28d81a7""}]","urn:uuid:a0273f1c-6fad-54c7-a75a-32a5161da656","active","LEBL-TERM-0379","linear combination","admitted","{""concept_id"":""concept.combination.linear"",""evidence"":""R006 ch-several-vars-ders.tex"",""notes"":"""",""preferred_id"":""kombinasi linear"",""register"":""formal"",""rejected_id"":"""",""resource_scope"":""R006"",""source_term"":""linear combination"",""status"":""admitted"",""term_id"":""LEBL-TERM-0379"",""variants_id"":""""}","{""concept_id"":""urn:uuid:53bc223a-1631-5605-8afe-4b4f02923bad"",""evidence"":[{""locator"":""backend/production/v0.3/inputs/TERMINOLOGY.csv:LEBL-TERM-0379"",""sha256"":""sha256:7be84833df3c3bec394f57c851fd181f3ebd8f16ed133cf7c83f7738d28d81a7""}],""examples"":[],""id"":""urn:uuid:8f255716-483e-5e4c-a41d-2cf62a3eb128"",""language"":""id"",""ledger_binding"":{""concept_id"":""concept.combination.linear"",""evidence"":""R006 ch-several-vars-ders.tex"",""notes"":"""",""preferred_id"":""kombinasi linear"",""register"":""formal"",""rejected_id"":"""",""resource_scope"":""R006"",""source_term"":""linear combination"",""status"":""admitted"",""term_id"":""LEBL-TERM-0379"",""variants_id"":""""},""locale"":""id-ID"",""preferred"":""kombinasi linear"",""record_type"":""term"",""recorded_at"":""2026-08-21T00:00:00Z"",""register"":""formal"",""rejected_forms"":[],""rights_id"":""urn:uuid:a0273f1c-6fad-54c7-a75a-32a5161da656"",""schema_name"":""lebl.backend.record"",""schema_version"":""0.3.0"",""scope_ids"":[""urn:uuid:2985f369-c946-5392-be8c-902d3c9215b2""],""semantic_aliases"":[],""semantic_key"":""lebl.ra.term.ledger.lebl-term-0379.id-id"",""status"":""active"",""supersedes_id"":null,""variants"":[],""workflow_id"":""01a01f57-a34b-7740-9717-596b8116910c/backend-production-v0.3-r006-live""}"
"urn:uuid:db69dc55-9e8f-5da5-85b6-1abf3eff388b","lebl.ra.term.ledger.lebl-term-0356.id-id","urn:uuid:ed15d09b-0139-5c52-b592-453fbf2cea53","id","id-ID","kompak secara sekuensial","[]","[]","[""urn:uuid:2985f369-c946-5392-be8c-902d3c9215b2""]","formal","[{""locator"":""backend/production/v0.3/inputs/TERMINOLOGY.csv:LEBL-TERM-0356"",""sha256"":""sha256:664a1ac4a066f38f2b30d03107a11e60580801d9a72c63196edb578dec162bdd""}]","urn:uuid:a0273f1c-6fad-54c7-a75a-32a5161da656","active","LEBL-TERM-0356","sequentially compact","admitted","{""concept_id"":""concept.compactness.sequential"",""evidence"":""R006 ch-metric.tex"",""notes"":"""",""preferred_id"":""kompak secara sekuensial"",""register"":""formal"",""rejected_id"":"""",""resource_scope"":""R006"",""source_term"":""sequentially compact"",""status"":""admitted"",""term_id"":""LEBL-TERM-0356"",""variants_id"":""""}","{""concept_id"":""urn:uuid:ed15d09b-0139-5c52-b592-453fbf2cea53"",""evidence"":[{""locator"":""backend/production/v0.3/inputs/TERMINOLOGY.csv:LEBL-TERM-0356"",""sha256"":""sha256:664a1ac4a066f38f2b30d03107a11e60580801d9a72c63196edb578dec162bdd""}],""examples"":[],""id"":""urn:uuid:db69dc55-9e8f-5da5-85b6-1abf3eff388b"",""language"":""id"",""ledger_binding"":{""concept_id"":""concept.compactness.sequential"",""evidence"":""R006 ch-metric.tex"",""notes"":"""",""preferred_id"":""kompak secara sekuensial"",""register"":""formal"",""rejected_id"":"""",""resource_scope"":""R006"",""source_term"":""sequentially compact"",""status"":""admitted"",""term_id"":""LEBL-TERM-0356"",""variants_id"":""""},""locale"":""id-ID"",""preferred"":""kompak secara sekuensial"",""record_type"":""term"",""recorded_at"":""2026-08-21T00:00:00Z"",""register"":""formal"",""rejected_forms"":[],""rights_id"":""urn:uuid:a0273f1c-6fad-54c7-a75a-32a5161da656"",""schema_name"":""lebl.backend.record"",""schema_version"":""0.3.0"",""scope_ids"":[""urn:uuid:2985f369-c946-5392-be8c-902d3c9215b2""],""semantic_aliases"":[],""semantic_key"":""lebl.ra.term.ledger.lebl-term-0356.id-id"",""status"":""active"",""supersedes_id"":null,""variants"":[],""workflow_id"":""01a01f57-a34b-7740-9717-596b8116910c/backend-production-v0.3-r006-live""}"
"urn:uuid:bc48b1fd-2b09-5a74-bfc2-f9bc9cc0805d","lebl.ra.term.ledger.lebl-term-0011.id-id","urn:uuid:23d2125e-88cd-5fc3-83c9-05d8fa8fe13c","id","id-ID","komplemen","[]","[]","[""urn:uuid:2985f369-c946-5392-be8c-902d3c9215b2""]","formal","[{""locator"":""backend/production/v0.3/inputs/TERMINOLOGY.csv:LEBL-TERM-0011"",""sha256"":""sha256:2a12a2453eecadbb07165cb566a13506501a70200c53230b0d856238abcad678""}]","urn:uuid:a0273f1c-6fad-54c7-a75a-32a5161da656","active","LEBL-TERM-0011","complement","admitted","{""concept_id"":""concept.set-theory.complement"",""evidence"":""R006 ch-vol1-intro.tex"",""notes"":"""",""preferred_id"":""komplemen"",""register"":""formal"",""rejected_id"":"""",""resource_scope"":""R006"",""source_term"":""complement"",""status"":""admitted"",""term_id"":""LEBL-TERM-0011"",""variants_id"":""""}","{""concept_id"":""urn:uuid:23d2125e-88cd-5fc3-83c9-05d8fa8fe13c"",""evidence"":[{""locator"":""backend/production/v0.3/inputs/TERMINOLOGY.csv:LEBL-TERM-0011"",""sha256"":""sha256:2a12a2453eecadbb07165cb566a13506501a70200c53230b0d856238abcad678""}],""examples"":[],""id"":""urn:uuid:bc48b1fd-2b09-5a74-bfc2-f9bc9cc0805d"",""language"":""id"",""ledger_binding"":{""concept_id"":""concept.set-theory.complement"",""evidence"":""R006 ch-vol1-intro.tex"",""notes"":"""",""preferred_id"":""komplemen"",""register"":""formal"",""rejected_id"":"""",""resource_scope"":""R006"",""source_term"":""complement"",""status"":""admitted"",""term_id"":""LEBL-TERM-0011"",""variants_id"":""""},""locale"":""id-ID"",""preferred"":""komplemen"",""record_type"":""term"",""recorded_at"":""2026-08-21T00:00:00Z"",""register"":""formal"",""rejected_forms"":[],""rights_id"":""urn:uuid:a0273f1c-6fad-54c7-a75a-32a5161da656"",""schema_name"":""lebl.backend.record"",""schema_version"":""0.3.0"",""scope_ids"":[""urn:uuid:2985f369-c946-5392-be8c-902d3c9215b2""],""semantic_aliases"":[],""semantic_key"":""lebl.ra.term.ledger.lebl-term-0011.id-id"",""status"":""active"",""supersedes_id"":null,""variants"":[],""workflow_id"":""01a01f57-a34b-7740-9717-596b8116910c/backend-production-v0.3-r006-live""}"
"urn:uuid:413c133b-b604-544d-b484-c4afc9bcbb8e","lebl.ra.term.ledger.lebl-term-0047.id-id","urn:uuid:91d78ad1-e6b4-5fdf-97ba-f4f4ca6a5f0e","id","id-ID","komposisi fungsi","[]","[]","[""urn:uuid:2985f369-c946-5392-be8c-902d3c9215b2""]","formal","[{""locator"":""backend/production/v0.3/inputs/TERMINOLOGY.csv:LEBL-TERM-0047"",""sha256"":""sha256:4ec7c58e0cea6a6f7877952b68dfb721fc0a282e4dc7b7bc9626c042feea2318""}]","urn:uuid:a0273f1c-6fad-54c7-a75a-32a5161da656","active","LEBL-TERM-0047","composition of functions","admitted","{""concept_id"":""concept.function.composition"",""evidence"":""R006 ch-vol1-intro.tex"",""notes"":"""",""preferred_id"":""komposisi fungsi"",""register"":""formal"",""rejected_id"":"""",""resource_scope"":""R006"",""source_term"":""composition of functions"",""status"":""admitted"",""term_id"":""LEBL-TERM-0047"",""variants_id"":""""}","{""concept_id"":""urn:uuid:91d78ad1-e6b4-5fdf-97ba-f4f4ca6a5f0e"",""evidence"":[{""locator"":""backend/production/v0.3/inputs/TERMINOLOGY.csv:LEBL-TERM-0047"",""sha256"":""sha256:4ec7c58e0cea6a6f7877952b68dfb721fc0a282e4dc7b7bc9626c042feea2318""}],""examples"":[],""id"":""urn:uuid:413c133b-b604-544d-b484-c4afc9bcbb8e"",""language"":""id"",""ledger_binding"":{""concept_id"":""concept.function.composition"",""evidence"":""R006 ch-vol1-intro.tex"",""notes"":"""",""preferred_id"":""komposisi fungsi"",""register"":""formal"",""rejected_id"":"""",""resource_scope"":""R006"",""source_term"":""composition of functions"",""status"":""admitted"",""term_id"":""LEBL-TERM-0047"",""variants_id"":""""},""locale"":""id-ID"",""preferred"":""komposisi fungsi"",""record_type"":""term"",""recorded_at"":""2026-08-21T00:00:00Z"",""register"":""formal"",""rejected_forms"":[],""rights_id"":""urn:uuid:a0273f1c-6fad-54c7-a75a-32a5161da656"",""schema_name"":""lebl.backend.record"",""schema_version"":""0.3.0"",""scope_ids"":[""urn:uuid:2985f369-c946-5392-be8c-902d3c9215b2""],""semantic_aliases"":[],""semantic_key"":""lebl.ra.term.ledger.lebl-term-0047.id-id"",""status"":""active"",""supersedes_id"":null,""variants"":[],""workflow_id"":""01a01f57-a34b-7740-9717-596b8116910c/backend-production-v0.3-r006-live""}"
"urn:uuid:6d2afc83-ce1c-53d6-803d-13237543d4df","lebl.ra.term.ledger.lebl-term-0216.id-id","urn:uuid:03d8b547-82e8-52b7-a94c-fe2da3dd55a2","id","id-ID","kontinu Lipschitz","[]","[]","[""urn:uuid:2985f369-c946-5392-be8c-902d3c9215b2""]","formal","[{""locator"":""backend/production/v0.3/inputs/TERMINOLOGY.csv:LEBL-TERM-0216"",""sha256"":""sha256:ae7d493cbee2e2f78c34b39e0d32299fc2cade48d15f186bc019788ed87e72dc""}]","urn:uuid:a0273f1c-6fad-54c7-a75a-32a5161da656","active","LEBL-TERM-0216","Lipschitz continuous","admitted","{""concept_id"":""concept.function.lipschitz-continuous"",""evidence"":""R006 ch-contfunc.tex"",""notes"":"""",""preferred_id"":""kontinu Lipschitz"",""register"":""formal"",""rejected_id"":"""",""resource_scope"":""R006"",""source_term"":""Lipschitz continuous"",""status"":""admitted"",""term_id"":""LEBL-TERM-0216"",""variants_id"":""""}","{""concept_id"":""urn:uuid:03d8b547-82e8-52b7-a94c-fe2da3dd55a2"",""evidence"":[{""locator"":""backend/production/v0.3/inputs/TERMINOLOGY.csv:LEBL-TERM-0216"",""sha256"":""sha256:ae7d493cbee2e2f78c34b39e0d32299fc2cade48d15f186bc019788ed87e72dc""}],""examples"":[],""id"":""urn:uuid:6d2afc83-ce1c-53d6-803d-13237543d4df"",""language"":""id"",""ledger_binding"":{""concept_id"":""concept.function.lipschitz-continuous"",""evidence"":""R006 ch-contfunc.tex"",""notes"":"""",""preferred_id"":""kontinu Lipschitz"",""register"":""formal"",""rejected_id"":"""",""resource_scope"":""R006"",""source_term"":""Lipschitz continuous"",""status"":""admitted"",""term_id"":""LEBL-TERM-0216"",""variants_id"":""""},""locale"":""id-ID"",""preferred"":""kontinu Lipschitz"",""record_type"":""term"",""recorded_at"":""2026-08-21T00:00:00Z"",""register"":""formal"",""rejected_forms"":[],""rights_id"":""urn:uuid:a0273f1c-6fad-54c7-a75a-32a5161da656"",""schema_name"":""lebl.backend.record"",""schema_version"":""0.3.0"",""scope_ids"":[""urn:uuid:2985f369-c946-5392-be8c-902d3c9215b2""],""semantic_aliases"":[],""semantic_key"":""lebl.ra.term.ledger.lebl-term-0216.id-id"",""status"":""active"",""supersedes_id"":null,""variants"":[],""workflow_id"":""01a01f57-a34b-7740-9717-596b8116910c/backend-production-v0.3-r006-live""}"
"urn:uuid:52336178-5bb5-58e8-8b81-df9079f05b4a","lebl.ra.term.ledger.lebl-term-0213.id-id","urn:uuid:68d295af-1946-50fe-b78b-f058b124aa01","id","id-ID","kontinu seragam","[]","[]","[""urn:uuid:2985f369-c946-5392-be8c-902d3c9215b2""]","formal","[{""locator"":""backend/production/v0.3/inputs/TERMINOLOGY.csv:LEBL-TERM-0213"",""sha256"":""sha256:7ce69b9a556d1ab0e96e982b02b1df7e61739872146f36c563fd0c5970ef4fa7""}]","urn:uuid:a0273f1c-6fad-54c7-a75a-32a5161da656","active","LEBL-TERM-0213","uniformly continuous","admitted","{""concept_id"":""concept.function.uniformly-continuous"",""evidence"":""R006 ch-contfunc.tex"",""notes"":"""",""preferred_id"":""kontinu seragam"",""register"":""formal"",""rejected_id"":"""",""resource_scope"":""R006"",""source_term"":""uniformly continuous"",""status"":""admitted"",""term_id"":""LEBL-TERM-0213"",""variants_id"":""""}","{""concept_id"":""urn:uuid:68d295af-1946-50fe-b78b-f058b124aa01"",""evidence"":[{""locator"":""backend/production/v0.3/inputs/TERMINOLOGY.csv:LEBL-TERM-0213"",""sha256"":""sha256:7ce69b9a556d1ab0e96e982b02b1df7e61739872146f36c563fd0c5970ef4fa7""}],""examples"":[],""id"":""urn:uuid:52336178-5bb5-58e8-8b81-df9079f05b4a"",""language"":""id"",""ledger_binding"":{""concept_id"":""concept.function.uniformly-continuous"",""evidence"":""R006 ch-contfunc.tex"",""notes"":"""",""preferred_id"":""kontinu seragam"",""register"":""formal"",""rejected_id"":"""",""resource_scope"":""R006"",""source_term"":""uniformly continuous"",""status"":""admitted"",""term_id"":""LEBL-TERM-0213"",""variants_id"":""""},""locale"":""id-ID"",""preferred"":""kontinu seragam"",""record_type"":""term"",""recorded_at"":""2026-08-21T00:00:00Z"",""register"":""formal"",""rejected_forms"":[],""rights_id"":""urn:uuid:a0273f1c-6fad-54c7-a75a-32a5161da656"",""schema_name"":""lebl.backend.record"",""schema_version"":""0.3.0"",""scope_ids"":[""urn:uuid:2985f369-c946-5392-be8c-902d3c9215b2""],""semantic_aliases"":[],""semantic_key"":""lebl.ra.term.ledger.lebl-term-0213.id-id"",""status"":""active"",""supersedes_id"":null,""variants"":[],""workflow_id"":""01a01f57-a34b-7740-9717-596b8116910c/backend-production-v0.3-r006-live""}"
"urn:uuid:6109a363-4e80-5718-afa1-d649701a315f","lebl.ra.term.ledger.lebl-term-0395.id-id","urn:uuid:446325db-e0d2-5463-af96-d0dfdfbc88eb","id","id-ID","konveks","[]","[]","[""urn:uuid:2985f369-c946-5392-be8c-902d3c9215b2""]","formal","[{""locator"":""backend/production/v0.3/inputs/TERMINOLOGY.csv:LEBL-TERM-0395"",""sha256"":""sha256:9f4dbb72e984f7daa13afa73b85bb5540c511f23b99c98f9f941314c4bb25bf6""}]","urn:uuid:a0273f1c-6fad-54c7-a75a-32a5161da656","active","LEBL-TERM-0395","convex","admitted","{""concept_id"":""concept.set.convex"",""evidence"":""R006 ch-several-vars-ders.tex"",""notes"":"""",""preferred_id"":""konveks"",""register"":""formal"",""rejected_id"":"""",""resource_scope"":""R006"",""source_term"":""convex"",""status"":""admitted"",""term_id"":""LEBL-TERM-0395"",""variants_id"":""""}","{""concept_id"":""urn:uuid:446325db-e0d2-5463-af96-d0dfdfbc88eb"",""evidence"":[{""locator"":""backend/production/v0.3/inputs/TERMINOLOGY.csv:LEBL-TERM-0395"",""sha256"":""sha256:9f4dbb72e984f7daa13afa73b85bb5540c511f23b99c98f9f941314c4bb25bf6""}],""examples"":[],""id"":""urn:uuid:6109a363-4e80-5718-afa1-d649701a315f"",""language"":""id"",""ledger_binding"":{""concept_id"":""concept.set.convex"",""evidence"":""R006 ch-several-vars-ders.tex"",""notes"":"""",""preferred_id"":""konveks"",""register"":""formal"",""rejected_id"":"""",""resource_scope"":""R006"",""source_term"":""convex"",""status"":""admitted"",""term_id"":""LEBL-TERM-0395"",""variants_id"":""""},""locale"":""id-ID"",""preferred"":""konveks"",""record_type"":""term"",""recorded_at"":""2026-08-21T00:00:00Z"",""register"":""formal"",""rejected_forms"":[],""rights_id"":""urn:uuid:a0273f1c-6fad-54c7-a75a-32a5161da656"",""schema_name"":""lebl.backend.record"",""schema_version"":""0.3.0"",""scope_ids"":[""urn:uuid:2985f369-c946-5392-be8c-902d3c9215b2""],""semantic_aliases"":[],""semantic_key"":""lebl.ra.term.ledger.lebl-term-0395.id-id"",""status"":""active"",""supersedes_id"":null,""variants"":[],""workflow_id"":""01a01f57-a34b-7740-9717-596b8116910c/backend-production-v0.3-r006-live""}"
"urn:uuid:247a24c8-087c-56c9-82d1-0dc74d41472e","lebl.ra.term.ledger.lebl-term-0121.id-id","urn:uuid:5607b8b5-6a5f-5246-b5f9-2c28ea01b42f","id","id-ID","konvergen","[]","[]","[""urn:uuid:2985f369-c946-5392-be8c-902d3c9215b2""]","formal","[{""locator"":""backend/production/v0.3/inputs/TERMINOLOGY.csv:LEBL-TERM-0121"",""sha256"":""sha256:5d53931d4dd6fa90d23e42668eede464d4e5c77938939e64bec2044cfde242b0""}]","urn:uuid:a0273f1c-6fad-54c7-a75a-32a5161da656","active","LEBL-TERM-0121","convergent","admitted","{""concept_id"":""concept.sequence.convergent"",""evidence"":""R006 ch-seq-ser.tex"",""notes"":"""",""preferred_id"":""konvergen"",""register"":""formal"",""rejected_id"":"""",""resource_scope"":""R006"",""source_term"":""convergent"",""status"":""admitted"",""term_id"":""LEBL-TERM-0121"",""variants_id"":""""}","{""concept_id"":""urn:uuid:5607b8b5-6a5f-5246-b5f9-2c28ea01b42f"",""evidence"":[{""locator"":""backend/production/v0.3/inputs/TERMINOLOGY.csv:LEBL-TERM-0121"",""sha256"":""sha256:5d53931d4dd6fa90d23e42668eede464d4e5c77938939e64bec2044cfde242b0""}],""examples"":[],""id"":""urn:uuid:247a24c8-087c-56c9-82d1-0dc74d41472e"",""language"":""id"",""ledger_binding"":{""concept_id"":""concept.sequence.convergent"",""evidence"":""R006 ch-seq-ser.tex"",""notes"":"""",""preferred_id"":""konvergen"",""register"":""formal"",""rejected_id"":"""",""resource_scope"":""R006"",""source_term"":""convergent"",""status"":""admitted"",""term_id"":""LEBL-TERM-0121"",""variants_id"":""""},""locale"":""id-ID"",""preferred"":""konvergen"",""record_type"":""term"",""recorded_at"":""2026-08-21T00:00:00Z"",""register"":""formal"",""rejected_forms"":[],""rights_id"":""urn:uuid:a0273f1c-6fad-54c7-a75a-32a5161da656"",""schema_name"":""lebl.backend.record"",""schema_version"":""0.3.0"",""scope_ids"":[""urn:uuid:2985f369-c946-5392-be8c-902d3c9215b2""],""semantic_aliases"":[],""semantic_key"":""lebl.ra.term.ledger.lebl-term-0121.id-id"",""status"":""active"",""supersedes_id"":null,""variants"":[],""workflow_id"":""01a01f57-a34b-7740-9717-596b8116910c/backend-production-v0.3-r006-live""}"
"urn:uuid:c58e7c8d-d99f-5d57-b78c-4fadc4ef5d47","lebl.ra.term.ledger.lebl-term-0222.id-id","urn:uuid:af4e71d0-c2f5-547f-860f-ac18d8505f6a","id","id-ID","konvergen ke tak hingga","[]","[]","[""urn:uuid:2985f369-c946-5392-be8c-902d3c9215b2""]","specialized","[{""locator"":""backend/production/v0.3/inputs/TERMINOLOGY.csv:LEBL-TERM-0222"",""sha256"":""sha256:d88030d2ab4dc553bb863389f860ff6b4366d95954e06c1af1b5142d264799c6""}]","urn:uuid:a0273f1c-6fad-54c7-a75a-32a5161da656","active","LEBL-TERM-0222","converges to infinity","admitted","{""concept_id"":""concept.convergence.to-infinity-informal"",""evidence"":""R006 ch-contfunc.tex"",""notes"":""The source explicitly identifies this wording as slightly incorrect in the present context"",""preferred_id"":""konvergen ke tak hingga"",""register"":""qualified"",""rejected_id"":"""",""resource_scope"":""R006"",""source_term"":""converges to infinity"",""status"":""admitted"",""term_id"":""LEBL-TERM-0222"",""variants_id"":""""}","{""concept_id"":""urn:uuid:af4e71d0-c2f5-547f-860f-ac18d8505f6a"",""evidence"":[{""locator"":""backend/production/v0.3/inputs/TERMINOLOGY.csv:LEBL-TERM-0222"",""sha256"":""sha256:d88030d2ab4dc553bb863389f860ff6b4366d95954e06c1af1b5142d264799c6""}],""examples"":[],""id"":""urn:uuid:c58e7c8d-d99f-5d57-b78c-4fadc4ef5d47"",""language"":""id"",""ledger_binding"":{""concept_id"":""concept.convergence.to-infinity-informal"",""evidence"":""R006 ch-contfunc.tex"",""notes"":""The source explicitly identifies this wording as slightly incorrect in the present context"",""preferred_id"":""konvergen ke tak hingga"",""register"":""qualified"",""rejected_id"":"""",""resource_scope"":""R006"",""source_term"":""converges to infinity"",""status"":""admitted"",""term_id"":""LEBL-TERM-0222"",""variants_id"":""""},""locale"":""id-ID"",""preferred"":""konvergen ke tak hingga"",""record_type"":""term"",""recorded_at"":""2026-08-21T00:00:00Z"",""register"":""specialized"",""rejected_forms"":[],""rights_id"":""urn:uuid:a0273f1c-6fad-54c7-a75a-32a5161da656"",""schema_name"":""lebl.backend.record"",""schema_version"":""0.3.0"",""scope_ids"":[""urn:uuid:2985f369-c946-5392-be8c-902d3c9215b2""],""semantic_aliases"":[],""semantic_key"":""lebl.ra.term.ledger.lebl-term-0222.id-id"",""status"":""active"",""supersedes_id"":null,""variants"":[],""workflow_id"":""01a01f57-a34b-7740-9717-596b8116910c/backend-production-v0.3-r006-live""}"
"urn:uuid:f84f6d32-2d81-59c3-8b11-5fa306720847","lebl.ra.term.ledger.lebl-term-0165.id-id","urn:uuid:c2085ed2-843b-5690-b07d-ae2d758c9be0","id","id-ID","konvergensi bersyarat","[""konvergen bersyarat""]","[]","[""urn:uuid:2985f369-c946-5392-be8c-902d3c9215b2""]","formal","[{""locator"":""backend/production/v0.3/inputs/TERMINOLOGY.csv:LEBL-TERM-0165"",""sha256"":""sha256:bf7f7755c3e681fc34a5e8741d516556d92ff0d1d75b5e6410e8e1c34ccb68b3""}]","urn:uuid:a0273f1c-6fad-54c7-a75a-32a5161da656","active","LEBL-TERM-0165","conditional convergence","admitted","{""concept_id"":""concept.series.conditional-convergence"",""evidence"":""R006 ch-seq-ser.tex"",""notes"":"""",""preferred_id"":""konvergensi bersyarat"",""register"":""formal"",""rejected_id"":"""",""resource_scope"":""R006"",""source_term"":""conditional convergence"",""status"":""admitted"",""term_id"":""LEBL-TERM-0165"",""variants_id"":""konvergen bersyarat""}","{""concept_id"":""urn:uuid:c2085ed2-843b-5690-b07d-ae2d758c9be0"",""evidence"":[{""locator"":""backend/production/v0.3/inputs/TERMINOLOGY.csv:LEBL-TERM-0165"",""sha256"":""sha256:bf7f7755c3e681fc34a5e8741d516556d92ff0d1d75b5e6410e8e1c34ccb68b3""}],""examples"":[],""id"":""urn:uuid:f84f6d32-2d81-59c3-8b11-5fa306720847"",""language"":""id"",""ledger_binding"":{""concept_id"":""concept.series.conditional-convergence"",""evidence"":""R006 ch-seq-ser.tex"",""notes"":"""",""preferred_id"":""konvergensi bersyarat"",""register"":""formal"",""rejected_id"":"""",""resource_scope"":""R006"",""source_term"":""conditional convergence"",""status"":""admitted"",""term_id"":""LEBL-TERM-0165"",""variants_id"":""konvergen bersyarat""},""locale"":""id-ID"",""preferred"":""konvergensi bersyarat"",""record_type"":""term"",""recorded_at"":""2026-08-21T00:00:00Z"",""register"":""formal"",""rejected_forms"":[],""rights_id"":""urn:uuid:a0273f1c-6fad-54c7-a75a-32a5161da656"",""schema_name"":""lebl.backend.record"",""schema_version"":""0.3.0"",""scope_ids"":[""urn:uuid:2985f369-c946-5392-be8c-902d3c9215b2""],""semantic_aliases"":[],""semantic_key"":""lebl.ra.term.ledger.lebl-term-0165.id-id"",""status"":""active"",""supersedes_id"":null,""variants"":[""konvergen bersyarat""],""workflow_id"":""01a01f57-a34b-7740-9717-596b8116910c/backend-production-v0.3-r006-live""}"
"urn:uuid:ea88b33d-4fea-5904-a410-11728846337d","lebl.ra.term.ledger.lebl-term-0164.id-id","urn:uuid:a1de756a-b7d3-5ad5-8539-fede9b579f96","id","id-ID","konvergensi mutlak","[""konvergen mutlak""]","[]","[""urn:uuid:2985f369-c946-5392-be8c-902d3c9215b2""]","formal","[{""locator"":""backend/production/v0.3/inputs/TERMINOLOGY.csv:LEBL-TERM-0164"",""sha256"":""sha256:3fbe388abd29456c7591a047435b0d26aecef1f0b5bd480bc8f23deaa58e1997""}]","urn:uuid:a0273f1c-6fad-54c7-a75a-32a5161da656","active","LEBL-TERM-0164","absolute convergence","admitted","{""concept_id"":""concept.series.absolute-convergence"",""evidence"":""R006 ch-seq-ser.tex"",""notes"":"""",""preferred_id"":""konvergensi mutlak"",""register"":""formal"",""rejected_id"":"""",""resource_scope"":""R006"",""source_term"":""absolute convergence"",""status"":""admitted"",""term_id"":""LEBL-TERM-0164"",""variants_id"":""konvergen mutlak""}","{""concept_id"":""urn:uuid:a1de756a-b7d3-5ad5-8539-fede9b579f96"",""evidence"":[{""locator"":""backend/production/v0.3/inputs/TERMINOLOGY.csv:LEBL-TERM-0164"",""sha256"":""sha256:3fbe388abd29456c7591a047435b0d26aecef1f0b5bd480bc8f23deaa58e1997""}],""examples"":[],""id"":""urn:uuid:ea88b33d-4fea-5904-a410-11728846337d"",""language"":""id"",""ledger_binding"":{""concept_id"":""concept.series.absolute-convergence"",""evidence"":""R006 ch-seq-ser.tex"",""notes"":"""",""preferred_id"":""konvergensi mutlak"",""register"":""formal"",""rejected_id"":"""",""resource_scope"":""R006"",""source_term"":""absolute convergence"",""status"":""admitted"",""term_id"":""LEBL-TERM-0164"",""variants_id"":""konvergen mutlak""},""locale"":""id-ID"",""preferred"":""konvergensi mutlak"",""record_type"":""term"",""recorded_at"":""2026-08-21T00:00:00Z"",""register"":""formal"",""rejected_forms"":[],""rights_id"":""urn:uuid:a0273f1c-6fad-54c7-a75a-32a5161da656"",""schema_name"":""lebl.backend.record"",""schema_version"":""0.3.0"",""scope_ids"":[""urn:uuid:2985f369-c946-5392-be8c-902d3c9215b2""],""semantic_aliases"":[],""semantic_key"":""lebl.ra.term.ledger.lebl-term-0164.id-id"",""status"":""active"",""supersedes_id"":null,""variants"":[""konvergen mutlak""],""workflow_id"":""01a01f57-a34b-7740-9717-596b8116910c/backend-production-v0.3-r006-live""}"
"urn:uuid:8975e3c3-2b61-58e9-af3e-77a02b66acff","lebl.ra.term.ledger.lebl-term-0299.id-id","urn:uuid:aa4f6302-6ccf-5083-ab89-c73e434cf05e","id","id-ID","konvergensi seragam","[]","[]","[""urn:uuid:2985f369-c946-5392-be8c-902d3c9215b2""]","formal","[{""locator"":""backend/production/v0.3/inputs/TERMINOLOGY.csv:LEBL-TERM-0299"",""sha256"":""sha256:323e6d1c6784db5ac1d652266a87ce6e30af2a169b33c95db4d4af108a10a5ea""}]","urn:uuid:a0273f1c-6fad-54c7-a75a-32a5161da656","active","LEBL-TERM-0299","uniform convergence","admitted","{""concept_id"":""concept.convergence.uniform"",""evidence"":""R006 ch-seq-funcs.tex"",""notes"":"""",""preferred_id"":""konvergensi seragam"",""register"":""formal"",""rejected_id"":"""",""resource_scope"":""R006"",""source_term"":""uniform convergence"",""status"":""admitted"",""term_id"":""LEBL-TERM-0299"",""variants_id"":""""}","{""concept_id"":""urn:uuid:aa4f6302-6ccf-5083-ab89-c73e434cf05e"",""evidence"":[{""locator"":""backend/production/v0.3/inputs/TERMINOLOGY.csv:LEBL-TERM-0299"",""sha256"":""sha256:323e6d1c6784db5ac1d652266a87ce6e30af2a169b33c95db4d4af108a10a5ea""}],""examples"":[],""id"":""urn:uuid:8975e3c3-2b61-58e9-af3e-77a02b66acff"",""language"":""id"",""ledger_binding"":{""concept_id"":""concept.convergence.uniform"",""evidence"":""R006 ch-seq-funcs.tex"",""notes"":"""",""preferred_id"":""konvergensi seragam"",""register"":""formal"",""rejected_id"":"""",""resource_scope"":""R006"",""source_term"":""uniform convergence"",""status"":""admitted"",""term_id"":""LEBL-TERM-0299"",""variants_id"":""""},""locale"":""id-ID"",""preferred"":""konvergensi seragam"",""record_type"":""term"",""recorded_at"":""2026-08-21T00:00:00Z"",""register"":""formal"",""rejected_forms"":[],""rights_id"":""urn:uuid:a0273f1c-6fad-54c7-a75a-32a5161da656"",""schema_name"":""lebl.backend.record"",""schema_version"":""0.3.0"",""scope_ids"":[""urn:uuid:2985f369-c946-5392-be8c-902d3c9215b2""],""semantic_aliases"":[],""semantic_key"":""lebl.ra.term.ledger.lebl-term-0299.id-id"",""status"":""active"",""supersedes_id"":null,""variants"":[],""workflow_id"":""01a01f57-a34b-7740-9717-596b8116910c/backend-production-v0.3-r006-live""}"
"urn:uuid:e7324109-cba3-5439-b151-f70145bec42c","lebl.ra.term.ledger.lebl-term-0304.id-id","urn:uuid:4dfe9a15-0181-5dea-9257-dcd7a08b0d70","id","id-ID","konvergensi seragam pada subhimpunan kompak","[]","[]","[""urn:uuid:2985f369-c946-5392-be8c-902d3c9215b2""]","formal","[{""locator"":""backend/production/v0.3/inputs/TERMINOLOGY.csv:LEBL-TERM-0304"",""sha256"":""sha256:a7f885dda42547d003b30f9cbb6f8f5120c7c1f94c21c32d81dfd4cb99c7f975""}]","urn:uuid:a0273f1c-6fad-54c7-a75a-32a5161da656","active","LEBL-TERM-0304","uniform convergence on compact subsets","admitted","{""concept_id"":""concept.convergence.uniform-on-compact-subsets"",""evidence"":""R006 ch-seq-funcs.tex"",""notes"":"""",""preferred_id"":""konvergensi seragam pada subhimpunan kompak"",""register"":""formal"",""rejected_id"":"""",""resource_scope"":""R006"",""source_term"":""uniform convergence on compact subsets"",""status"":""admitted"",""term_id"":""LEBL-TERM-0304"",""variants_id"":""""}","{""concept_id"":""urn:uuid:4dfe9a15-0181-5dea-9257-dcd7a08b0d70"",""evidence"":[{""locator"":""backend/production/v0.3/inputs/TERMINOLOGY.csv:LEBL-TERM-0304"",""sha256"":""sha256:a7f885dda42547d003b30f9cbb6f8f5120c7c1f94c21c32d81dfd4cb99c7f975""}],""examples"":[],""id"":""urn:uuid:e7324109-cba3-5439-b151-f70145bec42c"",""language"":""id"",""ledger_binding"":{""concept_id"":""concept.convergence.uniform-on-compact-subsets"",""evidence"":""R006 ch-seq-funcs.tex"",""notes"":"""",""preferred_id"":""konvergensi seragam pada subhimpunan kompak"",""register"":""formal"",""rejected_id"":"""",""resource_scope"":""R006"",""source_term"":""uniform convergence on compact subsets"",""status"":""admitted"",""term_id"":""LEBL-TERM-0304"",""variants_id"":""""},""locale"":""id-ID"",""preferred"":""konvergensi seragam pada subhimpunan kompak"",""record_type"":""term"",""recorded_at"":""2026-08-21T00:00:00Z"",""register"":""formal"",""rejected_forms"":[],""rights_id"":""urn:uuid:a0273f1c-6fad-54c7-a75a-32a5161da656"",""schema_name"":""lebl.backend.record"",""schema_version"":""0.3.0"",""scope_ids"":[""urn:uuid:2985f369-c946-5392-be8c-902d3c9215b2""],""semantic_aliases"":[],""semantic_key"":""lebl.ra.term.ledger.lebl-term-0304.id-id"",""status"":""active"",""supersedes_id"":null,""variants"":[],""workflow_id"":""01a01f57-a34b-7740-9717-596b8116910c/backend-production-v0.3-r006-live""}"
"urn:uuid:351dd54c-b843-5ae6-bad5-5bd787ea516b","lebl.ra.term.ledger.lebl-term-0298.id-id","urn:uuid:8ee232f8-df4f-5da2-a3f1-a9625fb405b7","id","id-ID","konvergensi titik demi titik","[]","[]","[""urn:uuid:2985f369-c946-5392-be8c-902d3c9215b2""]","formal","[{""locator"":""backend/production/v0.3/inputs/TERMINOLOGY.csv:LEBL-TERM-0298"",""sha256"":""sha256:b4b5fa4ee68739770f79e8404f0ec7ffc3e1bb90495a86082a609d51a5a8f286""}]","urn:uuid:a0273f1c-6fad-54c7-a75a-32a5161da656","active","LEBL-TERM-0298","pointwise convergence","admitted","{""concept_id"":""concept.convergence.pointwise"",""evidence"":""R006 ch-seq-funcs.tex"",""notes"":"""",""preferred_id"":""konvergensi titik demi titik"",""register"":""formal"",""rejected_id"":"""",""resource_scope"":""R006"",""source_term"":""pointwise convergence"",""status"":""admitted"",""term_id"":""LEBL-TERM-0298"",""variants_id"":""""}","{""concept_id"":""urn:uuid:8ee232f8-df4f-5da2-a3f1-a9625fb405b7"",""evidence"":[{""locator"":""backend/production/v0.3/inputs/TERMINOLOGY.csv:LEBL-TERM-0298"",""sha256"":""sha256:b4b5fa4ee68739770f79e8404f0ec7ffc3e1bb90495a86082a609d51a5a8f286""}],""examples"":[],""id"":""urn:uuid:351dd54c-b843-5ae6-bad5-5bd787ea516b"",""language"":""id"",""ledger_binding"":{""concept_id"":""concept.convergence.pointwise"",""evidence"":""R006 ch-seq-funcs.tex"",""notes"":"""",""preferred_id"":""konvergensi titik demi titik"",""register"":""formal"",""rejected_id"":"""",""resource_scope"":""R006"",""source_term"":""pointwise convergence"",""status"":""admitted"",""term_id"":""LEBL-TERM-0298"",""variants_id"":""""},""locale"":""id-ID"",""preferred"":""konvergensi titik demi titik"",""record_type"":""term"",""recorded_at"":""2026-08-21T00:00:00Z"",""register"":""formal"",""rejected_forms"":[],""rights_id"":""urn:uuid:a0273f1c-6fad-54c7-a75a-32a5161da656"",""schema_name"":""lebl.backend.record"",""schema_version"":""0.3.0"",""scope_ids"":[""urn:uuid:2985f369-c946-5392-be8c-902d3c9215b2""],""semantic_aliases"":[],""semantic_key"":""lebl.ra.term.ledger.lebl-term-0298.id-id"",""status"":""active"",""supersedes_id"":null,""variants"":[],""workflow_id"":""01a01f57-a34b-7740-9717-596b8116910c/backend-production-v0.3-r006-live""}"
"urn:uuid:55bb9e4a-094b-5b93-bbd6-ccb69cfcb3d0","lebl.ra.term.ledger.lebl-term-0292.id-id","urn:uuid:31f8e109-dc4e-5128-b154-46c07dbf325b","id","id-ID","konvolusi","[]","[]","[""urn:uuid:2985f369-c946-5392-be8c-902d3c9215b2""]","formal","[{""locator"":""backend/production/v0.3/inputs/TERMINOLOGY.csv:LEBL-TERM-0292"",""sha256"":""sha256:2ae3319b38c9b798a9933bec7c36b0168dc0622cd0bda8175caf63715761cb15""}]","urn:uuid:a0273f1c-6fad-54c7-a75a-32a5161da656","active","LEBL-TERM-0292","convolution","admitted","{""concept_id"":""concept.integration.convolution"",""evidence"":""R006 ch-riemann.tex"",""notes"":"""",""preferred_id"":""konvolusi"",""register"":""formal"",""rejected_id"":"""",""resource_scope"":""R006"",""source_term"":""convolution"",""status"":""admitted"",""term_id"":""LEBL-TERM-0292"",""variants_id"":""""}","{""concept_id"":""urn:uuid:31f8e109-dc4e-5128-b154-46c07dbf325b"",""evidence"":[{""locator"":""backend/production/v0.3/inputs/TERMINOLOGY.csv:LEBL-TERM-0292"",""sha256"":""sha256:2ae3319b38c9b798a9933bec7c36b0168dc0622cd0bda8175caf63715761cb15""}],""examples"":[],""id"":""urn:uuid:55bb9e4a-094b-5b93-bbd6-ccb69cfcb3d0"",""language"":""id"",""ledger_binding"":{""concept_id"":""concept.integration.convolution"",""evidence"":""R006 ch-riemann.tex"",""notes"":"""",""preferred_id"":""konvolusi"",""register"":""formal"",""rejected_id"":"""",""resource_scope"":""R006"",""source_term"":""convolution"",""status"":""admitted"",""term_id"":""LEBL-TERM-0292"",""variants_id"":""""},""locale"":""id-ID"",""preferred"":""konvolusi"",""record_type"":""term"",""recorded_at"":""2026-08-21T00:00:00Z"",""register"":""formal"",""rejected_forms"":[],""rights_id"":""urn:uuid:a0273f1c-6fad-54c7-a75a-32a5161da656"",""schema_name"":""lebl.backend.record"",""schema_version"":""0.3.0"",""scope_ids"":[""urn:uuid:2985f369-c946-5392-be8c-902d3c9215b2""],""semantic_aliases"":[],""semantic_key"":""lebl.ra.term.ledger.lebl-term-0292.id-id"",""status"":""active"",""supersedes_id"":null,""variants"":[],""workflow_id"":""01a01f57-a34b-7740-9717-596b8116910c/backend-production-v0.3-r006-live""}"
"urn:uuid:b0ccd608-94f8-5cf2-aa5e-dff1c9355e30","lebl.ra.term.ledger.lebl-term-0167.id-id","urn:uuid:5731c5a8-ad3d-5cb4-a05a-182e4aea9395","id","id-ID","kriteria Cauchy","[]","[]","[""urn:uuid:2985f369-c946-5392-be8c-902d3c9215b2""]","formal","[{""locator"":""backend/production/v0.3/inputs/TERMINOLOGY.csv:LEBL-TERM-0167"",""sha256"":""sha256:fd58abe52d0996b2ed8fc747f1b56fae83db63a4865635b26a146e6de8bc858a""}]","urn:uuid:a0273f1c-6fad-54c7-a75a-32a5161da656","active","LEBL-TERM-0167","Cauchy criterion","admitted","{""concept_id"":""concept.criterion.cauchy"",""evidence"":""R006 ch-seq-ser.tex"",""notes"":"""",""preferred_id"":""kriteria Cauchy"",""register"":""formal"",""rejected_id"":"""",""resource_scope"":""R006"",""source_term"":""Cauchy criterion"",""status"":""admitted"",""term_id"":""LEBL-TERM-0167"",""variants_id"":""""}","{""concept_id"":""urn:uuid:5731c5a8-ad3d-5cb4-a05a-182e4aea9395"",""evidence"":[{""locator"":""backend/production/v0.3/inputs/TERMINOLOGY.csv:LEBL-TERM-0167"",""sha256"":""sha256:fd58abe52d0996b2ed8fc747f1b56fae83db63a4865635b26a146e6de8bc858a""}],""examples"":[],""id"":""urn:uuid:b0ccd608-94f8-5cf2-aa5e-dff1c9355e30"",""language"":""id"",""ledger_binding"":{""concept_id"":""concept.criterion.cauchy"",""evidence"":""R006 ch-seq-ser.tex"",""notes"":"""",""preferred_id"":""kriteria Cauchy"",""register"":""formal"",""rejected_id"":"""",""resource_scope"":""R006"",""source_term"":""Cauchy criterion"",""status"":""admitted"",""term_id"":""LEBL-TERM-0167"",""variants_id"":""""},""locale"":""id-ID"",""preferred"":""kriteria Cauchy"",""record_type"":""term"",""recorded_at"":""2026-08-21T00:00:00Z"",""register"":""formal"",""rejected_forms"":[],""rights_id"":""urn:uuid:a0273f1c-6fad-54c7-a75a-32a5161da656"",""schema_name"":""lebl.backend.record"",""schema_version"":""0.3.0"",""scope_ids"":[""urn:uuid:2985f369-c946-5392-be8c-902d3c9215b2""],""semantic_aliases"":[],""semantic_key"":""lebl.ra.term.ledger.lebl-term-0167.id-id"",""status"":""active"",""supersedes_id"":null,""variants"":[],""workflow_id"":""01a01f57-a34b-7740-9717-596b8116910c/backend-production-v0.3-r006-live""}"
"urn:uuid:bd84730f-da6e-5e00-a3b2-44010f3c30d4","lebl.ra.term.ledger.lebl-term-0431.id-id","urn:uuid:517a737e-329b-568e-8b9a-740b9a05a81b","id","id-ID","kurva","[]","[]","[""urn:uuid:2985f369-c946-5392-be8c-902d3c9215b2""]","formal","[{""locator"":""backend/production/v0.3/inputs/TERMINOLOGY.csv:LEBL-TERM-0431"",""sha256"":""sha256:65886b05cfa46a5b6c41bd46a93495c634109357efca57d2e8e1a2643e0dd2b6""}]","urn:uuid:a0273f1c-6fad-54c7-a75a-32a5161da656","active","LEBL-TERM-0431","curve","admitted","{""concept_id"":""concept.geometry.curve"",""evidence"":""R006 ch-several-vars-ders.tex"",""notes"":"""",""preferred_id"":""kurva"",""register"":""formal"",""rejected_id"":"""",""resource_scope"":""R006"",""source_term"":""curve"",""status"":""admitted"",""term_id"":""LEBL-TERM-0431"",""variants_id"":""""}","{""concept_id"":""urn:uuid:517a737e-329b-568e-8b9a-740b9a05a81b"",""evidence"":[{""locator"":""backend/production/v0.3/inputs/TERMINOLOGY.csv:LEBL-TERM-0431"",""sha256"":""sha256:65886b05cfa46a5b6c41bd46a93495c634109357efca57d2e8e1a2643e0dd2b6""}],""examples"":[],""id"":""urn:uuid:bd84730f-da6e-5e00-a3b2-44010f3c30d4"",""language"":""id"",""ledger_binding"":{""concept_id"":""concept.geometry.curve"",""evidence"":""R006 ch-several-vars-ders.tex"",""notes"":"""",""preferred_id"":""kurva"",""register"":""formal"",""rejected_id"":"""",""resource_scope"":""R006"",""source_term"":""curve"",""status"":""admitted"",""term_id"":""LEBL-TERM-0431"",""variants_id"":""""},""locale"":""id-ID"",""preferred"":""kurva"",""record_type"":""term"",""recorded_at"":""2026-08-21T00:00:00Z"",""register"":""formal"",""rejected_forms"":[],""rights_id"":""urn:uuid:a0273f1c-6fad-54c7-a75a-32a5161da656"",""schema_name"":""lebl.backend.record"",""schema_version"":""0.3.0"",""scope_ids"":[""urn:uuid:2985f369-c946-5392-be8c-902d3c9215b2""],""semantic_aliases"":[],""semantic_key"":""lebl.ra.term.ledger.lebl-term-0431.id-id"",""status"":""active"",""supersedes_id"":null,""variants"":[],""workflow_id"":""01a01f57-a34b-7740-9717-596b8116910c/backend-production-v0.3-r006-live""}"
"urn:uuid:c7696154-d63e-5ba9-91e4-caffe532a8c9","lebl.ra.term.ledger.lebl-term-0432.id-id","urn:uuid:86cb81b0-1c94-587f-9c15-aa7ef13b944e","id","id-ID","kurva diferensiabel","[]","[]","[""urn:uuid:2985f369-c946-5392-be8c-902d3c9215b2""]","formal","[{""locator"":""backend/production/v0.3/inputs/TERMINOLOGY.csv:LEBL-TERM-0432"",""sha256"":""sha256:268baf5ceec5c2b64ac209bcc5d69ee45d00263f4b9a17995823367ca23cc2e3""}]","urn:uuid:a0273f1c-6fad-54c7-a75a-32a5161da656","active","LEBL-TERM-0432","differentiable curve","admitted","{""concept_id"":""concept.geometry.curve.differentiable"",""evidence"":""R006 ch-several-vars-ders.tex"",""notes"":"""",""preferred_id"":""kurva diferensiabel"",""register"":""formal"",""rejected_id"":"""",""resource_scope"":""R006"",""source_term"":""differentiable curve"",""status"":""admitted"",""term_id"":""LEBL-TERM-0432"",""variants_id"":""""}","{""concept_id"":""urn:uuid:86cb81b0-1c94-587f-9c15-aa7ef13b944e"",""evidence"":[{""locator"":""backend/production/v0.3/inputs/TERMINOLOGY.csv:LEBL-TERM-0432"",""sha256"":""sha256:268baf5ceec5c2b64ac209bcc5d69ee45d00263f4b9a17995823367ca23cc2e3""}],""examples"":[],""id"":""urn:uuid:c7696154-d63e-5ba9-91e4-caffe532a8c9"",""language"":""id"",""ledger_binding"":{""concept_id"":""concept.geometry.curve.differentiable"",""evidence"":""R006 ch-several-vars-ders.tex"",""notes"":"""",""preferred_id"":""kurva diferensiabel"",""register"":""formal"",""rejected_id"":"""",""resource_scope"":""R006"",""source_term"":""differentiable curve"",""status"":""admitted"",""term_id"":""LEBL-TERM-0432"",""variants_id"":""""},""locale"":""id-ID"",""preferred"":""kurva diferensiabel"",""record_type"":""term"",""recorded_at"":""2026-08-21T00:00:00Z"",""register"":""formal"",""rejected_forms"":[],""rights_id"":""urn:uuid:a0273f1c-6fad-54c7-a75a-32a5161da656"",""schema_name"":""lebl.backend.record"",""schema_version"":""0.3.0"",""scope_ids"":[""urn:uuid:2985f369-c946-5392-be8c-902d3c9215b2""],""semantic_aliases"":[],""semantic_key"":""lebl.ra.term.ledger.lebl-term-0432.id-id"",""status"":""active"",""supersedes_id"":null,""variants"":[],""workflow_id"":""01a01f57-a34b-7740-9717-596b8116910c/backend-production-v0.3-r006-live""}"
"urn:uuid:09f42525-1112-52b8-b79d-ceeb4f3b9838","lebl.ra.term.ledger.lebl-term-0022.id-id","urn:uuid:0be2747d-0bf6-5236-b50b-88e2cf1da04c","id","id-ID","langkah induksi","[]","[]","[""urn:uuid:2985f369-c946-5392-be8c-902d3c9215b2""]","formal","[{""locator"":""backend/production/v0.3/inputs/TERMINOLOGY.csv:LEBL-TERM-0022"",""sha256"":""sha256:bdfd2bfa7d10b5464e6f79942bc4929d108d6e16bb3b77d01ed98811f675d012""}]","urn:uuid:a0273f1c-6fad-54c7-a75a-32a5161da656","active","LEBL-TERM-0022","induction step","admitted","{""concept_id"":""concept.proof.induction-step"",""evidence"":""R006 ch-vol1-intro.tex"",""notes"":"""",""preferred_id"":""langkah induksi"",""register"":""formal"",""rejected_id"":"""",""resource_scope"":""R006"",""source_term"":""induction step"",""status"":""admitted"",""term_id"":""LEBL-TERM-0022"",""variants_id"":""""}","{""concept_id"":""urn:uuid:0be2747d-0bf6-5236-b50b-88e2cf1da04c"",""evidence"":[{""locator"":""backend/production/v0.3/inputs/TERMINOLOGY.csv:LEBL-TERM-0022"",""sha256"":""sha256:bdfd2bfa7d10b5464e6f79942bc4929d108d6e16bb3b77d01ed98811f675d012""}],""examples"":[],""id"":""urn:uuid:09f42525-1112-52b8-b79d-ceeb4f3b9838"",""language"":""id"",""ledger_binding"":{""concept_id"":""concept.proof.induction-step"",""evidence"":""R006 ch-vol1-intro.tex"",""notes"":"""",""preferred_id"":""langkah induksi"",""register"":""formal"",""rejected_id"":"""",""resource_scope"":""R006"",""source_term"":""induction step"",""status"":""admitted"",""term_id"":""LEBL-TERM-0022"",""variants_id"":""""},""locale"":""id-ID"",""preferred"":""langkah induksi"",""record_type"":""term"",""recorded_at"":""2026-08-21T00:00:00Z"",""register"":""formal"",""rejected_forms"":[],""rights_id"":""urn:uuid:a0273f1c-6fad-54c7-a75a-32a5161da656"",""schema_name"":""lebl.backend.record"",""schema_version"":""0.3.0"",""scope_ids"":[""urn:uuid:2985f369-c946-5392-be8c-902d3c9215b2""],""semantic_aliases"":[],""semantic_key"":""lebl.ra.term.ledger.lebl-term-0022.id-id"",""status"":""active"",""supersedes_id"":null,""variants"":[],""workflow_id"":""01a01f57-a34b-7740-9717-596b8116910c/backend-production-v0.3-r006-live""}"
"urn:uuid:c259d78d-0b93-5061-af07-7e3c245639a2","lebl.ra.term.ledger.lebl-term-0075.id-id","urn:uuid:6deb476d-7fe2-55f3-935b-84987b4caeee","id","id-ID","lapangan","[]","[]","[""urn:uuid:2985f369-c946-5392-be8c-902d3c9215b2""]","formal","[{""locator"":""backend/production/v0.3/inputs/TERMINOLOGY.csv:LEBL-TERM-0075"",""sha256"":""sha256:cf7c76120b4f4d7c190c99385743c5a86534e1cc25eb438f167859c2eaaa32c4""}]","urn:uuid:a0273f1c-6fad-54c7-a75a-32a5161da656","active","LEBL-TERM-0075","field","admitted","{""concept_id"":""concept.algebra.field"",""evidence"":""R006 ch-real-nums.tex"",""notes"":"""",""preferred_id"":""lapangan"",""register"":""formal"",""rejected_id"":"""",""resource_scope"":""R006"",""source_term"":""field"",""status"":""admitted"",""term_id"":""LEBL-TERM-0075"",""variants_id"":""""}","{""concept_id"":""urn:uuid:6deb476d-7fe2-55f3-935b-84987b4caeee"",""evidence"":[{""locator"":""backend/production/v0.3/inputs/TERMINOLOGY.csv:LEBL-TERM-0075"",""sha256"":""sha256:cf7c76120b4f4d7c190c99385743c5a86534e1cc25eb438f167859c2eaaa32c4""}],""examples"":[],""id"":""urn:uuid:c259d78d-0b93-5061-af07-7e3c245639a2"",""language"":""id"",""ledger_binding"":{""concept_id"":""concept.algebra.field"",""evidence"":""R006 ch-real-nums.tex"",""notes"":"""",""preferred_id"":""lapangan"",""register"":""formal"",""rejected_id"":"""",""resource_scope"":""R006"",""source_term"":""field"",""status"":""admitted"",""term_id"":""LEBL-TERM-0075"",""variants_id"":""""},""locale"":""id-ID"",""preferred"":""lapangan"",""record_type"":""term"",""recorded_at"":""2026-08-21T00:00:00Z"",""register"":""formal"",""rejected_forms"":[],""rights_id"":""urn:uuid:a0273f1c-6fad-54c7-a75a-32a5161da656"",""schema_name"":""lebl.backend.record"",""schema_version"":""0.3.0"",""scope_ids"":[""urn:uuid:2985f369-c946-5392-be8c-902d3c9215b2""],""semantic_aliases"":[],""semantic_key"":""lebl.ra.term.ledger.lebl-term-0075.id-id"",""status"":""active"",""supersedes_id"":null,""variants"":[],""workflow_id"":""01a01f57-a34b-7740-9717-596b8116910c/backend-production-v0.3-r006-live""}"
"urn:uuid:338bbd3c-a6f1-521c-aa10-5b823eb620c1","lebl.ra.term.ledger.lebl-term-0076.id-id","urn:uuid:9e1bc62c-fab7-5a74-a85d-9400041d3aaa","id","id-ID","lapangan terurut","[]","[]","[""urn:uuid:2985f369-c946-5392-be8c-902d3c9215b2""]","formal","[{""locator"":""backend/production/v0.3/inputs/TERMINOLOGY.csv:LEBL-TERM-0076"",""sha256"":""sha256:d8384eecc99900bff5d0510f6b36e0ee763840ce310e94a6fd5cfa5608445906""}]","urn:uuid:a0273f1c-6fad-54c7-a75a-32a5161da656","active","LEBL-TERM-0076","ordered field","admitted","{""concept_id"":""concept.algebra.ordered-field"",""evidence"":""R006 ch-real-nums.tex"",""notes"":"""",""preferred_id"":""lapangan terurut"",""register"":""formal"",""rejected_id"":"""",""resource_scope"":""R006"",""source_term"":""ordered field"",""status"":""admitted"",""term_id"":""LEBL-TERM-0076"",""variants_id"":""""}","{""concept_id"":""urn:uuid:9e1bc62c-fab7-5a74-a85d-9400041d3aaa"",""evidence"":[{""locator"":""backend/production/v0.3/inputs/TERMINOLOGY.csv:LEBL-TERM-0076"",""sha256"":""sha256:d8384eecc99900bff5d0510f6b36e0ee763840ce310e94a6fd5cfa5608445906""}],""examples"":[],""id"":""urn:uuid:338bbd3c-a6f1-521c-aa10-5b823eb620c1"",""language"":""id"",""ledger_binding"":{""concept_id"":""concept.algebra.ordered-field"",""evidence"":""R006 ch-real-nums.tex"",""notes"":"""",""preferred_id"":""lapangan terurut"",""register"":""formal"",""rejected_id"":"""",""resource_scope"":""R006"",""source_term"":""ordered field"",""status"":""admitted"",""term_id"":""LEBL-TERM-0076"",""variants_id"":""""},""locale"":""id-ID"",""preferred"":""lapangan terurut"",""record_type"":""term"",""recorded_at"":""2026-08-21T00:00:00Z"",""register"":""formal"",""rejected_forms"":[],""rights_id"":""urn:uuid:a0273f1c-6fad-54c7-a75a-32a5161da656"",""schema_name"":""lebl.backend.record"",""schema_version"":""0.3.0"",""scope_ids"":[""urn:uuid:2985f369-c946-5392-be8c-902d3c9215b2""],""semantic_aliases"":[],""semantic_key"":""lebl.ra.term.ledger.lebl-term-0076.id-id"",""status"":""active"",""supersedes_id"":null,""variants"":[],""workflow_id"":""01a01f57-a34b-7740-9717-596b8116910c/backend-production-v0.3-r006-live""}"
"urn:uuid:5a0a3582-89fa-5dfe-8733-b990bc1e911f","lebl.ra.term.ledger.lebl-term-0026.id-id","urn:uuid:e5c73567-f01f-58c0-98df-bab107216370","id","id-ID","lema","[]","[]","[""urn:uuid:2985f369-c946-5392-be8c-902d3c9215b2""]","formal","[{""locator"":""backend/production/v0.3/inputs/TERMINOLOGY.csv:LEBL-TERM-0026"",""sha256"":""sha256:b27f9e77cf70b0e14de8f9c525cf0b15d78971ef4ec239adc017d1a2aae0839b""}]","urn:uuid:a0273f1c-6fad-54c7-a75a-32a5161da656","active","LEBL-TERM-0026","lemma","admitted","{""concept_id"":""concept.result.lemma"",""evidence"":""R006 realanal.tex and ch-vol1-intro.tex"",""notes"":"""",""preferred_id"":""lema"",""register"":""formal"",""rejected_id"":"""",""resource_scope"":""R006"",""source_term"":""lemma"",""status"":""admitted"",""term_id"":""LEBL-TERM-0026"",""variants_id"":""""}","{""concept_id"":""urn:uuid:e5c73567-f01f-58c0-98df-bab107216370"",""evidence"":[{""locator"":""backend/production/v0.3/inputs/TERMINOLOGY.csv:LEBL-TERM-0026"",""sha256"":""sha256:b27f9e77cf70b0e14de8f9c525cf0b15d78971ef4ec239adc017d1a2aae0839b""}],""examples"":[],""id"":""urn:uuid:5a0a3582-89fa-5dfe-8733-b990bc1e911f"",""language"":""id"",""ledger_binding"":{""concept_id"":""concept.result.lemma"",""evidence"":""R006 realanal.tex and ch-vol1-intro.tex"",""notes"":"""",""preferred_id"":""lema"",""register"":""formal"",""rejected_id"":"""",""resource_scope"":""R006"",""source_term"":""lemma"",""status"":""admitted"",""term_id"":""LEBL-TERM-0026"",""variants_id"":""""},""locale"":""id-ID"",""preferred"":""lema"",""record_type"":""term"",""recorded_at"":""2026-08-21T00:00:00Z"",""register"":""formal"",""rejected_forms"":[],""rights_id"":""urn:uuid:a0273f1c-6fad-54c7-a75a-32a5161da656"",""schema_name"":""lebl.backend.record"",""schema_version"":""0.3.0"",""scope_ids"":[""urn:uuid:2985f369-c946-5392-be8c-902d3c9215b2""],""semantic_aliases"":[],""semantic_key"":""lebl.ra.term.ledger.lebl-term-0026.id-id"",""status"":""active"",""supersedes_id"":null,""variants"":[],""workflow_id"":""01a01f57-a34b-7740-9717-596b8116910c/backend-production-v0.3-r006-live""}"
"urn:uuid:ecbf6e3b-d2a4-516b-a192-4a586d31f09c","lebl.ra.term.ledger.lebl-term-0137.id-id","urn:uuid:11b48565-83eb-5241-9622-b94dc99f4dc1","id","id-ID","lemma apit","[]","[]","[""urn:uuid:2985f369-c946-5392-be8c-902d3c9215b2""]","formal","[{""locator"":""backend/production/v0.3/inputs/TERMINOLOGY.csv:LEBL-TERM-0137"",""sha256"":""sha256:613521ddb9f32d4619ab78238a5a99aa0e56230bca4bbb785663673402a376a6""}]","urn:uuid:a0273f1c-6fad-54c7-a75a-32a5161da656","active","LEBL-TERM-0137","squeeze lemma","admitted","{""concept_id"":""concept.lemma.squeeze"",""evidence"":""R006 ch-seq-ser.tex"",""notes"":"""",""preferred_id"":""lemma apit"",""register"":""formal"",""rejected_id"":"""",""resource_scope"":""R006"",""source_term"":""squeeze lemma"",""status"":""admitted"",""term_id"":""LEBL-TERM-0137"",""variants_id"":""""}","{""concept_id"":""urn:uuid:11b48565-83eb-5241-9622-b94dc99f4dc1"",""evidence"":[{""locator"":""backend/production/v0.3/inputs/TERMINOLOGY.csv:LEBL-TERM-0137"",""sha256"":""sha256:613521ddb9f32d4619ab78238a5a99aa0e56230bca4bbb785663673402a376a6""}],""examples"":[],""id"":""urn:uuid:ecbf6e3b-d2a4-516b-a192-4a586d31f09c"",""language"":""id"",""ledger_binding"":{""concept_id"":""concept.lemma.squeeze"",""evidence"":""R006 ch-seq-ser.tex"",""notes"":"""",""preferred_id"":""lemma apit"",""register"":""formal"",""rejected_id"":"""",""resource_scope"":""R006"",""source_term"":""squeeze lemma"",""status"":""admitted"",""term_id"":""LEBL-TERM-0137"",""variants_id"":""""},""locale"":""id-ID"",""preferred"":""lemma apit"",""record_type"":""term"",""recorded_at"":""2026-08-21T00:00:00Z"",""register"":""formal"",""rejected_forms"":[],""rights_id"":""urn:uuid:a0273f1c-6fad-54c7-a75a-32a5161da656"",""schema_name"":""lebl.backend.record"",""schema_version"":""0.3.0"",""scope_ids"":[""urn:uuid:2985f369-c946-5392-be8c-902d3c9215b2""],""semantic_aliases"":[],""semantic_key"":""lebl.ra.term.ledger.lebl-term-0137.id-id"",""status"":""active"",""supersedes_id"":null,""variants"":[],""workflow_id"":""01a01f57-a34b-7740-9717-596b8116910c/backend-production-v0.3-r006-live""}"
"urn:uuid:f768cfd5-2580-5cbc-b11c-2762f92aa1ee","lebl.ra.term.ledger.lebl-term-0168.id-id","urn:uuid:58e270e1-570a-5b0b-a753-9b7844af5e8c","id","id-ID","lengkap secara Cauchy","[]","[]","[""urn:uuid:2985f369-c946-5392-be8c-902d3c9215b2""]","formal","[{""locator"":""backend/production/v0.3/inputs/TERMINOLOGY.csv:LEBL-TERM-0168"",""sha256"":""sha256:bf47da12f8cfa4c800bce8c1ae976709b78e35e1f0d5a279f345017960d23589""}]","urn:uuid:a0273f1c-6fad-54c7-a75a-32a5161da656","active","LEBL-TERM-0168","Cauchy complete","admitted","{""concept_id"":""concept.completeness.cauchy"",""evidence"":""R006 ch-seq-ser.tex"",""notes"":"""",""preferred_id"":""lengkap secara Cauchy"",""register"":""formal"",""rejected_id"":"""",""resource_scope"":""R006"",""source_term"":""Cauchy complete"",""status"":""admitted"",""term_id"":""LEBL-TERM-0168"",""variants_id"":""""}","{""concept_id"":""urn:uuid:58e270e1-570a-5b0b-a753-9b7844af5e8c"",""evidence"":[{""locator"":""backend/production/v0.3/inputs/TERMINOLOGY.csv:LEBL-TERM-0168"",""sha256"":""sha256:bf47da12f8cfa4c800bce8c1ae976709b78e35e1f0d5a279f345017960d23589""}],""examples"":[],""id"":""urn:uuid:f768cfd5-2580-5cbc-b11c-2762f92aa1ee"",""language"":""id"",""ledger_binding"":{""concept_id"":""concept.completeness.cauchy"",""evidence"":""R006 ch-seq-ser.tex"",""notes"":"""",""preferred_id"":""lengkap secara Cauchy"",""register"":""formal"",""rejected_id"":"""",""resource_scope"":""R006"",""source_term"":""Cauchy complete"",""status"":""admitted"",""term_id"":""LEBL-TERM-0168"",""variants_id"":""""},""locale"":""id-ID"",""preferred"":""lengkap secara Cauchy"",""record_type"":""term"",""recorded_at"":""2026-08-21T00:00:00Z"",""register"":""formal"",""rejected_forms"":[],""rights_id"":""urn:uuid:a0273f1c-6fad-54c7-a75a-32a5161da656"",""schema_name"":""lebl.backend.record"",""schema_version"":""0.3.0"",""scope_ids"":[""urn:uuid:2985f369-c946-5392-be8c-902d3c9215b2""],""semantic_aliases"":[],""semantic_key"":""lebl.ra.term.ledger.lebl-term-0168.id-id"",""status"":""active"",""supersedes_id"":null,""variants"":[],""workflow_id"":""01a01f57-a34b-7740-9717-596b8116910c/backend-production-v0.3-r006-live""}"
"urn:uuid:75d6df61-bb1b-53d0-81e0-5750927408ef","lebl.ra.term.ledger.lebl-term-0120.id-id","urn:uuid:b2af5da7-9fdf-5f60-b89a-a7587c266c7a","id","id-ID","limit","[]","[]","[""urn:uuid:2985f369-c946-5392-be8c-902d3c9215b2""]","formal","[{""locator"":""backend/production/v0.3/inputs/TERMINOLOGY.csv:LEBL-TERM-0120"",""sha256"":""sha256:584bcf4c1e7fb36a1dc060d8443dcc39ea8d6d369cb5a78d0c13c900719d0e23""}]","urn:uuid:a0273f1c-6fad-54c7-a75a-32a5161da656","active","LEBL-TERM-0120","limit","admitted","{""concept_id"":""concept.sequence.limit"",""evidence"":""R006 ch-seq-ser.tex"",""notes"":"""",""preferred_id"":""limit"",""register"":""formal"",""rejected_id"":"""",""resource_scope"":""R006"",""source_term"":""limit"",""status"":""admitted"",""term_id"":""LEBL-TERM-0120"",""variants_id"":""""}","{""concept_id"":""urn:uuid:b2af5da7-9fdf-5f60-b89a-a7587c266c7a"",""evidence"":[{""locator"":""backend/production/v0.3/inputs/TERMINOLOGY.csv:LEBL-TERM-0120"",""sha256"":""sha256:584bcf4c1e7fb36a1dc060d8443dcc39ea8d6d369cb5a78d0c13c900719d0e23""}],""examples"":[],""id"":""urn:uuid:75d6df61-bb1b-53d0-81e0-5750927408ef"",""language"":""id"",""ledger_binding"":{""concept_id"":""concept.sequence.limit"",""evidence"":""R006 ch-seq-ser.tex"",""notes"":"""",""preferred_id"":""limit"",""register"":""formal"",""rejected_id"":"""",""resource_scope"":""R006"",""source_term"":""limit"",""status"":""admitted"",""term_id"":""LEBL-TERM-0120"",""variants_id"":""""},""locale"":""id-ID"",""preferred"":""limit"",""record_type"":""term"",""recorded_at"":""2026-08-21T00:00:00Z"",""register"":""formal"",""rejected_forms"":[],""rights_id"":""urn:uuid:a0273f1c-6fad-54c7-a75a-32a5161da656"",""schema_name"":""lebl.backend.record"",""schema_version"":""0.3.0"",""scope_ids"":[""urn:uuid:2985f369-c946-5392-be8c-902d3c9215b2""],""semantic_aliases"":[],""semantic_key"":""lebl.ra.term.ledger.lebl-term-0120.id-id"",""status"":""active"",""supersedes_id"":null,""variants"":[],""workflow_id"":""01a01f57-a34b-7740-9717-596b8116910c/backend-production-v0.3-r006-live""}"
"urn:uuid:606e9ddf-d727-5ef8-a040-503fb08c40b4","lebl.ra.term.ledger.lebl-term-0305.id-id","urn:uuid:7683932d-fc38-5c3c-a0bf-b1ce1094b1be","id","id-ID","limit bersama","[]","[]","[""urn:uuid:2985f369-c946-5392-be8c-902d3c9215b2""]","formal","[{""locator"":""backend/production/v0.3/inputs/TERMINOLOGY.csv:LEBL-TERM-0305"",""sha256"":""sha256:41f2fbe3e979eafc32eeb81ea230cb0d8c30f4d4c5d5add712db004502faeb35""}]","urn:uuid:a0273f1c-6fad-54c7-a75a-32a5161da656","active","LEBL-TERM-0305","joint limit","admitted","{""concept_id"":""concept.limit.joint"",""evidence"":""R006 ch-seq-funcs.tex"",""notes"":"""",""preferred_id"":""limit bersama"",""register"":""formal"",""rejected_id"":"""",""resource_scope"":""R006"",""source_term"":""joint limit"",""status"":""admitted"",""term_id"":""LEBL-TERM-0305"",""variants_id"":""""}","{""concept_id"":""urn:uuid:7683932d-fc38-5c3c-a0bf-b1ce1094b1be"",""evidence"":[{""locator"":""backend/production/v0.3/inputs/TERMINOLOGY.csv:LEBL-TERM-0305"",""sha256"":""sha256:41f2fbe3e979eafc32eeb81ea230cb0d8c30f4d4c5d5add712db004502faeb35""}],""examples"":[],""id"":""urn:uuid:606e9ddf-d727-5ef8-a040-503fb08c40b4"",""language"":""id"",""ledger_binding"":{""concept_id"":""concept.limit.joint"",""evidence"":""R006 ch-seq-funcs.tex"",""notes"":"""",""preferred_id"":""limit bersama"",""register"":""formal"",""rejected_id"":"""",""resource_scope"":""R006"",""source_term"":""joint limit"",""status"":""admitted"",""term_id"":""LEBL-TERM-0305"",""variants_id"":""""},""locale"":""id-ID"",""preferred"":""limit bersama"",""record_type"":""term"",""recorded_at"":""2026-08-21T00:00:00Z"",""register"":""formal"",""rejected_forms"":[],""rights_id"":""urn:uuid:a0273f1c-6fad-54c7-a75a-32a5161da656"",""schema_name"":""lebl.backend.record"",""schema_version"":""0.3.0"",""scope_ids"":[""urn:uuid:2985f369-c946-5392-be8c-902d3c9215b2""],""semantic_aliases"":[],""semantic_key"":""lebl.ra.term.ledger.lebl-term-0305.id-id"",""status"":""active"",""supersedes_id"":null,""variants"":[],""workflow_id"":""01a01f57-a34b-7740-9717-596b8116910c/backend-production-v0.3-r006-live""}"
"urn:uuid:cc118cdd-9e0c-546d-bb27-bdc190508383","lebl.ra.term.ledger.lebl-term-0190.id-id","urn:uuid:23679b19-84b5-59d7-9d2a-e436c4909070","id","id-ID","limit fungsi","[]","[]","[""urn:uuid:2985f369-c946-5392-be8c-902d3c9215b2""]","formal","[{""locator"":""backend/production/v0.3/inputs/TERMINOLOGY.csv:LEBL-TERM-0190"",""sha256"":""sha256:da1363bf92e2c69da8ac03920663bfe32dd02c825512f76e273c810eac117524""}]","urn:uuid:a0273f1c-6fad-54c7-a75a-32a5161da656","active","LEBL-TERM-0190","limit of a function","admitted","{""concept_id"":""concept.limit.function"",""evidence"":""R006 ch-contfunc.tex"",""notes"":"""",""preferred_id"":""limit fungsi"",""register"":""formal"",""rejected_id"":"""",""resource_scope"":""R006"",""source_term"":""limit of a function"",""status"":""admitted"",""term_id"":""LEBL-TERM-0190"",""variants_id"":""""}","{""concept_id"":""urn:uuid:23679b19-84b5-59d7-9d2a-e436c4909070"",""evidence"":[{""locator"":""backend/production/v0.3/inputs/TERMINOLOGY.csv:LEBL-TERM-0190"",""sha256"":""sha256:da1363bf92e2c69da8ac03920663bfe32dd02c825512f76e273c810eac117524""}],""examples"":[],""id"":""urn:uuid:cc118cdd-9e0c-546d-bb27-bdc190508383"",""language"":""id"",""ledger_binding"":{""concept_id"":""concept.limit.function"",""evidence"":""R006 ch-contfunc.tex"",""notes"":"""",""preferred_id"":""limit fungsi"",""register"":""formal"",""rejected_id"":"""",""resource_scope"":""R006"",""source_term"":""limit of a function"",""status"":""admitted"",""term_id"":""LEBL-TERM-0190"",""variants_id"":""""},""locale"":""id-ID"",""preferred"":""limit fungsi"",""record_type"":""term"",""recorded_at"":""2026-08-21T00:00:00Z"",""register"":""formal"",""rejected_forms"":[],""rights_id"":""urn:uuid:a0273f1c-6fad-54c7-a75a-32a5161da656"",""schema_name"":""lebl.backend.record"",""schema_version"":""0.3.0"",""scope_ids"":[""urn:uuid:2985f369-c946-5392-be8c-902d3c9215b2""],""semantic_aliases"":[],""semantic_key"":""lebl.ra.term.ledger.lebl-term-0190.id-id"",""status"":""active"",""supersedes_id"":null,""variants"":[],""workflow_id"":""01a01f57-a34b-7740-9717-596b8116910c/backend-production-v0.3-r006-live""}"
"urn:uuid:fa3bc3d0-5e23-5a82-87d8-1e0a82310b4d","lebl.ra.term.ledger.lebl-term-0219.id-id","urn:uuid:0de16b63-0d61-550e-9445-d3b1b5886ac6","id","id-ID","limit fungsi di tak hingga","[""limit di tak hingga""]","[]","[""urn:uuid:2985f369-c946-5392-be8c-902d3c9215b2""]","formal","[{""locator"":""backend/production/v0.3/inputs/TERMINOLOGY.csv:LEBL-TERM-0219"",""sha256"":""sha256:56363772ea25ee2b28cececa6cae569183040e44d753801e9d28271885f3023f""}]","urn:uuid:a0273f1c-6fad-54c7-a75a-32a5161da656","active","LEBL-TERM-0219","limit of a function at infinity","admitted","{""concept_id"":""concept.limit.function-at-infinity"",""evidence"":""R006 ch-contfunc.tex"",""notes"":"""",""preferred_id"":""limit fungsi di tak hingga"",""register"":""formal"",""rejected_id"":"""",""resource_scope"":""R006"",""source_term"":""limit of a function at infinity"",""status"":""admitted"",""term_id"":""LEBL-TERM-0219"",""variants_id"":""limit di tak hingga""}","{""concept_id"":""urn:uuid:0de16b63-0d61-550e-9445-d3b1b5886ac6"",""evidence"":[{""locator"":""backend/production/v0.3/inputs/TERMINOLOGY.csv:LEBL-TERM-0219"",""sha256"":""sha256:56363772ea25ee2b28cececa6cae569183040e44d753801e9d28271885f3023f""}],""examples"":[],""id"":""urn:uuid:fa3bc3d0-5e23-5a82-87d8-1e0a82310b4d"",""language"":""id"",""ledger_binding"":{""concept_id"":""concept.limit.function-at-infinity"",""evidence"":""R006 ch-contfunc.tex"",""notes"":"""",""preferred_id"":""limit fungsi di tak hingga"",""register"":""formal"",""rejected_id"":"""",""resource_scope"":""R006"",""source_term"":""limit of a function at infinity"",""status"":""admitted"",""term_id"":""LEBL-TERM-0219"",""variants_id"":""limit di tak hingga""},""locale"":""id-ID"",""preferred"":""limit fungsi di tak hingga"",""record_type"":""term"",""recorded_at"":""2026-08-21T00:00:00Z"",""register"":""formal"",""rejected_forms"":[],""rights_id"":""urn:uuid:a0273f1c-6fad-54c7-a75a-32a5161da656"",""schema_name"":""lebl.backend.record"",""schema_version"":""0.3.0"",""scope_ids"":[""urn:uuid:2985f369-c946-5392-be8c-902d3c9215b2""],""semantic_aliases"":[],""semantic_key"":""lebl.ra.term.ledger.lebl-term-0219.id-id"",""status"":""active"",""supersedes_id"":null,""variants"":[""limit di tak hingga""],""workflow_id"":""01a01f57-a34b-7740-9717-596b8116910c/backend-production-v0.3-r006-live""}"
"urn:uuid:ca08308c-7fed-5c57-a4e9-cdaa078d8204","lebl.ra.term.ledger.lebl-term-0150.id-id","urn:uuid:4e1e6746-4621-524c-8267-a4866ae48c2f","id","id-ID","limit inferior","[]","[]","[""urn:uuid:2985f369-c946-5392-be8c-902d3c9215b2""]","formal","[{""locator"":""backend/production/v0.3/inputs/TERMINOLOGY.csv:LEBL-TERM-0150"",""sha256"":""sha256:fe9f97c04b9f2bf41de86ac88950b9884f79c9e36b57daa4e8db6e62235bf6b9""}]","urn:uuid:a0273f1c-6fad-54c7-a75a-32a5161da656","active","LEBL-TERM-0150","limit inferior","admitted","{""concept_id"":""concept.limit.inferior"",""evidence"":""R006 ch-seq-ser.tex"",""notes"":"""",""preferred_id"":""limit inferior"",""register"":""formal"",""rejected_id"":"""",""resource_scope"":""R006"",""source_term"":""limit inferior"",""status"":""admitted"",""term_id"":""LEBL-TERM-0150"",""variants_id"":""""}","{""concept_id"":""urn:uuid:4e1e6746-4621-524c-8267-a4866ae48c2f"",""evidence"":[{""locator"":""backend/production/v0.3/inputs/TERMINOLOGY.csv:LEBL-TERM-0150"",""sha256"":""sha256:fe9f97c04b9f2bf41de86ac88950b9884f79c9e36b57daa4e8db6e62235bf6b9""}],""examples"":[],""id"":""urn:uuid:ca08308c-7fed-5c57-a4e9-cdaa078d8204"",""language"":""id"",""ledger_binding"":{""concept_id"":""concept.limit.inferior"",""evidence"":""R006 ch-seq-ser.tex"",""notes"":"""",""preferred_id"":""limit inferior"",""register"":""formal"",""rejected_id"":"""",""resource_scope"":""R006"",""source_term"":""limit inferior"",""status"":""admitted"",""term_id"":""LEBL-TERM-0150"",""variants_id"":""""},""locale"":""id-ID"",""preferred"":""limit inferior"",""record_type"":""term"",""recorded_at"":""2026-08-21T00:00:00Z"",""register"":""formal"",""rejected_forms"":[],""rights_id"":""urn:uuid:a0273f1c-6fad-54c7-a75a-32a5161da656"",""schema_name"":""lebl.backend.record"",""schema_version"":""0.3.0"",""scope_ids"":[""urn:uuid:2985f369-c946-5392-be8c-902d3c9215b2""],""semantic_aliases"":[],""semantic_key"":""lebl.ra.term.ledger.lebl-term-0150.id-id"",""status"":""active"",""supersedes_id"":null,""variants"":[],""workflow_id"":""01a01f57-a34b-7740-9717-596b8116910c/backend-production-v0.3-r006-live""}"
"urn:uuid:33644870-eebf-5fdb-82db-5cb56684d9ce","lebl.ra.term.ledger.lebl-term-0196.id-id","urn:uuid:55e182f7-390a-5f60-b982-3b5b75c37a61","id","id-ID","limit sekuensial","[]","[]","[""urn:uuid:2985f369-c946-5392-be8c-902d3c9215b2""]","formal","[{""locator"":""backend/production/v0.3/inputs/TERMINOLOGY.csv:LEBL-TERM-0196"",""sha256"":""sha256:e2355df3c84d525caf81eb3a8ce249e9fda03ccffba04cc1c05db7db6c2b3bb8""}]","urn:uuid:a0273f1c-6fad-54c7-a75a-32a5161da656","active","LEBL-TERM-0196","sequential limit","admitted","{""concept_id"":""concept.limit.sequential"",""evidence"":""R006 ch-contfunc.tex"",""notes"":"""",""preferred_id"":""limit sekuensial"",""register"":""formal"",""rejected_id"":"""",""resource_scope"":""R006"",""source_term"":""sequential limit"",""status"":""admitted"",""term_id"":""LEBL-TERM-0196"",""variants_id"":""""}","{""concept_id"":""urn:uuid:55e182f7-390a-5f60-b982-3b5b75c37a61"",""evidence"":[{""locator"":""backend/production/v0.3/inputs/TERMINOLOGY.csv:LEBL-TERM-0196"",""sha256"":""sha256:e2355df3c84d525caf81eb3a8ce249e9fda03ccffba04cc1c05db7db6c2b3bb8""}],""examples"":[],""id"":""urn:uuid:33644870-eebf-5fdb-82db-5cb56684d9ce"",""language"":""id"",""ledger_binding"":{""concept_id"":""concept.limit.sequential"",""evidence"":""R006 ch-contfunc.tex"",""notes"":"""",""preferred_id"":""limit sekuensial"",""register"":""formal"",""rejected_id"":"""",""resource_scope"":""R006"",""source_term"":""sequential limit"",""status"":""admitted"",""term_id"":""LEBL-TERM-0196"",""variants_id"":""""},""locale"":""id-ID"",""preferred"":""limit sekuensial"",""record_type"":""term"",""recorded_at"":""2026-08-21T00:00:00Z"",""register"":""formal"",""rejected_forms"":[],""rights_id"":""urn:uuid:a0273f1c-6fad-54c7-a75a-32a5161da656"",""schema_name"":""lebl.backend.record"",""schema_version"":""0.3.0"",""scope_ids"":[""urn:uuid:2985f369-c946-5392-be8c-902d3c9215b2""],""semantic_aliases"":[],""semantic_key"":""lebl.ra.term.ledger.lebl-term-0196.id-id"",""status"":""active"",""supersedes_id"":null,""variants"":[],""workflow_id"":""01a01f57-a34b-7740-9717-596b8116910c/backend-production-v0.3-r006-live""}"
"urn:uuid:2d8d942e-3440-5fa5-b333-f1a457f3ac02","lebl.ra.term.ledger.lebl-term-0192.id-id","urn:uuid:1a91c029-2041-5be3-aca9-34b778804021","id","id-ID","limit sepihak","[]","[]","[""urn:uuid:2985f369-c946-5392-be8c-902d3c9215b2""]","formal","[{""locator"":""backend/production/v0.3/inputs/TERMINOLOGY.csv:LEBL-TERM-0192"",""sha256"":""sha256:377cc91237c38b711e96d05fd5751406950c15f159b022696bf58465c047d9b8""}]","urn:uuid:a0273f1c-6fad-54c7-a75a-32a5161da656","active","LEBL-TERM-0192","one-sided limit","admitted","{""concept_id"":""concept.limit.one-sided"",""evidence"":""R006 ch-contfunc.tex"",""notes"":"""",""preferred_id"":""limit sepihak"",""register"":""formal"",""rejected_id"":"""",""resource_scope"":""R006"",""source_term"":""one-sided limit"",""status"":""admitted"",""term_id"":""LEBL-TERM-0192"",""variants_id"":""""}","{""concept_id"":""urn:uuid:1a91c029-2041-5be3-aca9-34b778804021"",""evidence"":[{""locator"":""backend/production/v0.3/inputs/TERMINOLOGY.csv:LEBL-TERM-0192"",""sha256"":""sha256:377cc91237c38b711e96d05fd5751406950c15f159b022696bf58465c047d9b8""}],""examples"":[],""id"":""urn:uuid:2d8d942e-3440-5fa5-b333-f1a457f3ac02"",""language"":""id"",""ledger_binding"":{""concept_id"":""concept.limit.one-sided"",""evidence"":""R006 ch-contfunc.tex"",""notes"":"""",""preferred_id"":""limit sepihak"",""register"":""formal"",""rejected_id"":"""",""resource_scope"":""R006"",""source_term"":""one-sided limit"",""status"":""admitted"",""term_id"":""LEBL-TERM-0192"",""variants_id"":""""},""locale"":""id-ID"",""preferred"":""limit sepihak"",""record_type"":""term"",""recorded_at"":""2026-08-21T00:00:00Z"",""register"":""formal"",""rejected_forms"":[],""rights_id"":""urn:uuid:a0273f1c-6fad-54c7-a75a-32a5161da656"",""schema_name"":""lebl.backend.record"",""schema_version"":""0.3.0"",""scope_ids"":[""urn:uuid:2985f369-c946-5392-be8c-902d3c9215b2""],""semantic_aliases"":[],""semantic_key"":""lebl.ra.term.ledger.lebl-term-0192.id-id"",""status"":""active"",""supersedes_id"":null,""variants"":[],""workflow_id"":""01a01f57-a34b-7740-9717-596b8116910c/backend-production-v0.3-r006-live""}"
"urn:uuid:2b2d73ae-2378-5325-90b7-c16685cb2d37","lebl.ra.term.ledger.lebl-term-0151.id-id","urn:uuid:b30dc386-8d76-527d-82d4-18a75f90f3db","id","id-ID","limit subbarisan","[]","[]","[""urn:uuid:2985f369-c946-5392-be8c-902d3c9215b2""]","formal","[{""locator"":""backend/production/v0.3/inputs/TERMINOLOGY.csv:LEBL-TERM-0151"",""sha256"":""sha256:0809489c709b47c6aedcf60ac87bde026b00eb096810c9673f98f54266dfc130""}]","urn:uuid:a0273f1c-6fad-54c7-a75a-32a5161da656","active","LEBL-TERM-0151","subsequential limit","admitted","{""concept_id"":""concept.limit.subsequential"",""evidence"":""R006 ch-seq-ser.tex"",""notes"":"""",""preferred_id"":""limit subbarisan"",""register"":""formal"",""rejected_id"":"""",""resource_scope"":""R006"",""source_term"":""subsequential limit"",""status"":""admitted"",""term_id"":""LEBL-TERM-0151"",""variants_id"":""""}","{""concept_id"":""urn:uuid:b30dc386-8d76-527d-82d4-18a75f90f3db"",""evidence"":[{""locator"":""backend/production/v0.3/inputs/TERMINOLOGY.csv:LEBL-TERM-0151"",""sha256"":""sha256:0809489c709b47c6aedcf60ac87bde026b00eb096810c9673f98f54266dfc130""}],""examples"":[],""id"":""urn:uuid:2b2d73ae-2378-5325-90b7-c16685cb2d37"",""language"":""id"",""ledger_binding"":{""concept_id"":""concept.limit.subsequential"",""evidence"":""R006 ch-seq-ser.tex"",""notes"":"""",""preferred_id"":""limit subbarisan"",""register"":""formal"",""rejected_id"":"""",""resource_scope"":""R006"",""source_term"":""subsequential limit"",""status"":""admitted"",""term_id"":""LEBL-TERM-0151"",""variants_id"":""""},""locale"":""id-ID"",""preferred"":""limit subbarisan"",""record_type"":""term"",""recorded_at"":""2026-08-21T00:00:00Z"",""register"":""formal"",""rejected_forms"":[],""rights_id"":""urn:uuid:a0273f1c-6fad-54c7-a75a-32a5161da656"",""schema_name"":""lebl.backend.record"",""schema_version"":""0.3.0"",""scope_ids"":[""urn:uuid:2985f369-c946-5392-be8c-902d3c9215b2""],""semantic_aliases"":[],""semantic_key"":""lebl.ra.term.ledger.lebl-term-0151.id-id"",""status"":""active"",""supersedes_id"":null,""variants"":[],""workflow_id"":""01a01f57-a34b-7740-9717-596b8116910c/backend-production-v0.3-r006-live""}"
"urn:uuid:3382ace7-267c-5c23-a42a-778908dd7757","lebl.ra.term.ledger.lebl-term-0149.id-id","urn:uuid:a654f034-1d88-5e37-9cfb-a948c60a7ad9","id","id-ID","limit superior","[]","[]","[""urn:uuid:2985f369-c946-5392-be8c-902d3c9215b2""]","formal","[{""locator"":""backend/production/v0.3/inputs/TERMINOLOGY.csv:LEBL-TERM-0149"",""sha256"":""sha256:ef74945f039d0f9643d9c262eb4cb5dc760ba9a1f2464d5b3da5db9a0d916d2f""}]","urn:uuid:a0273f1c-6fad-54c7-a75a-32a5161da656","active","LEBL-TERM-0149","limit superior","admitted","{""concept_id"":""concept.limit.superior"",""evidence"":""R006 ch-seq-ser.tex"",""notes"":"""",""preferred_id"":""limit superior"",""register"":""formal"",""rejected_id"":"""",""resource_scope"":""R006"",""source_term"":""limit superior"",""status"":""admitted"",""term_id"":""LEBL-TERM-0149"",""variants_id"":""""}","{""concept_id"":""urn:uuid:a654f034-1d88-5e37-9cfb-a948c60a7ad9"",""evidence"":[{""locator"":""backend/production/v0.3/inputs/TERMINOLOGY.csv:LEBL-TERM-0149"",""sha256"":""sha256:ef74945f039d0f9643d9c262eb4cb5dc760ba9a1f2464d5b3da5db9a0d916d2f""}],""examples"":[],""id"":""urn:uuid:3382ace7-267c-5c23-a42a-778908dd7757"",""language"":""id"",""ledger_binding"":{""concept_id"":""concept.limit.superior"",""evidence"":""R006 ch-seq-ser.tex"",""notes"":"""",""preferred_id"":""limit superior"",""register"":""formal"",""rejected_id"":"""",""resource_scope"":""R006"",""source_term"":""limit superior"",""status"":""admitted"",""term_id"":""LEBL-TERM-0149"",""variants_id"":""""},""locale"":""id-ID"",""preferred"":""limit superior"",""record_type"":""term"",""recorded_at"":""2026-08-21T00:00:00Z"",""register"":""formal"",""rejected_forms"":[],""rights_id"":""urn:uuid:a0273f1c-6fad-54c7-a75a-32a5161da656"",""schema_name"":""lebl.backend.record"",""schema_version"":""0.3.0"",""scope_ids"":[""urn:uuid:2985f369-c946-5392-be8c-902d3c9215b2""],""semantic_aliases"":[],""semantic_key"":""lebl.ra.term.ledger.lebl-term-0149.id-id"",""status"":""active"",""supersedes_id"":null,""variants"":[],""workflow_id"":""01a01f57-a34b-7740-9717-596b8116910c/backend-production-v0.3-r006-live""}"
"urn:uuid:38f1a4f3-ac80-5269-b791-a3c060035cc1","lebl.ra.term.ledger.lebl-term-0153.id-id","urn:uuid:3b86a995-5b62-5296-9839-e92d7d8fb33e","id","id-ID","limit tak hingga","[]","[]","[""urn:uuid:2985f369-c946-5392-be8c-902d3c9215b2""]","formal","[{""locator"":""backend/production/v0.3/inputs/TERMINOLOGY.csv:LEBL-TERM-0153"",""sha256"":""sha256:e5247039ea452bcbb191e992c865ff953a3d8a26b52fbfd2b19d854bbc1c58f9""}]","urn:uuid:a0273f1c-6fad-54c7-a75a-32a5161da656","active","LEBL-TERM-0153","infinite limit","admitted","{""concept_id"":""concept.limit.infinite"",""evidence"":""R006 ch-seq-ser.tex"",""notes"":"""",""preferred_id"":""limit tak hingga"",""register"":""formal"",""rejected_id"":"""",""resource_scope"":""R006"",""source_term"":""infinite limit"",""status"":""admitted"",""term_id"":""LEBL-TERM-0153"",""variants_id"":""""}","{""concept_id"":""urn:uuid:3b86a995-5b62-5296-9839-e92d7d8fb33e"",""evidence"":[{""locator"":""backend/production/v0.3/inputs/TERMINOLOGY.csv:LEBL-TERM-0153"",""sha256"":""sha256:e5247039ea452bcbb191e992c865ff953a3d8a26b52fbfd2b19d854bbc1c58f9""}],""examples"":[],""id"":""urn:uuid:38f1a4f3-ac80-5269-b791-a3c060035cc1"",""language"":""id"",""ledger_binding"":{""concept_id"":""concept.limit.infinite"",""evidence"":""R006 ch-seq-ser.tex"",""notes"":"""",""preferred_id"":""limit tak hingga"",""register"":""formal"",""rejected_id"":"""",""resource_scope"":""R006"",""source_term"":""infinite limit"",""status"":""admitted"",""term_id"":""LEBL-TERM-0153"",""variants_id"":""""},""locale"":""id-ID"",""preferred"":""limit tak hingga"",""record_type"":""term"",""recorded_at"":""2026-08-21T00:00:00Z"",""register"":""formal"",""rejected_forms"":[],""rights_id"":""urn:uuid:a0273f1c-6fad-54c7-a75a-32a5161da656"",""schema_name"":""lebl.backend.record"",""schema_version"":""0.3.0"",""scope_ids"":[""urn:uuid:2985f369-c946-5392-be8c-902d3c9215b2""],""semantic_aliases"":[],""semantic_key"":""lebl.ra.term.ledger.lebl-term-0153.id-id"",""status"":""active"",""supersedes_id"":null,""variants"":[],""workflow_id"":""01a01f57-a34b-7740-9717-596b8116910c/backend-production-v0.3-r006-live""}"
"urn:uuid:d5138530-0f45-5092-8a28-6d3c620a8668","lebl.ra.term.ledger.lebl-term-0220.id-id","urn:uuid:3b86a995-5b62-5296-9839-e92d7d8fb33e","id","id-ID","limit tak hingga","[]","[]","[""urn:uuid:2985f369-c946-5392-be8c-902d3c9215b2""]","formal","[{""locator"":""backend/production/v0.3/inputs/TERMINOLOGY.csv:LEBL-TERM-0220"",""sha256"":""sha256:7c9db097bd97851ca7a26a9677ecbf80900ffde20ff28091192852ae92bd0adf""}]","urn:uuid:a0273f1c-6fad-54c7-a75a-32a5161da656","active","LEBL-TERM-0220","infinite limit","admitted","{""concept_id"":""concept.limit.infinite"",""evidence"":""R006 ch-contfunc.tex"",""notes"":"""",""preferred_id"":""limit tak hingga"",""register"":""formal"",""rejected_id"":"""",""resource_scope"":""R006"",""source_term"":""infinite limit"",""status"":""admitted"",""term_id"":""LEBL-TERM-0220"",""variants_id"":""""}","{""concept_id"":""urn:uuid:3b86a995-5b62-5296-9839-e92d7d8fb33e"",""evidence"":[{""locator"":""backend/production/v0.3/inputs/TERMINOLOGY.csv:LEBL-TERM-0220"",""sha256"":""sha256:7c9db097bd97851ca7a26a9677ecbf80900ffde20ff28091192852ae92bd0adf""}],""examples"":[],""id"":""urn:uuid:d5138530-0f45-5092-8a28-6d3c620a8668"",""language"":""id"",""ledger_binding"":{""concept_id"":""concept.limit.infinite"",""evidence"":""R006 ch-contfunc.tex"",""notes"":"""",""preferred_id"":""limit tak hingga"",""register"":""formal"",""rejected_id"":"""",""resource_scope"":""R006"",""source_term"":""infinite limit"",""status"":""admitted"",""term_id"":""LEBL-TERM-0220"",""variants_id"":""""},""locale"":""id-ID"",""preferred"":""limit tak hingga"",""record_type"":""term"",""recorded_at"":""2026-08-21T00:00:00Z"",""register"":""formal"",""rejected_forms"":[],""rights_id"":""urn:uuid:a0273f1c-6fad-54c7-a75a-32a5161da656"",""schema_name"":""lebl.backend.record"",""schema_version"":""0.3.0"",""scope_ids"":[""urn:uuid:2985f369-c946-5392-be8c-902d3c9215b2""],""semantic_aliases"":[],""semantic_key"":""lebl.ra.term.ledger.lebl-term-0220.id-id"",""status"":""active"",""supersedes_id"":null,""variants"":[],""workflow_id"":""01a01f57-a34b-7740-9717-596b8116910c/backend-production-v0.3-r006-live""}"
"urn:uuid:fb381a4a-e1c9-5814-ba76-908a4655b52a","lebl.ra.term.ledger.lebl-term-0163.id-id","urn:uuid:ef4a2c26-9098-5b29-b363-fa99c8557383","id","id-ID","linearitas deret","[]","[]","[""urn:uuid:2985f369-c946-5392-be8c-902d3c9215b2""]","formal","[{""locator"":""backend/production/v0.3/inputs/TERMINOLOGY.csv:LEBL-TERM-0163"",""sha256"":""sha256:5f5d91641aed0a62d6bf06b63a3981d3e143f5f6911e5b0ee8b485ebb8f3fe8b""}]","urn:uuid:a0273f1c-6fad-54c7-a75a-32a5161da656","active","LEBL-TERM-0163","linearity of series","admitted","{""concept_id"":""concept.series.linearity"",""evidence"":""R006 ch-seq-ser.tex"",""notes"":"""",""preferred_id"":""linearitas deret"",""register"":""formal"",""rejected_id"":"""",""resource_scope"":""R006"",""source_term"":""linearity of series"",""status"":""admitted"",""term_id"":""LEBL-TERM-0163"",""variants_id"":""""}","{""concept_id"":""urn:uuid:ef4a2c26-9098-5b29-b363-fa99c8557383"",""evidence"":[{""locator"":""backend/production/v0.3/inputs/TERMINOLOGY.csv:LEBL-TERM-0163"",""sha256"":""sha256:5f5d91641aed0a62d6bf06b63a3981d3e143f5f6911e5b0ee8b485ebb8f3fe8b""}],""examples"":[],""id"":""urn:uuid:fb381a4a-e1c9-5814-ba76-908a4655b52a"",""language"":""id"",""ledger_binding"":{""concept_id"":""concept.series.linearity"",""evidence"":""R006 ch-seq-ser.tex"",""notes"":"""",""preferred_id"":""linearitas deret"",""register"":""formal"",""rejected_id"":"""",""resource_scope"":""R006"",""source_term"":""linearity of series"",""status"":""admitted"",""term_id"":""LEBL-TERM-0163"",""variants_id"":""""},""locale"":""id-ID"",""preferred"":""linearitas deret"",""record_type"":""term"",""recorded_at"":""2026-08-21T00:00:00Z"",""register"":""formal"",""rejected_forms"":[],""rights_id"":""urn:uuid:a0273f1c-6fad-54c7-a75a-32a5161da656"",""schema_name"":""lebl.backend.record"",""schema_version"":""0.3.0"",""scope_ids"":[""urn:uuid:2985f369-c946-5392-be8c-902d3c9215b2""],""semantic_aliases"":[],""semantic_key"":""lebl.ra.term.ledger.lebl-term-0163.id-id"",""status"":""active"",""supersedes_id"":null,""variants"":[],""workflow_id"":""01a01f57-a34b-7740-9717-596b8116910c/backend-production-v0.3-r006-live""}"
"urn:uuid:33238e7a-5a06-5a8c-bdc2-792d81970ffc","lebl.ra.term.ledger.lebl-term-0276.id-id","urn:uuid:8655731b-8f76-5eae-bcf1-0f1a9045eb41","id","id-ID","linearitas integral","[]","[]","[""urn:uuid:2985f369-c946-5392-be8c-902d3c9215b2""]","formal","[{""locator"":""backend/production/v0.3/inputs/TERMINOLOGY.csv:LEBL-TERM-0276"",""sha256"":""sha256:318bf36313ea633bb189285e7902e9be8cb17057f55491934bbbc832451e53b3""}]","urn:uuid:a0273f1c-6fad-54c7-a75a-32a5161da656","active","LEBL-TERM-0276","linearity of the integral","admitted","{""concept_id"":""concept.integration.linearity"",""evidence"":""R006 ch-riemann.tex"",""notes"":"""",""preferred_id"":""linearitas integral"",""register"":""formal"",""rejected_id"":"""",""resource_scope"":""R006"",""source_term"":""linearity of the integral"",""status"":""admitted"",""term_id"":""LEBL-TERM-0276"",""variants_id"":""""}","{""concept_id"":""urn:uuid:8655731b-8f76-5eae-bcf1-0f1a9045eb41"",""evidence"":[{""locator"":""backend/production/v0.3/inputs/TERMINOLOGY.csv:LEBL-TERM-0276"",""sha256"":""sha256:318bf36313ea633bb189285e7902e9be8cb17057f55491934bbbc832451e53b3""}],""examples"":[],""id"":""urn:uuid:33238e7a-5a06-5a8c-bdc2-792d81970ffc"",""language"":""id"",""ledger_binding"":{""concept_id"":""concept.integration.linearity"",""evidence"":""R006 ch-riemann.tex"",""notes"":"""",""preferred_id"":""linearitas integral"",""register"":""formal"",""rejected_id"":"""",""resource_scope"":""R006"",""source_term"":""linearity of the integral"",""status"":""admitted"",""term_id"":""LEBL-TERM-0276"",""variants_id"":""""},""locale"":""id-ID"",""preferred"":""linearitas integral"",""record_type"":""term"",""recorded_at"":""2026-08-21T00:00:00Z"",""register"":""formal"",""rejected_forms"":[],""rights_id"":""urn:uuid:a0273f1c-6fad-54c7-a75a-32a5161da656"",""schema_name"":""lebl.backend.record"",""schema_version"":""0.3.0"",""scope_ids"":[""urn:uuid:2985f369-c946-5392-be8c-902d3c9215b2""],""semantic_aliases"":[],""semantic_key"":""lebl.ra.term.ledger.lebl-term-0276.id-id"",""status"":""active"",""supersedes_id"":null,""variants"":[],""workflow_id"":""01a01f57-a34b-7740-9717-596b8116910c/backend-production-v0.3-r006-live""}"
"urn:uuid:d5e3b366-71d1-58ce-ad5c-2d22cf6f20e0","lebl.ra.term.ledger.lebl-term-0237.id-id","urn:uuid:af54a11a-d9ea-5e4b-a5c2-185eddfb6864","id","id-ID","linearitas turunan","[]","[]","[""urn:uuid:2985f369-c946-5392-be8c-902d3c9215b2""]","formal","[{""locator"":""backend/production/v0.3/inputs/TERMINOLOGY.csv:LEBL-TERM-0237"",""sha256"":""sha256:4a2fbef91a203f8c6541458518d4cda049c3a7a5e4c9212fb6e6de01a8144706""}]","urn:uuid:a0273f1c-6fad-54c7-a75a-32a5161da656","active","LEBL-TERM-0237","linearity of the derivative","admitted","{""concept_id"":""concept.calculus.derivative-linearity"",""evidence"":""R006 ch-der.tex"",""notes"":"""",""preferred_id"":""linearitas turunan"",""register"":""formal"",""rejected_id"":"""",""resource_scope"":""R006"",""source_term"":""linearity of the derivative"",""status"":""admitted"",""term_id"":""LEBL-TERM-0237"",""variants_id"":""""}","{""concept_id"":""urn:uuid:af54a11a-d9ea-5e4b-a5c2-185eddfb6864"",""evidence"":[{""locator"":""backend/production/v0.3/inputs/TERMINOLOGY.csv:LEBL-TERM-0237"",""sha256"":""sha256:4a2fbef91a203f8c6541458518d4cda049c3a7a5e4c9212fb6e6de01a8144706""}],""examples"":[],""id"":""urn:uuid:d5e3b366-71d1-58ce-ad5c-2d22cf6f20e0"",""language"":""id"",""ledger_binding"":{""concept_id"":""concept.calculus.derivative-linearity"",""evidence"":""R006 ch-der.tex"",""notes"":"""",""preferred_id"":""linearitas turunan"",""register"":""formal"",""rejected_id"":"""",""resource_scope"":""R006"",""source_term"":""linearity of the derivative"",""status"":""admitted"",""term_id"":""LEBL-TERM-0237"",""variants_id"":""""},""locale"":""id-ID"",""preferred"":""linearitas turunan"",""record_type"":""term"",""recorded_at"":""2026-08-21T00:00:00Z"",""register"":""formal"",""rejected_forms"":[],""rights_id"":""urn:uuid:a0273f1c-6fad-54c7-a75a-32a5161da656"",""schema_name"":""lebl.backend.record"",""schema_version"":""0.3.0"",""scope_ids"":[""urn:uuid:2985f369-c946-5392-be8c-902d3c9215b2""],""semantic_aliases"":[],""semantic_key"":""lebl.ra.term.ledger.lebl-term-0237.id-id"",""status"":""active"",""supersedes_id"":null,""variants"":[],""workflow_id"":""01a01f57-a34b-7740-9717-596b8116910c/backend-production-v0.3-r006-live""}"
"urn:uuid:22545a3e-91f1-53d4-bda1-dfe8c8ea9275","lebl.ra.term.ledger.lebl-term-0341.id-id","urn:uuid:1589d14b-dffb-56d5-a9d3-dc8ed7f45f15","id","id-ID","lingkungan terbuka","[]","[]","[""urn:uuid:2985f369-c946-5392-be8c-902d3c9215b2""]","formal","[{""locator"":""backend/production/v0.3/inputs/TERMINOLOGY.csv:LEBL-TERM-0341"",""sha256"":""sha256:795d3611697e6fda8be3f0cf158af957528ba8c2346f6120aa0b59aab1ab8e14""}]","urn:uuid:a0273f1c-6fad-54c7-a75a-32a5161da656","active","LEBL-TERM-0341","open neighborhood","admitted","{""concept_id"":""concept.neighborhood.open"",""evidence"":""R006 ch-metric.tex"",""notes"":"""",""preferred_id"":""lingkungan terbuka"",""register"":""formal"",""rejected_id"":"""",""resource_scope"":""R006"",""source_term"":""open neighborhood"",""status"":""admitted"",""term_id"":""LEBL-TERM-0341"",""variants_id"":""""}","{""concept_id"":""urn:uuid:1589d14b-dffb-56d5-a9d3-dc8ed7f45f15"",""evidence"":[{""locator"":""backend/production/v0.3/inputs/TERMINOLOGY.csv:LEBL-TERM-0341"",""sha256"":""sha256:795d3611697e6fda8be3f0cf158af957528ba8c2346f6120aa0b59aab1ab8e14""}],""examples"":[],""id"":""urn:uuid:22545a3e-91f1-53d4-bda1-dfe8c8ea9275"",""language"":""id"",""ledger_binding"":{""concept_id"":""concept.neighborhood.open"",""evidence"":""R006 ch-metric.tex"",""notes"":"""",""preferred_id"":""lingkungan terbuka"",""register"":""formal"",""rejected_id"":"""",""resource_scope"":""R006"",""source_term"":""open neighborhood"",""status"":""admitted"",""term_id"":""LEBL-TERM-0341"",""variants_id"":""""},""locale"":""id-ID"",""preferred"":""lingkungan terbuka"",""record_type"":""term"",""recorded_at"":""2026-08-21T00:00:00Z"",""register"":""formal"",""rejected_forms"":[],""rights_id"":""urn:uuid:a0273f1c-6fad-54c7-a75a-32a5161da656"",""schema_name"":""lebl.backend.record"",""schema_version"":""0.3.0"",""scope_ids"":[""urn:uuid:2985f369-c946-5392-be8c-902d3c9215b2""],""semantic_aliases"":[],""semantic_key"":""lebl.ra.term.ledger.lebl-term-0341.id-id"",""status"":""active"",""supersedes_id"":null,""variants"":[],""workflow_id"":""01a01f57-a34b-7740-9717-596b8116910c/backend-production-v0.3-r006-live""}"
"urn:uuid:021e00f3-4115-5a64-b89b-df7a1aa20354","lebl.ra.term.ledger.lebl-term-0286.id-id","urn:uuid:ca080955-3679-51e5-a132-17add960f817","id","id-ID","logaritma","[]","[]","[""urn:uuid:2985f369-c946-5392-be8c-902d3c9215b2""]","formal","[{""locator"":""backend/production/v0.3/inputs/TERMINOLOGY.csv:LEBL-TERM-0286"",""sha256"":""sha256:6410beebf8d301d23fbffb3fb5dbc004e0d46dd01a9e25b83e77429b3ef1cca5""}]","urn:uuid:a0273f1c-6fad-54c7-a75a-32a5161da656","active","LEBL-TERM-0286","logarithm","admitted","{""concept_id"":""concept.function.logarithm"",""evidence"":""R006 ch-riemann.tex"",""notes"":"""",""preferred_id"":""logaritma"",""register"":""formal"",""rejected_id"":"""",""resource_scope"":""R006"",""source_term"":""logarithm"",""status"":""admitted"",""term_id"":""LEBL-TERM-0286"",""variants_id"":""""}","{""concept_id"":""urn:uuid:ca080955-3679-51e5-a132-17add960f817"",""evidence"":[{""locator"":""backend/production/v0.3/inputs/TERMINOLOGY.csv:LEBL-TERM-0286"",""sha256"":""sha256:6410beebf8d301d23fbffb3fb5dbc004e0d46dd01a9e25b83e77429b3ef1cca5""}],""examples"":[],""id"":""urn:uuid:021e00f3-4115-5a64-b89b-df7a1aa20354"",""language"":""id"",""ledger_binding"":{""concept_id"":""concept.function.logarithm"",""evidence"":""R006 ch-riemann.tex"",""notes"":"""",""preferred_id"":""logaritma"",""register"":""formal"",""rejected_id"":"""",""resource_scope"":""R006"",""source_term"":""logarithm"",""status"":""admitted"",""term_id"":""LEBL-TERM-0286"",""variants_id"":""""},""locale"":""id-ID"",""preferred"":""logaritma"",""record_type"":""term"",""recorded_at"":""2026-08-21T00:00:00Z"",""register"":""formal"",""rejected_forms"":[],""rights_id"":""urn:uuid:a0273f1c-6fad-54c7-a75a-32a5161da656"",""schema_name"":""lebl.backend.record"",""schema_version"":""0.3.0"",""scope_ids"":[""urn:uuid:2985f369-c946-5392-be8c-902d3c9215b2""],""semantic_aliases"":[],""semantic_key"":""lebl.ra.term.ledger.lebl-term-0286.id-id"",""status"":""active"",""supersedes_id"":null,""variants"":[],""workflow_id"":""01a01f57-a34b-7740-9717-596b8116910c/backend-production-v0.3-r006-live""}"
"urn:uuid:984f6308-e945-5774-b413-d71585fa42de","lebl.ra.term.ledger.lebl-term-0287.id-id","urn:uuid:e930780e-0355-5def-8196-8d633aa74695","id","id-ID","logaritma alami","[""logaritma natural""]","[]","[""urn:uuid:2985f369-c946-5392-be8c-902d3c9215b2""]","formal","[{""locator"":""backend/production/v0.3/inputs/TERMINOLOGY.csv:LEBL-TERM-0287"",""sha256"":""sha256:8b2613d516f068d5257e5728927af46c4570029f1473ee8f22032b315b3724a1""}]","urn:uuid:a0273f1c-6fad-54c7-a75a-32a5161da656","active","LEBL-TERM-0287","natural logarithm","admitted","{""concept_id"":""concept.function.natural-logarithm"",""evidence"":""R006 ch-riemann.tex and notations.tex"",""notes"":"""",""preferred_id"":""logaritma alami"",""register"":""formal"",""rejected_id"":"""",""resource_scope"":""R006"",""source_term"":""natural logarithm"",""status"":""admitted"",""term_id"":""LEBL-TERM-0287"",""variants_id"":""logaritma natural""}","{""concept_id"":""urn:uuid:e930780e-0355-5def-8196-8d633aa74695"",""evidence"":[{""locator"":""backend/production/v0.3/inputs/TERMINOLOGY.csv:LEBL-TERM-0287"",""sha256"":""sha256:8b2613d516f068d5257e5728927af46c4570029f1473ee8f22032b315b3724a1""}],""examples"":[],""id"":""urn:uuid:984f6308-e945-5774-b413-d71585fa42de"",""language"":""id"",""ledger_binding"":{""concept_id"":""concept.function.natural-logarithm"",""evidence"":""R006 ch-riemann.tex and notations.tex"",""notes"":"""",""preferred_id"":""logaritma alami"",""register"":""formal"",""rejected_id"":"""",""resource_scope"":""R006"",""source_term"":""natural logarithm"",""status"":""admitted"",""term_id"":""LEBL-TERM-0287"",""variants_id"":""logaritma natural""},""locale"":""id-ID"",""preferred"":""logaritma alami"",""record_type"":""term"",""recorded_at"":""2026-08-21T00:00:00Z"",""register"":""formal"",""rejected_forms"":[],""rights_id"":""urn:uuid:a0273f1c-6fad-54c7-a75a-32a5161da656"",""schema_name"":""lebl.backend.record"",""schema_version"":""0.3.0"",""scope_ids"":[""urn:uuid:2985f369-c946-5392-be8c-902d3c9215b2""],""semantic_aliases"":[],""semantic_key"":""lebl.ra.term.ledger.lebl-term-0287.id-id"",""status"":""active"",""supersedes_id"":null,""variants"":[""logaritma natural""],""workflow_id"":""01a01f57-a34b-7740-9717-596b8116910c/backend-production-v0.3-r006-live""}"
"urn:uuid:99e177b4-ef32-5546-bdc7-7b4e75a2215d","lebl.ra.term.ledger.lebl-term-0084.id-id","urn:uuid:08975ee2-c16a-5607-b880-f3902720e0df","id","id-ID","maksimum","[]","[]","[""urn:uuid:2985f369-c946-5392-be8c-902d3c9215b2""]","formal","[{""locator"":""backend/production/v0.3/inputs/TERMINOLOGY.csv:LEBL-TERM-0084"",""sha256"":""sha256:c82722719ade0a4007c7207bf7dd1d4d5a605c7ac0764a014f1b382bbda61467""}]","urn:uuid:a0273f1c-6fad-54c7-a75a-32a5161da656","active","LEBL-TERM-0084","maximum","admitted","{""concept_id"":""concept.order.maximum"",""evidence"":""R006 ch-real-nums.tex"",""notes"":"""",""preferred_id"":""maksimum"",""register"":""formal"",""rejected_id"":"""",""resource_scope"":""R006"",""source_term"":""maximum"",""status"":""admitted"",""term_id"":""LEBL-TERM-0084"",""variants_id"":""""}","{""concept_id"":""urn:uuid:08975ee2-c16a-5607-b880-f3902720e0df"",""evidence"":[{""locator"":""backend/production/v0.3/inputs/TERMINOLOGY.csv:LEBL-TERM-0084"",""sha256"":""sha256:c82722719ade0a4007c7207bf7dd1d4d5a605c7ac0764a014f1b382bbda61467""}],""examples"":[],""id"":""urn:uuid:99e177b4-ef32-5546-bdc7-7b4e75a2215d"",""language"":""id"",""ledger_binding"":{""concept_id"":""concept.order.maximum"",""evidence"":""R006 ch-real-nums.tex"",""notes"":"""",""preferred_id"":""maksimum"",""register"":""formal"",""rejected_id"":"""",""resource_scope"":""R006"",""source_term"":""maximum"",""status"":""admitted"",""term_id"":""LEBL-TERM-0084"",""variants_id"":""""},""locale"":""id-ID"",""preferred"":""maksimum"",""record_type"":""term"",""recorded_at"":""2026-08-21T00:00:00Z"",""register"":""formal"",""rejected_forms"":[],""rights_id"":""urn:uuid:a0273f1c-6fad-54c7-a75a-32a5161da656"",""schema_name"":""lebl.backend.record"",""schema_version"":""0.3.0"",""scope_ids"":[""urn:uuid:2985f369-c946-5392-be8c-902d3c9215b2""],""semantic_aliases"":[],""semantic_key"":""lebl.ra.term.ledger.lebl-term-0084.id-id"",""status"":""active"",""supersedes_id"":null,""variants"":[],""workflow_id"":""01a01f57-a34b-7740-9717-596b8116910c/backend-production-v0.3-r006-live""}"
"urn:uuid:3c54038f-cb48-570e-9142-88a8ee06621c","lebl.ra.term.ledger.lebl-term-0205.id-id","urn:uuid:f4f88c12-1cae-5c95-a211-a9355218b97a","id","id-ID","maksimum mutlak","[]","[]","[""urn:uuid:2985f369-c946-5392-be8c-902d3c9215b2""]","formal","[{""locator"":""backend/production/v0.3/inputs/TERMINOLOGY.csv:LEBL-TERM-0205"",""sha256"":""sha256:f85874420f06ebdb7f643c67c39e5370abe1e84d5ce86ea7a591aeccf0613db0""}]","urn:uuid:a0273f1c-6fad-54c7-a75a-32a5161da656","active","LEBL-TERM-0205","absolute maximum","admitted","{""concept_id"":""concept.extremum.absolute-maximum"",""evidence"":""R006 ch-contfunc.tex"",""notes"":"""",""preferred_id"":""maksimum mutlak"",""register"":""formal"",""rejected_id"":"""",""resource_scope"":""R006"",""source_term"":""absolute maximum"",""status"":""admitted"",""term_id"":""LEBL-TERM-0205"",""variants_id"":""""}","{""concept_id"":""urn:uuid:f4f88c12-1cae-5c95-a211-a9355218b97a"",""evidence"":[{""locator"":""backend/production/v0.3/inputs/TERMINOLOGY.csv:LEBL-TERM-0205"",""sha256"":""sha256:f85874420f06ebdb7f643c67c39e5370abe1e84d5ce86ea7a591aeccf0613db0""}],""examples"":[],""id"":""urn:uuid:3c54038f-cb48-570e-9142-88a8ee06621c"",""language"":""id"",""ledger_binding"":{""concept_id"":""concept.extremum.absolute-maximum"",""evidence"":""R006 ch-contfunc.tex"",""notes"":"""",""preferred_id"":""maksimum mutlak"",""register"":""formal"",""rejected_id"":"""",""resource_scope"":""R006"",""source_term"":""absolute maximum"",""status"":""admitted"",""term_id"":""LEBL-TERM-0205"",""variants_id"":""""},""locale"":""id-ID"",""preferred"":""maksimum mutlak"",""record_type"":""term"",""recorded_at"":""2026-08-21T00:00:00Z"",""register"":""formal"",""rejected_forms"":[],""rights_id"":""urn:uuid:a0273f1c-6fad-54c7-a75a-32a5161da656"",""schema_name"":""lebl.backend.record"",""schema_version"":""0.3.0"",""scope_ids"":[""urn:uuid:2985f369-c946-5392-be8c-902d3c9215b2""],""semantic_aliases"":[],""semantic_key"":""lebl.ra.term.ledger.lebl-term-0205.id-id"",""status"":""active"",""supersedes_id"":null,""variants"":[],""workflow_id"":""01a01f57-a34b-7740-9717-596b8116910c/backend-production-v0.3-r006-live""}"
"urn:uuid:50e4855b-ea23-5300-b07c-9d2de8cac6ce","lebl.ra.term.ledger.lebl-term-0243.id-id","urn:uuid:0741ae13-7763-5481-9c79-8f4b7a7b3927","id","id-ID","maksimum relatif","[""maksimum lokal""]","[]","[""urn:uuid:2985f369-c946-5392-be8c-902d3c9215b2""]","formal","[{""locator"":""backend/production/v0.3/inputs/TERMINOLOGY.csv:LEBL-TERM-0243"",""sha256"":""sha256:6e92b186d8a71cf627589d63964d26f2cabc120a3f96535cf5229e5f88e84e72""}]","urn:uuid:a0273f1c-6fad-54c7-a75a-32a5161da656","active","LEBL-TERM-0243","relative maximum","admitted","{""concept_id"":""concept.extremum.relative-maximum"",""evidence"":""R006 ch-der.tex"",""notes"":"""",""preferred_id"":""maksimum relatif"",""register"":""formal"",""rejected_id"":"""",""resource_scope"":""R006"",""source_term"":""relative maximum"",""status"":""admitted"",""term_id"":""LEBL-TERM-0243"",""variants_id"":""maksimum lokal""}","{""concept_id"":""urn:uuid:0741ae13-7763-5481-9c79-8f4b7a7b3927"",""evidence"":[{""locator"":""backend/production/v0.3/inputs/TERMINOLOGY.csv:LEBL-TERM-0243"",""sha256"":""sha256:6e92b186d8a71cf627589d63964d26f2cabc120a3f96535cf5229e5f88e84e72""}],""examples"":[],""id"":""urn:uuid:50e4855b-ea23-5300-b07c-9d2de8cac6ce"",""language"":""id"",""ledger_binding"":{""concept_id"":""concept.extremum.relative-maximum"",""evidence"":""R006 ch-der.tex"",""notes"":"""",""preferred_id"":""maksimum relatif"",""register"":""formal"",""rejected_id"":"""",""resource_scope"":""R006"",""source_term"":""relative maximum"",""status"":""admitted"",""term_id"":""LEBL-TERM-0243"",""variants_id"":""maksimum lokal""},""locale"":""id-ID"",""preferred"":""maksimum relatif"",""record_type"":""term"",""recorded_at"":""2026-08-21T00:00:00Z"",""register"":""formal"",""rejected_forms"":[],""rights_id"":""urn:uuid:a0273f1c-6fad-54c7-a75a-32a5161da656"",""schema_name"":""lebl.backend.record"",""schema_version"":""0.3.0"",""scope_ids"":[""urn:uuid:2985f369-c946-5392-be8c-902d3c9215b2""],""semantic_aliases"":[],""semantic_key"":""lebl.ra.term.ledger.lebl-term-0243.id-id"",""status"":""active"",""supersedes_id"":null,""variants"":[""maksimum lokal""],""workflow_id"":""01a01f57-a34b-7740-9717-596b8116910c/backend-production-v0.3-r006-live""}"
"urn:uuid:cf43c711-acf1-511d-94be-d6167973cd34","lebl.ra.term.ledger.lebl-term-0259.id-id","urn:uuid:4f2d34cb-3b90-59f1-a42e-d65bcfd22000","id","id-ID","maksimum relatif ketat","[]","[]","[""urn:uuid:2985f369-c946-5392-be8c-902d3c9215b2""]","formal","[{""locator"":""backend/production/v0.3/inputs/TERMINOLOGY.csv:LEBL-TERM-0259"",""sha256"":""sha256:a3b06843e44b076b6f241984edd25080b2fad1ed7281756a21a8b4f628f57db8""}]","urn:uuid:a0273f1c-6fad-54c7-a75a-32a5161da656","active","LEBL-TERM-0259","strict relative maximum","admitted","{""concept_id"":""concept.extremum.strict-relative-maximum"",""evidence"":""R006 ch-der.tex"",""notes"":"""",""preferred_id"":""maksimum relatif ketat"",""register"":""formal"",""rejected_id"":"""",""resource_scope"":""R006"",""source_term"":""strict relative maximum"",""status"":""admitted"",""term_id"":""LEBL-TERM-0259"",""variants_id"":""""}","{""concept_id"":""urn:uuid:4f2d34cb-3b90-59f1-a42e-d65bcfd22000"",""evidence"":[{""locator"":""backend/production/v0.3/inputs/TERMINOLOGY.csv:LEBL-TERM-0259"",""sha256"":""sha256:a3b06843e44b076b6f241984edd25080b2fad1ed7281756a21a8b4f628f57db8""}],""examples"":[],""id"":""urn:uuid:cf43c711-acf1-511d-94be-d6167973cd34"",""language"":""id"",""ledger_binding"":{""concept_id"":""concept.extremum.strict-relative-maximum"",""evidence"":""R006 ch-der.tex"",""notes"":"""",""preferred_id"":""maksimum relatif ketat"",""register"":""formal"",""rejected_id"":"""",""resource_scope"":""R006"",""source_term"":""strict relative maximum"",""status"":""admitted"",""term_id"":""LEBL-TERM-0259"",""variants_id"":""""},""locale"":""id-ID"",""preferred"":""maksimum relatif ketat"",""record_type"":""term"",""recorded_at"":""2026-08-21T00:00:00Z"",""register"":""formal"",""rejected_forms"":[],""rights_id"":""urn:uuid:a0273f1c-6fad-54c7-a75a-32a5161da656"",""schema_name"":""lebl.backend.record"",""schema_version"":""0.3.0"",""scope_ids"":[""urn:uuid:2985f369-c946-5392-be8c-902d3c9215b2""],""semantic_aliases"":[],""semantic_key"":""lebl.ra.term.ledger.lebl-term-0259.id-id"",""status"":""active"",""supersedes_id"":null,""variants"":[],""workflow_id"":""01a01f57-a34b-7740-9717-596b8116910c/backend-production-v0.3-r006-live""}"
"urn:uuid:876e27e5-eae8-52df-8fb4-d5db01f34dd1","lebl.ra.term.ledger.lebl-term-0406.id-id","urn:uuid:f889b618-1d53-58d6-81c1-ae80235a1973","id","id-ID","matriks","[]","[]","[""urn:uuid:2985f369-c946-5392-be8c-902d3c9215b2""]","formal","[{""locator"":""backend/production/v0.3/inputs/TERMINOLOGY.csv:LEBL-TERM-0406"",""sha256"":""sha256:08ab2b9ef25b2372c6bfd6100224c359b05bce72249c2de973a367a5a0d5ea45""}]","urn:uuid:a0273f1c-6fad-54c7-a75a-32a5161da656","active","LEBL-TERM-0406","matrix","admitted","{""concept_id"":""concept.matrix"",""evidence"":""R006 ch-several-vars-ders.tex"",""notes"":"""",""preferred_id"":""matriks"",""register"":""formal"",""rejected_id"":"""",""resource_scope"":""R006"",""source_term"":""matrix"",""status"":""admitted"",""term_id"":""LEBL-TERM-0406"",""variants_id"":""""}","{""concept_id"":""urn:uuid:f889b618-1d53-58d6-81c1-ae80235a1973"",""evidence"":[{""locator"":""backend/production/v0.3/inputs/TERMINOLOGY.csv:LEBL-TERM-0406"",""sha256"":""sha256:08ab2b9ef25b2372c6bfd6100224c359b05bce72249c2de973a367a5a0d5ea45""}],""examples"":[],""id"":""urn:uuid:876e27e5-eae8-52df-8fb4-d5db01f34dd1"",""language"":""id"",""ledger_binding"":{""concept_id"":""concept.matrix"",""evidence"":""R006 ch-several-vars-ders.tex"",""notes"":"""",""preferred_id"":""matriks"",""register"":""formal"",""rejected_id"":"""",""resource_scope"":""R006"",""source_term"":""matrix"",""status"":""admitted"",""term_id"":""LEBL-TERM-0406"",""variants_id"":""""},""locale"":""id-ID"",""preferred"":""matriks"",""record_type"":""term"",""recorded_at"":""2026-08-21T00:00:00Z"",""register"":""formal"",""rejected_forms"":[],""rights_id"":""urn:uuid:a0273f1c-6fad-54c7-a75a-32a5161da656"",""schema_name"":""lebl.backend.record"",""schema_version"":""0.3.0"",""scope_ids"":[""urn:uuid:2985f369-c946-5392-be8c-902d3c9215b2""],""semantic_aliases"":[],""semantic_key"":""lebl.ra.term.ledger.lebl-term-0406.id-id"",""status"":""active"",""supersedes_id"":null,""variants"":[],""workflow_id"":""01a01f57-a34b-7740-9717-596b8116910c/backend-production-v0.3-r006-live""}"
"urn:uuid:ff921163-a50f-5687-96cb-aac7c3fe6c99","lebl.ra.term.ledger.lebl-term-0437.id-id","urn:uuid:114b6c15-292a-5930-81a9-59137f50f3d8","id","id-ID","matriks Jacobian","[]","[]","[""urn:uuid:2985f369-c946-5392-be8c-902d3c9215b2""]","formal","[{""locator"":""backend/production/v0.3/inputs/TERMINOLOGY.csv:LEBL-TERM-0437"",""sha256"":""sha256:e6ed0ad21347a7e4ae818001aae92e4491235edb051434998b760ca4c7afa350""}]","urn:uuid:a0273f1c-6fad-54c7-a75a-32a5161da656","active","LEBL-TERM-0437","Jacobian matrix","admitted","{""concept_id"":""concept.calculus.jacobian.matrix"",""evidence"":""R006 ch-several-vars-ders.tex"",""notes"":"""",""preferred_id"":""matriks Jacobian"",""register"":""formal"",""rejected_id"":"""",""resource_scope"":""R006"",""source_term"":""Jacobian matrix"",""status"":""admitted"",""term_id"":""LEBL-TERM-0437"",""variants_id"":""""}","{""concept_id"":""urn:uuid:114b6c15-292a-5930-81a9-59137f50f3d8"",""evidence"":[{""locator"":""backend/production/v0.3/inputs/TERMINOLOGY.csv:LEBL-TERM-0437"",""sha256"":""sha256:e6ed0ad21347a7e4ae818001aae92e4491235edb051434998b760ca4c7afa350""}],""examples"":[],""id"":""urn:uuid:ff921163-a50f-5687-96cb-aac7c3fe6c99"",""language"":""id"",""ledger_binding"":{""concept_id"":""concept.calculus.jacobian.matrix"",""evidence"":""R006 ch-several-vars-ders.tex"",""notes"":"""",""preferred_id"":""matriks Jacobian"",""register"":""formal"",""rejected_id"":"""",""resource_scope"":""R006"",""source_term"":""Jacobian matrix"",""status"":""admitted"",""term_id"":""LEBL-TERM-0437"",""variants_id"":""""},""locale"":""id-ID"",""preferred"":""matriks Jacobian"",""record_type"":""term"",""recorded_at"":""2026-08-21T00:00:00Z"",""register"":""formal"",""rejected_forms"":[],""rights_id"":""urn:uuid:a0273f1c-6fad-54c7-a75a-32a5161da656"",""schema_name"":""lebl.backend.record"",""schema_version"":""0.3.0"",""scope_ids"":[""urn:uuid:2985f369-c946-5392-be8c-902d3c9215b2""],""semantic_aliases"":[],""semantic_key"":""lebl.ra.term.ledger.lebl-term-0437.id-id"",""status"":""active"",""supersedes_id"":null,""variants"":[],""workflow_id"":""01a01f57-a34b-7740-9717-596b8116910c/backend-production-v0.3-r006-live""}"
"urn:uuid:eb8a3b33-588a-5145-a090-52d5c6c8af5b","lebl.ra.term.ledger.lebl-term-0424.id-id","urn:uuid:0aa8a9e6-9517-5683-bb4e-2de3bab5f8b1","id","id-ID","matriks diagonal","[]","[]","[""urn:uuid:2985f369-c946-5392-be8c-902d3c9215b2""]","formal","[{""locator"":""backend/production/v0.3/inputs/TERMINOLOGY.csv:LEBL-TERM-0424"",""sha256"":""sha256:0ccaa5a21ef33ff7c4596339674b1db057c0ae68f6e817702f58b2c7e459fb05""}]","urn:uuid:a0273f1c-6fad-54c7-a75a-32a5161da656","active","LEBL-TERM-0424","diagonal matrix","admitted","{""concept_id"":""concept.matrix.diagonal"",""evidence"":""R006 ch-several-vars-ders.tex"",""notes"":"""",""preferred_id"":""matriks diagonal"",""register"":""formal"",""rejected_id"":"""",""resource_scope"":""R006"",""source_term"":""diagonal matrix"",""status"":""admitted"",""term_id"":""LEBL-TERM-0424"",""variants_id"":""""}","{""concept_id"":""urn:uuid:0aa8a9e6-9517-5683-bb4e-2de3bab5f8b1"",""evidence"":[{""locator"":""backend/production/v0.3/inputs/TERMINOLOGY.csv:LEBL-TERM-0424"",""sha256"":""sha256:0ccaa5a21ef33ff7c4596339674b1db057c0ae68f6e817702f58b2c7e459fb05""}],""examples"":[],""id"":""urn:uuid:eb8a3b33-588a-5145-a090-52d5c6c8af5b"",""language"":""id"",""ledger_binding"":{""concept_id"":""concept.matrix.diagonal"",""evidence"":""R006 ch-several-vars-ders.tex"",""notes"":"""",""preferred_id"":""matriks diagonal"",""register"":""formal"",""rejected_id"":"""",""resource_scope"":""R006"",""source_term"":""diagonal matrix"",""status"":""admitted"",""term_id"":""LEBL-TERM-0424"",""variants_id"":""""},""locale"":""id-ID"",""preferred"":""matriks diagonal"",""record_type"":""term"",""recorded_at"":""2026-08-21T00:00:00Z"",""register"":""formal"",""rejected_forms"":[],""rights_id"":""urn:uuid:a0273f1c-6fad-54c7-a75a-32a5161da656"",""schema_name"":""lebl.backend.record"",""schema_version"":""0.3.0"",""scope_ids"":[""urn:uuid:2985f369-c946-5392-be8c-902d3c9215b2""],""semantic_aliases"":[],""semantic_key"":""lebl.ra.term.ledger.lebl-term-0424.id-id"",""status"":""active"",""supersedes_id"":null,""variants"":[],""workflow_id"":""01a01f57-a34b-7740-9717-596b8116910c/backend-production-v0.3-r006-live""}"
"urn:uuid:eae52a1b-c601-5ce1-a2fa-be9ef79a3623","lebl.ra.term.ledger.lebl-term-0419.id-id","urn:uuid:79fc9e83-96a3-5422-bb18-52b56c72e5d1","id","id-ID","matriks elementer","[]","[]","[""urn:uuid:2985f369-c946-5392-be8c-902d3c9215b2""]","formal","[{""locator"":""backend/production/v0.3/inputs/TERMINOLOGY.csv:LEBL-TERM-0419"",""sha256"":""sha256:780ae87491572409764e7faa63874ebaf0b3f309aad0a8bc7d6233f16f9e99da""}]","urn:uuid:a0273f1c-6fad-54c7-a75a-32a5161da656","active","LEBL-TERM-0419","elementary matrix","admitted","{""concept_id"":""concept.matrix.elementary"",""evidence"":""R006 ch-several-vars-ders.tex"",""notes"":"""",""preferred_id"":""matriks elementer"",""register"":""formal"",""rejected_id"":"""",""resource_scope"":""R006"",""source_term"":""elementary matrix"",""status"":""admitted"",""term_id"":""LEBL-TERM-0419"",""variants_id"":""""}","{""concept_id"":""urn:uuid:79fc9e83-96a3-5422-bb18-52b56c72e5d1"",""evidence"":[{""locator"":""backend/production/v0.3/inputs/TERMINOLOGY.csv:LEBL-TERM-0419"",""sha256"":""sha256:780ae87491572409764e7faa63874ebaf0b3f309aad0a8bc7d6233f16f9e99da""}],""examples"":[],""id"":""urn:uuid:eae52a1b-c601-5ce1-a2fa-be9ef79a3623"",""language"":""id"",""ledger_binding"":{""concept_id"":""concept.matrix.elementary"",""evidence"":""R006 ch-several-vars-ders.tex"",""notes"":"""",""preferred_id"":""matriks elementer"",""register"":""formal"",""rejected_id"":"""",""resource_scope"":""R006"",""source_term"":""elementary matrix"",""status"":""admitted"",""term_id"":""LEBL-TERM-0419"",""variants_id"":""""},""locale"":""id-ID"",""preferred"":""matriks elementer"",""record_type"":""term"",""recorded_at"":""2026-08-21T00:00:00Z"",""register"":""formal"",""rejected_forms"":[],""rights_id"":""urn:uuid:a0273f1c-6fad-54c7-a75a-32a5161da656"",""schema_name"":""lebl.backend.record"",""schema_version"":""0.3.0"",""scope_ids"":[""urn:uuid:2985f369-c946-5392-be8c-902d3c9215b2""],""semantic_aliases"":[],""semantic_key"":""lebl.ra.term.ledger.lebl-term-0419.id-id"",""status"":""active"",""supersedes_id"":null,""variants"":[],""workflow_id"":""01a01f57-a34b-7740-9717-596b8116910c/backend-production-v0.3-r006-live""}"
"urn:uuid:1a1d5f41-ecc2-50b0-8fb6-b16125bc9e43","lebl.ra.term.ledger.lebl-term-0420.id-id","urn:uuid:d06cc163-9f21-5c57-a1a6-87ab775e8709","id","id-ID","matriks segitiga atas","[]","[]","[""urn:uuid:2985f369-c946-5392-be8c-902d3c9215b2""]","formal","[{""locator"":""backend/production/v0.3/inputs/TERMINOLOGY.csv:LEBL-TERM-0420"",""sha256"":""sha256:4ba503368e54724944cfecd5932452ca1eeabff401e17d93a3617021370723c7""}]","urn:uuid:a0273f1c-6fad-54c7-a75a-32a5161da656","active","LEBL-TERM-0420","upper triangular matrix","admitted","{""concept_id"":""concept.matrix.upper-triangular"",""evidence"":""R006 ch-several-vars-ders.tex"",""notes"":"""",""preferred_id"":""matriks segitiga atas"",""register"":""formal"",""rejected_id"":"""",""resource_scope"":""R006"",""source_term"":""upper triangular matrix"",""status"":""admitted"",""term_id"":""LEBL-TERM-0420"",""variants_id"":""""}","{""concept_id"":""urn:uuid:d06cc163-9f21-5c57-a1a6-87ab775e8709"",""evidence"":[{""locator"":""backend/production/v0.3/inputs/TERMINOLOGY.csv:LEBL-TERM-0420"",""sha256"":""sha256:4ba503368e54724944cfecd5932452ca1eeabff401e17d93a3617021370723c7""}],""examples"":[],""id"":""urn:uuid:1a1d5f41-ecc2-50b0-8fb6-b16125bc9e43"",""language"":""id"",""ledger_binding"":{""concept_id"":""concept.matrix.upper-triangular"",""evidence"":""R006 ch-several-vars-ders.tex"",""notes"":"""",""preferred_id"":""matriks segitiga atas"",""register"":""formal"",""rejected_id"":"""",""resource_scope"":""R006"",""source_term"":""upper triangular matrix"",""status"":""admitted"",""term_id"":""LEBL-TERM-0420"",""variants_id"":""""},""locale"":""id-ID"",""preferred"":""matriks segitiga atas"",""record_type"":""term"",""recorded_at"":""2026-08-21T00:00:00Z"",""register"":""formal"",""rejected_forms"":[],""rights_id"":""urn:uuid:a0273f1c-6fad-54c7-a75a-32a5161da656"",""schema_name"":""lebl.backend.record"",""schema_version"":""0.3.0"",""scope_ids"":[""urn:uuid:2985f369-c946-5392-be8c-902d3c9215b2""],""semantic_aliases"":[],""semantic_key"":""lebl.ra.term.ledger.lebl-term-0420.id-id"",""status"":""active"",""supersedes_id"":null,""variants"":[],""workflow_id"":""01a01f57-a34b-7740-9717-596b8116910c/backend-production-v0.3-r006-live""}"
"urn:uuid:e7119ce5-3f28-57ce-a720-768aeda10771","lebl.ra.term.ledger.lebl-term-0425.id-id","urn:uuid:0995379f-0e5c-55d3-a30d-66a0eb674d61","id","id-ID","matriks yang dapat didiagonalisasi","[]","[]","[""urn:uuid:2985f369-c946-5392-be8c-902d3c9215b2""]","formal","[{""locator"":""backend/production/v0.3/inputs/TERMINOLOGY.csv:LEBL-TERM-0425"",""sha256"":""sha256:91ae58c4997bc67797bbc7c2afadd8b93552fdfedbb21b2f51a24abe551c5610""}]","urn:uuid:a0273f1c-6fad-54c7-a75a-32a5161da656","active","LEBL-TERM-0425","diagonalizable matrix","admitted","{""concept_id"":""concept.matrix.diagonalizable"",""evidence"":""R006 ch-several-vars-ders.tex"",""notes"":"""",""preferred_id"":""matriks yang dapat didiagonalisasi"",""register"":""formal"",""rejected_id"":"""",""resource_scope"":""R006"",""source_term"":""diagonalizable matrix"",""status"":""admitted"",""term_id"":""LEBL-TERM-0425"",""variants_id"":""""}","{""concept_id"":""urn:uuid:0995379f-0e5c-55d3-a30d-66a0eb674d61"",""evidence"":[{""locator"":""backend/production/v0.3/inputs/TERMINOLOGY.csv:LEBL-TERM-0425"",""sha256"":""sha256:91ae58c4997bc67797bbc7c2afadd8b93552fdfedbb21b2f51a24abe551c5610""}],""examples"":[],""id"":""urn:uuid:e7119ce5-3f28-57ce-a720-768aeda10771"",""language"":""id"",""ledger_binding"":{""concept_id"":""concept.matrix.diagonalizable"",""evidence"":""R006 ch-several-vars-ders.tex"",""notes"":"""",""preferred_id"":""matriks yang dapat didiagonalisasi"",""register"":""formal"",""rejected_id"":"""",""resource_scope"":""R006"",""source_term"":""diagonalizable matrix"",""status"":""admitted"",""term_id"":""LEBL-TERM-0425"",""variants_id"":""""},""locale"":""id-ID"",""preferred"":""matriks yang dapat didiagonalisasi"",""record_type"":""term"",""recorded_at"":""2026-08-21T00:00:00Z"",""register"":""formal"",""rejected_forms"":[],""rights_id"":""urn:uuid:a0273f1c-6fad-54c7-a75a-32a5161da656"",""schema_name"":""lebl.backend.record"",""schema_version"":""0.3.0"",""scope_ids"":[""urn:uuid:2985f369-c946-5392-be8c-902d3c9215b2""],""semantic_aliases"":[],""semantic_key"":""lebl.ra.term.ledger.lebl-term-0425.id-id"",""status"":""active"",""supersedes_id"":null,""variants"":[],""workflow_id"":""01a01f57-a34b-7740-9717-596b8116910c/backend-production-v0.3-r006-live""}"
"urn:uuid:f5f08ad9-8884-577a-94a9-e723a9c610cd","lebl.ra.term.ledger.lebl-term-0311.id-id","urn:uuid:3302cd85-0394-5eae-96af-35d6823be1f5","id","id-ID","medan kemiringan","[]","[]","[""urn:uuid:2985f369-c946-5392-be8c-902d3c9215b2""]","formal","[{""locator"":""backend/production/v0.3/inputs/TERMINOLOGY.csv:LEBL-TERM-0311"",""sha256"":""sha256:53768e0cc56e183182c424ea2adc78f7a5d26c2c2a5a86150d2ff13ac4d2dfe2""}]","urn:uuid:a0273f1c-6fad-54c7-a75a-32a5161da656","active","LEBL-TERM-0311","slope field","admitted","{""concept_id"":""concept.slope-field"",""evidence"":""R006 ch-seq-funcs.tex"",""notes"":"""",""preferred_id"":""medan kemiringan"",""register"":""formal"",""rejected_id"":"""",""resource_scope"":""R006"",""source_term"":""slope field"",""status"":""admitted"",""term_id"":""LEBL-TERM-0311"",""variants_id"":""""}","{""concept_id"":""urn:uuid:3302cd85-0394-5eae-96af-35d6823be1f5"",""evidence"":[{""locator"":""backend/production/v0.3/inputs/TERMINOLOGY.csv:LEBL-TERM-0311"",""sha256"":""sha256:53768e0cc56e183182c424ea2adc78f7a5d26c2c2a5a86150d2ff13ac4d2dfe2""}],""examples"":[],""id"":""urn:uuid:f5f08ad9-8884-577a-94a9-e723a9c610cd"",""language"":""id"",""ledger_binding"":{""concept_id"":""concept.slope-field"",""evidence"":""R006 ch-seq-funcs.tex"",""notes"":"""",""preferred_id"":""medan kemiringan"",""register"":""formal"",""rejected_id"":"""",""resource_scope"":""R006"",""source_term"":""slope field"",""status"":""admitted"",""term_id"":""LEBL-TERM-0311"",""variants_id"":""""},""locale"":""id-ID"",""preferred"":""medan kemiringan"",""record_type"":""term"",""recorded_at"":""2026-08-21T00:00:00Z"",""register"":""formal"",""rejected_forms"":[],""rights_id"":""urn:uuid:a0273f1c-6fad-54c7-a75a-32a5161da656"",""schema_name"":""lebl.backend.record"",""schema_version"":""0.3.0"",""scope_ids"":[""urn:uuid:2985f369-c946-5392-be8c-902d3c9215b2""],""semantic_aliases"":[],""semantic_key"":""lebl.ra.term.ledger.lebl-term-0311.id-id"",""status"":""active"",""supersedes_id"":null,""variants"":[],""workflow_id"":""01a01f57-a34b-7740-9717-596b8116910c/backend-production-v0.3-r006-live""}"
"urn:uuid:67b55e59-986a-56b9-8b4b-1f649eba5392","lebl.ra.term.ledger.lebl-term-0145.id-id","urn:uuid:efc46036-ce9b-5b51-8c96-ffc2494c1018","id","id-ID","metode Newton","[]","[]","[""urn:uuid:2985f369-c946-5392-be8c-902d3c9215b2""]","formal","[{""locator"":""backend/production/v0.3/inputs/TERMINOLOGY.csv:LEBL-TERM-0145"",""sha256"":""sha256:bafa52f30d96e49a40323336f624dc6f6ef6bce9bfd46c81ec271c62f353233e""}]","urn:uuid:a0273f1c-6fad-54c7-a75a-32a5161da656","active","LEBL-TERM-0145","Newton's method","admitted","{""concept_id"":""concept.method.newton"",""evidence"":""R006 ch-seq-ser.tex"",""notes"":"""",""preferred_id"":""metode Newton"",""register"":""formal"",""rejected_id"":"""",""resource_scope"":""R006"",""source_term"":""Newton's method"",""status"":""admitted"",""term_id"":""LEBL-TERM-0145"",""variants_id"":""""}","{""concept_id"":""urn:uuid:efc46036-ce9b-5b51-8c96-ffc2494c1018"",""evidence"":[{""locator"":""backend/production/v0.3/inputs/TERMINOLOGY.csv:LEBL-TERM-0145"",""sha256"":""sha256:bafa52f30d96e49a40323336f624dc6f6ef6bce9bfd46c81ec271c62f353233e""}],""examples"":[],""id"":""urn:uuid:67b55e59-986a-56b9-8b4b-1f649eba5392"",""language"":""id"",""ledger_binding"":{""concept_id"":""concept.method.newton"",""evidence"":""R006 ch-seq-ser.tex"",""notes"":"""",""preferred_id"":""metode Newton"",""register"":""formal"",""rejected_id"":"""",""resource_scope"":""R006"",""source_term"":""Newton's method"",""status"":""admitted"",""term_id"":""LEBL-TERM-0145"",""variants_id"":""""},""locale"":""id-ID"",""preferred"":""metode Newton"",""record_type"":""term"",""recorded_at"":""2026-08-21T00:00:00Z"",""register"":""formal"",""rejected_forms"":[],""rights_id"":""urn:uuid:a0273f1c-6fad-54c7-a75a-32a5161da656"",""schema_name"":""lebl.backend.record"",""schema_version"":""0.3.0"",""scope_ids"":[""urn:uuid:2985f369-c946-5392-be8c-902d3c9215b2""],""semantic_aliases"":[],""semantic_key"":""lebl.ra.term.ledger.lebl-term-0145.id-id"",""status"":""active"",""supersedes_id"":null,""variants"":[],""workflow_id"":""01a01f57-a34b-7740-9717-596b8116910c/backend-production-v0.3-r006-live""}"
"urn:uuid:6d4e0460-ca2a-50cf-99ef-d780f48948aa","lebl.ra.term.ledger.lebl-term-0208.id-id","urn:uuid:a8c3b5a6-c4ba-5f6d-95e8-e159a57410b9","id","id-ID","metode biseksi","[]","[]","[""urn:uuid:2985f369-c946-5392-be8c-902d3c9215b2""]","formal","[{""locator"":""backend/production/v0.3/inputs/TERMINOLOGY.csv:LEBL-TERM-0208"",""sha256"":""sha256:07dc305b8955029af8fa88fd5c12a052ab6442b524e6d7cf759701cd3705cb22""}]","urn:uuid:a0273f1c-6fad-54c7-a75a-32a5161da656","active","LEBL-TERM-0208","bisection method","admitted","{""concept_id"":""concept.method.bisection"",""evidence"":""R006 ch-contfunc.tex"",""notes"":"""",""preferred_id"":""metode biseksi"",""register"":""formal"",""rejected_id"":"""",""resource_scope"":""R006"",""source_term"":""bisection method"",""status"":""admitted"",""term_id"":""LEBL-TERM-0208"",""variants_id"":""""}","{""concept_id"":""urn:uuid:a8c3b5a6-c4ba-5f6d-95e8-e159a57410b9"",""evidence"":[{""locator"":""backend/production/v0.3/inputs/TERMINOLOGY.csv:LEBL-TERM-0208"",""sha256"":""sha256:07dc305b8955029af8fa88fd5c12a052ab6442b524e6d7cf759701cd3705cb22""}],""examples"":[],""id"":""urn:uuid:6d4e0460-ca2a-50cf-99ef-d780f48948aa"",""language"":""id"",""ledger_binding"":{""concept_id"":""concept.method.bisection"",""evidence"":""R006 ch-contfunc.tex"",""notes"":"""",""preferred_id"":""metode biseksi"",""register"":""formal"",""rejected_id"":"""",""resource_scope"":""R006"",""source_term"":""bisection method"",""status"":""admitted"",""term_id"":""LEBL-TERM-0208"",""variants_id"":""""},""locale"":""id-ID"",""preferred"":""metode biseksi"",""record_type"":""term"",""recorded_at"":""2026-08-21T00:00:00Z"",""register"":""formal"",""rejected_forms"":[],""rights_id"":""urn:uuid:a0273f1c-6fad-54c7-a75a-32a5161da656"",""schema_name"":""lebl.backend.record"",""schema_version"":""0.3.0"",""scope_ids"":[""urn:uuid:2985f369-c946-5392-be8c-902d3c9215b2""],""semantic_aliases"":[],""semantic_key"":""lebl.ra.term.ledger.lebl-term-0208.id-id"",""status"":""active"",""supersedes_id"":null,""variants"":[],""workflow_id"":""01a01f57-a34b-7740-9717-596b8116910c/backend-production-v0.3-r006-live""}"
"urn:uuid:b48442e9-d077-5705-8489-116977642a2c","lebl.ra.term.ledger.lebl-term-0322.id-id","urn:uuid:3fa2565f-4a37-5728-b52d-4ad7a63614d6","id","id-ID","metrik","[]","[]","[""urn:uuid:2985f369-c946-5392-be8c-902d3c9215b2""]","formal","[{""locator"":""backend/production/v0.3/inputs/TERMINOLOGY.csv:LEBL-TERM-0322"",""sha256"":""sha256:62897d693cd37803e8474f6096e1f2ecb1d3d78fa5d3bf6e56319d3120ed8f21""}]","urn:uuid:a0273f1c-6fad-54c7-a75a-32a5161da656","active","LEBL-TERM-0322","metric","admitted","{""concept_id"":""concept.metric"",""evidence"":""R006 ch-metric.tex"",""notes"":"""",""preferred_id"":""metrik"",""register"":""formal"",""rejected_id"":"""",""resource_scope"":""R006"",""source_term"":""metric"",""status"":""admitted"",""term_id"":""LEBL-TERM-0322"",""variants_id"":""""}","{""concept_id"":""urn:uuid:3fa2565f-4a37-5728-b52d-4ad7a63614d6"",""evidence"":[{""locator"":""backend/production/v0.3/inputs/TERMINOLOGY.csv:LEBL-TERM-0322"",""sha256"":""sha256:62897d693cd37803e8474f6096e1f2ecb1d3d78fa5d3bf6e56319d3120ed8f21""}],""examples"":[],""id"":""urn:uuid:b48442e9-d077-5705-8489-116977642a2c"",""language"":""id"",""ledger_binding"":{""concept_id"":""concept.metric"",""evidence"":""R006 ch-metric.tex"",""notes"":"""",""preferred_id"":""metrik"",""register"":""formal"",""rejected_id"":"""",""resource_scope"":""R006"",""source_term"":""metric"",""status"":""admitted"",""term_id"":""LEBL-TERM-0322"",""variants_id"":""""},""locale"":""id-ID"",""preferred"":""metrik"",""record_type"":""term"",""recorded_at"":""2026-08-21T00:00:00Z"",""register"":""formal"",""rejected_forms"":[],""rights_id"":""urn:uuid:a0273f1c-6fad-54c7-a75a-32a5161da656"",""schema_name"":""lebl.backend.record"",""schema_version"":""0.3.0"",""scope_ids"":[""urn:uuid:2985f369-c946-5392-be8c-902d3c9215b2""],""semantic_aliases"":[],""semantic_key"":""lebl.ra.term.ledger.lebl-term-0322.id-id"",""status"":""active"",""supersedes_id"":null,""variants"":[],""workflow_id"":""01a01f57-a34b-7740-9717-596b8116910c/backend-production-v0.3-r006-live""}"
"urn:uuid:71abf4e1-cd23-557a-aa95-81d38af69e18","lebl.ra.term.ledger.lebl-term-0330.id-id","urn:uuid:62aff51c-d1af-5916-bbc4-130655001d8b","id","id-ID","metrik diskret","[]","[]","[""urn:uuid:2985f369-c946-5392-be8c-902d3c9215b2""]","formal","[{""locator"":""backend/production/v0.3/inputs/TERMINOLOGY.csv:LEBL-TERM-0330"",""sha256"":""sha256:733762d6a8de4390ebb18aa7baba63aaf548098934081604b7ccf0e15f0d9cf7""}]","urn:uuid:a0273f1c-6fad-54c7-a75a-32a5161da656","active","LEBL-TERM-0330","discrete metric","admitted","{""concept_id"":""concept.metric.discrete"",""evidence"":""R006 ch-metric.tex"",""notes"":"""",""preferred_id"":""metrik diskret"",""register"":""formal"",""rejected_id"":"""",""resource_scope"":""R006"",""source_term"":""discrete metric"",""status"":""admitted"",""term_id"":""LEBL-TERM-0330"",""variants_id"":""""}","{""concept_id"":""urn:uuid:62aff51c-d1af-5916-bbc4-130655001d8b"",""evidence"":[{""locator"":""backend/production/v0.3/inputs/TERMINOLOGY.csv:LEBL-TERM-0330"",""sha256"":""sha256:733762d6a8de4390ebb18aa7baba63aaf548098934081604b7ccf0e15f0d9cf7""}],""examples"":[],""id"":""urn:uuid:71abf4e1-cd23-557a-aa95-81d38af69e18"",""language"":""id"",""ledger_binding"":{""concept_id"":""concept.metric.discrete"",""evidence"":""R006 ch-metric.tex"",""notes"":"""",""preferred_id"":""metrik diskret"",""register"":""formal"",""rejected_id"":"""",""resource_scope"":""R006"",""source_term"":""discrete metric"",""status"":""admitted"",""term_id"":""LEBL-TERM-0330"",""variants_id"":""""},""locale"":""id-ID"",""preferred"":""metrik diskret"",""record_type"":""term"",""recorded_at"":""2026-08-21T00:00:00Z"",""register"":""formal"",""rejected_forms"":[],""rights_id"":""urn:uuid:a0273f1c-6fad-54c7-a75a-32a5161da656"",""schema_name"":""lebl.backend.record"",""schema_version"":""0.3.0"",""scope_ids"":[""urn:uuid:2985f369-c946-5392-be8c-902d3c9215b2""],""semantic_aliases"":[],""semantic_key"":""lebl.ra.term.ledger.lebl-term-0330.id-id"",""status"":""active"",""supersedes_id"":null,""variants"":[],""workflow_id"":""01a01f57-a34b-7740-9717-596b8116910c/backend-production-v0.3-r006-live""}"
"urn:uuid:fb42279e-b613-59ef-ac7a-1563e6f7bb40","lebl.ra.term.ledger.lebl-term-0327.id-id","urn:uuid:12c81838-8c5f-5425-a80b-4f61ac8cda3e","id","id-ID","metrik standar","[]","[]","[""urn:uuid:2985f369-c946-5392-be8c-902d3c9215b2""]","formal","[{""locator"":""backend/production/v0.3/inputs/TERMINOLOGY.csv:LEBL-TERM-0327"",""sha256"":""sha256:a795be8c455907e2051bd4d695083c3d4edbcedb229113931bdb52446ca38232""}]","urn:uuid:a0273f1c-6fad-54c7-a75a-32a5161da656","active","LEBL-TERM-0327","standard metric","admitted","{""concept_id"":""concept.metric.standard"",""evidence"":""R006 ch-metric.tex"",""notes"":"""",""preferred_id"":""metrik standar"",""register"":""formal"",""rejected_id"":"""",""resource_scope"":""R006"",""source_term"":""standard metric"",""status"":""admitted"",""term_id"":""LEBL-TERM-0327"",""variants_id"":""""}","{""concept_id"":""urn:uuid:12c81838-8c5f-5425-a80b-4f61ac8cda3e"",""evidence"":[{""locator"":""backend/production/v0.3/inputs/TERMINOLOGY.csv:LEBL-TERM-0327"",""sha256"":""sha256:a795be8c455907e2051bd4d695083c3d4edbcedb229113931bdb52446ca38232""}],""examples"":[],""id"":""urn:uuid:fb42279e-b613-59ef-ac7a-1563e6f7bb40"",""language"":""id"",""ledger_binding"":{""concept_id"":""concept.metric.standard"",""evidence"":""R006 ch-metric.tex"",""notes"":"""",""preferred_id"":""metrik standar"",""register"":""formal"",""rejected_id"":"""",""resource_scope"":""R006"",""source_term"":""standard metric"",""status"":""admitted"",""term_id"":""LEBL-TERM-0327"",""variants_id"":""""},""locale"":""id-ID"",""preferred"":""metrik standar"",""record_type"":""term"",""recorded_at"":""2026-08-21T00:00:00Z"",""register"":""formal"",""rejected_forms"":[],""rights_id"":""urn:uuid:a0273f1c-6fad-54c7-a75a-32a5161da656"",""schema_name"":""lebl.backend.record"",""schema_version"":""0.3.0"",""scope_ids"":[""urn:uuid:2985f369-c946-5392-be8c-902d3c9215b2""],""semantic_aliases"":[],""semantic_key"":""lebl.ra.term.ledger.lebl-term-0327.id-id"",""status"":""active"",""supersedes_id"":null,""variants"":[],""workflow_id"":""01a01f57-a34b-7740-9717-596b8116910c/backend-production-v0.3-r006-live""}"
"urn:uuid:9684d87b-4e81-53e4-8a68-379b668c0599","lebl.ra.term.ledger.lebl-term-0333.id-id","urn:uuid:42030625-5772-570b-b59f-2105b4e8bd75","id","id-ID","metrik subruang","[]","[]","[""urn:uuid:2985f369-c946-5392-be8c-902d3c9215b2""]","formal","[{""locator"":""backend/production/v0.3/inputs/TERMINOLOGY.csv:LEBL-TERM-0333"",""sha256"":""sha256:1d88d244e43d04a205b2f308de6db8ba7cafaedefeca4746f06c1bc159180fb1""}]","urn:uuid:a0273f1c-6fad-54c7-a75a-32a5161da656","active","LEBL-TERM-0333","subspace metric","admitted","{""concept_id"":""concept.metric.subspace"",""evidence"":""R006 ch-metric.tex"",""notes"":"""",""preferred_id"":""metrik subruang"",""register"":""formal"",""rejected_id"":"""",""resource_scope"":""R006"",""source_term"":""subspace metric"",""status"":""admitted"",""term_id"":""LEBL-TERM-0333"",""variants_id"":""""}","{""concept_id"":""urn:uuid:42030625-5772-570b-b59f-2105b4e8bd75"",""evidence"":[{""locator"":""backend/production/v0.3/inputs/TERMINOLOGY.csv:LEBL-TERM-0333"",""sha256"":""sha256:1d88d244e43d04a205b2f308de6db8ba7cafaedefeca4746f06c1bc159180fb1""}],""examples"":[],""id"":""urn:uuid:9684d87b-4e81-53e4-8a68-379b668c0599"",""language"":""id"",""ledger_binding"":{""concept_id"":""concept.metric.subspace"",""evidence"":""R006 ch-metric.tex"",""notes"":"""",""preferred_id"":""metrik subruang"",""register"":""formal"",""rejected_id"":"""",""resource_scope"":""R006"",""source_term"":""subspace metric"",""status"":""admitted"",""term_id"":""LEBL-TERM-0333"",""variants_id"":""""},""locale"":""id-ID"",""preferred"":""metrik subruang"",""record_type"":""term"",""recorded_at"":""2026-08-21T00:00:00Z"",""register"":""formal"",""rejected_forms"":[],""rights_id"":""urn:uuid:a0273f1c-6fad-54c7-a75a-32a5161da656"",""schema_name"":""lebl.backend.record"",""schema_version"":""0.3.0"",""scope_ids"":[""urn:uuid:2985f369-c946-5392-be8c-902d3c9215b2""],""semantic_aliases"":[],""semantic_key"":""lebl.ra.term.ledger.lebl-term-0333.id-id"",""status"":""active"",""supersedes_id"":null,""variants"":[],""workflow_id"":""01a01f57-a34b-7740-9717-596b8116910c/backend-production-v0.3-r006-live""}"
"urn:uuid:de2b62cb-8d55-5d21-8d8d-9be765faeab0","lebl.ra.term.ledger.lebl-term-0085.id-id","urn:uuid:e6cbd283-6912-5e18-acfb-610dd3dcfc4f","id","id-ID","minimum","[]","[]","[""urn:uuid:2985f369-c946-5392-be8c-902d3c9215b2""]","formal","[{""locator"":""backend/production/v0.3/inputs/TERMINOLOGY.csv:LEBL-TERM-0085"",""sha256"":""sha256:0c04dbd77230cfa792f51121e45bd10c6e75f1422f630f1fe304b21c1e985f54""}]","urn:uuid:a0273f1c-6fad-54c7-a75a-32a5161da656","active","LEBL-TERM-0085","minimum","admitted","{""concept_id"":""concept.order.minimum"",""evidence"":""R006 ch-real-nums.tex"",""notes"":"""",""preferred_id"":""minimum"",""register"":""formal"",""rejected_id"":"""",""resource_scope"":""R006"",""source_term"":""minimum"",""status"":""admitted"",""term_id"":""LEBL-TERM-0085"",""variants_id"":""""}","{""concept_id"":""urn:uuid:e6cbd283-6912-5e18-acfb-610dd3dcfc4f"",""evidence"":[{""locator"":""backend/production/v0.3/inputs/TERMINOLOGY.csv:LEBL-TERM-0085"",""sha256"":""sha256:0c04dbd77230cfa792f51121e45bd10c6e75f1422f630f1fe304b21c1e985f54""}],""examples"":[],""id"":""urn:uuid:de2b62cb-8d55-5d21-8d8d-9be765faeab0"",""language"":""id"",""ledger_binding"":{""concept_id"":""concept.order.minimum"",""evidence"":""R006 ch-real-nums.tex"",""notes"":"""",""preferred_id"":""minimum"",""register"":""formal"",""rejected_id"":"""",""resource_scope"":""R006"",""source_term"":""minimum"",""status"":""admitted"",""term_id"":""LEBL-TERM-0085"",""variants_id"":""""},""locale"":""id-ID"",""preferred"":""minimum"",""record_type"":""term"",""recorded_at"":""2026-08-21T00:00:00Z"",""register"":""formal"",""rejected_forms"":[],""rights_id"":""urn:uuid:a0273f1c-6fad-54c7-a75a-32a5161da656"",""schema_name"":""lebl.backend.record"",""schema_version"":""0.3.0"",""scope_ids"":[""urn:uuid:2985f369-c946-5392-be8c-902d3c9215b2""],""semantic_aliases"":[],""semantic_key"":""lebl.ra.term.ledger.lebl-term-0085.id-id"",""status"":""active"",""supersedes_id"":null,""variants"":[],""workflow_id"":""01a01f57-a34b-7740-9717-596b8116910c/backend-production-v0.3-r006-live""}"
"urn:uuid:c3a94a17-a149-5e32-8c57-d2f41b4c7663","lebl.ra.term.ledger.lebl-term-0204.id-id","urn:uuid:ae3e4d14-b507-5cde-9612-582ff50ce31c","id","id-ID","minimum mutlak","[]","[]","[""urn:uuid:2985f369-c946-5392-be8c-902d3c9215b2""]","formal","[{""locator"":""backend/production/v0.3/inputs/TERMINOLOGY.csv:LEBL-TERM-0204"",""sha256"":""sha256:2e5ad9572d4ec22588883170fbab080df2f27cc94efe4d3845381ebc9cefc76e""}]","urn:uuid:a0273f1c-6fad-54c7-a75a-32a5161da656","active","LEBL-TERM-0204","absolute minimum","admitted","{""concept_id"":""concept.extremum.absolute-minimum"",""evidence"":""R006 ch-contfunc.tex"",""notes"":"""",""preferred_id"":""minimum mutlak"",""register"":""formal"",""rejected_id"":"""",""resource_scope"":""R006"",""source_term"":""absolute minimum"",""status"":""admitted"",""term_id"":""LEBL-TERM-0204"",""variants_id"":""""}","{""concept_id"":""urn:uuid:ae3e4d14-b507-5cde-9612-582ff50ce31c"",""evidence"":[{""locator"":""backend/production/v0.3/inputs/TERMINOLOGY.csv:LEBL-TERM-0204"",""sha256"":""sha256:2e5ad9572d4ec22588883170fbab080df2f27cc94efe4d3845381ebc9cefc76e""}],""examples"":[],""id"":""urn:uuid:c3a94a17-a149-5e32-8c57-d2f41b4c7663"",""language"":""id"",""ledger_binding"":{""concept_id"":""concept.extremum.absolute-minimum"",""evidence"":""R006 ch-contfunc.tex"",""notes"":"""",""preferred_id"":""minimum mutlak"",""register"":""formal"",""rejected_id"":"""",""resource_scope"":""R006"",""source_term"":""absolute minimum"",""status"":""admitted"",""term_id"":""LEBL-TERM-0204"",""variants_id"":""""},""locale"":""id-ID"",""preferred"":""minimum mutlak"",""record_type"":""term"",""recorded_at"":""2026-08-21T00:00:00Z"",""register"":""formal"",""rejected_forms"":[],""rights_id"":""urn:uuid:a0273f1c-6fad-54c7-a75a-32a5161da656"",""schema_name"":""lebl.backend.record"",""schema_version"":""0.3.0"",""scope_ids"":[""urn:uuid:2985f369-c946-5392-be8c-902d3c9215b2""],""semantic_aliases"":[],""semantic_key"":""lebl.ra.term.ledger.lebl-term-0204.id-id"",""status"":""active"",""supersedes_id"":null,""variants"":[],""workflow_id"":""01a01f57-a34b-7740-9717-596b8116910c/backend-production-v0.3-r006-live""}"
"urn:uuid:35124fd3-6925-5e12-8f98-f1e0caa84a7b","lebl.ra.term.ledger.lebl-term-0242.id-id","urn:uuid:681931ae-6317-58a6-b39a-c2bb8db3b578","id","id-ID","minimum relatif","[""minimum lokal""]","[]","[""urn:uuid:2985f369-c946-5392-be8c-902d3c9215b2""]","formal","[{""locator"":""backend/production/v0.3/inputs/TERMINOLOGY.csv:LEBL-TERM-0242"",""sha256"":""sha256:8737f124499d25dc28d9515351b204f017de0e39a468cd6930c936a1528051f9""}]","urn:uuid:a0273f1c-6fad-54c7-a75a-32a5161da656","active","LEBL-TERM-0242","relative minimum","admitted","{""concept_id"":""concept.extremum.relative-minimum"",""evidence"":""R006 ch-der.tex"",""notes"":"""",""preferred_id"":""minimum relatif"",""register"":""formal"",""rejected_id"":"""",""resource_scope"":""R006"",""source_term"":""relative minimum"",""status"":""admitted"",""term_id"":""LEBL-TERM-0242"",""variants_id"":""minimum lokal""}","{""concept_id"":""urn:uuid:681931ae-6317-58a6-b39a-c2bb8db3b578"",""evidence"":[{""locator"":""backend/production/v0.3/inputs/TERMINOLOGY.csv:LEBL-TERM-0242"",""sha256"":""sha256:8737f124499d25dc28d9515351b204f017de0e39a468cd6930c936a1528051f9""}],""examples"":[],""id"":""urn:uuid:35124fd3-6925-5e12-8f98-f1e0caa84a7b"",""language"":""id"",""ledger_binding"":{""concept_id"":""concept.extremum.relative-minimum"",""evidence"":""R006 ch-der.tex"",""notes"":"""",""preferred_id"":""minimum relatif"",""register"":""formal"",""rejected_id"":"""",""resource_scope"":""R006"",""source_term"":""relative minimum"",""status"":""admitted"",""term_id"":""LEBL-TERM-0242"",""variants_id"":""minimum lokal""},""locale"":""id-ID"",""preferred"":""minimum relatif"",""record_type"":""term"",""recorded_at"":""2026-08-21T00:00:00Z"",""register"":""formal"",""rejected_forms"":[],""rights_id"":""urn:uuid:a0273f1c-6fad-54c7-a75a-32a5161da656"",""schema_name"":""lebl.backend.record"",""schema_version"":""0.3.0"",""scope_ids"":[""urn:uuid:2985f369-c946-5392-be8c-902d3c9215b2""],""semantic_aliases"":[],""semantic_key"":""lebl.ra.term.ledger.lebl-term-0242.id-id"",""status"":""active"",""supersedes_id"":null,""variants"":[""minimum lokal""],""workflow_id"":""01a01f57-a34b-7740-9717-596b8116910c/backend-production-v0.3-r006-live""}"
"urn:uuid:7a795318-ceb6-550b-83bf-2dea470fdb0c","lebl.ra.term.ledger.lebl-term-0258.id-id","urn:uuid:6acd870e-01b6-5ab0-9263-341a6a552fc6","id","id-ID","minimum relatif ketat","[]","[]","[""urn:uuid:2985f369-c946-5392-be8c-902d3c9215b2""]","formal","[{""locator"":""backend/production/v0.3/inputs/TERMINOLOGY.csv:LEBL-TERM-0258"",""sha256"":""sha256:0ad38bbe332d52edbfc086f42514b0d99a0dab20d56f566cb94772c562cbd2de""}]","urn:uuid:a0273f1c-6fad-54c7-a75a-32a5161da656","active","LEBL-TERM-0258","strict relative minimum","admitted","{""concept_id"":""concept.extremum.strict-relative-minimum"",""evidence"":""R006 ch-der.tex"",""notes"":"""",""preferred_id"":""minimum relatif ketat"",""register"":""formal"",""rejected_id"":"""",""resource_scope"":""R006"",""source_term"":""strict relative minimum"",""status"":""admitted"",""term_id"":""LEBL-TERM-0258"",""variants_id"":""""}","{""concept_id"":""urn:uuid:6acd870e-01b6-5ab0-9263-341a6a552fc6"",""evidence"":[{""locator"":""backend/production/v0.3/inputs/TERMINOLOGY.csv:LEBL-TERM-0258"",""sha256"":""sha256:0ad38bbe332d52edbfc086f42514b0d99a0dab20d56f566cb94772c562cbd2de""}],""examples"":[],""id"":""urn:uuid:7a795318-ceb6-550b-83bf-2dea470fdb0c"",""language"":""id"",""ledger_binding"":{""concept_id"":""concept.extremum.strict-relative-minimum"",""evidence"":""R006 ch-der.tex"",""notes"":"""",""preferred_id"":""minimum relatif ketat"",""register"":""formal"",""rejected_id"":"""",""resource_scope"":""R006"",""source_term"":""strict relative minimum"",""status"":""admitted"",""term_id"":""LEBL-TERM-0258"",""variants_id"":""""},""locale"":""id-ID"",""preferred"":""minimum relatif ketat"",""record_type"":""term"",""recorded_at"":""2026-08-21T00:00:00Z"",""register"":""formal"",""rejected_forms"":[],""rights_id"":""urn:uuid:a0273f1c-6fad-54c7-a75a-32a5161da656"",""schema_name"":""lebl.backend.record"",""schema_version"":""0.3.0"",""scope_ids"":[""urn:uuid:2985f369-c946-5392-be8c-902d3c9215b2""],""semantic_aliases"":[],""semantic_key"":""lebl.ra.term.ledger.lebl-term-0258.id-id"",""status"":""active"",""supersedes_id"":null,""variants"":[],""workflow_id"":""01a01f57-a34b-7740-9717-596b8116910c/backend-production-v0.3-r006-live""}"
"urn:uuid:39385c61-31b6-5651-99c7-bf73d1ed728b","lebl.ra.term.ledger.lebl-term-0428.id-id","urn:uuid:8a3d9c00-7923-5081-9302-6589f3f6f740","id","id-ID","modulus kompleks","[]","[]","[""urn:uuid:2985f369-c946-5392-be8c-902d3c9215b2""]","formal","[{""locator"":""backend/production/v0.3/inputs/TERMINOLOGY.csv:LEBL-TERM-0428"",""sha256"":""sha256:bf95db37dd0785b772b04770be4ddc00d22957cbb17f1a957fc255cd96490181""}]","urn:uuid:a0273f1c-6fad-54c7-a75a-32a5161da656","active","LEBL-TERM-0428","complex modulus","admitted","{""concept_id"":""concept.modulus.complex"",""evidence"":""R006 ch-several-vars-ders.tex"",""notes"":"""",""preferred_id"":""modulus kompleks"",""register"":""formal"",""rejected_id"":"""",""resource_scope"":""R006"",""source_term"":""complex modulus"",""status"":""admitted"",""term_id"":""LEBL-TERM-0428"",""variants_id"":""""}","{""concept_id"":""urn:uuid:8a3d9c00-7923-5081-9302-6589f3f6f740"",""evidence"":[{""locator"":""backend/production/v0.3/inputs/TERMINOLOGY.csv:LEBL-TERM-0428"",""sha256"":""sha256:bf95db37dd0785b772b04770be4ddc00d22957cbb17f1a957fc255cd96490181""}],""examples"":[],""id"":""urn:uuid:39385c61-31b6-5651-99c7-bf73d1ed728b"",""language"":""id"",""ledger_binding"":{""concept_id"":""concept.modulus.complex"",""evidence"":""R006 ch-several-vars-ders.tex"",""notes"":"""",""preferred_id"":""modulus kompleks"",""register"":""formal"",""rejected_id"":"""",""resource_scope"":""R006"",""source_term"":""complex modulus"",""status"":""admitted"",""term_id"":""LEBL-TERM-0428"",""variants_id"":""""},""locale"":""id-ID"",""preferred"":""modulus kompleks"",""record_type"":""term"",""recorded_at"":""2026-08-21T00:00:00Z"",""register"":""formal"",""rejected_forms"":[],""rights_id"":""urn:uuid:a0273f1c-6fad-54c7-a75a-32a5161da656"",""schema_name"":""lebl.backend.record"",""schema_version"":""0.3.0"",""scope_ids"":[""urn:uuid:2985f369-c946-5392-be8c-902d3c9215b2""],""semantic_aliases"":[],""semantic_key"":""lebl.ra.term.ledger.lebl-term-0428.id-id"",""status"":""active"",""supersedes_id"":null,""variants"":[],""workflow_id"":""01a01f57-a34b-7740-9717-596b8116910c/backend-production-v0.3-r006-live""}"
"urn:uuid:7e2595bb-73d8-589b-b8cd-41b3a9400223","lebl.ra.term.ledger.lebl-term-0223.id-id","urn:uuid:943e75ae-397e-53f7-accd-d42db76f5ed8","id","id-ID","monoton naik","[]","[]","[""urn:uuid:2985f369-c946-5392-be8c-902d3c9215b2""]","formal","[{""locator"":""backend/production/v0.3/inputs/TERMINOLOGY.csv:LEBL-TERM-0223"",""sha256"":""sha256:d6c5e6a3e6fde26a237b7c7d3a9ca497b393d4bd0bab9160be3de9594e4f956a""}]","urn:uuid:a0273f1c-6fad-54c7-a75a-32a5161da656","active","LEBL-TERM-0223","increasing","admitted","{""concept_id"":""concept.function.increasing"",""evidence"":""R006 ch-contfunc.tex"",""notes"":"""",""preferred_id"":""monoton naik"",""register"":""formal"",""rejected_id"":"""",""resource_scope"":""R006"",""source_term"":""increasing"",""status"":""admitted"",""term_id"":""LEBL-TERM-0223"",""variants_id"":""""}","{""concept_id"":""urn:uuid:943e75ae-397e-53f7-accd-d42db76f5ed8"",""evidence"":[{""locator"":""backend/production/v0.3/inputs/TERMINOLOGY.csv:LEBL-TERM-0223"",""sha256"":""sha256:d6c5e6a3e6fde26a237b7c7d3a9ca497b393d4bd0bab9160be3de9594e4f956a""}],""examples"":[],""id"":""urn:uuid:7e2595bb-73d8-589b-b8cd-41b3a9400223"",""language"":""id"",""ledger_binding"":{""concept_id"":""concept.function.increasing"",""evidence"":""R006 ch-contfunc.tex"",""notes"":"""",""preferred_id"":""monoton naik"",""register"":""formal"",""rejected_id"":"""",""resource_scope"":""R006"",""source_term"":""increasing"",""status"":""admitted"",""term_id"":""LEBL-TERM-0223"",""variants_id"":""""},""locale"":""id-ID"",""preferred"":""monoton naik"",""record_type"":""term"",""recorded_at"":""2026-08-21T00:00:00Z"",""register"":""formal"",""rejected_forms"":[],""rights_id"":""urn:uuid:a0273f1c-6fad-54c7-a75a-32a5161da656"",""schema_name"":""lebl.backend.record"",""schema_version"":""0.3.0"",""scope_ids"":[""urn:uuid:2985f369-c946-5392-be8c-902d3c9215b2""],""semantic_aliases"":[],""semantic_key"":""lebl.ra.term.ledger.lebl-term-0223.id-id"",""status"":""active"",""supersedes_id"":null,""variants"":[],""workflow_id"":""01a01f57-a34b-7740-9717-596b8116910c/backend-production-v0.3-r006-live""}"
"urn:uuid:749a845d-d732-536d-94f8-685509736d14","lebl.ra.term.ledger.lebl-term-0225.id-id","urn:uuid:233214e6-5e62-5880-a52a-c3337d3effaf","id","id-ID","monoton turun","[]","[]","[""urn:uuid:2985f369-c946-5392-be8c-902d3c9215b2""]","formal","[{""locator"":""backend/production/v0.3/inputs/TERMINOLOGY.csv:LEBL-TERM-0225"",""sha256"":""sha256:d4169a2bb56ee1caabba93ce37e4a64b744a596f140cd0ef28ac072e8e16d402""}]","urn:uuid:a0273f1c-6fad-54c7-a75a-32a5161da656","active","LEBL-TERM-0225","decreasing","admitted","{""concept_id"":""concept.function.decreasing"",""evidence"":""R006 ch-contfunc.tex"",""notes"":"""",""preferred_id"":""monoton turun"",""register"":""formal"",""rejected_id"":"""",""resource_scope"":""R006"",""source_term"":""decreasing"",""status"":""admitted"",""term_id"":""LEBL-TERM-0225"",""variants_id"":""""}","{""concept_id"":""urn:uuid:233214e6-5e62-5880-a52a-c3337d3effaf"",""evidence"":[{""locator"":""backend/production/v0.3/inputs/TERMINOLOGY.csv:LEBL-TERM-0225"",""sha256"":""sha256:d4169a2bb56ee1caabba93ce37e4a64b744a596f140cd0ef28ac072e8e16d402""}],""examples"":[],""id"":""urn:uuid:749a845d-d732-536d-94f8-685509736d14"",""language"":""id"",""ledger_binding"":{""concept_id"":""concept.function.decreasing"",""evidence"":""R006 ch-contfunc.tex"",""notes"":"""",""preferred_id"":""monoton turun"",""register"":""formal"",""rejected_id"":"""",""resource_scope"":""R006"",""source_term"":""decreasing"",""status"":""admitted"",""term_id"":""LEBL-TERM-0225"",""variants_id"":""""},""locale"":""id-ID"",""preferred"":""monoton turun"",""record_type"":""term"",""recorded_at"":""2026-08-21T00:00:00Z"",""register"":""formal"",""rejected_forms"":[],""rights_id"":""urn:uuid:a0273f1c-6fad-54c7-a75a-32a5161da656"",""schema_name"":""lebl.backend.record"",""schema_version"":""0.3.0"",""scope_ids"":[""urn:uuid:2985f369-c946-5392-be8c-902d3c9215b2""],""semantic_aliases"":[],""semantic_key"":""lebl.ra.term.ledger.lebl-term-0225.id-id"",""status"":""active"",""supersedes_id"":null,""variants"":[],""workflow_id"":""01a01f57-a34b-7740-9717-596b8116910c/backend-production-v0.3-r006-live""}"
"urn:uuid:4dc268f5-8200-5b65-bcf9-f45cf33f1e56","lebl.ra.term.ledger.lebl-term-0224.id-id","urn:uuid:2cb783a1-b28d-5aaf-b906-22350fc954d9","id","id-ID","naik tegas","[]","[]","[""urn:uuid:2985f369-c946-5392-be8c-902d3c9215b2""]","formal","[{""locator"":""backend/production/v0.3/inputs/TERMINOLOGY.csv:LEBL-TERM-0224"",""sha256"":""sha256:995cc38d7feffada8a6c4ac470d909a6192816b355f401257df0b5b646df8bd8""}]","urn:uuid:a0273f1c-6fad-54c7-a75a-32a5161da656","active","LEBL-TERM-0224","strictly increasing","admitted","{""concept_id"":""concept.function.strictly-increasing"",""evidence"":""R006 ch-contfunc.tex"",""notes"":"""",""preferred_id"":""naik tegas"",""register"":""formal"",""rejected_id"":"""",""resource_scope"":""R006"",""source_term"":""strictly increasing"",""status"":""admitted"",""term_id"":""LEBL-TERM-0224"",""variants_id"":""""}","{""concept_id"":""urn:uuid:2cb783a1-b28d-5aaf-b906-22350fc954d9"",""evidence"":[{""locator"":""backend/production/v0.3/inputs/TERMINOLOGY.csv:LEBL-TERM-0224"",""sha256"":""sha256:995cc38d7feffada8a6c4ac470d909a6192816b355f401257df0b5b646df8bd8""}],""examples"":[],""id"":""urn:uuid:4dc268f5-8200-5b65-bcf9-f45cf33f1e56"",""language"":""id"",""ledger_binding"":{""concept_id"":""concept.function.strictly-increasing"",""evidence"":""R006 ch-contfunc.tex"",""notes"":"""",""preferred_id"":""naik tegas"",""register"":""formal"",""rejected_id"":"""",""resource_scope"":""R006"",""source_term"":""strictly increasing"",""status"":""admitted"",""term_id"":""LEBL-TERM-0224"",""variants_id"":""""},""locale"":""id-ID"",""preferred"":""naik tegas"",""record_type"":""term"",""recorded_at"":""2026-08-21T00:00:00Z"",""register"":""formal"",""rejected_forms"":[],""rights_id"":""urn:uuid:a0273f1c-6fad-54c7-a75a-32a5161da656"",""schema_name"":""lebl.backend.record"",""schema_version"":""0.3.0"",""scope_ids"":[""urn:uuid:2985f369-c946-5392-be8c-902d3c9215b2""],""semantic_aliases"":[],""semantic_key"":""lebl.ra.term.ledger.lebl-term-0224.id-id"",""status"":""active"",""supersedes_id"":null,""variants"":[],""workflow_id"":""01a01f57-a34b-7740-9717-596b8116910c/backend-production-v0.3-r006-live""}"
"urn:uuid:86e9e8da-7637-56fa-929e-2576fad505cc","lebl.ra.term.ledger.lebl-term-0078.id-id","urn:uuid:405cb16f-282d-5fb1-a965-160aa88680a4","id","id-ID","negatif","[]","[]","[""urn:uuid:2985f369-c946-5392-be8c-902d3c9215b2""]","formal","[{""locator"":""backend/production/v0.3/inputs/TERMINOLOGY.csv:LEBL-TERM-0078"",""sha256"":""sha256:ea3781e510144622ef15e63d67ed490d3688dba2584448fb023362194d67f8a9""}]","urn:uuid:a0273f1c-6fad-54c7-a75a-32a5161da656","active","LEBL-TERM-0078","negative","admitted","{""concept_id"":""concept.number.negative"",""evidence"":""R006 ch-real-nums.tex"",""notes"":"""",""preferred_id"":""negatif"",""register"":""formal"",""rejected_id"":"""",""resource_scope"":""R006"",""source_term"":""negative"",""status"":""admitted"",""term_id"":""LEBL-TERM-0078"",""variants_id"":""""}","{""concept_id"":""urn:uuid:405cb16f-282d-5fb1-a965-160aa88680a4"",""evidence"":[{""locator"":""backend/production/v0.3/inputs/TERMINOLOGY.csv:LEBL-TERM-0078"",""sha256"":""sha256:ea3781e510144622ef15e63d67ed490d3688dba2584448fb023362194d67f8a9""}],""examples"":[],""id"":""urn:uuid:86e9e8da-7637-56fa-929e-2576fad505cc"",""language"":""id"",""ledger_binding"":{""concept_id"":""concept.number.negative"",""evidence"":""R006 ch-real-nums.tex"",""notes"":"""",""preferred_id"":""negatif"",""register"":""formal"",""rejected_id"":"""",""resource_scope"":""R006"",""source_term"":""negative"",""status"":""admitted"",""term_id"":""LEBL-TERM-0078"",""variants_id"":""""},""locale"":""id-ID"",""preferred"":""negatif"",""record_type"":""term"",""recorded_at"":""2026-08-21T00:00:00Z"",""register"":""formal"",""rejected_forms"":[],""rights_id"":""urn:uuid:a0273f1c-6fad-54c7-a75a-32a5161da656"",""schema_name"":""lebl.backend.record"",""schema_version"":""0.3.0"",""scope_ids"":[""urn:uuid:2985f369-c946-5392-be8c-902d3c9215b2""],""semantic_aliases"":[],""semantic_key"":""lebl.ra.term.ledger.lebl-term-0078.id-id"",""status"":""active"",""supersedes_id"":null,""variants"":[],""workflow_id"":""01a01f57-a34b-7740-9717-596b8116910c/backend-production-v0.3-r006-live""}"
"urn:uuid:390fb8a0-a5a9-5b34-8b3e-52ae4b351275","lebl.ra.term.ledger.lebl-term-0426.id-id","urn:uuid:5ced060e-4482-5ef2-8cb6-7e1095ff812c","id","id-ID","nilai eigen","[]","[]","[""urn:uuid:2985f369-c946-5392-be8c-902d3c9215b2""]","formal","[{""locator"":""backend/production/v0.3/inputs/TERMINOLOGY.csv:LEBL-TERM-0426"",""sha256"":""sha256:018af215519ae4dd85999c6784246a3ce532d37d4256dcf715565b6a4726c947""}]","urn:uuid:a0273f1c-6fad-54c7-a75a-32a5161da656","active","LEBL-TERM-0426","eigenvalue","admitted","{""concept_id"":""concept.eigenvalue"",""evidence"":""R006 ch-several-vars-ders.tex"",""notes"":"""",""preferred_id"":""nilai eigen"",""register"":""formal"",""rejected_id"":"""",""resource_scope"":""R006"",""source_term"":""eigenvalue"",""status"":""admitted"",""term_id"":""LEBL-TERM-0426"",""variants_id"":""""}","{""concept_id"":""urn:uuid:5ced060e-4482-5ef2-8cb6-7e1095ff812c"",""evidence"":[{""locator"":""backend/production/v0.3/inputs/TERMINOLOGY.csv:LEBL-TERM-0426"",""sha256"":""sha256:018af215519ae4dd85999c6784246a3ce532d37d4256dcf715565b6a4726c947""}],""examples"":[],""id"":""urn:uuid:390fb8a0-a5a9-5b34-8b3e-52ae4b351275"",""language"":""id"",""ledger_binding"":{""concept_id"":""concept.eigenvalue"",""evidence"":""R006 ch-several-vars-ders.tex"",""notes"":"""",""preferred_id"":""nilai eigen"",""register"":""formal"",""rejected_id"":"""",""resource_scope"":""R006"",""source_term"":""eigenvalue"",""status"":""admitted"",""term_id"":""LEBL-TERM-0426"",""variants_id"":""""},""locale"":""id-ID"",""preferred"":""nilai eigen"",""record_type"":""term"",""recorded_at"":""2026-08-21T00:00:00Z"",""register"":""formal"",""rejected_forms"":[],""rights_id"":""urn:uuid:a0273f1c-6fad-54c7-a75a-32a5161da656"",""schema_name"":""lebl.backend.record"",""schema_version"":""0.3.0"",""scope_ids"":[""urn:uuid:2985f369-c946-5392-be8c-902d3c9215b2""],""semantic_aliases"":[],""semantic_key"":""lebl.ra.term.ledger.lebl-term-0426.id-id"",""status"":""active"",""supersedes_id"":null,""variants"":[],""workflow_id"":""01a01f57-a34b-7740-9717-596b8116910c/backend-production-v0.3-r006-live""}"
"urn:uuid:342bde32-d599-53b4-9454-897e41ffe2d1","lebl.ra.term.ledger.lebl-term-0089.id-id","urn:uuid:e50fe2fd-9364-5835-97a7-9328212964f5","id","id-ID","nilai mutlak","[]","[]","[""urn:uuid:2985f369-c946-5392-be8c-902d3c9215b2""]","formal","[{""locator"":""backend/production/v0.3/inputs/TERMINOLOGY.csv:LEBL-TERM-0089"",""sha256"":""sha256:575a596a85a64857a871ebe7ee54ed902f57af05f0d98239ec341768e113ae15""}]","urn:uuid:a0273f1c-6fad-54c7-a75a-32a5161da656","active","LEBL-TERM-0089","absolute value","admitted","{""concept_id"":""concept.number.absolute-value"",""evidence"":""R006 ch-real-nums.tex"",""notes"":"""",""preferred_id"":""nilai mutlak"",""register"":""formal"",""rejected_id"":"""",""resource_scope"":""R006"",""source_term"":""absolute value"",""status"":""admitted"",""term_id"":""LEBL-TERM-0089"",""variants_id"":""""}","{""concept_id"":""urn:uuid:e50fe2fd-9364-5835-97a7-9328212964f5"",""evidence"":[{""locator"":""backend/production/v0.3/inputs/TERMINOLOGY.csv:LEBL-TERM-0089"",""sha256"":""sha256:575a596a85a64857a871ebe7ee54ed902f57af05f0d98239ec341768e113ae15""}],""examples"":[],""id"":""urn:uuid:342bde32-d599-53b4-9454-897e41ffe2d1"",""language"":""id"",""ledger_binding"":{""concept_id"":""concept.number.absolute-value"",""evidence"":""R006 ch-real-nums.tex"",""notes"":"""",""preferred_id"":""nilai mutlak"",""register"":""formal"",""rejected_id"":"""",""resource_scope"":""R006"",""source_term"":""absolute value"",""status"":""admitted"",""term_id"":""LEBL-TERM-0089"",""variants_id"":""""},""locale"":""id-ID"",""preferred"":""nilai mutlak"",""record_type"":""term"",""recorded_at"":""2026-08-21T00:00:00Z"",""register"":""formal"",""rejected_forms"":[],""rights_id"":""urn:uuid:a0273f1c-6fad-54c7-a75a-32a5161da656"",""schema_name"":""lebl.backend.record"",""schema_version"":""0.3.0"",""scope_ids"":[""urn:uuid:2985f369-c946-5392-be8c-902d3c9215b2""],""semantic_aliases"":[],""semantic_key"":""lebl.ra.term.ledger.lebl-term-0089.id-id"",""status"":""active"",""supersedes_id"":null,""variants"":[],""workflow_id"":""01a01f57-a34b-7740-9717-596b8116910c/backend-production-v0.3-r006-live""}"
"urn:uuid:2eb80822-941e-5246-a8eb-84daf71d50ea","lebl.ra.term.ledger.lebl-term-0291.id-id","urn:uuid:6448c20f-81a6-5c86-9f45-85ff158a7542","id","id-ID","nilai utama Cauchy","[]","[]","[""urn:uuid:2985f369-c946-5392-be8c-902d3c9215b2""]","formal","[{""locator"":""backend/production/v0.3/inputs/TERMINOLOGY.csv:LEBL-TERM-0291"",""sha256"":""sha256:71ab5aae57a199c50c60a7b51e1815ff656fcebf5aaf5c5e17d330b7023985fa""}]","urn:uuid:a0273f1c-6fad-54c7-a75a-32a5161da656","active","LEBL-TERM-0291","Cauchy principal value","admitted","{""concept_id"":""concept.integration.cauchy-principal-value"",""evidence"":""R006 ch-riemann.tex"",""notes"":"""",""preferred_id"":""nilai utama Cauchy"",""register"":""formal"",""rejected_id"":"""",""resource_scope"":""R006"",""source_term"":""Cauchy principal value"",""status"":""admitted"",""term_id"":""LEBL-TERM-0291"",""variants_id"":""""}","{""concept_id"":""urn:uuid:6448c20f-81a6-5c86-9f45-85ff158a7542"",""evidence"":[{""locator"":""backend/production/v0.3/inputs/TERMINOLOGY.csv:LEBL-TERM-0291"",""sha256"":""sha256:71ab5aae57a199c50c60a7b51e1815ff656fcebf5aaf5c5e17d330b7023985fa""}],""examples"":[],""id"":""urn:uuid:2eb80822-941e-5246-a8eb-84daf71d50ea"",""language"":""id"",""ledger_binding"":{""concept_id"":""concept.integration.cauchy-principal-value"",""evidence"":""R006 ch-riemann.tex"",""notes"":"""",""preferred_id"":""nilai utama Cauchy"",""register"":""formal"",""rejected_id"":"""",""resource_scope"":""R006"",""source_term"":""Cauchy principal value"",""status"":""admitted"",""term_id"":""LEBL-TERM-0291"",""variants_id"":""""},""locale"":""id-ID"",""preferred"":""nilai utama Cauchy"",""record_type"":""term"",""recorded_at"":""2026-08-21T00:00:00Z"",""register"":""formal"",""rejected_forms"":[],""rights_id"":""urn:uuid:a0273f1c-6fad-54c7-a75a-32a5161da656"",""schema_name"":""lebl.backend.record"",""schema_version"":""0.3.0"",""scope_ids"":[""urn:uuid:2985f369-c946-5392-be8c-902d3c9215b2""],""semantic_aliases"":[],""semantic_key"":""lebl.ra.term.ledger.lebl-term-0291.id-id"",""status"":""active"",""supersedes_id"":null,""variants"":[],""workflow_id"":""01a01f57-a34b-7740-9717-596b8116910c/backend-production-v0.3-r006-live""}"
"urn:uuid:c9788435-eb07-55b8-8a3f-94ec3b2dd88b","lebl.ra.term.ledger.lebl-term-0079.id-id","urn:uuid:c6ada7a5-23cb-555d-af83-b893cb5d7799","id","id-ID","nonnegatif","[""taknegatif""]","[]","[""urn:uuid:2985f369-c946-5392-be8c-902d3c9215b2""]","formal","[{""locator"":""backend/production/v0.3/inputs/TERMINOLOGY.csv:LEBL-TERM-0079"",""sha256"":""sha256:913cd2b36cde2df60616b58bd3f64804630f08b414044eb8a8bc4fbb22b2bdc2""}]","urn:uuid:a0273f1c-6fad-54c7-a75a-32a5161da656","active","LEBL-TERM-0079","nonnegative","admitted","{""concept_id"":""concept.number.nonnegative"",""evidence"":""R006 ch-real-nums.tex and ch-metric.tex"",""notes"":"""",""preferred_id"":""nonnegatif"",""register"":""formal"",""rejected_id"":"""",""resource_scope"":""R006"",""source_term"":""nonnegative"",""status"":""admitted"",""term_id"":""LEBL-TERM-0079"",""variants_id"":""taknegatif""}","{""concept_id"":""urn:uuid:c6ada7a5-23cb-555d-af83-b893cb5d7799"",""evidence"":[{""locator"":""backend/production/v0.3/inputs/TERMINOLOGY.csv:LEBL-TERM-0079"",""sha256"":""sha256:913cd2b36cde2df60616b58bd3f64804630f08b414044eb8a8bc4fbb22b2bdc2""}],""examples"":[],""id"":""urn:uuid:c9788435-eb07-55b8-8a3f-94ec3b2dd88b"",""language"":""id"",""ledger_binding"":{""concept_id"":""concept.number.nonnegative"",""evidence"":""R006 ch-real-nums.tex and ch-metric.tex"",""notes"":"""",""preferred_id"":""nonnegatif"",""register"":""formal"",""rejected_id"":"""",""resource_scope"":""R006"",""source_term"":""nonnegative"",""status"":""admitted"",""term_id"":""LEBL-TERM-0079"",""variants_id"":""taknegatif""},""locale"":""id-ID"",""preferred"":""nonnegatif"",""record_type"":""term"",""recorded_at"":""2026-08-21T00:00:00Z"",""register"":""formal"",""rejected_forms"":[],""rights_id"":""urn:uuid:a0273f1c-6fad-54c7-a75a-32a5161da656"",""schema_name"":""lebl.backend.record"",""schema_version"":""0.3.0"",""scope_ids"":[""urn:uuid:2985f369-c946-5392-be8c-902d3c9215b2""],""semantic_aliases"":[],""semantic_key"":""lebl.ra.term.ledger.lebl-term-0079.id-id"",""status"":""active"",""supersedes_id"":null,""variants"":[""taknegatif""],""workflow_id"":""01a01f57-a34b-7740-9717-596b8116910c/backend-production-v0.3-r006-live""}"
"urn:uuid:66c32daa-2858-5093-9a87-59d8e84ac5a3","lebl.ra.term.ledger.lebl-term-0080.id-id","urn:uuid:613b6bb4-a505-5ac7-9a40-c7fbaa4072be","id","id-ID","nonpositif","[]","[]","[""urn:uuid:2985f369-c946-5392-be8c-902d3c9215b2""]","formal","[{""locator"":""backend/production/v0.3/inputs/TERMINOLOGY.csv:LEBL-TERM-0080"",""sha256"":""sha256:3465f60e299834037752c8126d117f8b55c37d161431f13f760d78de2b8811d7""}]","urn:uuid:a0273f1c-6fad-54c7-a75a-32a5161da656","active","LEBL-TERM-0080","nonpositive","admitted","{""concept_id"":""concept.number.nonpositive"",""evidence"":""R006 ch-real-nums.tex"",""notes"":"""",""preferred_id"":""nonpositif"",""register"":""formal"",""rejected_id"":"""",""resource_scope"":""R006"",""source_term"":""nonpositive"",""status"":""admitted"",""term_id"":""LEBL-TERM-0080"",""variants_id"":""""}","{""concept_id"":""urn:uuid:613b6bb4-a505-5ac7-9a40-c7fbaa4072be"",""evidence"":[{""locator"":""backend/production/v0.3/inputs/TERMINOLOGY.csv:LEBL-TERM-0080"",""sha256"":""sha256:3465f60e299834037752c8126d117f8b55c37d161431f13f760d78de2b8811d7""}],""examples"":[],""id"":""urn:uuid:66c32daa-2858-5093-9a87-59d8e84ac5a3"",""language"":""id"",""ledger_binding"":{""concept_id"":""concept.number.nonpositive"",""evidence"":""R006 ch-real-nums.tex"",""notes"":"""",""preferred_id"":""nonpositif"",""register"":""formal"",""rejected_id"":"""",""resource_scope"":""R006"",""source_term"":""nonpositive"",""status"":""admitted"",""term_id"":""LEBL-TERM-0080"",""variants_id"":""""},""locale"":""id-ID"",""preferred"":""nonpositif"",""record_type"":""term"",""recorded_at"":""2026-08-21T00:00:00Z"",""register"":""formal"",""rejected_forms"":[],""rights_id"":""urn:uuid:a0273f1c-6fad-54c7-a75a-32a5161da656"",""schema_name"":""lebl.backend.record"",""schema_version"":""0.3.0"",""scope_ids"":[""urn:uuid:2985f369-c946-5392-be8c-902d3c9215b2""],""semantic_aliases"":[],""semantic_key"":""lebl.ra.term.ledger.lebl-term-0080.id-id"",""status"":""active"",""supersedes_id"":null,""variants"":[],""workflow_id"":""01a01f57-a34b-7740-9717-596b8116910c/backend-production-v0.3-r006-live""}"
"urn:uuid:746acd25-7e97-5e85-b109-bbf9edd60e4c","lebl.ra.term.ledger.lebl-term-0398.id-id","urn:uuid:b72453c5-de9a-558e-b963-2027502b61e8","id","id-ID","norma","[]","[]","[""urn:uuid:2985f369-c946-5392-be8c-902d3c9215b2""]","formal","[{""locator"":""backend/production/v0.3/inputs/TERMINOLOGY.csv:LEBL-TERM-0398"",""sha256"":""sha256:f16bac61527e915569555d80dcb3bcd0f12a165ec440d6bc2c43df0c8b40e92c""}]","urn:uuid:a0273f1c-6fad-54c7-a75a-32a5161da656","active","LEBL-TERM-0398","norm","admitted","{""concept_id"":""concept.norm"",""evidence"":""R006 ch-several-vars-ders.tex"",""notes"":"""",""preferred_id"":""norma"",""register"":""formal"",""rejected_id"":"""",""resource_scope"":""R006"",""source_term"":""norm"",""status"":""admitted"",""term_id"":""LEBL-TERM-0398"",""variants_id"":""""}","{""concept_id"":""urn:uuid:b72453c5-de9a-558e-b963-2027502b61e8"",""evidence"":[{""locator"":""backend/production/v0.3/inputs/TERMINOLOGY.csv:LEBL-TERM-0398"",""sha256"":""sha256:f16bac61527e915569555d80dcb3bcd0f12a165ec440d6bc2c43df0c8b40e92c""}],""examples"":[],""id"":""urn:uuid:746acd25-7e97-5e85-b109-bbf9edd60e4c"",""language"":""id"",""ledger_binding"":{""concept_id"":""concept.norm"",""evidence"":""R006 ch-several-vars-ders.tex"",""notes"":"""",""preferred_id"":""norma"",""register"":""formal"",""rejected_id"":"""",""resource_scope"":""R006"",""source_term"":""norm"",""status"":""admitted"",""term_id"":""LEBL-TERM-0398"",""variants_id"":""""},""locale"":""id-ID"",""preferred"":""norma"",""record_type"":""term"",""recorded_at"":""2026-08-21T00:00:00Z"",""register"":""formal"",""rejected_forms"":[],""rights_id"":""urn:uuid:a0273f1c-6fad-54c7-a75a-32a5161da656"",""schema_name"":""lebl.backend.record"",""schema_version"":""0.3.0"",""scope_ids"":[""urn:uuid:2985f369-c946-5392-be8c-902d3c9215b2""],""semantic_aliases"":[],""semantic_key"":""lebl.ra.term.ledger.lebl-term-0398.id-id"",""status"":""active"",""supersedes_id"":null,""variants"":[],""workflow_id"":""01a01f57-a34b-7740-9717-596b8116910c/backend-production-v0.3-r006-live""}"
"urn:uuid:336568ed-4c35-520a-abeb-12c044735254","lebl.ra.term.ledger.lebl-term-0402.id-id","urn:uuid:2fb01db9-fae9-5c6a-ad8e-92cab56befdd","id","id-ID","norma Euklides","[]","[]","[""urn:uuid:2985f369-c946-5392-be8c-902d3c9215b2""]","formal","[{""locator"":""backend/production/v0.3/inputs/TERMINOLOGY.csv:LEBL-TERM-0402"",""sha256"":""sha256:f7e891308c0f60fde079f3536872e6ca9425eb9dc14f91bb2da951cc2da92c67""}]","urn:uuid:a0273f1c-6fad-54c7-a75a-32a5161da656","active","LEBL-TERM-0402","Euclidean norm","admitted","{""concept_id"":""concept.norm.euclidean"",""evidence"":""R006 ch-several-vars-ders.tex"",""notes"":"""",""preferred_id"":""norma Euklides"",""register"":""formal"",""rejected_id"":"""",""resource_scope"":""R006"",""source_term"":""Euclidean norm"",""status"":""admitted"",""term_id"":""LEBL-TERM-0402"",""variants_id"":""""}","{""concept_id"":""urn:uuid:2fb01db9-fae9-5c6a-ad8e-92cab56befdd"",""evidence"":[{""locator"":""backend/production/v0.3/inputs/TERMINOLOGY.csv:LEBL-TERM-0402"",""sha256"":""sha256:f7e891308c0f60fde079f3536872e6ca9425eb9dc14f91bb2da951cc2da92c67""}],""examples"":[],""id"":""urn:uuid:336568ed-4c35-520a-abeb-12c044735254"",""language"":""id"",""ledger_binding"":{""concept_id"":""concept.norm.euclidean"",""evidence"":""R006 ch-several-vars-ders.tex"",""notes"":"""",""preferred_id"":""norma Euklides"",""register"":""formal"",""rejected_id"":"""",""resource_scope"":""R006"",""source_term"":""Euclidean norm"",""status"":""admitted"",""term_id"":""LEBL-TERM-0402"",""variants_id"":""""},""locale"":""id-ID"",""preferred"":""norma Euklides"",""record_type"":""term"",""recorded_at"":""2026-08-21T00:00:00Z"",""register"":""formal"",""rejected_forms"":[],""rights_id"":""urn:uuid:a0273f1c-6fad-54c7-a75a-32a5161da656"",""schema_name"":""lebl.backend.record"",""schema_version"":""0.3.0"",""scope_ids"":[""urn:uuid:2985f369-c946-5392-be8c-902d3c9215b2""],""semantic_aliases"":[],""semantic_key"":""lebl.ra.term.ledger.lebl-term-0402.id-id"",""status"":""active"",""supersedes_id"":null,""variants"":[],""workflow_id"":""01a01f57-a34b-7740-9717-596b8116910c/backend-production-v0.3-r006-live""}"
"urn:uuid:f4d012d6-0e83-5857-86e4-66a62d79af28","lebl.ra.term.ledger.lebl-term-0404.id-id","urn:uuid:4e09110f-8638-54c0-ab62-82e52a98dc13","id","id-ID","norma operator","[]","[]","[""urn:uuid:2985f369-c946-5392-be8c-902d3c9215b2""]","formal","[{""locator"":""backend/production/v0.3/inputs/TERMINOLOGY.csv:LEBL-TERM-0404"",""sha256"":""sha256:8903efc2df0e5e3ec40a703acb0f559159ed95653779741f24d549fbccb846fb""}]","urn:uuid:a0273f1c-6fad-54c7-a75a-32a5161da656","active","LEBL-TERM-0404","operator norm","admitted","{""concept_id"":""concept.norm.operator"",""evidence"":""R006 ch-several-vars-ders.tex"",""notes"":"""",""preferred_id"":""norma operator"",""register"":""formal"",""rejected_id"":"""",""resource_scope"":""R006"",""source_term"":""operator norm"",""status"":""admitted"",""term_id"":""LEBL-TERM-0404"",""variants_id"":""""}","{""concept_id"":""urn:uuid:4e09110f-8638-54c0-ab62-82e52a98dc13"",""evidence"":[{""locator"":""backend/production/v0.3/inputs/TERMINOLOGY.csv:LEBL-TERM-0404"",""sha256"":""sha256:8903efc2df0e5e3ec40a703acb0f559159ed95653779741f24d549fbccb846fb""}],""examples"":[],""id"":""urn:uuid:f4d012d6-0e83-5857-86e4-66a62d79af28"",""language"":""id"",""ledger_binding"":{""concept_id"":""concept.norm.operator"",""evidence"":""R006 ch-several-vars-ders.tex"",""notes"":"""",""preferred_id"":""norma operator"",""register"":""formal"",""rejected_id"":"""",""resource_scope"":""R006"",""source_term"":""operator norm"",""status"":""admitted"",""term_id"":""LEBL-TERM-0404"",""variants_id"":""""},""locale"":""id-ID"",""preferred"":""norma operator"",""record_type"":""term"",""recorded_at"":""2026-08-21T00:00:00Z"",""register"":""formal"",""rejected_forms"":[],""rights_id"":""urn:uuid:a0273f1c-6fad-54c7-a75a-32a5161da656"",""schema_name"":""lebl.backend.record"",""schema_version"":""0.3.0"",""scope_ids"":[""urn:uuid:2985f369-c946-5392-be8c-902d3c9215b2""],""semantic_aliases"":[],""semantic_key"":""lebl.ra.term.ledger.lebl-term-0404.id-id"",""status"":""active"",""supersedes_id"":null,""variants"":[],""workflow_id"":""01a01f57-a34b-7740-9717-596b8116910c/backend-production-v0.3-r006-live""}"
"urn:uuid:fa936be9-fc39-5532-b98d-7787fa9b8196","lebl.ra.term.ledger.lebl-term-0300.id-id","urn:uuid:6914c112-9f26-5d74-a7d3-30f07d28d644","id","id-ID","norma seragam","[]","[]","[""urn:uuid:2985f369-c946-5392-be8c-902d3c9215b2""]","formal","[{""locator"":""backend/production/v0.3/inputs/TERMINOLOGY.csv:LEBL-TERM-0300"",""sha256"":""sha256:282b2e9ac70390943ef26f39bb0ca2bac07499769e6f107e454eb95a38ce6c39""}]","urn:uuid:a0273f1c-6fad-54c7-a75a-32a5161da656","active","LEBL-TERM-0300","uniform norm","admitted","{""concept_id"":""concept.norm.uniform"",""evidence"":""R006 ch-seq-funcs.tex"",""notes"":"""",""preferred_id"":""norma seragam"",""register"":""formal"",""rejected_id"":"""",""resource_scope"":""R006"",""source_term"":""uniform norm"",""status"":""admitted"",""term_id"":""LEBL-TERM-0300"",""variants_id"":""""}","{""concept_id"":""urn:uuid:6914c112-9f26-5d74-a7d3-30f07d28d644"",""evidence"":[{""locator"":""backend/production/v0.3/inputs/TERMINOLOGY.csv:LEBL-TERM-0300"",""sha256"":""sha256:282b2e9ac70390943ef26f39bb0ca2bac07499769e6f107e454eb95a38ce6c39""}],""examples"":[],""id"":""urn:uuid:fa936be9-fc39-5532-b98d-7787fa9b8196"",""language"":""id"",""ledger_binding"":{""concept_id"":""concept.norm.uniform"",""evidence"":""R006 ch-seq-funcs.tex"",""notes"":"""",""preferred_id"":""norma seragam"",""register"":""formal"",""rejected_id"":"""",""resource_scope"":""R006"",""source_term"":""uniform norm"",""status"":""admitted"",""term_id"":""LEBL-TERM-0300"",""variants_id"":""""},""locale"":""id-ID"",""preferred"":""norma seragam"",""record_type"":""term"",""recorded_at"":""2026-08-21T00:00:00Z"",""register"":""formal"",""rejected_forms"":[],""rights_id"":""urn:uuid:a0273f1c-6fad-54c7-a75a-32a5161da656"",""schema_name"":""lebl.backend.record"",""schema_version"":""0.3.0"",""scope_ids"":[""urn:uuid:2985f369-c946-5392-be8c-902d3c9215b2""],""semantic_aliases"":[],""semantic_key"":""lebl.ra.term.ledger.lebl-term-0300.id-id"",""status"":""active"",""supersedes_id"":null,""variants"":[],""workflow_id"":""01a01f57-a34b-7740-9717-596b8116910c/backend-production-v0.3-r006-live""}"
"urn:uuid:9f57c875-e008-5579-b622-c4df0caab871","lebl.ra.term.ledger.lebl-term-0301.id-id","urn:uuid:084b31a9-3515-56ef-9754-4682dddbea59","id","id-ID","norma supremum","[]","[]","[""urn:uuid:2985f369-c946-5392-be8c-902d3c9215b2""]","formal","[{""locator"":""backend/production/v0.3/inputs/TERMINOLOGY.csv:LEBL-TERM-0301"",""sha256"":""sha256:43dbf0393acab0f8e83893d08673389d2cb8385bb43ef0e8069b89d1240fd388""}]","urn:uuid:a0273f1c-6fad-54c7-a75a-32a5161da656","active","LEBL-TERM-0301","supremum norm","admitted","{""concept_id"":""concept.norm.supremum"",""evidence"":""R006 ch-seq-funcs.tex"",""notes"":"""",""preferred_id"":""norma supremum"",""register"":""formal"",""rejected_id"":"""",""resource_scope"":""R006"",""source_term"":""supremum norm"",""status"":""admitted"",""term_id"":""LEBL-TERM-0301"",""variants_id"":""""}","{""concept_id"":""urn:uuid:084b31a9-3515-56ef-9754-4682dddbea59"",""evidence"":[{""locator"":""backend/production/v0.3/inputs/TERMINOLOGY.csv:LEBL-TERM-0301"",""sha256"":""sha256:43dbf0393acab0f8e83893d08673389d2cb8385bb43ef0e8069b89d1240fd388""}],""examples"":[],""id"":""urn:uuid:9f57c875-e008-5579-b622-c4df0caab871"",""language"":""id"",""ledger_binding"":{""concept_id"":""concept.norm.supremum"",""evidence"":""R006 ch-seq-funcs.tex"",""notes"":"""",""preferred_id"":""norma supremum"",""register"":""formal"",""rejected_id"":"""",""resource_scope"":""R006"",""source_term"":""supremum norm"",""status"":""admitted"",""term_id"":""LEBL-TERM-0301"",""variants_id"":""""},""locale"":""id-ID"",""preferred"":""norma supremum"",""record_type"":""term"",""recorded_at"":""2026-08-21T00:00:00Z"",""register"":""formal"",""rejected_forms"":[],""rights_id"":""urn:uuid:a0273f1c-6fad-54c7-a75a-32a5161da656"",""schema_name"":""lebl.backend.record"",""schema_version"":""0.3.0"",""scope_ids"":[""urn:uuid:2985f369-c946-5392-be8c-902d3c9215b2""],""semantic_aliases"":[],""semantic_key"":""lebl.ra.term.ledger.lebl-term-0301.id-id"",""status"":""active"",""supersedes_id"":null,""variants"":[],""workflow_id"":""01a01f57-a34b-7740-9717-596b8116910c/backend-production-v0.3-r006-live""}"
"urn:uuid:da17ab24-5670-5b5b-b85b-f4d531e48814","lebl.ra.term.ledger.lebl-term-0302.id-id","urn:uuid:f9ecd50e-7874-5e6e-8659-9f5abf819443","id","id-ID","norma tak hingga","[]","[]","[""urn:uuid:2985f369-c946-5392-be8c-902d3c9215b2""]","formal","[{""locator"":""backend/production/v0.3/inputs/TERMINOLOGY.csv:LEBL-TERM-0302"",""sha256"":""sha256:6cb8785ba3164df776cddd95306d9a8c01e5346a7060ad268a6a70d1b7cfeb4a""}]","urn:uuid:a0273f1c-6fad-54c7-a75a-32a5161da656","active","LEBL-TERM-0302","infinity norm","admitted","{""concept_id"":""concept.norm.infinity"",""evidence"":""R006 ch-seq-funcs.tex"",""notes"":"""",""preferred_id"":""norma tak hingga"",""register"":""formal"",""rejected_id"":"""",""resource_scope"":""R006"",""source_term"":""infinity norm"",""status"":""admitted"",""term_id"":""LEBL-TERM-0302"",""variants_id"":""""}","{""concept_id"":""urn:uuid:f9ecd50e-7874-5e6e-8659-9f5abf819443"",""evidence"":[{""locator"":""backend/production/v0.3/inputs/TERMINOLOGY.csv:LEBL-TERM-0302"",""sha256"":""sha256:6cb8785ba3164df776cddd95306d9a8c01e5346a7060ad268a6a70d1b7cfeb4a""}],""examples"":[],""id"":""urn:uuid:da17ab24-5670-5b5b-b85b-f4d531e48814"",""language"":""id"",""ledger_binding"":{""concept_id"":""concept.norm.infinity"",""evidence"":""R006 ch-seq-funcs.tex"",""notes"":"""",""preferred_id"":""norma tak hingga"",""register"":""formal"",""rejected_id"":"""",""resource_scope"":""R006"",""source_term"":""infinity norm"",""status"":""admitted"",""term_id"":""LEBL-TERM-0302"",""variants_id"":""""},""locale"":""id-ID"",""preferred"":""norma tak hingga"",""record_type"":""term"",""recorded_at"":""2026-08-21T00:00:00Z"",""register"":""formal"",""rejected_forms"":[],""rights_id"":""urn:uuid:a0273f1c-6fad-54c7-a75a-32a5161da656"",""schema_name"":""lebl.backend.record"",""schema_version"":""0.3.0"",""scope_ids"":[""urn:uuid:2985f369-c946-5392-be8c-902d3c9215b2""],""semantic_aliases"":[],""semantic_key"":""lebl.ra.term.ledger.lebl-term-0302.id-id"",""status"":""active"",""supersedes_id"":null,""variants"":[],""workflow_id"":""01a01f57-a34b-7740-9717-596b8116910c/backend-production-v0.3-r006-live""}"
"urn:uuid:e9c85d27-cd9c-5926-9ec8-de58c4e2555e","lebl.ra.term.ledger.lebl-term-0422.id-id","urn:uuid:8cc36ca9-9f73-57da-a9c8-1681ed78261a","id","id-ID","norma-1","[""norma L1""]","[]","[""urn:uuid:2985f369-c946-5392-be8c-902d3c9215b2""]","formal","[{""locator"":""backend/production/v0.3/inputs/TERMINOLOGY.csv:LEBL-TERM-0422"",""sha256"":""sha256:1d20ae95193f170e80410d50f21fbc4bff004b3b1e65d699b619f5343e491f4d""}]","urn:uuid:a0273f1c-6fad-54c7-a75a-32a5161da656","active","LEBL-TERM-0422","1-norm","admitted","{""concept_id"":""concept.norm.one"",""evidence"":""R006 ch-several-vars-ders.tex"",""notes"":"""",""preferred_id"":""norma-1"",""register"":""formal"",""rejected_id"":"""",""resource_scope"":""R006"",""source_term"":""1-norm"",""status"":""admitted"",""term_id"":""LEBL-TERM-0422"",""variants_id"":""norma L1""}","{""concept_id"":""urn:uuid:8cc36ca9-9f73-57da-a9c8-1681ed78261a"",""evidence"":[{""locator"":""backend/production/v0.3/inputs/TERMINOLOGY.csv:LEBL-TERM-0422"",""sha256"":""sha256:1d20ae95193f170e80410d50f21fbc4bff004b3b1e65d699b619f5343e491f4d""}],""examples"":[],""id"":""urn:uuid:e9c85d27-cd9c-5926-9ec8-de58c4e2555e"",""language"":""id"",""ledger_binding"":{""concept_id"":""concept.norm.one"",""evidence"":""R006 ch-several-vars-ders.tex"",""notes"":"""",""preferred_id"":""norma-1"",""register"":""formal"",""rejected_id"":"""",""resource_scope"":""R006"",""source_term"":""1-norm"",""status"":""admitted"",""term_id"":""LEBL-TERM-0422"",""variants_id"":""norma L1""},""locale"":""id-ID"",""preferred"":""norma-1"",""record_type"":""term"",""recorded_at"":""2026-08-21T00:00:00Z"",""register"":""formal"",""rejected_forms"":[],""rights_id"":""urn:uuid:a0273f1c-6fad-54c7-a75a-32a5161da656"",""schema_name"":""lebl.backend.record"",""schema_version"":""0.3.0"",""scope_ids"":[""urn:uuid:2985f369-c946-5392-be8c-902d3c9215b2""],""semantic_aliases"":[],""semantic_key"":""lebl.ra.term.ledger.lebl-term-0422.id-id"",""status"":""active"",""supersedes_id"":null,""variants"":[""norma L1""],""workflow_id"":""01a01f57-a34b-7740-9717-596b8116910c/backend-production-v0.3-r006-live""}"
"urn:uuid:5fb497e9-e140-5b82-9ebb-15905abc620a","lebl.ra.term.ledger.lebl-term-0140.id-id","urn:uuid:12f20139-ecac-57dc-bdd5-c552fdd33b78","id","id-ID","operasi aljabar","[]","[]","[""urn:uuid:2985f369-c946-5392-be8c-902d3c9215b2""]","formal","[{""locator"":""backend/production/v0.3/inputs/TERMINOLOGY.csv:LEBL-TERM-0140"",""sha256"":""sha256:f561a673d300b506bd49f63618982e5a0d2f639fcd4cbe0880be0dff1a8721c0""}]","urn:uuid:a0273f1c-6fad-54c7-a75a-32a5161da656","active","LEBL-TERM-0140","algebraic operations","admitted","{""concept_id"":""concept.operation.algebraic"",""evidence"":""R006 ch-seq-ser.tex"",""notes"":"""",""preferred_id"":""operasi aljabar"",""register"":""formal"",""rejected_id"":"""",""resource_scope"":""R006"",""source_term"":""algebraic operations"",""status"":""admitted"",""term_id"":""LEBL-TERM-0140"",""variants_id"":""""}","{""concept_id"":""urn:uuid:12f20139-ecac-57dc-bdd5-c552fdd33b78"",""evidence"":[{""locator"":""backend/production/v0.3/inputs/TERMINOLOGY.csv:LEBL-TERM-0140"",""sha256"":""sha256:f561a673d300b506bd49f63618982e5a0d2f639fcd4cbe0880be0dff1a8721c0""}],""examples"":[],""id"":""urn:uuid:5fb497e9-e140-5b82-9ebb-15905abc620a"",""language"":""id"",""ledger_binding"":{""concept_id"":""concept.operation.algebraic"",""evidence"":""R006 ch-seq-ser.tex"",""notes"":"""",""preferred_id"":""operasi aljabar"",""register"":""formal"",""rejected_id"":"""",""resource_scope"":""R006"",""source_term"":""algebraic operations"",""status"":""admitted"",""term_id"":""LEBL-TERM-0140"",""variants_id"":""""},""locale"":""id-ID"",""preferred"":""operasi aljabar"",""record_type"":""term"",""recorded_at"":""2026-08-21T00:00:00Z"",""register"":""formal"",""rejected_forms"":[],""rights_id"":""urn:uuid:a0273f1c-6fad-54c7-a75a-32a5161da656"",""schema_name"":""lebl.backend.record"",""schema_version"":""0.3.0"",""scope_ids"":[""urn:uuid:2985f369-c946-5392-be8c-902d3c9215b2""],""semantic_aliases"":[],""semantic_key"":""lebl.ra.term.ledger.lebl-term-0140.id-id"",""status"":""active"",""supersedes_id"":null,""variants"":[],""workflow_id"":""01a01f57-a34b-7740-9717-596b8116910c/backend-production-v0.3-r006-live""}"
"urn:uuid:6385995b-d311-5eab-90d1-502f2f827798","lebl.ra.term.ledger.lebl-term-0364.id-id","urn:uuid:d1c106d3-c8fc-560b-8fe5-9e0ab6e20228","id","id-ID","operator diferensiasi","[]","[]","[""urn:uuid:2985f369-c946-5392-be8c-902d3c9215b2""]","formal","[{""locator"":""backend/production/v0.3/inputs/TERMINOLOGY.csv:LEBL-TERM-0364"",""sha256"":""sha256:42761a5290995ec96753da70f0a943b034ebf52a938f21fb2c753c13d6aa494e""}]","urn:uuid:a0273f1c-6fad-54c7-a75a-32a5161da656","active","LEBL-TERM-0364","differentiation operator","admitted","{""concept_id"":""concept.operator.differentiation"",""evidence"":""R006 ch-metric.tex"",""notes"":"""",""preferred_id"":""operator diferensiasi"",""register"":""formal"",""rejected_id"":"""",""resource_scope"":""R006"",""source_term"":""differentiation operator"",""status"":""admitted"",""term_id"":""LEBL-TERM-0364"",""variants_id"":""""}","{""concept_id"":""urn:uuid:d1c106d3-c8fc-560b-8fe5-9e0ab6e20228"",""evidence"":[{""locator"":""backend/production/v0.3/inputs/TERMINOLOGY.csv:LEBL-TERM-0364"",""sha256"":""sha256:42761a5290995ec96753da70f0a943b034ebf52a938f21fb2c753c13d6aa494e""}],""examples"":[],""id"":""urn:uuid:6385995b-d311-5eab-90d1-502f2f827798"",""language"":""id"",""ledger_binding"":{""concept_id"":""concept.operator.differentiation"",""evidence"":""R006 ch-metric.tex"",""notes"":"""",""preferred_id"":""operator diferensiasi"",""register"":""formal"",""rejected_id"":"""",""resource_scope"":""R006"",""source_term"":""differentiation operator"",""status"":""admitted"",""term_id"":""LEBL-TERM-0364"",""variants_id"":""""},""locale"":""id-ID"",""preferred"":""operator diferensiasi"",""record_type"":""term"",""recorded_at"":""2026-08-21T00:00:00Z"",""register"":""formal"",""rejected_forms"":[],""rights_id"":""urn:uuid:a0273f1c-6fad-54c7-a75a-32a5161da656"",""schema_name"":""lebl.backend.record"",""schema_version"":""0.3.0"",""scope_ids"":[""urn:uuid:2985f369-c946-5392-be8c-902d3c9215b2""],""semantic_aliases"":[],""semantic_key"":""lebl.ra.term.ledger.lebl-term-0364.id-id"",""status"":""active"",""supersedes_id"":null,""variants"":[],""workflow_id"":""01a01f57-a34b-7740-9717-596b8116910c/backend-production-v0.3-r006-live""}"
"urn:uuid:f67786ad-a4a0-5cd0-8e01-cde1cede36f8","lebl.ra.term.ledger.lebl-term-0389.id-id","urn:uuid:71867de3-1b66-5f05-9e46-8aee45c52c39","id","id-ID","operator linear","[]","[]","[""urn:uuid:2985f369-c946-5392-be8c-902d3c9215b2""]","formal","[{""locator"":""backend/production/v0.3/inputs/TERMINOLOGY.csv:LEBL-TERM-0389"",""sha256"":""sha256:d1a7e8ef6f8c63f3082b800b23229eae34fd756b5d30a2394f628572bfde1b96""}]","urn:uuid:a0273f1c-6fad-54c7-a75a-32a5161da656","active","LEBL-TERM-0389","linear operator","admitted","{""concept_id"":""concept.operator.linear"",""evidence"":""R006 ch-several-vars-ders.tex"",""notes"":"""",""preferred_id"":""operator linear"",""register"":""formal"",""rejected_id"":"""",""resource_scope"":""R006"",""source_term"":""linear operator"",""status"":""admitted"",""term_id"":""LEBL-TERM-0389"",""variants_id"":""""}","{""concept_id"":""urn:uuid:71867de3-1b66-5f05-9e46-8aee45c52c39"",""evidence"":[{""locator"":""backend/production/v0.3/inputs/TERMINOLOGY.csv:LEBL-TERM-0389"",""sha256"":""sha256:d1a7e8ef6f8c63f3082b800b23229eae34fd756b5d30a2394f628572bfde1b96""}],""examples"":[],""id"":""urn:uuid:f67786ad-a4a0-5cd0-8e01-cde1cede36f8"",""language"":""id"",""ledger_binding"":{""concept_id"":""concept.operator.linear"",""evidence"":""R006 ch-several-vars-ders.tex"",""notes"":"""",""preferred_id"":""operator linear"",""register"":""formal"",""rejected_id"":"""",""resource_scope"":""R006"",""source_term"":""linear operator"",""status"":""admitted"",""term_id"":""LEBL-TERM-0389"",""variants_id"":""""},""locale"":""id-ID"",""preferred"":""operator linear"",""record_type"":""term"",""recorded_at"":""2026-08-21T00:00:00Z"",""register"":""formal"",""rejected_forms"":[],""rights_id"":""urn:uuid:a0273f1c-6fad-54c7-a75a-32a5161da656"",""schema_name"":""lebl.backend.record"",""schema_version"":""0.3.0"",""scope_ids"":[""urn:uuid:2985f369-c946-5392-be8c-902d3c9215b2""],""semantic_aliases"":[],""semantic_key"":""lebl.ra.term.ledger.lebl-term-0389.id-id"",""status"":""active"",""supersedes_id"":null,""variants"":[],""workflow_id"":""01a01f57-a34b-7740-9717-596b8116910c/backend-production-v0.3-r006-live""}"
"urn:uuid:74dfdcc9-64c6-5bd4-a865-3a4cb1f2b517","lebl.ra.term.ledger.lebl-term-0421.id-id","urn:uuid:6eebc12a-3b45-5951-8ec0-98c478cb0b07","id","id-ID","orientasi","[]","[]","[""urn:uuid:2985f369-c946-5392-be8c-902d3c9215b2""]","formal","[{""locator"":""backend/production/v0.3/inputs/TERMINOLOGY.csv:LEBL-TERM-0421"",""sha256"":""sha256:24fb80aa2720133899e1a0c465b16c7d6539576f7c99a5a272d4c5fc6253776c""}]","urn:uuid:a0273f1c-6fad-54c7-a75a-32a5161da656","active","LEBL-TERM-0421","orientation","admitted","{""concept_id"":""concept.orientation"",""evidence"":""R006 ch-several-vars-ders.tex"",""notes"":"""",""preferred_id"":""orientasi"",""register"":""formal"",""rejected_id"":"""",""resource_scope"":""R006"",""source_term"":""orientation"",""status"":""admitted"",""term_id"":""LEBL-TERM-0421"",""variants_id"":""""}","{""concept_id"":""urn:uuid:6eebc12a-3b45-5951-8ec0-98c478cb0b07"",""evidence"":[{""locator"":""backend/production/v0.3/inputs/TERMINOLOGY.csv:LEBL-TERM-0421"",""sha256"":""sha256:24fb80aa2720133899e1a0c465b16c7d6539576f7c99a5a272d4c5fc6253776c""}],""examples"":[],""id"":""urn:uuid:74dfdcc9-64c6-5bd4-a865-3a4cb1f2b517"",""language"":""id"",""ledger_binding"":{""concept_id"":""concept.orientation"",""evidence"":""R006 ch-several-vars-ders.tex"",""notes"":"""",""preferred_id"":""orientasi"",""register"":""formal"",""rejected_id"":"""",""resource_scope"":""R006"",""source_term"":""orientation"",""status"":""admitted"",""term_id"":""LEBL-TERM-0421"",""variants_id"":""""},""locale"":""id-ID"",""preferred"":""orientasi"",""record_type"":""term"",""recorded_at"":""2026-08-21T00:00:00Z"",""register"":""formal"",""rejected_forms"":[],""rights_id"":""urn:uuid:a0273f1c-6fad-54c7-a75a-32a5161da656"",""schema_name"":""lebl.backend.record"",""schema_version"":""0.3.0"",""scope_ids"":[""urn:uuid:2985f369-c946-5392-be8c-902d3c9215b2""],""semantic_aliases"":[],""semantic_key"":""lebl.ra.term.ledger.lebl-term-0421.id-id"",""status"":""active"",""supersedes_id"":null,""variants"":[],""workflow_id"":""01a01f57-a34b-7740-9717-596b8116910c/backend-production-v0.3-r006-live""}"
"urn:uuid:fd147966-89ed-50a9-8570-ce776273ebcb","lebl.ra.term.ledger.lebl-term-0266.id-id","urn:uuid:5b231546-d683-52d6-a33f-2340a70ce0d8","id","id-ID","partisi","[]","[]","[""urn:uuid:2985f369-c946-5392-be8c-902d3c9215b2""]","formal","[{""locator"":""backend/production/v0.3/inputs/TERMINOLOGY.csv:LEBL-TERM-0266"",""sha256"":""sha256:51366f893a12a6d6ec75fcc0aa80985a5795aa691eb01ab7c4862c10bd3a6b21""}]","urn:uuid:a0273f1c-6fad-54c7-a75a-32a5161da656","active","LEBL-TERM-0266","partition","admitted","{""concept_id"":""concept.integration.partition"",""evidence"":""R006 ch-riemann.tex"",""notes"":"""",""preferred_id"":""partisi"",""register"":""formal"",""rejected_id"":"""",""resource_scope"":""R006"",""source_term"":""partition"",""status"":""admitted"",""term_id"":""LEBL-TERM-0266"",""variants_id"":""""}","{""concept_id"":""urn:uuid:5b231546-d683-52d6-a33f-2340a70ce0d8"",""evidence"":[{""locator"":""backend/production/v0.3/inputs/TERMINOLOGY.csv:LEBL-TERM-0266"",""sha256"":""sha256:51366f893a12a6d6ec75fcc0aa80985a5795aa691eb01ab7c4862c10bd3a6b21""}],""examples"":[],""id"":""urn:uuid:fd147966-89ed-50a9-8570-ce776273ebcb"",""language"":""id"",""ledger_binding"":{""concept_id"":""concept.integration.partition"",""evidence"":""R006 ch-riemann.tex"",""notes"":"""",""preferred_id"":""partisi"",""register"":""formal"",""rejected_id"":"""",""resource_scope"":""R006"",""source_term"":""partition"",""status"":""admitted"",""term_id"":""LEBL-TERM-0266"",""variants_id"":""""},""locale"":""id-ID"",""preferred"":""partisi"",""record_type"":""term"",""recorded_at"":""2026-08-21T00:00:00Z"",""register"":""formal"",""rejected_forms"":[],""rights_id"":""urn:uuid:a0273f1c-6fad-54c7-a75a-32a5161da656"",""schema_name"":""lebl.backend.record"",""schema_version"":""0.3.0"",""scope_ids"":[""urn:uuid:2985f369-c946-5392-be8c-902d3c9215b2""],""semantic_aliases"":[],""semantic_key"":""lebl.ra.term.ledger.lebl-term-0266.id-id"",""status"":""active"",""supersedes_id"":null,""variants"":[],""workflow_id"":""01a01f57-a34b-7740-9717-596b8116910c/backend-production-v0.3-r006-live""}"
"urn:uuid:7039911a-973e-514a-a519-b7a216940b1e","lebl.ra.term.ledger.lebl-term-0191.id-id","urn:uuid:319058c0-b3a4-531e-82aa-68ac9f9b47a5","id","id-ID","pembatasan","[]","[]","[""urn:uuid:2985f369-c946-5392-be8c-902d3c9215b2""]","formal","[{""locator"":""backend/production/v0.3/inputs/TERMINOLOGY.csv:LEBL-TERM-0191"",""sha256"":""sha256:e374d4a391e17a9d42c5a02972b873efe9356fb67f8205a6424ab1c6d5c3d816""}]","urn:uuid:a0273f1c-6fad-54c7-a75a-32a5161da656","active","LEBL-TERM-0191","restriction","admitted","{""concept_id"":""concept.function.restriction"",""evidence"":""R006 ch-contfunc.tex"",""notes"":"""",""preferred_id"":""pembatasan"",""register"":""formal"",""rejected_id"":"""",""resource_scope"":""R006"",""source_term"":""restriction"",""status"":""admitted"",""term_id"":""LEBL-TERM-0191"",""variants_id"":""""}","{""concept_id"":""urn:uuid:319058c0-b3a4-531e-82aa-68ac9f9b47a5"",""evidence"":[{""locator"":""backend/production/v0.3/inputs/TERMINOLOGY.csv:LEBL-TERM-0191"",""sha256"":""sha256:e374d4a391e17a9d42c5a02972b873efe9356fb67f8205a6424ab1c6d5c3d816""}],""examples"":[],""id"":""urn:uuid:7039911a-973e-514a-a519-b7a216940b1e"",""language"":""id"",""ledger_binding"":{""concept_id"":""concept.function.restriction"",""evidence"":""R006 ch-contfunc.tex"",""notes"":"""",""preferred_id"":""pembatasan"",""register"":""formal"",""rejected_id"":"""",""resource_scope"":""R006"",""source_term"":""restriction"",""status"":""admitted"",""term_id"":""LEBL-TERM-0191"",""variants_id"":""""},""locale"":""id-ID"",""preferred"":""pembatasan"",""record_type"":""term"",""recorded_at"":""2026-08-21T00:00:00Z"",""register"":""formal"",""rejected_forms"":[],""rights_id"":""urn:uuid:a0273f1c-6fad-54c7-a75a-32a5161da656"",""schema_name"":""lebl.backend.record"",""schema_version"":""0.3.0"",""scope_ids"":[""urn:uuid:2985f369-c946-5392-be8c-902d3c9215b2""],""semantic_aliases"":[],""semantic_key"":""lebl.ra.term.ledger.lebl-term-0191.id-id"",""status"":""active"",""supersedes_id"":null,""variants"":[],""workflow_id"":""01a01f57-a34b-7740-9717-596b8116910c/backend-production-v0.3-r006-live""}"
"urn:uuid:a8785412-139f-5096-90c0-7b4405e4ec3c","lebl.ra.term.ledger.lebl-term-0003.id-id","urn:uuid:5fd94020-b177-5da5-88e3-7828ab77b8fc","id","id-ID","pembuktian","[""bukti""]","[]","[""urn:uuid:2985f369-c946-5392-be8c-902d3c9215b2""]","formal","[{""locator"":""backend/production/v0.3/inputs/TERMINOLOGY.csv:LEBL-TERM-0003"",""sha256"":""sha256:2c44c8ad33d5f23459f0077ad0c61ed5a8406cfbe11e02bd73454f5aaf44f44f""}]","urn:uuid:a0273f1c-6fad-54c7-a75a-32a5161da656","active","LEBL-TERM-0003","proof","admitted","{""concept_id"":""concept.math.proof"",""evidence"":""R006 ch-vol1-intro.tex"",""notes"":""Use pembuktian for the process and bukti for the resulting argument where context requires."",""preferred_id"":""pembuktian"",""register"":""formal"",""rejected_id"":"""",""resource_scope"":""R006"",""source_term"":""proof"",""status"":""admitted"",""term_id"":""LEBL-TERM-0003"",""variants_id"":""bukti""}","{""concept_id"":""urn:uuid:5fd94020-b177-5da5-88e3-7828ab77b8fc"",""evidence"":[{""locator"":""backend/production/v0.3/inputs/TERMINOLOGY.csv:LEBL-TERM-0003"",""sha256"":""sha256:2c44c8ad33d5f23459f0077ad0c61ed5a8406cfbe11e02bd73454f5aaf44f44f""}],""examples"":[],""id"":""urn:uuid:a8785412-139f-5096-90c0-7b4405e4ec3c"",""language"":""id"",""ledger_binding"":{""concept_id"":""concept.math.proof"",""evidence"":""R006 ch-vol1-intro.tex"",""notes"":""Use pembuktian for the process and bukti for the resulting argument where context requires."",""preferred_id"":""pembuktian"",""register"":""formal"",""rejected_id"":"""",""resource_scope"":""R006"",""source_term"":""proof"",""status"":""admitted"",""term_id"":""LEBL-TERM-0003"",""variants_id"":""bukti""},""locale"":""id-ID"",""preferred"":""pembuktian"",""record_type"":""term"",""recorded_at"":""2026-08-21T00:00:00Z"",""register"":""formal"",""rejected_forms"":[],""rights_id"":""urn:uuid:a0273f1c-6fad-54c7-a75a-32a5161da656"",""schema_name"":""lebl.backend.record"",""schema_version"":""0.3.0"",""scope_ids"":[""urn:uuid:2985f369-c946-5392-be8c-902d3c9215b2""],""semantic_aliases"":[],""semantic_key"":""lebl.ra.term.ledger.lebl-term-0003.id-id"",""status"":""active"",""supersedes_id"":null,""variants"":[""bukti""],""workflow_id"":""01a01f57-a34b-7740-9717-596b8116910c/backend-production-v0.3-r006-live""}"
"urn:uuid:142ba2a5-cb97-5fa5-be7b-23fad32bcd8d","lebl.ra.term.ledger.lebl-term-0031.id-id","urn:uuid:9804e699-c155-5f0c-bb8e-42e0af8452c8","id","id-ID","pemetaan","[""peta""]","[]","[""urn:uuid:2985f369-c946-5392-be8c-902d3c9215b2""]","formal","[{""locator"":""backend/production/v0.3/inputs/TERMINOLOGY.csv:LEBL-TERM-0031"",""sha256"":""sha256:d86fc3af7719732827545a3e86bd3961317962914d6404b226937674931257c1""}]","urn:uuid:a0273f1c-6fad-54c7-a75a-32a5161da656","active","LEBL-TERM-0031","mapping","admitted","{""concept_id"":""concept.function.mapping"",""evidence"":""R006 ch-vol1-intro.tex"",""notes"":""Use pemetaan for the object/process and peta where the shorter noun is idiomatic."",""preferred_id"":""pemetaan"",""register"":""formal"",""rejected_id"":"""",""resource_scope"":""R006"",""source_term"":""mapping"",""status"":""admitted"",""term_id"":""LEBL-TERM-0031"",""variants_id"":""peta""}","{""concept_id"":""urn:uuid:9804e699-c155-5f0c-bb8e-42e0af8452c8"",""evidence"":[{""locator"":""backend/production/v0.3/inputs/TERMINOLOGY.csv:LEBL-TERM-0031"",""sha256"":""sha256:d86fc3af7719732827545a3e86bd3961317962914d6404b226937674931257c1""}],""examples"":[],""id"":""urn:uuid:142ba2a5-cb97-5fa5-be7b-23fad32bcd8d"",""language"":""id"",""ledger_binding"":{""concept_id"":""concept.function.mapping"",""evidence"":""R006 ch-vol1-intro.tex"",""notes"":""Use pemetaan for the object/process and peta where the shorter noun is idiomatic."",""preferred_id"":""pemetaan"",""register"":""formal"",""rejected_id"":"""",""resource_scope"":""R006"",""source_term"":""mapping"",""status"":""admitted"",""term_id"":""LEBL-TERM-0031"",""variants_id"":""peta""},""locale"":""id-ID"",""preferred"":""pemetaan"",""record_type"":""term"",""recorded_at"":""2026-08-21T00:00:00Z"",""register"":""formal"",""rejected_forms"":[],""rights_id"":""urn:uuid:a0273f1c-6fad-54c7-a75a-32a5161da656"",""schema_name"":""lebl.backend.record"",""schema_version"":""0.3.0"",""scope_ids"":[""urn:uuid:2985f369-c946-5392-be8c-902d3c9215b2""],""semantic_aliases"":[],""semantic_key"":""lebl.ra.term.ledger.lebl-term-0031.id-id"",""status"":""active"",""supersedes_id"":null,""variants"":[""peta""],""workflow_id"":""01a01f57-a34b-7740-9717-596b8116910c/backend-production-v0.3-r006-live""}"
"urn:uuid:a9830a3d-9400-5dcf-b158-d12eef39f87e","lebl.ra.term.ledger.lebl-term-0387.id-id","urn:uuid:e6640d2b-eea2-5779-8f6f-493f4ff9b842","id","id-ID","pemetaan","[""peta""]","[]","[""urn:uuid:2985f369-c946-5392-be8c-902d3c9215b2""]","formal","[{""locator"":""backend/production/v0.3/inputs/TERMINOLOGY.csv:LEBL-TERM-0387"",""sha256"":""sha256:90fbf7e72d5c61dcc01d17a6b9aab7ce779d36e5709a939dbe5e39479e8ad290""}]","urn:uuid:a0273f1c-6fad-54c7-a75a-32a5161da656","active","LEBL-TERM-0387","mapping","admitted","{""concept_id"":""concept.mapping"",""evidence"":""R006 ch-several-vars-ders.tex"",""notes"":"""",""preferred_id"":""pemetaan"",""register"":""formal"",""rejected_id"":"""",""resource_scope"":""R006"",""source_term"":""mapping"",""status"":""admitted"",""term_id"":""LEBL-TERM-0387"",""variants_id"":""peta""}","{""concept_id"":""urn:uuid:e6640d2b-eea2-5779-8f6f-493f4ff9b842"",""evidence"":[{""locator"":""backend/production/v0.3/inputs/TERMINOLOGY.csv:LEBL-TERM-0387"",""sha256"":""sha256:90fbf7e72d5c61dcc01d17a6b9aab7ce779d36e5709a939dbe5e39479e8ad290""}],""examples"":[],""id"":""urn:uuid:a9830a3d-9400-5dcf-b158-d12eef39f87e"",""language"":""id"",""ledger_binding"":{""concept_id"":""concept.mapping"",""evidence"":""R006 ch-several-vars-ders.tex"",""notes"":"""",""preferred_id"":""pemetaan"",""register"":""formal"",""rejected_id"":"""",""resource_scope"":""R006"",""source_term"":""mapping"",""status"":""admitted"",""term_id"":""LEBL-TERM-0387"",""variants_id"":""peta""},""locale"":""id-ID"",""preferred"":""pemetaan"",""record_type"":""term"",""recorded_at"":""2026-08-21T00:00:00Z"",""register"":""formal"",""rejected_forms"":[],""rights_id"":""urn:uuid:a0273f1c-6fad-54c7-a75a-32a5161da656"",""schema_name"":""lebl.backend.record"",""schema_version"":""0.3.0"",""scope_ids"":[""urn:uuid:2985f369-c946-5392-be8c-902d3c9215b2""],""semantic_aliases"":[],""semantic_key"":""lebl.ra.term.ledger.lebl-term-0387.id-id"",""status"":""active"",""supersedes_id"":null,""variants"":[""peta""],""workflow_id"":""01a01f57-a34b-7740-9717-596b8116910c/backend-production-v0.3-r006-live""}"
"urn:uuid:1f8026c8-a15e-5552-a574-999b4229d431","lebl.ra.term.ledger.lebl-term-0099.id-id","urn:uuid:1f7c80c5-b7bc-55a7-bb47-dc6e54581506","id","id-ID","pemetaan bijektif","[]","[]","[""urn:uuid:2985f369-c946-5392-be8c-902d3c9215b2""]","formal","[{""locator"":""backend/production/v0.3/inputs/TERMINOLOGY.csv:LEBL-TERM-0099"",""sha256"":""sha256:d8098512f082d75929b486a0660a06aee13008e06cd57ff9cfea5dd0368e4960""}]","urn:uuid:a0273f1c-6fad-54c7-a75a-32a5161da656","active","LEBL-TERM-0099","bijective mapping","admitted","{""concept_id"":""concept.function.bijective-mapping"",""evidence"":""R006 ch-real-nums.tex"",""notes"":"""",""preferred_id"":""pemetaan bijektif"",""register"":""formal"",""rejected_id"":"""",""resource_scope"":""R006"",""source_term"":""bijective mapping"",""status"":""admitted"",""term_id"":""LEBL-TERM-0099"",""variants_id"":""""}","{""concept_id"":""urn:uuid:1f7c80c5-b7bc-55a7-bb47-dc6e54581506"",""evidence"":[{""locator"":""backend/production/v0.3/inputs/TERMINOLOGY.csv:LEBL-TERM-0099"",""sha256"":""sha256:d8098512f082d75929b486a0660a06aee13008e06cd57ff9cfea5dd0368e4960""}],""examples"":[],""id"":""urn:uuid:1f8026c8-a15e-5552-a574-999b4229d431"",""language"":""id"",""ledger_binding"":{""concept_id"":""concept.function.bijective-mapping"",""evidence"":""R006 ch-real-nums.tex"",""notes"":"""",""preferred_id"":""pemetaan bijektif"",""register"":""formal"",""rejected_id"":"""",""resource_scope"":""R006"",""source_term"":""bijective mapping"",""status"":""admitted"",""term_id"":""LEBL-TERM-0099"",""variants_id"":""""},""locale"":""id-ID"",""preferred"":""pemetaan bijektif"",""record_type"":""term"",""recorded_at"":""2026-08-21T00:00:00Z"",""register"":""formal"",""rejected_forms"":[],""rights_id"":""urn:uuid:a0273f1c-6fad-54c7-a75a-32a5161da656"",""schema_name"":""lebl.backend.record"",""schema_version"":""0.3.0"",""scope_ids"":[""urn:uuid:2985f369-c946-5392-be8c-902d3c9215b2""],""semantic_aliases"":[],""semantic_key"":""lebl.ra.term.ledger.lebl-term-0099.id-id"",""status"":""active"",""supersedes_id"":null,""variants"":[],""workflow_id"":""01a01f57-a34b-7740-9717-596b8116910c/backend-production-v0.3-r006-live""}"
"urn:uuid:a4e2f50d-2619-5f1e-8d58-dde30b853a80","lebl.ra.term.ledger.lebl-term-0365.id-id","urn:uuid:20192335-360c-5223-82eb-12ac4c475620","id","id-ID","pemetaan kontraksi","[""kontraksi"",""pemetaan kontraktif""]","[]","[""urn:uuid:2985f369-c946-5392-be8c-902d3c9215b2""]","formal","[{""locator"":""backend/production/v0.3/inputs/TERMINOLOGY.csv:LEBL-TERM-0365"",""sha256"":""sha256:f3889b9bf8ce4d3af3c2aff936f9fdea4157cd9c34ec7a8786c53a720c777395""}]","urn:uuid:a0273f1c-6fad-54c7-a75a-32a5161da656","active","LEBL-TERM-0365","contraction mapping","admitted","{""concept_id"":""concept.mapping.contraction"",""evidence"":""R006 ch-metric.tex"",""notes"":"""",""preferred_id"":""pemetaan kontraksi"",""register"":""formal"",""rejected_id"":"""",""resource_scope"":""R006"",""source_term"":""contraction mapping"",""status"":""admitted"",""term_id"":""LEBL-TERM-0365"",""variants_id"":""kontraksi;pemetaan kontraktif""}","{""concept_id"":""urn:uuid:20192335-360c-5223-82eb-12ac4c475620"",""evidence"":[{""locator"":""backend/production/v0.3/inputs/TERMINOLOGY.csv:LEBL-TERM-0365"",""sha256"":""sha256:f3889b9bf8ce4d3af3c2aff936f9fdea4157cd9c34ec7a8786c53a720c777395""}],""examples"":[],""id"":""urn:uuid:a4e2f50d-2619-5f1e-8d58-dde30b853a80"",""language"":""id"",""ledger_binding"":{""concept_id"":""concept.mapping.contraction"",""evidence"":""R006 ch-metric.tex"",""notes"":"""",""preferred_id"":""pemetaan kontraksi"",""register"":""formal"",""rejected_id"":"""",""resource_scope"":""R006"",""source_term"":""contraction mapping"",""status"":""admitted"",""term_id"":""LEBL-TERM-0365"",""variants_id"":""kontraksi;pemetaan kontraktif""},""locale"":""id-ID"",""preferred"":""pemetaan kontraksi"",""record_type"":""term"",""recorded_at"":""2026-08-21T00:00:00Z"",""register"":""formal"",""rejected_forms"":[],""rights_id"":""urn:uuid:a0273f1c-6fad-54c7-a75a-32a5161da656"",""schema_name"":""lebl.backend.record"",""schema_version"":""0.3.0"",""scope_ids"":[""urn:uuid:2985f369-c946-5392-be8c-902d3c9215b2""],""semantic_aliases"":[],""semantic_key"":""lebl.ra.term.ledger.lebl-term-0365.id-id"",""status"":""active"",""supersedes_id"":null,""variants"":[""kontraksi"",""pemetaan kontraktif""],""workflow_id"":""01a01f57-a34b-7740-9717-596b8116910c/backend-production-v0.3-r006-live""}"
"urn:uuid:0ba7b197-cac8-5766-b5dc-d936c3121e28","lebl.ra.term.ledger.lebl-term-0108.id-id","urn:uuid:61e7f7db-6bea-5d11-9162-f980cb685bf3","id","id-ID","pemotongan","[]","[]","[""urn:uuid:2985f369-c946-5392-be8c-902d3c9215b2""]","formal","[{""locator"":""backend/production/v0.3/inputs/TERMINOLOGY.csv:LEBL-TERM-0108"",""sha256"":""sha256:92d8e7b15ea5e568a173e8f3615659952ed3f453a59b66c63c575e50188de216""}]","urn:uuid:a0273f1c-6fad-54c7-a75a-32a5161da656","active","LEBL-TERM-0108","truncation","admitted","{""concept_id"":""concept.number.decimal-truncation"",""evidence"":""R006 ch-real-nums.tex"",""notes"":"""",""preferred_id"":""pemotongan"",""register"":""formal"",""rejected_id"":"""",""resource_scope"":""R006"",""source_term"":""truncation"",""status"":""admitted"",""term_id"":""LEBL-TERM-0108"",""variants_id"":""""}","{""concept_id"":""urn:uuid:61e7f7db-6bea-5d11-9162-f980cb685bf3"",""evidence"":[{""locator"":""backend/production/v0.3/inputs/TERMINOLOGY.csv:LEBL-TERM-0108"",""sha256"":""sha256:92d8e7b15ea5e568a173e8f3615659952ed3f453a59b66c63c575e50188de216""}],""examples"":[],""id"":""urn:uuid:0ba7b197-cac8-5766-b5dc-d936c3121e28"",""language"":""id"",""ledger_binding"":{""concept_id"":""concept.number.decimal-truncation"",""evidence"":""R006 ch-real-nums.tex"",""notes"":"""",""preferred_id"":""pemotongan"",""register"":""formal"",""rejected_id"":"""",""resource_scope"":""R006"",""source_term"":""truncation"",""status"":""admitted"",""term_id"":""LEBL-TERM-0108"",""variants_id"":""""},""locale"":""id-ID"",""preferred"":""pemotongan"",""record_type"":""term"",""recorded_at"":""2026-08-21T00:00:00Z"",""register"":""formal"",""rejected_forms"":[],""rights_id"":""urn:uuid:a0273f1c-6fad-54c7-a75a-32a5161da656"",""schema_name"":""lebl.backend.record"",""schema_version"":""0.3.0"",""scope_ids"":[""urn:uuid:2985f369-c946-5392-be8c-902d3c9215b2""],""semantic_aliases"":[],""semantic_key"":""lebl.ra.term.ledger.lebl-term-0108.id-id"",""status"":""active"",""supersedes_id"":null,""variants"":[],""workflow_id"":""01a01f57-a34b-7740-9717-596b8116910c/backend-production-v0.3-r006-live""}"
"urn:uuid:d05204ed-0928-5fac-8ae1-982d0f606d0e","lebl.ra.term.ledger.lebl-term-0282.id-id","urn:uuid:3fc44635-f723-5029-95b0-d13a0add3c6f","id","id-ID","penggantian variabel","[]","[]","[""urn:uuid:2985f369-c946-5392-be8c-902d3c9215b2""]","formal","[{""locator"":""backend/production/v0.3/inputs/TERMINOLOGY.csv:LEBL-TERM-0282"",""sha256"":""sha256:1d94e8380e7fdaeedbbd799a6dfea082b996a87f4626a06e160c6d4f25178979""}]","urn:uuid:a0273f1c-6fad-54c7-a75a-32a5161da656","active","LEBL-TERM-0282","change of variables","admitted","{""concept_id"":""concept.integration.change-of-variables"",""evidence"":""R006 ch-riemann.tex"",""notes"":"""",""preferred_id"":""penggantian variabel"",""register"":""formal"",""rejected_id"":"""",""resource_scope"":""R006"",""source_term"":""change of variables"",""status"":""admitted"",""term_id"":""LEBL-TERM-0282"",""variants_id"":""""}","{""concept_id"":""urn:uuid:3fc44635-f723-5029-95b0-d13a0add3c6f"",""evidence"":[{""locator"":""backend/production/v0.3/inputs/TERMINOLOGY.csv:LEBL-TERM-0282"",""sha256"":""sha256:1d94e8380e7fdaeedbbd799a6dfea082b996a87f4626a06e160c6d4f25178979""}],""examples"":[],""id"":""urn:uuid:d05204ed-0928-5fac-8ae1-982d0f606d0e"",""language"":""id"",""ledger_binding"":{""concept_id"":""concept.integration.change-of-variables"",""evidence"":""R006 ch-riemann.tex"",""notes"":"""",""preferred_id"":""penggantian variabel"",""register"":""formal"",""rejected_id"":"""",""resource_scope"":""R006"",""source_term"":""change of variables"",""status"":""admitted"",""term_id"":""LEBL-TERM-0282"",""variants_id"":""""},""locale"":""id-ID"",""preferred"":""penggantian variabel"",""record_type"":""term"",""recorded_at"":""2026-08-21T00:00:00Z"",""register"":""formal"",""rejected_forms"":[],""rights_id"":""urn:uuid:a0273f1c-6fad-54c7-a75a-32a5161da656"",""schema_name"":""lebl.backend.record"",""schema_version"":""0.3.0"",""scope_ids"":[""urn:uuid:2985f369-c946-5392-be8c-902d3c9215b2""],""semantic_aliases"":[],""semantic_key"":""lebl.ra.term.ledger.lebl-term-0282.id-id"",""status"":""active"",""supersedes_id"":null,""variants"":[],""workflow_id"":""01a01f57-a34b-7740-9717-596b8116910c/backend-production-v0.3-r006-live""}"
"urn:uuid:6f297cbb-6279-5ffa-bd85-e43403983a59","lebl.ra.term.ledger.lebl-term-0271.id-id","urn:uuid:989ca0e2-6e7a-5a8f-8a83-836ccc122424","id","id-ID","penghalusan partisi","[]","[]","[""urn:uuid:2985f369-c946-5392-be8c-902d3c9215b2""]","formal","[{""locator"":""backend/production/v0.3/inputs/TERMINOLOGY.csv:LEBL-TERM-0271"",""sha256"":""sha256:b2215ecc80e5a29c69bd20d7ff890764a19917d1d9ec452c8720563c96321e2e""}]","urn:uuid:a0273f1c-6fad-54c7-a75a-32a5161da656","active","LEBL-TERM-0271","refinement of a partition","admitted","{""concept_id"":""concept.integration.partition-refinement"",""evidence"":""R006 ch-riemann.tex"",""notes"":"""",""preferred_id"":""penghalusan partisi"",""register"":""formal"",""rejected_id"":"""",""resource_scope"":""R006"",""source_term"":""refinement of a partition"",""status"":""admitted"",""term_id"":""LEBL-TERM-0271"",""variants_id"":""""}","{""concept_id"":""urn:uuid:989ca0e2-6e7a-5a8f-8a83-836ccc122424"",""evidence"":[{""locator"":""backend/production/v0.3/inputs/TERMINOLOGY.csv:LEBL-TERM-0271"",""sha256"":""sha256:b2215ecc80e5a29c69bd20d7ff890764a19917d1d9ec452c8720563c96321e2e""}],""examples"":[],""id"":""urn:uuid:6f297cbb-6279-5ffa-bd85-e43403983a59"",""language"":""id"",""ledger_binding"":{""concept_id"":""concept.integration.partition-refinement"",""evidence"":""R006 ch-riemann.tex"",""notes"":"""",""preferred_id"":""penghalusan partisi"",""register"":""formal"",""rejected_id"":"""",""resource_scope"":""R006"",""source_term"":""refinement of a partition"",""status"":""admitted"",""term_id"":""LEBL-TERM-0271"",""variants_id"":""""},""locale"":""id-ID"",""preferred"":""penghalusan partisi"",""record_type"":""term"",""recorded_at"":""2026-08-21T00:00:00Z"",""register"":""formal"",""rejected_forms"":[],""rights_id"":""urn:uuid:a0273f1c-6fad-54c7-a75a-32a5161da656"",""schema_name"":""lebl.backend.record"",""schema_version"":""0.3.0"",""scope_ids"":[""urn:uuid:2985f369-c946-5392-be8c-902d3c9215b2""],""semantic_aliases"":[],""semantic_key"":""lebl.ra.term.ledger.lebl-term-0271.id-id"",""status"":""active"",""supersedes_id"":null,""variants"":[],""workflow_id"":""01a01f57-a34b-7740-9717-596b8116910c/backend-production-v0.3-r006-live""}"
"urn:uuid:be384ac0-ebb6-5c60-a314-3b37483758e0","lebl.ra.term.ledger.lebl-term-0348.id-id","urn:uuid:2fd2aa4d-1aeb-5de2-925e-408635d9c32b","id","id-ID","penutupan","[]","[]","[""urn:uuid:2985f369-c946-5392-be8c-902d3c9215b2""]","formal","[{""locator"":""backend/production/v0.3/inputs/TERMINOLOGY.csv:LEBL-TERM-0348"",""sha256"":""sha256:415bf6f8372fd647fa3243a6f0d2b081b2af67bcf31c2ab28ce9abc8e0655f5c""}]","urn:uuid:a0273f1c-6fad-54c7-a75a-32a5161da656","active","LEBL-TERM-0348","closure","admitted","{""concept_id"":""concept.set.closure"",""evidence"":""R006 ch-metric.tex"",""notes"":"""",""preferred_id"":""penutupan"",""register"":""formal"",""rejected_id"":"""",""resource_scope"":""R006"",""source_term"":""closure"",""status"":""admitted"",""term_id"":""LEBL-TERM-0348"",""variants_id"":""""}","{""concept_id"":""urn:uuid:2fd2aa4d-1aeb-5de2-925e-408635d9c32b"",""evidence"":[{""locator"":""backend/production/v0.3/inputs/TERMINOLOGY.csv:LEBL-TERM-0348"",""sha256"":""sha256:415bf6f8372fd647fa3243a6f0d2b081b2af67bcf31c2ab28ce9abc8e0655f5c""}],""examples"":[],""id"":""urn:uuid:be384ac0-ebb6-5c60-a314-3b37483758e0"",""language"":""id"",""ledger_binding"":{""concept_id"":""concept.set.closure"",""evidence"":""R006 ch-metric.tex"",""notes"":"""",""preferred_id"":""penutupan"",""register"":""formal"",""rejected_id"":"""",""resource_scope"":""R006"",""source_term"":""closure"",""status"":""admitted"",""term_id"":""LEBL-TERM-0348"",""variants_id"":""""},""locale"":""id-ID"",""preferred"":""penutupan"",""record_type"":""term"",""recorded_at"":""2026-08-21T00:00:00Z"",""register"":""formal"",""rejected_forms"":[],""rights_id"":""urn:uuid:a0273f1c-6fad-54c7-a75a-32a5161da656"",""schema_name"":""lebl.backend.record"",""schema_version"":""0.3.0"",""scope_ids"":[""urn:uuid:2985f369-c946-5392-be8c-902d3c9215b2""],""semantic_aliases"":[],""semantic_key"":""lebl.ra.term.ledger.lebl-term-0348.id-id"",""status"":""active"",""supersedes_id"":null,""variants"":[],""workflow_id"":""01a01f57-a34b-7740-9717-596b8116910c/backend-production-v0.3-r006-live""}"
"urn:uuid:33872702-4843-5b55-b3ee-1b832601f193","lebl.ra.term.ledger.lebl-term-0148.id-id","urn:uuid:7c384e67-07ef-5d89-bbc9-dbff617f81e6","id","id-ID","penyebut bersama","[]","[]","[""urn:uuid:2985f369-c946-5392-be8c-902d3c9215b2""]","formal","[{""locator"":""backend/production/v0.3/inputs/TERMINOLOGY.csv:LEBL-TERM-0148"",""sha256"":""sha256:5dcc0d44e2f9124366acac806a63eb93cdfdbc7d67ac2d908d60a77c8e5ed7c5""}]","urn:uuid:a0273f1c-6fad-54c7-a75a-32a5161da656","active","LEBL-TERM-0148","common denominator","admitted","{""concept_id"":""concept.denominator.common"",""evidence"":""R006 ch-seq-ser.tex"",""notes"":"""",""preferred_id"":""penyebut bersama"",""register"":""formal"",""rejected_id"":"""",""resource_scope"":""R006"",""source_term"":""common denominator"",""status"":""admitted"",""term_id"":""LEBL-TERM-0148"",""variants_id"":""""}","{""concept_id"":""urn:uuid:7c384e67-07ef-5d89-bbc9-dbff617f81e6"",""evidence"":[{""locator"":""backend/production/v0.3/inputs/TERMINOLOGY.csv:LEBL-TERM-0148"",""sha256"":""sha256:5dcc0d44e2f9124366acac806a63eb93cdfdbc7d67ac2d908d60a77c8e5ed7c5""}],""examples"":[],""id"":""urn:uuid:33872702-4843-5b55-b3ee-1b832601f193"",""language"":""id"",""ledger_binding"":{""concept_id"":""concept.denominator.common"",""evidence"":""R006 ch-seq-ser.tex"",""notes"":"""",""preferred_id"":""penyebut bersama"",""register"":""formal"",""rejected_id"":"""",""resource_scope"":""R006"",""source_term"":""common denominator"",""status"":""admitted"",""term_id"":""LEBL-TERM-0148"",""variants_id"":""""},""locale"":""id-ID"",""preferred"":""penyebut bersama"",""record_type"":""term"",""recorded_at"":""2026-08-21T00:00:00Z"",""register"":""formal"",""rejected_forms"":[],""rights_id"":""urn:uuid:a0273f1c-6fad-54c7-a75a-32a5161da656"",""schema_name"":""lebl.backend.record"",""schema_version"":""0.3.0"",""scope_ids"":[""urn:uuid:2985f369-c946-5392-be8c-902d3c9215b2""],""semantic_aliases"":[],""semantic_key"":""lebl.ra.term.ledger.lebl-term-0148.id-id"",""status"":""active"",""supersedes_id"":null,""variants"":[],""workflow_id"":""01a01f57-a34b-7740-9717-596b8116910c/backend-production-v0.3-r006-live""}"
"urn:uuid:c7fdae53-2c8f-5499-914a-3899105c5820","lebl.ra.term.ledger.lebl-term-0181.id-id","urn:uuid:da94e93d-0f90-59f1-bc62-35234d220fef","id","id-ID","penyusunan ulang deret","[]","[]","[""urn:uuid:2985f369-c946-5392-be8c-902d3c9215b2""]","formal","[{""locator"":""backend/production/v0.3/inputs/TERMINOLOGY.csv:LEBL-TERM-0181"",""sha256"":""sha256:3ce60b7d2d566cde5e0aca6754d30e0f53c0425530dd13fdbf541e379b22a7f9""}]","urn:uuid:a0273f1c-6fad-54c7-a75a-32a5161da656","active","LEBL-TERM-0181","rearrangement of a series","admitted","{""concept_id"":""concept.series.rearrangement"",""evidence"":""R006 ch-seq-ser.tex"",""notes"":"""",""preferred_id"":""penyusunan ulang deret"",""register"":""formal"",""rejected_id"":"""",""resource_scope"":""R006"",""source_term"":""rearrangement of a series"",""status"":""admitted"",""term_id"":""LEBL-TERM-0181"",""variants_id"":""""}","{""concept_id"":""urn:uuid:da94e93d-0f90-59f1-bc62-35234d220fef"",""evidence"":[{""locator"":""backend/production/v0.3/inputs/TERMINOLOGY.csv:LEBL-TERM-0181"",""sha256"":""sha256:3ce60b7d2d566cde5e0aca6754d30e0f53c0425530dd13fdbf541e379b22a7f9""}],""examples"":[],""id"":""urn:uuid:c7fdae53-2c8f-5499-914a-3899105c5820"",""language"":""id"",""ledger_binding"":{""concept_id"":""concept.series.rearrangement"",""evidence"":""R006 ch-seq-ser.tex"",""notes"":"""",""preferred_id"":""penyusunan ulang deret"",""register"":""formal"",""rejected_id"":"""",""resource_scope"":""R006"",""source_term"":""rearrangement of a series"",""status"":""admitted"",""term_id"":""LEBL-TERM-0181"",""variants_id"":""""},""locale"":""id-ID"",""preferred"":""penyusunan ulang deret"",""record_type"":""term"",""recorded_at"":""2026-08-21T00:00:00Z"",""register"":""formal"",""rejected_forms"":[],""rights_id"":""urn:uuid:a0273f1c-6fad-54c7-a75a-32a5161da656"",""schema_name"":""lebl.backend.record"",""schema_version"":""0.3.0"",""scope_ids"":[""urn:uuid:2985f369-c946-5392-be8c-902d3c9215b2""],""semantic_aliases"":[],""semantic_key"":""lebl.ra.term.ledger.lebl-term-0181.id-id"",""status"":""active"",""supersedes_id"":null,""variants"":[],""workflow_id"":""01a01f57-a34b-7740-9717-596b8116910c/backend-production-v0.3-r006-live""}"
"urn:uuid:10cedf9b-66b7-59ba-a96a-915ec11a50a9","lebl.ra.term.ledger.lebl-term-0116.id-id","urn:uuid:9d412291-5a73-5ef8-ae6f-8b4461505985","id","id-ID","periode digit berulang","[]","[]","[""urn:uuid:2985f369-c946-5392-be8c-902d3c9215b2""]","formal","[{""locator"":""backend/production/v0.3/inputs/TERMINOLOGY.csv:LEBL-TERM-0116"",""sha256"":""sha256:9e0d0e0e87800bd9c9e3bd3e52f5d780dcbd25d0d19d3215e7e78b515deab588""}]","urn:uuid:a0273f1c-6fad-54c7-a75a-32a5161da656","active","LEBL-TERM-0116","repeating digit period","admitted","{""concept_id"":""concept.number.repeating-digit-period"",""evidence"":""R006 ch-real-nums.tex"",""notes"":"""",""preferred_id"":""periode digit berulang"",""register"":""formal"",""rejected_id"":"""",""resource_scope"":""R006"",""source_term"":""repeating digit period"",""status"":""admitted"",""term_id"":""LEBL-TERM-0116"",""variants_id"":""""}","{""concept_id"":""urn:uuid:9d412291-5a73-5ef8-ae6f-8b4461505985"",""evidence"":[{""locator"":""backend/production/v0.3/inputs/TERMINOLOGY.csv:LEBL-TERM-0116"",""sha256"":""sha256:9e0d0e0e87800bd9c9e3bd3e52f5d780dcbd25d0d19d3215e7e78b515deab588""}],""examples"":[],""id"":""urn:uuid:10cedf9b-66b7-59ba-a96a-915ec11a50a9"",""language"":""id"",""ledger_binding"":{""concept_id"":""concept.number.repeating-digit-period"",""evidence"":""R006 ch-real-nums.tex"",""notes"":"""",""preferred_id"":""periode digit berulang"",""register"":""formal"",""rejected_id"":"""",""resource_scope"":""R006"",""source_term"":""repeating digit period"",""status"":""admitted"",""term_id"":""LEBL-TERM-0116"",""variants_id"":""""},""locale"":""id-ID"",""preferred"":""periode digit berulang"",""record_type"":""term"",""recorded_at"":""2026-08-21T00:00:00Z"",""register"":""formal"",""rejected_forms"":[],""rights_id"":""urn:uuid:a0273f1c-6fad-54c7-a75a-32a5161da656"",""schema_name"":""lebl.backend.record"",""schema_version"":""0.3.0"",""scope_ids"":[""urn:uuid:2985f369-c946-5392-be8c-902d3c9215b2""],""semantic_aliases"":[],""semantic_key"":""lebl.ra.term.ledger.lebl-term-0116.id-id"",""status"":""active"",""supersedes_id"":null,""variants"":[],""workflow_id"":""01a01f57-a34b-7740-9717-596b8116910c/backend-production-v0.3-r006-live""}"
"urn:uuid:709b8784-49e7-5e13-bec1-d3f7aee7f6d8","lebl.ra.term.ledger.lebl-term-0184.id-id","urn:uuid:a7737795-b6c8-58d9-93ba-56711b6a34ec","id","id-ID","perkalian deret","[]","[]","[""urn:uuid:2985f369-c946-5392-be8c-902d3c9215b2""]","formal","[{""locator"":""backend/production/v0.3/inputs/TERMINOLOGY.csv:LEBL-TERM-0184"",""sha256"":""sha256:79d0ab25dec4af83dec9ee9a0acfc5fc9eebb229e912c8f9605b56456181e7cf""}]","urn:uuid:a0273f1c-6fad-54c7-a75a-32a5161da656","active","LEBL-TERM-0184","multiplication of series","admitted","{""concept_id"":""concept.series.multiplication"",""evidence"":""R006 ch-seq-ser.tex"",""notes"":"""",""preferred_id"":""perkalian deret"",""register"":""formal"",""rejected_id"":"""",""resource_scope"":""R006"",""source_term"":""multiplication of series"",""status"":""admitted"",""term_id"":""LEBL-TERM-0184"",""variants_id"":""""}","{""concept_id"":""urn:uuid:a7737795-b6c8-58d9-93ba-56711b6a34ec"",""evidence"":[{""locator"":""backend/production/v0.3/inputs/TERMINOLOGY.csv:LEBL-TERM-0184"",""sha256"":""sha256:79d0ab25dec4af83dec9ee9a0acfc5fc9eebb229e912c8f9605b56456181e7cf""}],""examples"":[],""id"":""urn:uuid:709b8784-49e7-5e13-bec1-d3f7aee7f6d8"",""language"":""id"",""ledger_binding"":{""concept_id"":""concept.series.multiplication"",""evidence"":""R006 ch-seq-ser.tex"",""notes"":"""",""preferred_id"":""perkalian deret"",""register"":""formal"",""rejected_id"":"""",""resource_scope"":""R006"",""source_term"":""multiplication of series"",""status"":""admitted"",""term_id"":""LEBL-TERM-0184"",""variants_id"":""""},""locale"":""id-ID"",""preferred"":""perkalian deret"",""record_type"":""term"",""recorded_at"":""2026-08-21T00:00:00Z"",""register"":""formal"",""rejected_forms"":[],""rights_id"":""urn:uuid:a0273f1c-6fad-54c7-a75a-32a5161da656"",""schema_name"":""lebl.backend.record"",""schema_version"":""0.3.0"",""scope_ids"":[""urn:uuid:2985f369-c946-5392-be8c-902d3c9215b2""],""semantic_aliases"":[],""semantic_key"":""lebl.ra.term.ledger.lebl-term-0184.id-id"",""status"":""active"",""supersedes_id"":null,""variants"":[],""workflow_id"":""01a01f57-a34b-7740-9717-596b8116910c/backend-production-v0.3-r006-live""}"
"urn:uuid:e7c1c39a-194d-5331-8593-3fe3d2bddff1","lebl.ra.term.ledger.lebl-term-0376.id-id","urn:uuid:98333e7d-d6f0-56ac-9025-3a4387c1bfee","id","id-ID","perkalian skalar","[]","[]","[""urn:uuid:2985f369-c946-5392-be8c-902d3c9215b2""]","formal","[{""locator"":""backend/production/v0.3/inputs/TERMINOLOGY.csv:LEBL-TERM-0376"",""sha256"":""sha256:faca40158cdf50efab9376c482f14e57fb06d9653e1718fe2c9383187c991bb3""}]","urn:uuid:a0273f1c-6fad-54c7-a75a-32a5161da656","active","LEBL-TERM-0376","scalar multiplication","admitted","{""concept_id"":""concept.operation.scalar-multiplication"",""evidence"":""R006 ch-several-vars-ders.tex"",""notes"":"""",""preferred_id"":""perkalian skalar"",""register"":""formal"",""rejected_id"":"""",""resource_scope"":""R006"",""source_term"":""scalar multiplication"",""status"":""admitted"",""term_id"":""LEBL-TERM-0376"",""variants_id"":""""}","{""concept_id"":""urn:uuid:98333e7d-d6f0-56ac-9025-3a4387c1bfee"",""evidence"":[{""locator"":""backend/production/v0.3/inputs/TERMINOLOGY.csv:LEBL-TERM-0376"",""sha256"":""sha256:faca40158cdf50efab9376c482f14e57fb06d9653e1718fe2c9383187c991bb3""}],""examples"":[],""id"":""urn:uuid:e7c1c39a-194d-5331-8593-3fe3d2bddff1"",""language"":""id"",""ledger_binding"":{""concept_id"":""concept.operation.scalar-multiplication"",""evidence"":""R006 ch-several-vars-ders.tex"",""notes"":"""",""preferred_id"":""perkalian skalar"",""register"":""formal"",""rejected_id"":"""",""resource_scope"":""R006"",""source_term"":""scalar multiplication"",""status"":""admitted"",""term_id"":""LEBL-TERM-0376"",""variants_id"":""""},""locale"":""id-ID"",""preferred"":""perkalian skalar"",""record_type"":""term"",""recorded_at"":""2026-08-21T00:00:00Z"",""register"":""formal"",""rejected_forms"":[],""rights_id"":""urn:uuid:a0273f1c-6fad-54c7-a75a-32a5161da656"",""schema_name"":""lebl.backend.record"",""schema_version"":""0.3.0"",""scope_ids"":[""urn:uuid:2985f369-c946-5392-be8c-902d3c9215b2""],""semantic_aliases"":[],""semantic_key"":""lebl.ra.term.ledger.lebl-term-0376.id-id"",""status"":""active"",""supersedes_id"":null,""variants"":[],""workflow_id"":""01a01f57-a34b-7740-9717-596b8116910c/backend-production-v0.3-r006-live""}"
"urn:uuid:25fb903b-2a2d-59bf-aaa9-3ea83e6cc031","lebl.ra.term.ledger.lebl-term-0214.id-id","urn:uuid:00205b8c-aff2-55b0-9fa8-8ea73e7e6b4f","id","id-ID","perluasan kontinu","[]","[]","[""urn:uuid:2985f369-c946-5392-be8c-902d3c9215b2""]","formal","[{""locator"":""backend/production/v0.3/inputs/TERMINOLOGY.csv:LEBL-TERM-0214"",""sha256"":""sha256:416758aaaa93728205dac69a65ba1271bc9a11f035fd59f5f39c562397609bf1""}]","urn:uuid:a0273f1c-6fad-54c7-a75a-32a5161da656","active","LEBL-TERM-0214","continuous extension","admitted","{""concept_id"":""concept.function.continuous-extension"",""evidence"":""R006 ch-contfunc.tex"",""notes"":"""",""preferred_id"":""perluasan kontinu"",""register"":""formal"",""rejected_id"":"""",""resource_scope"":""R006"",""source_term"":""continuous extension"",""status"":""admitted"",""term_id"":""LEBL-TERM-0214"",""variants_id"":""""}","{""concept_id"":""urn:uuid:00205b8c-aff2-55b0-9fa8-8ea73e7e6b4f"",""evidence"":[{""locator"":""backend/production/v0.3/inputs/TERMINOLOGY.csv:LEBL-TERM-0214"",""sha256"":""sha256:416758aaaa93728205dac69a65ba1271bc9a11f035fd59f5f39c562397609bf1""}],""examples"":[],""id"":""urn:uuid:25fb903b-2a2d-59bf-aaa9-3ea83e6cc031"",""language"":""id"",""ledger_binding"":{""concept_id"":""concept.function.continuous-extension"",""evidence"":""R006 ch-contfunc.tex"",""notes"":"""",""preferred_id"":""perluasan kontinu"",""register"":""formal"",""rejected_id"":"""",""resource_scope"":""R006"",""source_term"":""continuous extension"",""status"":""admitted"",""term_id"":""LEBL-TERM-0214"",""variants_id"":""""},""locale"":""id-ID"",""preferred"":""perluasan kontinu"",""record_type"":""term"",""recorded_at"":""2026-08-21T00:00:00Z"",""register"":""formal"",""rejected_forms"":[],""rights_id"":""urn:uuid:a0273f1c-6fad-54c7-a75a-32a5161da656"",""schema_name"":""lebl.backend.record"",""schema_version"":""0.3.0"",""scope_ids"":[""urn:uuid:2985f369-c946-5392-be8c-902d3c9215b2""],""semantic_aliases"":[],""semantic_key"":""lebl.ra.term.ledger.lebl-term-0214.id-id"",""status"":""active"",""supersedes_id"":null,""variants"":[],""workflow_id"":""01a01f57-a34b-7740-9717-596b8116910c/backend-production-v0.3-r006-live""}"
"urn:uuid:136ea3c2-ea6b-528b-b837-c9ef0248379d","lebl.ra.term.ledger.lebl-term-0439.id-id","urn:uuid:3c37da86-3cc6-5885-a80f-c1c01ba4191f","id","id-ID","permukaan Peano","[]","[]","[""urn:uuid:2985f369-c946-5392-be8c-902d3c9215b2""]","formal","[{""locator"":""backend/production/v0.3/inputs/TERMINOLOGY.csv:LEBL-TERM-0439"",""sha256"":""sha256:277c16feaf084024d10060991ebbe4da6f322fcf7607a0c4d9024c325f584cab""}]","urn:uuid:a0273f1c-6fad-54c7-a75a-32a5161da656","active","LEBL-TERM-0439","Peano surface","admitted","{""concept_id"":""concept.surface.peano"",""evidence"":""R006 ch-several-vars-ders.tex"",""notes"":"""",""preferred_id"":""permukaan Peano"",""register"":""formal"",""rejected_id"":"""",""resource_scope"":""R006"",""source_term"":""Peano surface"",""status"":""admitted"",""term_id"":""LEBL-TERM-0439"",""variants_id"":""""}","{""concept_id"":""urn:uuid:3c37da86-3cc6-5885-a80f-c1c01ba4191f"",""evidence"":[{""locator"":""backend/production/v0.3/inputs/TERMINOLOGY.csv:LEBL-TERM-0439"",""sha256"":""sha256:277c16feaf084024d10060991ebbe4da6f322fcf7607a0c4d9024c325f584cab""}],""examples"":[],""id"":""urn:uuid:136ea3c2-ea6b-528b-b837-c9ef0248379d"",""language"":""id"",""ledger_binding"":{""concept_id"":""concept.surface.peano"",""evidence"":""R006 ch-several-vars-ders.tex"",""notes"":"""",""preferred_id"":""permukaan Peano"",""register"":""formal"",""rejected_id"":"""",""resource_scope"":""R006"",""source_term"":""Peano surface"",""status"":""admitted"",""term_id"":""LEBL-TERM-0439"",""variants_id"":""""},""locale"":""id-ID"",""preferred"":""permukaan Peano"",""record_type"":""term"",""recorded_at"":""2026-08-21T00:00:00Z"",""register"":""formal"",""rejected_forms"":[],""rights_id"":""urn:uuid:a0273f1c-6fad-54c7-a75a-32a5161da656"",""schema_name"":""lebl.backend.record"",""schema_version"":""0.3.0"",""scope_ids"":[""urn:uuid:2985f369-c946-5392-be8c-902d3c9215b2""],""semantic_aliases"":[],""semantic_key"":""lebl.ra.term.ledger.lebl-term-0439.id-id"",""status"":""active"",""supersedes_id"":null,""variants"":[],""workflow_id"":""01a01f57-a34b-7740-9717-596b8116910c/backend-production-v0.3-r006-live""}"
"urn:uuid:73950d71-0858-5db5-bd16-4fb7c63c5dbc","lebl.ra.term.ledger.lebl-term-0440.id-id","urn:uuid:061d8ed5-1e01-5407-b120-27faf2011263","id","id-ID","permukaan bola satuan","[""bola satuan""]","[]","[""urn:uuid:2985f369-c946-5392-be8c-902d3c9215b2""]","formal","[{""locator"":""backend/production/v0.3/inputs/TERMINOLOGY.csv:LEBL-TERM-0440"",""sha256"":""sha256:1e5f54b6de6b3e40315375f18e45f70bf4391ccb9009ce1bb0f9790f829245c6""}]","urn:uuid:a0273f1c-6fad-54c7-a75a-32a5161da656","active","LEBL-TERM-0440","unit sphere","admitted","{""concept_id"":""concept.geometry.sphere.unit"",""evidence"":""R006 ch-several-vars-ders.tex"",""notes"":"""",""preferred_id"":""permukaan bola satuan"",""register"":""formal"",""rejected_id"":"""",""resource_scope"":""R006"",""source_term"":""unit sphere"",""status"":""admitted"",""term_id"":""LEBL-TERM-0440"",""variants_id"":""bola satuan""}","{""concept_id"":""urn:uuid:061d8ed5-1e01-5407-b120-27faf2011263"",""evidence"":[{""locator"":""backend/production/v0.3/inputs/TERMINOLOGY.csv:LEBL-TERM-0440"",""sha256"":""sha256:1e5f54b6de6b3e40315375f18e45f70bf4391ccb9009ce1bb0f9790f829245c6""}],""examples"":[],""id"":""urn:uuid:73950d71-0858-5db5-bd16-4fb7c63c5dbc"",""language"":""id"",""ledger_binding"":{""concept_id"":""concept.geometry.sphere.unit"",""evidence"":""R006 ch-several-vars-ders.tex"",""notes"":"""",""preferred_id"":""permukaan bola satuan"",""register"":""formal"",""rejected_id"":"""",""resource_scope"":""R006"",""source_term"":""unit sphere"",""status"":""admitted"",""term_id"":""LEBL-TERM-0440"",""variants_id"":""bola satuan""},""locale"":""id-ID"",""preferred"":""permukaan bola satuan"",""record_type"":""term"",""recorded_at"":""2026-08-21T00:00:00Z"",""register"":""formal"",""rejected_forms"":[],""rights_id"":""urn:uuid:a0273f1c-6fad-54c7-a75a-32a5161da656"",""schema_name"":""lebl.backend.record"",""schema_version"":""0.3.0"",""scope_ids"":[""urn:uuid:2985f369-c946-5392-be8c-902d3c9215b2""],""semantic_aliases"":[],""semantic_key"":""lebl.ra.term.ledger.lebl-term-0440.id-id"",""status"":""active"",""supersedes_id"":null,""variants"":[""bola satuan""],""workflow_id"":""01a01f57-a34b-7740-9717-596b8116910c/backend-production-v0.3-r006-live""}"
"urn:uuid:1cbd0b5c-f479-5f99-814b-01da0b478871","lebl.ra.term.ledger.lebl-term-0413.id-id","urn:uuid:045957c0-a13f-560b-8d4f-fcc6fb59a1ca","id","id-ID","permutasi","[]","[]","[""urn:uuid:2985f369-c946-5392-be8c-902d3c9215b2""]","formal","[{""locator"":""backend/production/v0.3/inputs/TERMINOLOGY.csv:LEBL-TERM-0413"",""sha256"":""sha256:9e4c811aa5e06ab004c00f3159d7f0c2be8fe871003f9b0795c29cae0e6311f6""}]","urn:uuid:a0273f1c-6fad-54c7-a75a-32a5161da656","active","LEBL-TERM-0413","permutation","admitted","{""concept_id"":""concept.permutation"",""evidence"":""R006 ch-several-vars-ders.tex"",""notes"":"""",""preferred_id"":""permutasi"",""register"":""formal"",""rejected_id"":"""",""resource_scope"":""R006"",""source_term"":""permutation"",""status"":""admitted"",""term_id"":""LEBL-TERM-0413"",""variants_id"":""""}","{""concept_id"":""urn:uuid:045957c0-a13f-560b-8d4f-fcc6fb59a1ca"",""evidence"":[{""locator"":""backend/production/v0.3/inputs/TERMINOLOGY.csv:LEBL-TERM-0413"",""sha256"":""sha256:9e4c811aa5e06ab004c00f3159d7f0c2be8fe871003f9b0795c29cae0e6311f6""}],""examples"":[],""id"":""urn:uuid:1cbd0b5c-f479-5f99-814b-01da0b478871"",""language"":""id"",""ledger_binding"":{""concept_id"":""concept.permutation"",""evidence"":""R006 ch-several-vars-ders.tex"",""notes"":"""",""preferred_id"":""permutasi"",""register"":""formal"",""rejected_id"":"""",""resource_scope"":""R006"",""source_term"":""permutation"",""status"":""admitted"",""term_id"":""LEBL-TERM-0413"",""variants_id"":""""},""locale"":""id-ID"",""preferred"":""permutasi"",""record_type"":""term"",""recorded_at"":""2026-08-21T00:00:00Z"",""register"":""formal"",""rejected_forms"":[],""rights_id"":""urn:uuid:a0273f1c-6fad-54c7-a75a-32a5161da656"",""schema_name"":""lebl.backend.record"",""schema_version"":""0.3.0"",""scope_ids"":[""urn:uuid:2985f369-c946-5392-be8c-902d3c9215b2""],""semantic_aliases"":[],""semantic_key"":""lebl.ra.term.ledger.lebl-term-0413.id-id"",""status"":""active"",""supersedes_id"":null,""variants"":[],""workflow_id"":""01a01f57-a34b-7740-9717-596b8116910c/backend-production-v0.3-r006-live""}"
"urn:uuid:7cb84a41-5343-5e6f-9cfd-918a318eb4de","lebl.ra.term.ledger.lebl-term-0416.id-id","urn:uuid:ec049854-6ec9-5d13-9ab3-556e7eb13cbb","id","id-ID","permutasi ganjil","[]","[]","[""urn:uuid:2985f369-c946-5392-be8c-902d3c9215b2""]","formal","[{""locator"":""backend/production/v0.3/inputs/TERMINOLOGY.csv:LEBL-TERM-0416"",""sha256"":""sha256:1c530ba253d5ab976307ac824631a6b78c9bffcd86789bc81fe5230735eee2e3""}]","urn:uuid:a0273f1c-6fad-54c7-a75a-32a5161da656","active","LEBL-TERM-0416","odd permutation","admitted","{""concept_id"":""concept.permutation.odd"",""evidence"":""R006 ch-several-vars-ders.tex"",""notes"":"""",""preferred_id"":""permutasi ganjil"",""register"":""formal"",""rejected_id"":"""",""resource_scope"":""R006"",""source_term"":""odd permutation"",""status"":""admitted"",""term_id"":""LEBL-TERM-0416"",""variants_id"":""""}","{""concept_id"":""urn:uuid:ec049854-6ec9-5d13-9ab3-556e7eb13cbb"",""evidence"":[{""locator"":""backend/production/v0.3/inputs/TERMINOLOGY.csv:LEBL-TERM-0416"",""sha256"":""sha256:1c530ba253d5ab976307ac824631a6b78c9bffcd86789bc81fe5230735eee2e3""}],""examples"":[],""id"":""urn:uuid:7cb84a41-5343-5e6f-9cfd-918a318eb4de"",""language"":""id"",""ledger_binding"":{""concept_id"":""concept.permutation.odd"",""evidence"":""R006 ch-several-vars-ders.tex"",""notes"":"""",""preferred_id"":""permutasi ganjil"",""register"":""formal"",""rejected_id"":"""",""resource_scope"":""R006"",""source_term"":""odd permutation"",""status"":""admitted"",""term_id"":""LEBL-TERM-0416"",""variants_id"":""""},""locale"":""id-ID"",""preferred"":""permutasi ganjil"",""record_type"":""term"",""recorded_at"":""2026-08-21T00:00:00Z"",""register"":""formal"",""rejected_forms"":[],""rights_id"":""urn:uuid:a0273f1c-6fad-54c7-a75a-32a5161da656"",""schema_name"":""lebl.backend.record"",""schema_version"":""0.3.0"",""scope_ids"":[""urn:uuid:2985f369-c946-5392-be8c-902d3c9215b2""],""semantic_aliases"":[],""semantic_key"":""lebl.ra.term.ledger.lebl-term-0416.id-id"",""status"":""active"",""supersedes_id"":null,""variants"":[],""workflow_id"":""01a01f57-a34b-7740-9717-596b8116910c/backend-production-v0.3-r006-live""}"
"urn:uuid:d77b6015-ecd1-5170-8626-cd655d8ce5db","lebl.ra.term.ledger.lebl-term-0415.id-id","urn:uuid:20cf55c1-7132-5ffb-aa03-932972603840","id","id-ID","permutasi genap","[]","[]","[""urn:uuid:2985f369-c946-5392-be8c-902d3c9215b2""]","formal","[{""locator"":""backend/production/v0.3/inputs/TERMINOLOGY.csv:LEBL-TERM-0415"",""sha256"":""sha256:5804fe34339ca72f60893c5cc5c5344b0496157b662ab6649436d51f823bb4d7""}]","urn:uuid:a0273f1c-6fad-54c7-a75a-32a5161da656","active","LEBL-TERM-0415","even permutation","admitted","{""concept_id"":""concept.permutation.even"",""evidence"":""R006 ch-several-vars-ders.tex"",""notes"":"""",""preferred_id"":""permutasi genap"",""register"":""formal"",""rejected_id"":"""",""resource_scope"":""R006"",""source_term"":""even permutation"",""status"":""admitted"",""term_id"":""LEBL-TERM-0415"",""variants_id"":""""}","{""concept_id"":""urn:uuid:20cf55c1-7132-5ffb-aa03-932972603840"",""evidence"":[{""locator"":""backend/production/v0.3/inputs/TERMINOLOGY.csv:LEBL-TERM-0415"",""sha256"":""sha256:5804fe34339ca72f60893c5cc5c5344b0496157b662ab6649436d51f823bb4d7""}],""examples"":[],""id"":""urn:uuid:d77b6015-ecd1-5170-8626-cd655d8ce5db"",""language"":""id"",""ledger_binding"":{""concept_id"":""concept.permutation.even"",""evidence"":""R006 ch-several-vars-ders.tex"",""notes"":"""",""preferred_id"":""permutasi genap"",""register"":""formal"",""rejected_id"":"""",""resource_scope"":""R006"",""source_term"":""even permutation"",""status"":""admitted"",""term_id"":""LEBL-TERM-0415"",""variants_id"":""""},""locale"":""id-ID"",""preferred"":""permutasi genap"",""record_type"":""term"",""recorded_at"":""2026-08-21T00:00:00Z"",""register"":""formal"",""rejected_forms"":[],""rights_id"":""urn:uuid:a0273f1c-6fad-54c7-a75a-32a5161da656"",""schema_name"":""lebl.backend.record"",""schema_version"":""0.3.0"",""scope_ids"":[""urn:uuid:2985f369-c946-5392-be8c-902d3c9215b2""],""semantic_aliases"":[],""semantic_key"":""lebl.ra.term.ledger.lebl-term-0415.id-id"",""status"":""active"",""supersedes_id"":null,""variants"":[],""workflow_id"":""01a01f57-a34b-7740-9717-596b8116910c/backend-production-v0.3-r006-live""}"
"urn:uuid:76c28612-bdf2-53a3-b243-6e49e0cacf71","lebl.ra.term.ledger.lebl-term-0021.id-id","urn:uuid:8260a8c4-4c02-5b12-9d0e-33a61a1400ed","id","id-ID","pernyataan dasar","[""kasus dasar""]","[]","[""urn:uuid:2985f369-c946-5392-be8c-902d3c9215b2""]","formal","[{""locator"":""backend/production/v0.3/inputs/TERMINOLOGY.csv:LEBL-TERM-0021"",""sha256"":""sha256:d36b07f2b32a51052a25134ce8a0fa66e0ad257850ac04bbd738673495367ab2""}]","urn:uuid:a0273f1c-6fad-54c7-a75a-32a5161da656","active","LEBL-TERM-0021","basis statement","admitted","{""concept_id"":""concept.proof.induction-basis"",""evidence"":""R006 ch-vol1-intro.tex"",""notes"":""Source specifically calls this a statement rather than a case."",""preferred_id"":""pernyataan dasar"",""register"":""formal"",""rejected_id"":"""",""resource_scope"":""R006"",""source_term"":""basis statement"",""status"":""admitted"",""term_id"":""LEBL-TERM-0021"",""variants_id"":""kasus dasar""}","{""concept_id"":""urn:uuid:8260a8c4-4c02-5b12-9d0e-33a61a1400ed"",""evidence"":[{""locator"":""backend/production/v0.3/inputs/TERMINOLOGY.csv:LEBL-TERM-0021"",""sha256"":""sha256:d36b07f2b32a51052a25134ce8a0fa66e0ad257850ac04bbd738673495367ab2""}],""examples"":[],""id"":""urn:uuid:76c28612-bdf2-53a3-b243-6e49e0cacf71"",""language"":""id"",""ledger_binding"":{""concept_id"":""concept.proof.induction-basis"",""evidence"":""R006 ch-vol1-intro.tex"",""notes"":""Source specifically calls this a statement rather than a case."",""preferred_id"":""pernyataan dasar"",""register"":""formal"",""rejected_id"":"""",""resource_scope"":""R006"",""source_term"":""basis statement"",""status"":""admitted"",""term_id"":""LEBL-TERM-0021"",""variants_id"":""kasus dasar""},""locale"":""id-ID"",""preferred"":""pernyataan dasar"",""record_type"":""term"",""recorded_at"":""2026-08-21T00:00:00Z"",""register"":""formal"",""rejected_forms"":[],""rights_id"":""urn:uuid:a0273f1c-6fad-54c7-a75a-32a5161da656"",""schema_name"":""lebl.backend.record"",""schema_version"":""0.3.0"",""scope_ids"":[""urn:uuid:2985f369-c946-5392-be8c-902d3c9215b2""],""semantic_aliases"":[],""semantic_key"":""lebl.ra.term.ledger.lebl-term-0021.id-id"",""status"":""active"",""supersedes_id"":null,""variants"":[""kasus dasar""],""workflow_id"":""01a01f57-a34b-7740-9717-596b8116910c/backend-production-v0.3-r006-live""}"
"urn:uuid:88bab9b1-b43b-57e7-bc49-bb32aaf627b2","lebl.ra.term.ledger.lebl-term-0307.id-id","urn:uuid:40e85bdf-074f-5e27-a862-72e36d4e50a5","id","id-ID","persamaan diferensial","[]","[]","[""urn:uuid:2985f369-c946-5392-be8c-902d3c9215b2""]","formal","[{""locator"":""backend/production/v0.3/inputs/TERMINOLOGY.csv:LEBL-TERM-0307"",""sha256"":""sha256:497c5e7126ec3a2567550c838a1692e5a12253c07956d3cd258d5d19bc222c7b""}]","urn:uuid:a0273f1c-6fad-54c7-a75a-32a5161da656","active","LEBL-TERM-0307","differential equation","admitted","{""concept_id"":""concept.equation.differential"",""evidence"":""R006 ch-seq-funcs.tex"",""notes"":"""",""preferred_id"":""persamaan diferensial"",""register"":""formal"",""rejected_id"":"""",""resource_scope"":""R006"",""source_term"":""differential equation"",""status"":""admitted"",""term_id"":""LEBL-TERM-0307"",""variants_id"":""""}","{""concept_id"":""urn:uuid:40e85bdf-074f-5e27-a862-72e36d4e50a5"",""evidence"":[{""locator"":""backend/production/v0.3/inputs/TERMINOLOGY.csv:LEBL-TERM-0307"",""sha256"":""sha256:497c5e7126ec3a2567550c838a1692e5a12253c07956d3cd258d5d19bc222c7b""}],""examples"":[],""id"":""urn:uuid:88bab9b1-b43b-57e7-bc49-bb32aaf627b2"",""language"":""id"",""ledger_binding"":{""concept_id"":""concept.equation.differential"",""evidence"":""R006 ch-seq-funcs.tex"",""notes"":"""",""preferred_id"":""persamaan diferensial"",""register"":""formal"",""rejected_id"":"""",""resource_scope"":""R006"",""source_term"":""differential equation"",""status"":""admitted"",""term_id"":""LEBL-TERM-0307"",""variants_id"":""""},""locale"":""id-ID"",""preferred"":""persamaan diferensial"",""record_type"":""term"",""recorded_at"":""2026-08-21T00:00:00Z"",""register"":""formal"",""rejected_forms"":[],""rights_id"":""urn:uuid:a0273f1c-6fad-54c7-a75a-32a5161da656"",""schema_name"":""lebl.backend.record"",""schema_version"":""0.3.0"",""scope_ids"":[""urn:uuid:2985f369-c946-5392-be8c-902d3c9215b2""],""semantic_aliases"":[],""semantic_key"":""lebl.ra.term.ledger.lebl-term-0307.id-id"",""status"":""active"",""supersedes_id"":null,""variants"":[],""workflow_id"":""01a01f57-a34b-7740-9717-596b8116910c/backend-production-v0.3-r006-live""}"
"urn:uuid:e4c11169-e747-50f7-a84e-f28df16cee7b","lebl.ra.term.ledger.lebl-term-0308.id-id","urn:uuid:c66990a5-a8b2-5444-9bf7-734877170bab","id","id-ID","persamaan diferensial biasa","[]","[]","[""urn:uuid:2985f369-c946-5392-be8c-902d3c9215b2""]","formal","[{""locator"":""backend/production/v0.3/inputs/TERMINOLOGY.csv:LEBL-TERM-0308"",""sha256"":""sha256:d5ba85b420d534a144d8c337b891b812ea5666bddcb3177ab3a881a0d842070b""}]","urn:uuid:a0273f1c-6fad-54c7-a75a-32a5161da656","active","LEBL-TERM-0308","ordinary differential equation","admitted","{""concept_id"":""concept.equation.ordinary-differential"",""evidence"":""R006 ch-seq-funcs.tex"",""notes"":"""",""preferred_id"":""persamaan diferensial biasa"",""register"":""formal"",""rejected_id"":"""",""resource_scope"":""R006"",""source_term"":""ordinary differential equation"",""status"":""admitted"",""term_id"":""LEBL-TERM-0308"",""variants_id"":""""}","{""concept_id"":""urn:uuid:c66990a5-a8b2-5444-9bf7-734877170bab"",""evidence"":[{""locator"":""backend/production/v0.3/inputs/TERMINOLOGY.csv:LEBL-TERM-0308"",""sha256"":""sha256:d5ba85b420d534a144d8c337b891b812ea5666bddcb3177ab3a881a0d842070b""}],""examples"":[],""id"":""urn:uuid:e4c11169-e747-50f7-a84e-f28df16cee7b"",""language"":""id"",""ledger_binding"":{""concept_id"":""concept.equation.ordinary-differential"",""evidence"":""R006 ch-seq-funcs.tex"",""notes"":"""",""preferred_id"":""persamaan diferensial biasa"",""register"":""formal"",""rejected_id"":"""",""resource_scope"":""R006"",""source_term"":""ordinary differential equation"",""status"":""admitted"",""term_id"":""LEBL-TERM-0308"",""variants_id"":""""},""locale"":""id-ID"",""preferred"":""persamaan diferensial biasa"",""record_type"":""term"",""recorded_at"":""2026-08-21T00:00:00Z"",""register"":""formal"",""rejected_forms"":[],""rights_id"":""urn:uuid:a0273f1c-6fad-54c7-a75a-32a5161da656"",""schema_name"":""lebl.backend.record"",""schema_version"":""0.3.0"",""scope_ids"":[""urn:uuid:2985f369-c946-5392-be8c-902d3c9215b2""],""semantic_aliases"":[],""semantic_key"":""lebl.ra.term.ledger.lebl-term-0308.id-id"",""status"":""active"",""supersedes_id"":null,""variants"":[],""workflow_id"":""01a01f57-a34b-7740-9717-596b8116910c/backend-production-v0.3-r006-live""}"
"urn:uuid:62a96b85-bdf8-5c82-96cd-67c78e18dd81","lebl.ra.term.ledger.lebl-term-0309.id-id","urn:uuid:e20c80ab-4a63-53e8-9104-bb4fd6aa4dc8","id","id-ID","persamaan diferensial biasa orde satu","[]","[]","[""urn:uuid:2985f369-c946-5392-be8c-902d3c9215b2""]","formal","[{""locator"":""backend/production/v0.3/inputs/TERMINOLOGY.csv:LEBL-TERM-0309"",""sha256"":""sha256:4e324cf8de13650dc3c79f5131e0c3c9f3dacdc605cec7b5ae105af0590ec1df""}]","urn:uuid:a0273f1c-6fad-54c7-a75a-32a5161da656","active","LEBL-TERM-0309","first-order ordinary differential equation","admitted","{""concept_id"":""concept.equation.first-order-ordinary-differential"",""evidence"":""R006 ch-seq-funcs.tex"",""notes"":"""",""preferred_id"":""persamaan diferensial biasa orde satu"",""register"":""formal"",""rejected_id"":"""",""resource_scope"":""R006"",""source_term"":""first-order ordinary differential equation"",""status"":""admitted"",""term_id"":""LEBL-TERM-0309"",""variants_id"":""""}","{""concept_id"":""urn:uuid:e20c80ab-4a63-53e8-9104-bb4fd6aa4dc8"",""evidence"":[{""locator"":""backend/production/v0.3/inputs/TERMINOLOGY.csv:LEBL-TERM-0309"",""sha256"":""sha256:4e324cf8de13650dc3c79f5131e0c3c9f3dacdc605cec7b5ae105af0590ec1df""}],""examples"":[],""id"":""urn:uuid:62a96b85-bdf8-5c82-96cd-67c78e18dd81"",""language"":""id"",""ledger_binding"":{""concept_id"":""concept.equation.first-order-ordinary-differential"",""evidence"":""R006 ch-seq-funcs.tex"",""notes"":"""",""preferred_id"":""persamaan diferensial biasa orde satu"",""register"":""formal"",""rejected_id"":"""",""resource_scope"":""R006"",""source_term"":""first-order ordinary differential equation"",""status"":""admitted"",""term_id"":""LEBL-TERM-0309"",""variants_id"":""""},""locale"":""id-ID"",""preferred"":""persamaan diferensial biasa orde satu"",""record_type"":""term"",""recorded_at"":""2026-08-21T00:00:00Z"",""register"":""formal"",""rejected_forms"":[],""rights_id"":""urn:uuid:a0273f1c-6fad-54c7-a75a-32a5161da656"",""schema_name"":""lebl.backend.record"",""schema_version"":""0.3.0"",""scope_ids"":[""urn:uuid:2985f369-c946-5392-be8c-902d3c9215b2""],""semantic_aliases"":[],""semantic_key"":""lebl.ra.term.ledger.lebl-term-0309.id-id"",""status"":""active"",""supersedes_id"":null,""variants"":[],""workflow_id"":""01a01f57-a34b-7740-9717-596b8116910c/backend-production-v0.3-r006-live""}"
"urn:uuid:9728b67a-3d69-58e4-a270-1f87a3f7d5a1","lebl.ra.term.ledger.lebl-term-0319.id-id","urn:uuid:315c3192-667e-5e25-89d5-0245f23e860c","id","id-ID","persamaan diferensial linear orde satu","[]","[]","[""urn:uuid:2985f369-c946-5392-be8c-902d3c9215b2""]","formal","[{""locator"":""backend/production/v0.3/inputs/TERMINOLOGY.csv:LEBL-TERM-0319"",""sha256"":""sha256:3b62a4f058000c772a3b36b78246111b9c04ccaa7476e77b110f051974def52f""}]","urn:uuid:a0273f1c-6fad-54c7-a75a-32a5161da656","active","LEBL-TERM-0319","linear first-order differential equation","admitted","{""concept_id"":""concept.equation.linear-first-order-differential"",""evidence"":""R006 ch-seq-funcs.tex"",""notes"":"""",""preferred_id"":""persamaan diferensial linear orde satu"",""register"":""formal"",""rejected_id"":"""",""resource_scope"":""R006"",""source_term"":""linear first-order differential equation"",""status"":""admitted"",""term_id"":""LEBL-TERM-0319"",""variants_id"":""""}","{""concept_id"":""urn:uuid:315c3192-667e-5e25-89d5-0245f23e860c"",""evidence"":[{""locator"":""backend/production/v0.3/inputs/TERMINOLOGY.csv:LEBL-TERM-0319"",""sha256"":""sha256:3b62a4f058000c772a3b36b78246111b9c04ccaa7476e77b110f051974def52f""}],""examples"":[],""id"":""urn:uuid:9728b67a-3d69-58e4-a270-1f87a3f7d5a1"",""language"":""id"",""ledger_binding"":{""concept_id"":""concept.equation.linear-first-order-differential"",""evidence"":""R006 ch-seq-funcs.tex"",""notes"":"""",""preferred_id"":""persamaan diferensial linear orde satu"",""register"":""formal"",""rejected_id"":"""",""resource_scope"":""R006"",""source_term"":""linear first-order differential equation"",""status"":""admitted"",""term_id"":""LEBL-TERM-0319"",""variants_id"":""""},""locale"":""id-ID"",""preferred"":""persamaan diferensial linear orde satu"",""record_type"":""term"",""recorded_at"":""2026-08-21T00:00:00Z"",""register"":""formal"",""rejected_forms"":[],""rights_id"":""urn:uuid:a0273f1c-6fad-54c7-a75a-32a5161da656"",""schema_name"":""lebl.backend.record"",""schema_version"":""0.3.0"",""scope_ids"":[""urn:uuid:2985f369-c946-5392-be8c-902d3c9215b2""],""semantic_aliases"":[],""semantic_key"":""lebl.ra.term.ledger.lebl-term-0319.id-id"",""status"":""active"",""supersedes_id"":null,""variants"":[],""workflow_id"":""01a01f57-a34b-7740-9717-596b8116910c/backend-production-v0.3-r006-live""}"
"urn:uuid:93e0b5cf-4d02-59da-a380-309dc07af62d","lebl.ra.term.ledger.lebl-term-0411.id-id","urn:uuid:2f0fae35-035f-564c-bc03-f108196efc8b","id","id-ID","perubahan basis","[]","[]","[""urn:uuid:2985f369-c946-5392-be8c-902d3c9215b2""]","formal","[{""locator"":""backend/production/v0.3/inputs/TERMINOLOGY.csv:LEBL-TERM-0411"",""sha256"":""sha256:4bad08225cadb5a310597fc424ff3d2b804e8aef51229134bd14d1898e84a906""}]","urn:uuid:a0273f1c-6fad-54c7-a75a-32a5161da656","active","LEBL-TERM-0411","change of basis","admitted","{""concept_id"":""concept.basis.change"",""evidence"":""R006 ch-several-vars-ders.tex"",""notes"":"""",""preferred_id"":""perubahan basis"",""register"":""formal"",""rejected_id"":"""",""resource_scope"":""R006"",""source_term"":""change of basis"",""status"":""admitted"",""term_id"":""LEBL-TERM-0411"",""variants_id"":""""}","{""concept_id"":""urn:uuid:2f0fae35-035f-564c-bc03-f108196efc8b"",""evidence"":[{""locator"":""backend/production/v0.3/inputs/TERMINOLOGY.csv:LEBL-TERM-0411"",""sha256"":""sha256:4bad08225cadb5a310597fc424ff3d2b804e8aef51229134bd14d1898e84a906""}],""examples"":[],""id"":""urn:uuid:93e0b5cf-4d02-59da-a380-309dc07af62d"",""language"":""id"",""ledger_binding"":{""concept_id"":""concept.basis.change"",""evidence"":""R006 ch-several-vars-ders.tex"",""notes"":"""",""preferred_id"":""perubahan basis"",""register"":""formal"",""rejected_id"":"""",""resource_scope"":""R006"",""source_term"":""change of basis"",""status"":""admitted"",""term_id"":""LEBL-TERM-0411"",""variants_id"":""""},""locale"":""id-ID"",""preferred"":""perubahan basis"",""record_type"":""term"",""recorded_at"":""2026-08-21T00:00:00Z"",""register"":""formal"",""rejected_forms"":[],""rights_id"":""urn:uuid:a0273f1c-6fad-54c7-a75a-32a5161da656"",""schema_name"":""lebl.backend.record"",""schema_version"":""0.3.0"",""scope_ids"":[""urn:uuid:2985f369-c946-5392-be8c-902d3c9215b2""],""semantic_aliases"":[],""semantic_key"":""lebl.ra.term.ledger.lebl-term-0411.id-id"",""status"":""active"",""supersedes_id"":null,""variants"":[],""workflow_id"":""01a01f57-a34b-7740-9717-596b8116910c/backend-production-v0.3-r006-live""}"
"urn:uuid:d23de1fd-2c42-5bb7-ade8-aa3d4fab3e6b","lebl.ra.term.ledger.lebl-term-0252.id-id","urn:uuid:de27747b-3804-5c39-a390-57c2f7730eb3","id","id-ID","polinom Taylor","[]","[]","[""urn:uuid:2985f369-c946-5392-be8c-902d3c9215b2""]","formal","[{""locator"":""backend/production/v0.3/inputs/TERMINOLOGY.csv:LEBL-TERM-0252"",""sha256"":""sha256:7ff2c12d4d23d2460629b7c69bf6733ff47fedc22c992953720eec4df73faa2e""}]","urn:uuid:a0273f1c-6fad-54c7-a75a-32a5161da656","active","LEBL-TERM-0252","Taylor polynomial","admitted","{""concept_id"":""concept.calculus.taylor-polynomial"",""evidence"":""R006 ch-der.tex"",""notes"":"""",""preferred_id"":""polinom Taylor"",""register"":""formal"",""rejected_id"":"""",""resource_scope"":""R006"",""source_term"":""Taylor polynomial"",""status"":""admitted"",""term_id"":""LEBL-TERM-0252"",""variants_id"":""""}","{""concept_id"":""urn:uuid:de27747b-3804-5c39-a390-57c2f7730eb3"",""evidence"":[{""locator"":""backend/production/v0.3/inputs/TERMINOLOGY.csv:LEBL-TERM-0252"",""sha256"":""sha256:7ff2c12d4d23d2460629b7c69bf6733ff47fedc22c992953720eec4df73faa2e""}],""examples"":[],""id"":""urn:uuid:d23de1fd-2c42-5bb7-ade8-aa3d4fab3e6b"",""language"":""id"",""ledger_binding"":{""concept_id"":""concept.calculus.taylor-polynomial"",""evidence"":""R006 ch-der.tex"",""notes"":"""",""preferred_id"":""polinom Taylor"",""register"":""formal"",""rejected_id"":"""",""resource_scope"":""R006"",""source_term"":""Taylor polynomial"",""status"":""admitted"",""term_id"":""LEBL-TERM-0252"",""variants_id"":""""},""locale"":""id-ID"",""preferred"":""polinom Taylor"",""record_type"":""term"",""recorded_at"":""2026-08-21T00:00:00Z"",""register"":""formal"",""rejected_forms"":[],""rights_id"":""urn:uuid:a0273f1c-6fad-54c7-a75a-32a5161da656"",""schema_name"":""lebl.backend.record"",""schema_version"":""0.3.0"",""scope_ids"":[""urn:uuid:2985f369-c946-5392-be8c-902d3c9215b2""],""semantic_aliases"":[],""semantic_key"":""lebl.ra.term.ledger.lebl-term-0252.id-id"",""status"":""active"",""supersedes_id"":null,""variants"":[],""workflow_id"":""01a01f57-a34b-7740-9717-596b8116910c/backend-production-v0.3-r006-live""}"
"urn:uuid:c1c13935-c1bf-5735-b94f-c4e327d84a76","lebl.ra.term.ledger.lebl-term-0209.id-id","urn:uuid:551d344b-c0de-5895-9e3f-323251dca8a5","id","id-ID","polinom monik","[]","[]","[""urn:uuid:2985f369-c946-5392-be8c-902d3c9215b2""]","formal","[{""locator"":""backend/production/v0.3/inputs/TERMINOLOGY.csv:LEBL-TERM-0209"",""sha256"":""sha256:e3dccaa1959e39b0f9669d2daedf5711fa7484c5ec17d680a99fa562100f6a58""}]","urn:uuid:a0273f1c-6fad-54c7-a75a-32a5161da656","active","LEBL-TERM-0209","monic polynomial","admitted","{""concept_id"":""concept.polynomial.monic"",""evidence"":""R006 ch-contfunc.tex"",""notes"":"""",""preferred_id"":""polinom monik"",""register"":""formal"",""rejected_id"":"""",""resource_scope"":""R006"",""source_term"":""monic polynomial"",""status"":""admitted"",""term_id"":""LEBL-TERM-0209"",""variants_id"":""""}","{""concept_id"":""urn:uuid:551d344b-c0de-5895-9e3f-323251dca8a5"",""evidence"":[{""locator"":""backend/production/v0.3/inputs/TERMINOLOGY.csv:LEBL-TERM-0209"",""sha256"":""sha256:e3dccaa1959e39b0f9669d2daedf5711fa7484c5ec17d680a99fa562100f6a58""}],""examples"":[],""id"":""urn:uuid:c1c13935-c1bf-5735-b94f-c4e327d84a76"",""language"":""id"",""ledger_binding"":{""concept_id"":""concept.polynomial.monic"",""evidence"":""R006 ch-contfunc.tex"",""notes"":"""",""preferred_id"":""polinom monik"",""register"":""formal"",""rejected_id"":"""",""resource_scope"":""R006"",""source_term"":""monic polynomial"",""status"":""admitted"",""term_id"":""LEBL-TERM-0209"",""variants_id"":""""},""locale"":""id-ID"",""preferred"":""polinom monik"",""record_type"":""term"",""recorded_at"":""2026-08-21T00:00:00Z"",""register"":""formal"",""rejected_forms"":[],""rights_id"":""urn:uuid:a0273f1c-6fad-54c7-a75a-32a5161da656"",""schema_name"":""lebl.backend.record"",""schema_version"":""0.3.0"",""scope_ids"":[""urn:uuid:2985f369-c946-5392-be8c-902d3c9215b2""],""semantic_aliases"":[],""semantic_key"":""lebl.ra.term.ledger.lebl-term-0209.id-id"",""status"":""active"",""supersedes_id"":null,""variants"":[],""workflow_id"":""01a01f57-a34b-7740-9717-596b8116910c/backend-production-v0.3-r006-live""}"
"urn:uuid:f9c77ee3-846d-5d96-830b-699d354700ac","lebl.ra.term.ledger.lebl-term-0077.id-id","urn:uuid:95c9e95e-c7f6-518b-96e3-d4cff6e69ee4","id","id-ID","positif","[]","[]","[""urn:uuid:2985f369-c946-5392-be8c-902d3c9215b2""]","formal","[{""locator"":""backend/production/v0.3/inputs/TERMINOLOGY.csv:LEBL-TERM-0077"",""sha256"":""sha256:186fce7554c9c12d8469f550bc48456bd800dae19e9177639448f394215ef574""}]","urn:uuid:a0273f1c-6fad-54c7-a75a-32a5161da656","active","LEBL-TERM-0077","positive","admitted","{""concept_id"":""concept.number.positive"",""evidence"":""R006 ch-real-nums.tex"",""notes"":"""",""preferred_id"":""positif"",""register"":""formal"",""rejected_id"":"""",""resource_scope"":""R006"",""source_term"":""positive"",""status"":""admitted"",""term_id"":""LEBL-TERM-0077"",""variants_id"":""""}","{""concept_id"":""urn:uuid:95c9e95e-c7f6-518b-96e3-d4cff6e69ee4"",""evidence"":[{""locator"":""backend/production/v0.3/inputs/TERMINOLOGY.csv:LEBL-TERM-0077"",""sha256"":""sha256:186fce7554c9c12d8469f550bc48456bd800dae19e9177639448f394215ef574""}],""examples"":[],""id"":""urn:uuid:f9c77ee3-846d-5d96-830b-699d354700ac"",""language"":""id"",""ledger_binding"":{""concept_id"":""concept.number.positive"",""evidence"":""R006 ch-real-nums.tex"",""notes"":"""",""preferred_id"":""positif"",""register"":""formal"",""rejected_id"":"""",""resource_scope"":""R006"",""source_term"":""positive"",""status"":""admitted"",""term_id"":""LEBL-TERM-0077"",""variants_id"":""""},""locale"":""id-ID"",""preferred"":""positif"",""record_type"":""term"",""recorded_at"":""2026-08-21T00:00:00Z"",""register"":""formal"",""rejected_forms"":[],""rights_id"":""urn:uuid:a0273f1c-6fad-54c7-a75a-32a5161da656"",""schema_name"":""lebl.backend.record"",""schema_version"":""0.3.0"",""scope_ids"":[""urn:uuid:2985f369-c946-5392-be8c-902d3c9215b2""],""semantic_aliases"":[],""semantic_key"":""lebl.ra.term.ledger.lebl-term-0077.id-id"",""status"":""active"",""supersedes_id"":null,""variants"":[],""workflow_id"":""01a01f57-a34b-7740-9717-596b8116910c/backend-production-v0.3-r006-live""}"
"urn:uuid:f22b414a-ac31-5713-8d6a-c137871a9148","lebl.ra.term.ledger.lebl-term-0088.id-id","urn:uuid:7b339790-afb8-57e1-b8b6-c43d6fd3e10d","id","id-ID","potongan Dedekind","[]","[]","[""urn:uuid:2985f369-c946-5392-be8c-902d3c9215b2""]","formal","[{""locator"":""backend/production/v0.3/inputs/TERMINOLOGY.csv:LEBL-TERM-0088"",""sha256"":""sha256:35101bac5a7411ad3a38960980af6dafadf5760aec3af485132defa1997789f9""}]","urn:uuid:a0273f1c-6fad-54c7-a75a-32a5161da656","active","LEBL-TERM-0088","Dedekind cut","admitted","{""concept_id"":""concept.order.dedekind-cut"",""evidence"":""R006 ch-real-nums.tex"",""notes"":"""",""preferred_id"":""potongan Dedekind"",""register"":""formal"",""rejected_id"":"""",""resource_scope"":""R006"",""source_term"":""Dedekind cut"",""status"":""admitted"",""term_id"":""LEBL-TERM-0088"",""variants_id"":""""}","{""concept_id"":""urn:uuid:7b339790-afb8-57e1-b8b6-c43d6fd3e10d"",""evidence"":[{""locator"":""backend/production/v0.3/inputs/TERMINOLOGY.csv:LEBL-TERM-0088"",""sha256"":""sha256:35101bac5a7411ad3a38960980af6dafadf5760aec3af485132defa1997789f9""}],""examples"":[],""id"":""urn:uuid:f22b414a-ac31-5713-8d6a-c137871a9148"",""language"":""id"",""ledger_binding"":{""concept_id"":""concept.order.dedekind-cut"",""evidence"":""R006 ch-real-nums.tex"",""notes"":"""",""preferred_id"":""potongan Dedekind"",""register"":""formal"",""rejected_id"":"""",""resource_scope"":""R006"",""source_term"":""Dedekind cut"",""status"":""admitted"",""term_id"":""LEBL-TERM-0088"",""variants_id"":""""},""locale"":""id-ID"",""preferred"":""potongan Dedekind"",""record_type"":""term"",""recorded_at"":""2026-08-21T00:00:00Z"",""register"":""formal"",""rejected_forms"":[],""rights_id"":""urn:uuid:a0273f1c-6fad-54c7-a75a-32a5161da656"",""schema_name"":""lebl.backend.record"",""schema_version"":""0.3.0"",""scope_ids"":[""urn:uuid:2985f369-c946-5392-be8c-902d3c9215b2""],""semantic_aliases"":[],""semantic_key"":""lebl.ra.term.ledger.lebl-term-0088.id-id"",""status"":""active"",""supersedes_id"":null,""variants"":[],""workflow_id"":""01a01f57-a34b-7740-9717-596b8116910c/backend-production-v0.3-r006-live""}"
"urn:uuid:ac93c665-a826-5b7f-924c-d4d63e5092fe","lebl.ra.term.ledger.lebl-term-0039.id-id","urn:uuid:9d496619-8e90-5f18-8e6c-c0ce35abcb60","id","id-ID","prapeta","[""citra invers""]","[]","[""urn:uuid:2985f369-c946-5392-be8c-902d3c9215b2""]","formal","[{""locator"":""backend/production/v0.3/inputs/TERMINOLOGY.csv:LEBL-TERM-0039"",""sha256"":""sha256:44a43fb3af8c97cd81335000b58306fee1df47809e6fc86f9a5b35bad3ee2dca""}]","urn:uuid:a0273f1c-6fad-54c7-a75a-32a5161da656","active","LEBL-TERM-0039","inverse image","admitted","{""concept_id"":""concept.function.inverse-image"",""evidence"":""R006 ch-vol1-intro.tex"",""notes"":""Do not confuse the inverse image set with an inverse-function value."",""preferred_id"":""prapeta"",""register"":""formal"",""rejected_id"":"""",""resource_scope"":""R006"",""source_term"":""inverse image"",""status"":""admitted"",""term_id"":""LEBL-TERM-0039"",""variants_id"":""citra invers""}","{""concept_id"":""urn:uuid:9d496619-8e90-5f18-8e6c-c0ce35abcb60"",""evidence"":[{""locator"":""backend/production/v0.3/inputs/TERMINOLOGY.csv:LEBL-TERM-0039"",""sha256"":""sha256:44a43fb3af8c97cd81335000b58306fee1df47809e6fc86f9a5b35bad3ee2dca""}],""examples"":[],""id"":""urn:uuid:ac93c665-a826-5b7f-924c-d4d63e5092fe"",""language"":""id"",""ledger_binding"":{""concept_id"":""concept.function.inverse-image"",""evidence"":""R006 ch-vol1-intro.tex"",""notes"":""Do not confuse the inverse image set with an inverse-function value."",""preferred_id"":""prapeta"",""register"":""formal"",""rejected_id"":"""",""resource_scope"":""R006"",""source_term"":""inverse image"",""status"":""admitted"",""term_id"":""LEBL-TERM-0039"",""variants_id"":""citra invers""},""locale"":""id-ID"",""preferred"":""prapeta"",""record_type"":""term"",""recorded_at"":""2026-08-21T00:00:00Z"",""register"":""formal"",""rejected_forms"":[],""rights_id"":""urn:uuid:a0273f1c-6fad-54c7-a75a-32a5161da656"",""schema_name"":""lebl.backend.record"",""schema_version"":""0.3.0"",""scope_ids"":[""urn:uuid:2985f369-c946-5392-be8c-902d3c9215b2""],""semantic_aliases"":[],""semantic_key"":""lebl.ra.term.ledger.lebl-term-0039.id-id"",""status"":""active"",""supersedes_id"":null,""variants"":[""citra invers""],""workflow_id"":""01a01f57-a34b-7740-9717-596b8116910c/backend-production-v0.3-r006-live""}"
"urn:uuid:0fffdb4b-ac31-5b11-b0ef-e0cff33dce5e","lebl.ra.term.ledger.lebl-term-0020.id-id","urn:uuid:1ba9143f-0392-5d48-94d5-55770e9204c4","id","id-ID","prinsip induksi","[]","[]","[""urn:uuid:2985f369-c946-5392-be8c-902d3c9215b2""]","formal","[{""locator"":""backend/production/v0.3/inputs/TERMINOLOGY.csv:LEBL-TERM-0020"",""sha256"":""sha256:916e545864d605ae24cb125889b2f55dfd8a9b044c0c8c08fa15e82be0af023c""}]","urn:uuid:a0273f1c-6fad-54c7-a75a-32a5161da656","active","LEBL-TERM-0020","principle of induction","admitted","{""concept_id"":""concept.proof.induction-principle"",""evidence"":""R006 ch-vol1-intro.tex"",""notes"":"""",""preferred_id"":""prinsip induksi"",""register"":""formal"",""rejected_id"":"""",""resource_scope"":""R006"",""source_term"":""principle of induction"",""status"":""admitted"",""term_id"":""LEBL-TERM-0020"",""variants_id"":""""}","{""concept_id"":""urn:uuid:1ba9143f-0392-5d48-94d5-55770e9204c4"",""evidence"":[{""locator"":""backend/production/v0.3/inputs/TERMINOLOGY.csv:LEBL-TERM-0020"",""sha256"":""sha256:916e545864d605ae24cb125889b2f55dfd8a9b044c0c8c08fa15e82be0af023c""}],""examples"":[],""id"":""urn:uuid:0fffdb4b-ac31-5b11-b0ef-e0cff33dce5e"",""language"":""id"",""ledger_binding"":{""concept_id"":""concept.proof.induction-principle"",""evidence"":""R006 ch-vol1-intro.tex"",""notes"":"""",""preferred_id"":""prinsip induksi"",""register"":""formal"",""rejected_id"":"""",""resource_scope"":""R006"",""source_term"":""principle of induction"",""status"":""admitted"",""term_id"":""LEBL-TERM-0020"",""variants_id"":""""},""locale"":""id-ID"",""preferred"":""prinsip induksi"",""record_type"":""term"",""recorded_at"":""2026-08-21T00:00:00Z"",""register"":""formal"",""rejected_forms"":[],""rights_id"":""urn:uuid:a0273f1c-6fad-54c7-a75a-32a5161da656"",""schema_name"":""lebl.backend.record"",""schema_version"":""0.3.0"",""scope_ids"":[""urn:uuid:2985f369-c946-5392-be8c-902d3c9215b2""],""semantic_aliases"":[],""semantic_key"":""lebl.ra.term.ledger.lebl-term-0020.id-id"",""status"":""active"",""supersedes_id"":null,""variants"":[],""workflow_id"":""01a01f57-a34b-7740-9717-596b8116910c/backend-production-v0.3-r006-live""}"
"urn:uuid:dce1451f-1e8d-5ab7-871a-30a00e858c1f","lebl.ra.term.ledger.lebl-term-0176.id-id","urn:uuid:7a0f3b8a-08da-5645-814e-1f539394a68f","id","id-ID","prinsip kondensasi Cauchy","[]","[]","[""urn:uuid:2985f369-c946-5392-be8c-902d3c9215b2""]","formal","[{""locator"":""backend/production/v0.3/inputs/TERMINOLOGY.csv:LEBL-TERM-0176"",""sha256"":""sha256:218eff8e51ee2537ee881546ad3853a23da299324262a4dc9edb0e70be808a22""}]","urn:uuid:a0273f1c-6fad-54c7-a75a-32a5161da656","active","LEBL-TERM-0176","Cauchy condensation principle","admitted","{""concept_id"":""concept.principle.cauchy-condensation"",""evidence"":""R006 ch-seq-ser.tex"",""notes"":"""",""preferred_id"":""prinsip kondensasi Cauchy"",""register"":""formal"",""rejected_id"":"""",""resource_scope"":""R006"",""source_term"":""Cauchy condensation principle"",""status"":""admitted"",""term_id"":""LEBL-TERM-0176"",""variants_id"":""""}","{""concept_id"":""urn:uuid:7a0f3b8a-08da-5645-814e-1f539394a68f"",""evidence"":[{""locator"":""backend/production/v0.3/inputs/TERMINOLOGY.csv:LEBL-TERM-0176"",""sha256"":""sha256:218eff8e51ee2537ee881546ad3853a23da299324262a4dc9edb0e70be808a22""}],""examples"":[],""id"":""urn:uuid:dce1451f-1e8d-5ab7-871a-30a00e858c1f"",""language"":""id"",""ledger_binding"":{""concept_id"":""concept.principle.cauchy-condensation"",""evidence"":""R006 ch-seq-ser.tex"",""notes"":"""",""preferred_id"":""prinsip kondensasi Cauchy"",""register"":""formal"",""rejected_id"":"""",""resource_scope"":""R006"",""source_term"":""Cauchy condensation principle"",""status"":""admitted"",""term_id"":""LEBL-TERM-0176"",""variants_id"":""""},""locale"":""id-ID"",""preferred"":""prinsip kondensasi Cauchy"",""record_type"":""term"",""recorded_at"":""2026-08-21T00:00:00Z"",""register"":""formal"",""rejected_forms"":[],""rights_id"":""urn:uuid:a0273f1c-6fad-54c7-a75a-32a5161da656"",""schema_name"":""lebl.backend.record"",""schema_version"":""0.3.0"",""scope_ids"":[""urn:uuid:2985f369-c946-5392-be8c-902d3c9215b2""],""semantic_aliases"":[],""semantic_key"":""lebl.ra.term.ledger.lebl-term-0176.id-id"",""status"":""active"",""supersedes_id"":null,""variants"":[],""workflow_id"":""01a01f57-a34b-7740-9717-596b8116910c/backend-production-v0.3-r006-live""}"
"urn:uuid:48327155-473c-525c-8eea-ad3cc3fc6ea8","lebl.ra.term.ledger.lebl-term-0367.id-id","urn:uuid:57960cb1-a7f0-5cc6-a6ad-c42be4e6bae2","id","id-ID","prinsip pemetaan kontraksi","[]","[]","[""urn:uuid:2985f369-c946-5392-be8c-902d3c9215b2""]","formal","[{""locator"":""backend/production/v0.3/inputs/TERMINOLOGY.csv:LEBL-TERM-0367"",""sha256"":""sha256:86e8954c31662d5c8d3f071f70dcc0b2aa6ca03900e4d9e8ad4dd677053b48eb""}]","urn:uuid:a0273f1c-6fad-54c7-a75a-32a5161da656","active","LEBL-TERM-0367","contraction mapping principle","admitted","{""concept_id"":""concept.principle.contraction-mapping"",""evidence"":""R006 ch-metric.tex"",""notes"":"""",""preferred_id"":""prinsip pemetaan kontraksi"",""register"":""formal"",""rejected_id"":"""",""resource_scope"":""R006"",""source_term"":""contraction mapping principle"",""status"":""admitted"",""term_id"":""LEBL-TERM-0367"",""variants_id"":""""}","{""concept_id"":""urn:uuid:57960cb1-a7f0-5cc6-a6ad-c42be4e6bae2"",""evidence"":[{""locator"":""backend/production/v0.3/inputs/TERMINOLOGY.csv:LEBL-TERM-0367"",""sha256"":""sha256:86e8954c31662d5c8d3f071f70dcc0b2aa6ca03900e4d9e8ad4dd677053b48eb""}],""examples"":[],""id"":""urn:uuid:48327155-473c-525c-8eea-ad3cc3fc6ea8"",""language"":""id"",""ledger_binding"":{""concept_id"":""concept.principle.contraction-mapping"",""evidence"":""R006 ch-metric.tex"",""notes"":"""",""preferred_id"":""prinsip pemetaan kontraksi"",""register"":""formal"",""rejected_id"":"""",""resource_scope"":""R006"",""source_term"":""contraction mapping principle"",""status"":""admitted"",""term_id"":""LEBL-TERM-0367"",""variants_id"":""""},""locale"":""id-ID"",""preferred"":""prinsip pemetaan kontraksi"",""record_type"":""term"",""recorded_at"":""2026-08-21T00:00:00Z"",""register"":""formal"",""rejected_forms"":[],""rights_id"":""urn:uuid:a0273f1c-6fad-54c7-a75a-32a5161da656"",""schema_name"":""lebl.backend.record"",""schema_version"":""0.3.0"",""scope_ids"":[""urn:uuid:2985f369-c946-5392-be8c-902d3c9215b2""],""semantic_aliases"":[],""semantic_key"":""lebl.ra.term.ledger.lebl-term-0367.id-id"",""status"":""active"",""supersedes_id"":null,""variants"":[],""workflow_id"":""01a01f57-a34b-7740-9717-596b8116910c/backend-production-v0.3-r006-live""}"
"urn:uuid:9b738c22-5577-5d8e-84c2-91a7528f786b","lebl.ra.term.ledger.lebl-term-0032.id-id","urn:uuid:18161830-b6a0-5ff4-9d48-8a17edf38ee4","id","id-ID","produk Kartesius","[]","[]","[""urn:uuid:2985f369-c946-5392-be8c-902d3c9215b2""]","formal","[{""locator"":""backend/production/v0.3/inputs/TERMINOLOGY.csv:LEBL-TERM-0032"",""sha256"":""sha256:940eefae95acaef5f399fc648f603d0908ce494e43971595e95ee6e88d64bd80""}]","urn:uuid:a0273f1c-6fad-54c7-a75a-32a5161da656","active","LEBL-TERM-0032","Cartesian product","admitted","{""concept_id"":""concept.set-theory.cartesian-product"",""evidence"":""R006 ch-vol1-intro.tex"",""notes"":"""",""preferred_id"":""produk Kartesius"",""register"":""formal"",""rejected_id"":"""",""resource_scope"":""R006"",""source_term"":""Cartesian product"",""status"":""admitted"",""term_id"":""LEBL-TERM-0032"",""variants_id"":""""}","{""concept_id"":""urn:uuid:18161830-b6a0-5ff4-9d48-8a17edf38ee4"",""evidence"":[{""locator"":""backend/production/v0.3/inputs/TERMINOLOGY.csv:LEBL-TERM-0032"",""sha256"":""sha256:940eefae95acaef5f399fc648f603d0908ce494e43971595e95ee6e88d64bd80""}],""examples"":[],""id"":""urn:uuid:9b738c22-5577-5d8e-84c2-91a7528f786b"",""language"":""id"",""ledger_binding"":{""concept_id"":""concept.set-theory.cartesian-product"",""evidence"":""R006 ch-vol1-intro.tex"",""notes"":"""",""preferred_id"":""produk Kartesius"",""register"":""formal"",""rejected_id"":"""",""resource_scope"":""R006"",""source_term"":""Cartesian product"",""status"":""admitted"",""term_id"":""LEBL-TERM-0032"",""variants_id"":""""},""locale"":""id-ID"",""preferred"":""produk Kartesius"",""record_type"":""term"",""recorded_at"":""2026-08-21T00:00:00Z"",""register"":""formal"",""rejected_forms"":[],""rights_id"":""urn:uuid:a0273f1c-6fad-54c7-a75a-32a5161da656"",""schema_name"":""lebl.backend.record"",""schema_version"":""0.3.0"",""scope_ids"":[""urn:uuid:2985f369-c946-5392-be8c-902d3c9215b2""],""semantic_aliases"":[],""semantic_key"":""lebl.ra.term.ledger.lebl-term-0032.id-id"",""status"":""active"",""supersedes_id"":null,""variants"":[],""workflow_id"":""01a01f57-a34b-7740-9717-596b8116910c/backend-production-v0.3-r006-live""}"
"urn:uuid:006a77f9-3182-517f-b459-ff6e437d9ac9","lebl.ra.term.ledger.lebl-term-0362.id-id","urn:uuid:34d8bc54-36d4-5f88-9e2a-e5db01cbe3e9","id","id-ID","proper","[""pemetaan proper""]","[]","[""urn:uuid:2985f369-c946-5392-be8c-902d3c9215b2""]","formal","[{""locator"":""backend/production/v0.3/inputs/TERMINOLOGY.csv:LEBL-TERM-0362"",""sha256"":""sha256:13ba9ef3705e50ea59cf4ce9b467bd0fd0fc9908e70b78242e13268b0030c8dc""}]","urn:uuid:a0273f1c-6fad-54c7-a75a-32a5161da656","active","LEBL-TERM-0362","proper map","admitted","{""concept_id"":""concept.map.proper"",""evidence"":""R006 ch-metric.tex"",""notes"":""Technical loan retained in the indexed exercise term."",""preferred_id"":""proper"",""register"":""formal"",""rejected_id"":"""",""resource_scope"":""R006"",""source_term"":""proper map"",""status"":""admitted"",""term_id"":""LEBL-TERM-0362"",""variants_id"":""pemetaan proper""}","{""concept_id"":""urn:uuid:34d8bc54-36d4-5f88-9e2a-e5db01cbe3e9"",""evidence"":[{""locator"":""backend/production/v0.3/inputs/TERMINOLOGY.csv:LEBL-TERM-0362"",""sha256"":""sha256:13ba9ef3705e50ea59cf4ce9b467bd0fd0fc9908e70b78242e13268b0030c8dc""}],""examples"":[],""id"":""urn:uuid:006a77f9-3182-517f-b459-ff6e437d9ac9"",""language"":""id"",""ledger_binding"":{""concept_id"":""concept.map.proper"",""evidence"":""R006 ch-metric.tex"",""notes"":""Technical loan retained in the indexed exercise term."",""preferred_id"":""proper"",""register"":""formal"",""rejected_id"":"""",""resource_scope"":""R006"",""source_term"":""proper map"",""status"":""admitted"",""term_id"":""LEBL-TERM-0362"",""variants_id"":""pemetaan proper""},""locale"":""id-ID"",""preferred"":""proper"",""record_type"":""term"",""recorded_at"":""2026-08-21T00:00:00Z"",""register"":""formal"",""rejected_forms"":[],""rights_id"":""urn:uuid:a0273f1c-6fad-54c7-a75a-32a5161da656"",""schema_name"":""lebl.backend.record"",""schema_version"":""0.3.0"",""scope_ids"":[""urn:uuid:2985f369-c946-5392-be8c-902d3c9215b2""],""semantic_aliases"":[],""semantic_key"":""lebl.ra.term.ledger.lebl-term-0362.id-id"",""status"":""active"",""supersedes_id"":null,""variants"":[""pemetaan proper""],""workflow_id"":""01a01f57-a34b-7740-9717-596b8116910c/backend-production-v0.3-r006-live""}"
"urn:uuid:6106e5e9-a2e4-5ca5-906a-ac8b45699d68","lebl.ra.term.ledger.lebl-term-0027.id-id","urn:uuid:a59b3bc5-9d3a-56fe-bb44-79a359683531","id","id-ID","proposisi","[]","[]","[""urn:uuid:2985f369-c946-5392-be8c-902d3c9215b2""]","formal","[{""locator"":""backend/production/v0.3/inputs/TERMINOLOGY.csv:LEBL-TERM-0027"",""sha256"":""sha256:beb91e034ac238177578235e9dc352d435c40aef1c26e34eebddb954c98bfb91""}]","urn:uuid:a0273f1c-6fad-54c7-a75a-32a5161da656","active","LEBL-TERM-0027","proposition","admitted","{""concept_id"":""concept.result.proposition"",""evidence"":""R006 realanal.tex and ch-vol1-intro.tex"",""notes"":"""",""preferred_id"":""proposisi"",""register"":""formal"",""rejected_id"":"""",""resource_scope"":""R006"",""source_term"":""proposition"",""status"":""admitted"",""term_id"":""LEBL-TERM-0027"",""variants_id"":""""}","{""concept_id"":""urn:uuid:a59b3bc5-9d3a-56fe-bb44-79a359683531"",""evidence"":[{""locator"":""backend/production/v0.3/inputs/TERMINOLOGY.csv:LEBL-TERM-0027"",""sha256"":""sha256:beb91e034ac238177578235e9dc352d435c40aef1c26e34eebddb954c98bfb91""}],""examples"":[],""id"":""urn:uuid:6106e5e9-a2e4-5ca5-906a-ac8b45699d68"",""language"":""id"",""ledger_binding"":{""concept_id"":""concept.result.proposition"",""evidence"":""R006 realanal.tex and ch-vol1-intro.tex"",""notes"":"""",""preferred_id"":""proposisi"",""register"":""formal"",""rejected_id"":"""",""resource_scope"":""R006"",""source_term"":""proposition"",""status"":""admitted"",""term_id"":""LEBL-TERM-0027"",""variants_id"":""""},""locale"":""id-ID"",""preferred"":""proposisi"",""record_type"":""term"",""recorded_at"":""2026-08-21T00:00:00Z"",""register"":""formal"",""rejected_forms"":[],""rights_id"":""urn:uuid:a0273f1c-6fad-54c7-a75a-32a5161da656"",""schema_name"":""lebl.backend.record"",""schema_version"":""0.3.0"",""scope_ids"":[""urn:uuid:2985f369-c946-5392-be8c-902d3c9215b2""],""semantic_aliases"":[],""semantic_key"":""lebl.ra.term.ledger.lebl-term-0027.id-id"",""status"":""active"",""supersedes_id"":null,""variants"":[],""workflow_id"":""01a01f57-a34b-7740-9717-596b8116910c/backend-production-v0.3-r006-live""}"
"urn:uuid:05f2a87d-0c28-55c0-8d68-55afc01b89ad","lebl.ra.term.ledger.lebl-term-0155.id-id","urn:uuid:e47850c6-bf7e-5a3a-8064-85a2225abb27","id","id-ID","puncak","[]","[]","[""urn:uuid:2985f369-c946-5392-be8c-902d3c9215b2""]","formal","[{""locator"":""backend/production/v0.3/inputs/TERMINOLOGY.csv:LEBL-TERM-0155"",""sha256"":""sha256:561efbb22442dfc6ee3c7c5dcdf961a48076bc89cf5fd093ff2c5dcad9bd1210""}]","urn:uuid:a0273f1c-6fad-54c7-a75a-32a5161da656","active","LEBL-TERM-0155","peak","admitted","{""concept_id"":""concept.sequence.peak"",""evidence"":""R006 ch-seq-ser.tex"",""notes"":"""",""preferred_id"":""puncak"",""register"":""formal"",""rejected_id"":"""",""resource_scope"":""R006"",""source_term"":""peak"",""status"":""admitted"",""term_id"":""LEBL-TERM-0155"",""variants_id"":""""}","{""concept_id"":""urn:uuid:e47850c6-bf7e-5a3a-8064-85a2225abb27"",""evidence"":[{""locator"":""backend/production/v0.3/inputs/TERMINOLOGY.csv:LEBL-TERM-0155"",""sha256"":""sha256:561efbb22442dfc6ee3c7c5dcdf961a48076bc89cf5fd093ff2c5dcad9bd1210""}],""examples"":[],""id"":""urn:uuid:05f2a87d-0c28-55c0-8d68-55afc01b89ad"",""language"":""id"",""ledger_binding"":{""concept_id"":""concept.sequence.peak"",""evidence"":""R006 ch-seq-ser.tex"",""notes"":"""",""preferred_id"":""puncak"",""register"":""formal"",""rejected_id"":"""",""resource_scope"":""R006"",""source_term"":""peak"",""status"":""admitted"",""term_id"":""LEBL-TERM-0155"",""variants_id"":""""},""locale"":""id-ID"",""preferred"":""puncak"",""record_type"":""term"",""recorded_at"":""2026-08-21T00:00:00Z"",""register"":""formal"",""rejected_forms"":[],""rights_id"":""urn:uuid:a0273f1c-6fad-54c7-a75a-32a5161da656"",""schema_name"":""lebl.backend.record"",""schema_version"":""0.3.0"",""scope_ids"":[""urn:uuid:2985f369-c946-5392-be8c-902d3c9215b2""],""semantic_aliases"":[],""semantic_key"":""lebl.ra.term.ledger.lebl-term-0155.id-id"",""status"":""active"",""supersedes_id"":null,""variants"":[],""workflow_id"":""01a01f57-a34b-7740-9717-596b8116910c/backend-production-v0.3-r006-live""}"
"urn:uuid:a98cb44d-9deb-5223-94a5-0f2874610652","lebl.ra.term.ledger.lebl-term-0427.id-id","urn:uuid:2eb0bb13-5209-50e1-80b9-10416e0f9d4d","id","id-ID","radius spektral","[]","[]","[""urn:uuid:2985f369-c946-5392-be8c-902d3c9215b2""]","formal","[{""locator"":""backend/production/v0.3/inputs/TERMINOLOGY.csv:LEBL-TERM-0427"",""sha256"":""sha256:92520c07fbef57e193ebe974ed901b77c46b487a333c124f3ebc4aa03676f99c""}]","urn:uuid:a0273f1c-6fad-54c7-a75a-32a5161da656","active","LEBL-TERM-0427","spectral radius","admitted","{""concept_id"":""concept.radius.spectral"",""evidence"":""R006 ch-several-vars-ders.tex"",""notes"":"""",""preferred_id"":""radius spektral"",""register"":""formal"",""rejected_id"":"""",""resource_scope"":""R006"",""source_term"":""spectral radius"",""status"":""admitted"",""term_id"":""LEBL-TERM-0427"",""variants_id"":""""}","{""concept_id"":""urn:uuid:2eb0bb13-5209-50e1-80b9-10416e0f9d4d"",""evidence"":[{""locator"":""backend/production/v0.3/inputs/TERMINOLOGY.csv:LEBL-TERM-0427"",""sha256"":""sha256:92520c07fbef57e193ebe974ed901b77c46b487a333c124f3ebc4aa03676f99c""}],""examples"":[],""id"":""urn:uuid:a98cb44d-9deb-5223-94a5-0f2874610652"",""language"":""id"",""ledger_binding"":{""concept_id"":""concept.radius.spectral"",""evidence"":""R006 ch-several-vars-ders.tex"",""notes"":"""",""preferred_id"":""radius spektral"",""register"":""formal"",""rejected_id"":"""",""resource_scope"":""R006"",""source_term"":""spectral radius"",""status"":""admitted"",""term_id"":""LEBL-TERM-0427"",""variants_id"":""""},""locale"":""id-ID"",""preferred"":""radius spektral"",""record_type"":""term"",""recorded_at"":""2026-08-21T00:00:00Z"",""register"":""formal"",""rejected_forms"":[],""rights_id"":""urn:uuid:a0273f1c-6fad-54c7-a75a-32a5161da656"",""schema_name"":""lebl.backend.record"",""schema_version"":""0.3.0"",""scope_ids"":[""urn:uuid:2985f369-c946-5392-be8c-902d3c9215b2""],""semantic_aliases"":[],""semantic_key"":""lebl.ra.term.ledger.lebl-term-0427.id-id"",""status"":""active"",""supersedes_id"":null,""variants"":[],""workflow_id"":""01a01f57-a34b-7740-9717-596b8116910c/backend-production-v0.3-r006-live""}"
"urn:uuid:f176a00d-5f04-55b6-bc82-81c682afe251","lebl.ra.term.ledger.lebl-term-0049.id-id","urn:uuid:344cbb32-1646-5686-a409-fe4396bb6657","id","id-ID","refleksif","[]","[]","[""urn:uuid:2985f369-c946-5392-be8c-902d3c9215b2""]","formal","[{""locator"":""backend/production/v0.3/inputs/TERMINOLOGY.csv:LEBL-TERM-0049"",""sha256"":""sha256:d737721a6214652ae0b494445a34ee73a78556c23c15d2ea2ab1d73c1f1a7f86""}]","urn:uuid:a0273f1c-6fad-54c7-a75a-32a5161da656","active","LEBL-TERM-0049","reflexive","admitted","{""concept_id"":""concept.relation.reflexive"",""evidence"":""R006 ch-vol1-intro.tex"",""notes"":"""",""preferred_id"":""refleksif"",""register"":""formal"",""rejected_id"":"""",""resource_scope"":""R006"",""source_term"":""reflexive"",""status"":""admitted"",""term_id"":""LEBL-TERM-0049"",""variants_id"":""""}","{""concept_id"":""urn:uuid:344cbb32-1646-5686-a409-fe4396bb6657"",""evidence"":[{""locator"":""backend/production/v0.3/inputs/TERMINOLOGY.csv:LEBL-TERM-0049"",""sha256"":""sha256:d737721a6214652ae0b494445a34ee73a78556c23c15d2ea2ab1d73c1f1a7f86""}],""examples"":[],""id"":""urn:uuid:f176a00d-5f04-55b6-bc82-81c682afe251"",""language"":""id"",""ledger_binding"":{""concept_id"":""concept.relation.reflexive"",""evidence"":""R006 ch-vol1-intro.tex"",""notes"":"""",""preferred_id"":""refleksif"",""register"":""formal"",""rejected_id"":"""",""resource_scope"":""R006"",""source_term"":""reflexive"",""status"":""admitted"",""term_id"":""LEBL-TERM-0049"",""variants_id"":""""},""locale"":""id-ID"",""preferred"":""refleksif"",""record_type"":""term"",""recorded_at"":""2026-08-21T00:00:00Z"",""register"":""formal"",""rejected_forms"":[],""rights_id"":""urn:uuid:a0273f1c-6fad-54c7-a75a-32a5161da656"",""schema_name"":""lebl.backend.record"",""schema_version"":""0.3.0"",""scope_ids"":[""urn:uuid:2985f369-c946-5392-be8c-902d3c9215b2""],""semantic_aliases"":[],""semantic_key"":""lebl.ra.term.ledger.lebl-term-0049.id-id"",""status"":""active"",""supersedes_id"":null,""variants"":[],""workflow_id"":""01a01f57-a34b-7740-9717-596b8116910c/backend-production-v0.3-r006-live""}"
"urn:uuid:d59e6059-f5c1-58a1-94f6-dd2f20624711","lebl.ra.term.ledger.lebl-term-0048.id-id","urn:uuid:f32a4c74-5b31-55a3-9565-82c64c56541b","id","id-ID","relasi biner","[]","[]","[""urn:uuid:2985f369-c946-5392-be8c-902d3c9215b2""]","formal","[{""locator"":""backend/production/v0.3/inputs/TERMINOLOGY.csv:LEBL-TERM-0048"",""sha256"":""sha256:738b8b6170fbdcc14f532d73128e7e499fd44a2493baebf7cf64bb0a94d10300""}]","urn:uuid:a0273f1c-6fad-54c7-a75a-32a5161da656","active","LEBL-TERM-0048","binary relation","admitted","{""concept_id"":""concept.relation.binary-relation"",""evidence"":""R006 ch-vol1-intro.tex"",""notes"":"""",""preferred_id"":""relasi biner"",""register"":""formal"",""rejected_id"":"""",""resource_scope"":""R006"",""source_term"":""binary relation"",""status"":""admitted"",""term_id"":""LEBL-TERM-0048"",""variants_id"":""""}","{""concept_id"":""urn:uuid:f32a4c74-5b31-55a3-9565-82c64c56541b"",""evidence"":[{""locator"":""backend/production/v0.3/inputs/TERMINOLOGY.csv:LEBL-TERM-0048"",""sha256"":""sha256:738b8b6170fbdcc14f532d73128e7e499fd44a2493baebf7cf64bb0a94d10300""}],""examples"":[],""id"":""urn:uuid:d59e6059-f5c1-58a1-94f6-dd2f20624711"",""language"":""id"",""ledger_binding"":{""concept_id"":""concept.relation.binary-relation"",""evidence"":""R006 ch-vol1-intro.tex"",""notes"":"""",""preferred_id"":""relasi biner"",""register"":""formal"",""rejected_id"":"""",""resource_scope"":""R006"",""source_term"":""binary relation"",""status"":""admitted"",""term_id"":""LEBL-TERM-0048"",""variants_id"":""""},""locale"":""id-ID"",""preferred"":""relasi biner"",""record_type"":""term"",""recorded_at"":""2026-08-21T00:00:00Z"",""register"":""formal"",""rejected_forms"":[],""rights_id"":""urn:uuid:a0273f1c-6fad-54c7-a75a-32a5161da656"",""schema_name"":""lebl.backend.record"",""schema_version"":""0.3.0"",""scope_ids"":[""urn:uuid:2985f369-c946-5392-be8c-902d3c9215b2""],""semantic_aliases"":[],""semantic_key"":""lebl.ra.term.ledger.lebl-term-0048.id-id"",""status"":""active"",""supersedes_id"":null,""variants"":[],""workflow_id"":""01a01f57-a34b-7740-9717-596b8116910c/backend-production-v0.3-r006-live""}"
"urn:uuid:40a69357-b406-5378-a490-c0b9a745eb09","lebl.ra.term.ledger.lebl-term-0052.id-id","urn:uuid:74b94672-9ed7-5818-bd9d-d03dab5e639c","id","id-ID","relasi ekuivalensi","[]","[]","[""urn:uuid:2985f369-c946-5392-be8c-902d3c9215b2""]","formal","[{""locator"":""backend/production/v0.3/inputs/TERMINOLOGY.csv:LEBL-TERM-0052"",""sha256"":""sha256:086dfc7ef680cdcad6087fdfbaed85ed0eb811b3f809019817c3d2fb6f27b8d9""}]","urn:uuid:a0273f1c-6fad-54c7-a75a-32a5161da656","active","LEBL-TERM-0052","equivalence relation","admitted","{""concept_id"":""concept.relation.equivalence-relation"",""evidence"":""R006 ch-vol1-intro.tex"",""notes"":"""",""preferred_id"":""relasi ekuivalensi"",""register"":""formal"",""rejected_id"":"""",""resource_scope"":""R006"",""source_term"":""equivalence relation"",""status"":""admitted"",""term_id"":""LEBL-TERM-0052"",""variants_id"":""""}","{""concept_id"":""urn:uuid:74b94672-9ed7-5818-bd9d-d03dab5e639c"",""evidence"":[{""locator"":""backend/production/v0.3/inputs/TERMINOLOGY.csv:LEBL-TERM-0052"",""sha256"":""sha256:086dfc7ef680cdcad6087fdfbaed85ed0eb811b3f809019817c3d2fb6f27b8d9""}],""examples"":[],""id"":""urn:uuid:40a69357-b406-5378-a490-c0b9a745eb09"",""language"":""id"",""ledger_binding"":{""concept_id"":""concept.relation.equivalence-relation"",""evidence"":""R006 ch-vol1-intro.tex"",""notes"":"""",""preferred_id"":""relasi ekuivalensi"",""register"":""formal"",""rejected_id"":"""",""resource_scope"":""R006"",""source_term"":""equivalence relation"",""status"":""admitted"",""term_id"":""LEBL-TERM-0052"",""variants_id"":""""},""locale"":""id-ID"",""preferred"":""relasi ekuivalensi"",""record_type"":""term"",""recorded_at"":""2026-08-21T00:00:00Z"",""register"":""formal"",""rejected_forms"":[],""rights_id"":""urn:uuid:a0273f1c-6fad-54c7-a75a-32a5161da656"",""schema_name"":""lebl.backend.record"",""schema_version"":""0.3.0"",""scope_ids"":[""urn:uuid:2985f369-c946-5392-be8c-902d3c9215b2""],""semantic_aliases"":[],""semantic_key"":""lebl.ra.term.ledger.lebl-term-0052.id-id"",""status"":""active"",""supersedes_id"":null,""variants"":[],""workflow_id"":""01a01f57-a34b-7740-9717-596b8116910c/backend-production-v0.3-r006-live""}"
"urn:uuid:5a053af9-277c-56fb-a783-585f69c257b5","lebl.ra.term.ledger.lebl-term-0359.id-id","urn:uuid:bd6a16c9-598d-5dc8-8de3-262cbe1e7fa1","id","id-ID","relatif kompak","[]","[]","[""urn:uuid:2985f369-c946-5392-be8c-902d3c9215b2""]","formal","[{""locator"":""backend/production/v0.3/inputs/TERMINOLOGY.csv:LEBL-TERM-0359"",""sha256"":""sha256:3f17138263d083e814dba9b61f28b72f97ed696e5e8311e910c68250a79db4c2""}]","urn:uuid:a0273f1c-6fad-54c7-a75a-32a5161da656","active","LEBL-TERM-0359","relatively compact","admitted","{""concept_id"":""concept.compactness.relative"",""evidence"":""R006 ch-metric.tex"",""notes"":"""",""preferred_id"":""relatif kompak"",""register"":""formal"",""rejected_id"":"""",""resource_scope"":""R006"",""source_term"":""relatively compact"",""status"":""admitted"",""term_id"":""LEBL-TERM-0359"",""variants_id"":""""}","{""concept_id"":""urn:uuid:bd6a16c9-598d-5dc8-8de3-262cbe1e7fa1"",""evidence"":[{""locator"":""backend/production/v0.3/inputs/TERMINOLOGY.csv:LEBL-TERM-0359"",""sha256"":""sha256:3f17138263d083e814dba9b61f28b72f97ed696e5e8311e910c68250a79db4c2""}],""examples"":[],""id"":""urn:uuid:5a053af9-277c-56fb-a783-585f69c257b5"",""language"":""id"",""ledger_binding"":{""concept_id"":""concept.compactness.relative"",""evidence"":""R006 ch-metric.tex"",""notes"":"""",""preferred_id"":""relatif kompak"",""register"":""formal"",""rejected_id"":"""",""resource_scope"":""R006"",""source_term"":""relatively compact"",""status"":""admitted"",""term_id"":""LEBL-TERM-0359"",""variants_id"":""""},""locale"":""id-ID"",""preferred"":""relatif kompak"",""record_type"":""term"",""recorded_at"":""2026-08-21T00:00:00Z"",""register"":""formal"",""rejected_forms"":[],""rights_id"":""urn:uuid:a0273f1c-6fad-54c7-a75a-32a5161da656"",""schema_name"":""lebl.backend.record"",""schema_version"":""0.3.0"",""scope_ids"":[""urn:uuid:2985f369-c946-5392-be8c-902d3c9215b2""],""semantic_aliases"":[],""semantic_key"":""lebl.ra.term.ledger.lebl-term-0359.id-id"",""status"":""active"",""supersedes_id"":null,""variants"":[],""workflow_id"":""01a01f57-a34b-7740-9717-596b8116910c/backend-production-v0.3-r006-live""}"
"urn:uuid:46d2f16d-8fbc-5cd2-b525-e3812c9203ec","lebl.ra.term.ledger.lebl-term-0380.id-id","urn:uuid:af92b6d9-d0ce-5b6e-b5bc-76474d9e42e7","id","id-ID","rentang","[""merentang""]","[]","[""urn:uuid:2985f369-c946-5392-be8c-902d3c9215b2""]","formal","[{""locator"":""backend/production/v0.3/inputs/TERMINOLOGY.csv:LEBL-TERM-0380"",""sha256"":""sha256:b3549623a96fbff6a9629d6bc7f49040b2b6770bd65ec1f0a6a06a24a7068f11""}]","urn:uuid:a0273f1c-6fad-54c7-a75a-32a5161da656","active","LEBL-TERM-0380","span","admitted","{""concept_id"":""concept.span.linear"",""evidence"":""R006 ch-several-vars-ders.tex"",""notes"":""Use rentang as the noun and merentang as the verb; distinguish from function range."",""preferred_id"":""rentang"",""register"":""formal"",""rejected_id"":"""",""resource_scope"":""R006"",""source_term"":""span"",""status"":""admitted"",""term_id"":""LEBL-TERM-0380"",""variants_id"":""merentang""}","{""concept_id"":""urn:uuid:af92b6d9-d0ce-5b6e-b5bc-76474d9e42e7"",""evidence"":[{""locator"":""backend/production/v0.3/inputs/TERMINOLOGY.csv:LEBL-TERM-0380"",""sha256"":""sha256:b3549623a96fbff6a9629d6bc7f49040b2b6770bd65ec1f0a6a06a24a7068f11""}],""examples"":[],""id"":""urn:uuid:46d2f16d-8fbc-5cd2-b525-e3812c9203ec"",""language"":""id"",""ledger_binding"":{""concept_id"":""concept.span.linear"",""evidence"":""R006 ch-several-vars-ders.tex"",""notes"":""Use rentang as the noun and merentang as the verb; distinguish from function range."",""preferred_id"":""rentang"",""register"":""formal"",""rejected_id"":"""",""resource_scope"":""R006"",""source_term"":""span"",""status"":""admitted"",""term_id"":""LEBL-TERM-0380"",""variants_id"":""merentang""},""locale"":""id-ID"",""preferred"":""rentang"",""record_type"":""term"",""recorded_at"":""2026-08-21T00:00:00Z"",""register"":""formal"",""rejected_forms"":[],""rights_id"":""urn:uuid:a0273f1c-6fad-54c7-a75a-32a5161da656"",""schema_name"":""lebl.backend.record"",""schema_version"":""0.3.0"",""scope_ids"":[""urn:uuid:2985f369-c946-5392-be8c-902d3c9215b2""],""semantic_aliases"":[],""semantic_key"":""lebl.ra.term.ledger.lebl-term-0380.id-id"",""status"":""active"",""supersedes_id"":null,""variants"":[""merentang""],""workflow_id"":""01a01f57-a34b-7740-9717-596b8116910c/backend-production-v0.3-r006-live""}"
"urn:uuid:227affdf-a99f-5281-8561-89bd1d2cad62","lebl.ra.term.ledger.lebl-term-0105.id-id","urn:uuid:b3d76f31-6e1f-5214-89fd-c0465797f589","id","id-ID","representasi desimal","[]","[]","[""urn:uuid:2985f369-c946-5392-be8c-902d3c9215b2""]","formal","[{""locator"":""backend/production/v0.3/inputs/TERMINOLOGY.csv:LEBL-TERM-0105"",""sha256"":""sha256:4449333673ae3a77a8bce1f2b66ebacd60b9cbe3f1d209660ac9cb32316e3268""}]","urn:uuid:a0273f1c-6fad-54c7-a75a-32a5161da656","active","LEBL-TERM-0105","decimal representation","admitted","{""concept_id"":""concept.number.decimal-representation"",""evidence"":""R006 ch-real-nums.tex"",""notes"":"""",""preferred_id"":""representasi desimal"",""register"":""formal"",""rejected_id"":"""",""resource_scope"":""R006"",""source_term"":""decimal representation"",""status"":""admitted"",""term_id"":""LEBL-TERM-0105"",""variants_id"":""""}","{""concept_id"":""urn:uuid:b3d76f31-6e1f-5214-89fd-c0465797f589"",""evidence"":[{""locator"":""backend/production/v0.3/inputs/TERMINOLOGY.csv:LEBL-TERM-0105"",""sha256"":""sha256:4449333673ae3a77a8bce1f2b66ebacd60b9cbe3f1d209660ac9cb32316e3268""}],""examples"":[],""id"":""urn:uuid:227affdf-a99f-5281-8561-89bd1d2cad62"",""language"":""id"",""ledger_binding"":{""concept_id"":""concept.number.decimal-representation"",""evidence"":""R006 ch-real-nums.tex"",""notes"":"""",""preferred_id"":""representasi desimal"",""register"":""formal"",""rejected_id"":"""",""resource_scope"":""R006"",""source_term"":""decimal representation"",""status"":""admitted"",""term_id"":""LEBL-TERM-0105"",""variants_id"":""""},""locale"":""id-ID"",""preferred"":""representasi desimal"",""record_type"":""term"",""recorded_at"":""2026-08-21T00:00:00Z"",""register"":""formal"",""rejected_forms"":[],""rights_id"":""urn:uuid:a0273f1c-6fad-54c7-a75a-32a5161da656"",""schema_name"":""lebl.backend.record"",""schema_version"":""0.3.0"",""scope_ids"":[""urn:uuid:2985f369-c946-5392-be8c-902d3c9215b2""],""semantic_aliases"":[],""semantic_key"":""lebl.ra.term.ledger.lebl-term-0105.id-id"",""status"":""active"",""supersedes_id"":null,""variants"":[],""workflow_id"":""01a01f57-a34b-7740-9717-596b8116910c/backend-production-v0.3-r006-live""}"
"urn:uuid:68d2615b-6846-5bfa-b3f5-fb656ce7a243","lebl.ra.term.ledger.lebl-term-0109.id-id","urn:uuid:1143ccec-7ba7-54db-b119-b5924cb8ef63","id","id-ID","representasi unik","[]","[]","[""urn:uuid:2985f369-c946-5392-be8c-902d3c9215b2""]","formal","[{""locator"":""backend/production/v0.3/inputs/TERMINOLOGY.csv:LEBL-TERM-0109"",""sha256"":""sha256:7b60642d3b2ecb0e21eb6c59b9f4cb8eb198aee1852449369465b6a016259bbe""}]","urn:uuid:a0273f1c-6fad-54c7-a75a-32a5161da656","active","LEBL-TERM-0109","unique representation","admitted","{""concept_id"":""concept.representation.unique"",""evidence"":""R006 ch-real-nums.tex"",""notes"":"""",""preferred_id"":""representasi unik"",""register"":""formal"",""rejected_id"":"""",""resource_scope"":""R006"",""source_term"":""unique representation"",""status"":""admitted"",""term_id"":""LEBL-TERM-0109"",""variants_id"":""""}","{""concept_id"":""urn:uuid:1143ccec-7ba7-54db-b119-b5924cb8ef63"",""evidence"":[{""locator"":""backend/production/v0.3/inputs/TERMINOLOGY.csv:LEBL-TERM-0109"",""sha256"":""sha256:7b60642d3b2ecb0e21eb6c59b9f4cb8eb198aee1852449369465b6a016259bbe""}],""examples"":[],""id"":""urn:uuid:68d2615b-6846-5bfa-b3f5-fb656ce7a243"",""language"":""id"",""ledger_binding"":{""concept_id"":""concept.representation.unique"",""evidence"":""R006 ch-real-nums.tex"",""notes"":"""",""preferred_id"":""representasi unik"",""register"":""formal"",""rejected_id"":"""",""resource_scope"":""R006"",""source_term"":""unique representation"",""status"":""admitted"",""term_id"":""LEBL-TERM-0109"",""variants_id"":""""},""locale"":""id-ID"",""preferred"":""representasi unik"",""record_type"":""term"",""recorded_at"":""2026-08-21T00:00:00Z"",""register"":""formal"",""rejected_forms"":[],""rights_id"":""urn:uuid:a0273f1c-6fad-54c7-a75a-32a5161da656"",""schema_name"":""lebl.backend.record"",""schema_version"":""0.3.0"",""scope_ids"":[""urn:uuid:2985f369-c946-5392-be8c-902d3c9215b2""],""semantic_aliases"":[],""semantic_key"":""lebl.ra.term.ledger.lebl-term-0109.id-id"",""status"":""active"",""supersedes_id"":null,""variants"":[],""workflow_id"":""01a01f57-a34b-7740-9717-596b8116910c/backend-production-v0.3-r006-live""}"
"urn:uuid:83875123-ce4c-5797-8146-385e4f33f947","lebl.ra.term.ledger.lebl-term-0328.id-id","urn:uuid:4bd12b4d-438c-51a6-ba7b-cabfd26dee6e","id","id-ID","ruang Euklides","[]","[]","[""urn:uuid:2985f369-c946-5392-be8c-902d3c9215b2""]","formal","[{""locator"":""backend/production/v0.3/inputs/TERMINOLOGY.csv:LEBL-TERM-0328"",""sha256"":""sha256:0de34310e71bcc002cb4d7c847ac19f555a1a5fde12cd41d1029b1c3288a0146""}]","urn:uuid:a0273f1c-6fad-54c7-a75a-32a5161da656","active","LEBL-TERM-0328","euclidean space","admitted","{""concept_id"":""concept.space.euclidean"",""evidence"":""R006 ch-metric.tex"",""notes"":"""",""preferred_id"":""ruang Euklides"",""register"":""formal"",""rejected_id"":"""",""resource_scope"":""R006"",""source_term"":""euclidean space"",""status"":""admitted"",""term_id"":""LEBL-TERM-0328"",""variants_id"":""""}","{""concept_id"":""urn:uuid:4bd12b4d-438c-51a6-ba7b-cabfd26dee6e"",""evidence"":[{""locator"":""backend/production/v0.3/inputs/TERMINOLOGY.csv:LEBL-TERM-0328"",""sha256"":""sha256:0de34310e71bcc002cb4d7c847ac19f555a1a5fde12cd41d1029b1c3288a0146""}],""examples"":[],""id"":""urn:uuid:83875123-ce4c-5797-8146-385e4f33f947"",""language"":""id"",""ledger_binding"":{""concept_id"":""concept.space.euclidean"",""evidence"":""R006 ch-metric.tex"",""notes"":"""",""preferred_id"":""ruang Euklides"",""register"":""formal"",""rejected_id"":"""",""resource_scope"":""R006"",""source_term"":""euclidean space"",""status"":""admitted"",""term_id"":""LEBL-TERM-0328"",""variants_id"":""""},""locale"":""id-ID"",""preferred"":""ruang Euklides"",""record_type"":""term"",""recorded_at"":""2026-08-21T00:00:00Z"",""register"":""formal"",""rejected_forms"":[],""rights_id"":""urn:uuid:a0273f1c-6fad-54c7-a75a-32a5161da656"",""schema_name"":""lebl.backend.record"",""schema_version"":""0.3.0"",""scope_ids"":[""urn:uuid:2985f369-c946-5392-be8c-902d3c9215b2""],""semantic_aliases"":[],""semantic_key"":""lebl.ra.term.ledger.lebl-term-0328.id-id"",""status"":""active"",""supersedes_id"":null,""variants"":[],""workflow_id"":""01a01f57-a34b-7740-9717-596b8116910c/backend-production-v0.3-r006-live""}"
"urn:uuid:f3f961f7-7678-5471-afd3-2ca25a47ebc6","lebl.ra.term.ledger.lebl-term-0321.id-id","urn:uuid:32d4e13f-6e33-5b7c-a704-f67dbae5b717","id","id-ID","ruang metrik","[]","[]","[""urn:uuid:2985f369-c946-5392-be8c-902d3c9215b2""]","formal","[{""locator"":""backend/production/v0.3/inputs/TERMINOLOGY.csv:LEBL-TERM-0321"",""sha256"":""sha256:f4ef7c181b39ff609c8e5659909a60d9c6121f0567bc96332d5ebb95b52003ee""}]","urn:uuid:a0273f1c-6fad-54c7-a75a-32a5161da656","active","LEBL-TERM-0321","metric space","admitted","{""concept_id"":""concept.metric-space"",""evidence"":""R006 ch-metric.tex"",""notes"":"""",""preferred_id"":""ruang metrik"",""register"":""formal"",""rejected_id"":"""",""resource_scope"":""R006"",""source_term"":""metric space"",""status"":""admitted"",""term_id"":""LEBL-TERM-0321"",""variants_id"":""""}","{""concept_id"":""urn:uuid:32d4e13f-6e33-5b7c-a704-f67dbae5b717"",""evidence"":[{""locator"":""backend/production/v0.3/inputs/TERMINOLOGY.csv:LEBL-TERM-0321"",""sha256"":""sha256:f4ef7c181b39ff609c8e5659909a60d9c6121f0567bc96332d5ebb95b52003ee""}],""examples"":[],""id"":""urn:uuid:f3f961f7-7678-5471-afd3-2ca25a47ebc6"",""language"":""id"",""ledger_binding"":{""concept_id"":""concept.metric-space"",""evidence"":""R006 ch-metric.tex"",""notes"":"""",""preferred_id"":""ruang metrik"",""register"":""formal"",""rejected_id"":"""",""resource_scope"":""R006"",""source_term"":""metric space"",""status"":""admitted"",""term_id"":""LEBL-TERM-0321"",""variants_id"":""""},""locale"":""id-ID"",""preferred"":""ruang metrik"",""record_type"":""term"",""recorded_at"":""2026-08-21T00:00:00Z"",""register"":""formal"",""rejected_forms"":[],""rights_id"":""urn:uuid:a0273f1c-6fad-54c7-a75a-32a5161da656"",""schema_name"":""lebl.backend.record"",""schema_version"":""0.3.0"",""scope_ids"":[""urn:uuid:2985f369-c946-5392-be8c-902d3c9215b2""],""semantic_aliases"":[],""semantic_key"":""lebl.ra.term.ledger.lebl-term-0321.id-id"",""status"":""active"",""supersedes_id"":null,""variants"":[],""workflow_id"":""01a01f57-a34b-7740-9717-596b8116910c/backend-production-v0.3-r006-live""}"
"urn:uuid:d868d878-fedd-54ad-9750-ed89942a266f","lebl.ra.term.ledger.lebl-term-0392.id-id","urn:uuid:600304d3-8c14-5227-a227-7c0025edb87b","id","id-ID","ruang nol","[""kernel""]","[]","[""urn:uuid:2985f369-c946-5392-be8c-902d3c9215b2""]","formal","[{""locator"":""backend/production/v0.3/inputs/TERMINOLOGY.csv:LEBL-TERM-0392"",""sha256"":""sha256:dd38b779a81f3e9d2b48384f44dd43c1ec06015fc63675b4162206cffb2d4cb9""}]","urn:uuid:a0273f1c-6fad-54c7-a75a-32a5161da656","active","LEBL-TERM-0392","nullspace","admitted","{""concept_id"":""concept.nullspace"",""evidence"":""R006 ch-several-vars-ders.tex"",""notes"":"""",""preferred_id"":""ruang nol"",""register"":""formal"",""rejected_id"":"""",""resource_scope"":""R006"",""source_term"":""nullspace"",""status"":""admitted"",""term_id"":""LEBL-TERM-0392"",""variants_id"":""kernel""}","{""concept_id"":""urn:uuid:600304d3-8c14-5227-a227-7c0025edb87b"",""evidence"":[{""locator"":""backend/production/v0.3/inputs/TERMINOLOGY.csv:LEBL-TERM-0392"",""sha256"":""sha256:dd38b779a81f3e9d2b48384f44dd43c1ec06015fc63675b4162206cffb2d4cb9""}],""examples"":[],""id"":""urn:uuid:d868d878-fedd-54ad-9750-ed89942a266f"",""language"":""id"",""ledger_binding"":{""concept_id"":""concept.nullspace"",""evidence"":""R006 ch-several-vars-ders.tex"",""notes"":"""",""preferred_id"":""ruang nol"",""register"":""formal"",""rejected_id"":"""",""resource_scope"":""R006"",""source_term"":""nullspace"",""status"":""admitted"",""term_id"":""LEBL-TERM-0392"",""variants_id"":""kernel""},""locale"":""id-ID"",""preferred"":""ruang nol"",""record_type"":""term"",""recorded_at"":""2026-08-21T00:00:00Z"",""register"":""formal"",""rejected_forms"":[],""rights_id"":""urn:uuid:a0273f1c-6fad-54c7-a75a-32a5161da656"",""schema_name"":""lebl.backend.record"",""schema_version"":""0.3.0"",""scope_ids"":[""urn:uuid:2985f369-c946-5392-be8c-902d3c9215b2""],""semantic_aliases"":[],""semantic_key"":""lebl.ra.term.ledger.lebl-term-0392.id-id"",""status"":""active"",""supersedes_id"":null,""variants"":[""kernel""],""workflow_id"":""01a01f57-a34b-7740-9717-596b8116910c/backend-production-v0.3-r006-live""}"
"urn:uuid:177dde95-f6ef-5220-943a-9666bb22fa65","lebl.ra.term.ledger.lebl-term-0344.id-id","urn:uuid:687e8194-dfa1-55e1-9793-01263754a20b","id","id-ID","ruang terhubung","[]","[]","[""urn:uuid:2985f369-c946-5392-be8c-902d3c9215b2""]","formal","[{""locator"":""backend/production/v0.3/inputs/TERMINOLOGY.csv:LEBL-TERM-0344"",""sha256"":""sha256:92a833139202ec7f543ed4cfae2458849346227d31463b2699ee75262c64df41""}]","urn:uuid:a0273f1c-6fad-54c7-a75a-32a5161da656","active","LEBL-TERM-0344","connected space","admitted","{""concept_id"":""concept.space.connected"",""evidence"":""R006 ch-metric.tex"",""notes"":"""",""preferred_id"":""ruang terhubung"",""register"":""formal"",""rejected_id"":"""",""resource_scope"":""R006"",""source_term"":""connected space"",""status"":""admitted"",""term_id"":""LEBL-TERM-0344"",""variants_id"":""""}","{""concept_id"":""urn:uuid:687e8194-dfa1-55e1-9793-01263754a20b"",""evidence"":[{""locator"":""backend/production/v0.3/inputs/TERMINOLOGY.csv:LEBL-TERM-0344"",""sha256"":""sha256:92a833139202ec7f543ed4cfae2458849346227d31463b2699ee75262c64df41""}],""examples"":[],""id"":""urn:uuid:177dde95-f6ef-5220-943a-9666bb22fa65"",""language"":""id"",""ledger_binding"":{""concept_id"":""concept.space.connected"",""evidence"":""R006 ch-metric.tex"",""notes"":"""",""preferred_id"":""ruang terhubung"",""register"":""formal"",""rejected_id"":"""",""resource_scope"":""R006"",""source_term"":""connected space"",""status"":""admitted"",""term_id"":""LEBL-TERM-0344"",""variants_id"":""""},""locale"":""id-ID"",""preferred"":""ruang terhubung"",""record_type"":""term"",""recorded_at"":""2026-08-21T00:00:00Z"",""register"":""formal"",""rejected_forms"":[],""rights_id"":""urn:uuid:a0273f1c-6fad-54c7-a75a-32a5161da656"",""schema_name"":""lebl.backend.record"",""schema_version"":""0.3.0"",""scope_ids"":[""urn:uuid:2985f369-c946-5392-be8c-902d3c9215b2""],""semantic_aliases"":[],""semantic_key"":""lebl.ra.term.ledger.lebl-term-0344.id-id"",""status"":""active"",""supersedes_id"":null,""variants"":[],""workflow_id"":""01a01f57-a34b-7740-9717-596b8116910c/backend-production-v0.3-r006-live""}"
"urn:uuid:1380a46e-af5b-5a3f-a806-1fe3948ac028","lebl.ra.term.ledger.lebl-term-0374.id-id","urn:uuid:5e096205-8448-5117-b48c-08becd413386","id","id-ID","ruang vektor","[]","[]","[""urn:uuid:2985f369-c946-5392-be8c-902d3c9215b2""]","formal","[{""locator"":""backend/production/v0.3/inputs/TERMINOLOGY.csv:LEBL-TERM-0374"",""sha256"":""sha256:0ff5680c3fc2a91f5e72e95921cf708b923b33839cdc3abba5b8baa7e2c5f02c""}]","urn:uuid:a0273f1c-6fad-54c7-a75a-32a5161da656","active","LEBL-TERM-0374","vector space","admitted","{""concept_id"":""concept.space.vector"",""evidence"":""R006 ch-several-vars-ders.tex"",""notes"":"""",""preferred_id"":""ruang vektor"",""register"":""formal"",""rejected_id"":"""",""resource_scope"":""R006"",""source_term"":""vector space"",""status"":""admitted"",""term_id"":""LEBL-TERM-0374"",""variants_id"":""""}","{""concept_id"":""urn:uuid:5e096205-8448-5117-b48c-08becd413386"",""evidence"":[{""locator"":""backend/production/v0.3/inputs/TERMINOLOGY.csv:LEBL-TERM-0374"",""sha256"":""sha256:0ff5680c3fc2a91f5e72e95921cf708b923b33839cdc3abba5b8baa7e2c5f02c""}],""examples"":[],""id"":""urn:uuid:1380a46e-af5b-5a3f-a806-1fe3948ac028"",""language"":""id"",""ledger_binding"":{""concept_id"":""concept.space.vector"",""evidence"":""R006 ch-several-vars-ders.tex"",""notes"":"""",""preferred_id"":""ruang vektor"",""register"":""formal"",""rejected_id"":"""",""resource_scope"":""R006"",""source_term"":""vector space"",""status"":""admitted"",""term_id"":""LEBL-TERM-0374"",""variants_id"":""""},""locale"":""id-ID"",""preferred"":""ruang vektor"",""record_type"":""term"",""recorded_at"":""2026-08-21T00:00:00Z"",""register"":""formal"",""rejected_forms"":[],""rights_id"":""urn:uuid:a0273f1c-6fad-54c7-a75a-32a5161da656"",""schema_name"":""lebl.backend.record"",""schema_version"":""0.3.0"",""scope_ids"":[""urn:uuid:2985f369-c946-5392-be8c-902d3c9215b2""],""semantic_aliases"":[],""semantic_key"":""lebl.ra.term.ledger.lebl-term-0374.id-id"",""status"":""active"",""supersedes_id"":null,""variants"":[],""workflow_id"":""01a01f57-a34b-7740-9717-596b8116910c/backend-production-v0.3-r006-live""}"
"urn:uuid:07eea9eb-33f5-56ef-841a-5680868459df","lebl.ra.term.ledger.lebl-term-0399.id-id","urn:uuid:d88e8162-d2b1-5c0c-9a5b-8c01027adb2c","id","id-ID","ruang vektor bernorma","[]","[]","[""urn:uuid:2985f369-c946-5392-be8c-902d3c9215b2""]","formal","[{""locator"":""backend/production/v0.3/inputs/TERMINOLOGY.csv:LEBL-TERM-0399"",""sha256"":""sha256:c1a055d27fa95fea19ea418df0be5ecfe70116978bb7c7772ea24300f87a2fde""}]","urn:uuid:a0273f1c-6fad-54c7-a75a-32a5161da656","active","LEBL-TERM-0399","normed vector space","admitted","{""concept_id"":""concept.space.vector.normed"",""evidence"":""R006 ch-several-vars-ders.tex"",""notes"":"""",""preferred_id"":""ruang vektor bernorma"",""register"":""formal"",""rejected_id"":"""",""resource_scope"":""R006"",""source_term"":""normed vector space"",""status"":""admitted"",""term_id"":""LEBL-TERM-0399"",""variants_id"":""""}","{""concept_id"":""urn:uuid:d88e8162-d2b1-5c0c-9a5b-8c01027adb2c"",""evidence"":[{""locator"":""backend/production/v0.3/inputs/TERMINOLOGY.csv:LEBL-TERM-0399"",""sha256"":""sha256:c1a055d27fa95fea19ea418df0be5ecfe70116978bb7c7772ea24300f87a2fde""}],""examples"":[],""id"":""urn:uuid:07eea9eb-33f5-56ef-841a-5680868459df"",""language"":""id"",""ledger_binding"":{""concept_id"":""concept.space.vector.normed"",""evidence"":""R006 ch-several-vars-ders.tex"",""notes"":"""",""preferred_id"":""ruang vektor bernorma"",""register"":""formal"",""rejected_id"":"""",""resource_scope"":""R006"",""source_term"":""normed vector space"",""status"":""admitted"",""term_id"":""LEBL-TERM-0399"",""variants_id"":""""},""locale"":""id-ID"",""preferred"":""ruang vektor bernorma"",""record_type"":""term"",""recorded_at"":""2026-08-21T00:00:00Z"",""register"":""formal"",""rejected_forms"":[],""rights_id"":""urn:uuid:a0273f1c-6fad-54c7-a75a-32a5161da656"",""schema_name"":""lebl.backend.record"",""schema_version"":""0.3.0"",""scope_ids"":[""urn:uuid:2985f369-c946-5392-be8c-902d3c9215b2""],""semantic_aliases"":[],""semantic_key"":""lebl.ra.term.ledger.lebl-term-0399.id-id"",""status"":""active"",""supersedes_id"":null,""variants"":[],""workflow_id"":""01a01f57-a34b-7740-9717-596b8116910c/backend-production-v0.3-r006-live""}"
"urn:uuid:5b477002-9884-55c4-9b09-7db80c17dd77","lebl.ra.term.ledger.lebl-term-0375.id-id","urn:uuid:c6e90084-1fff-5360-b474-3807ca953c8a","id","id-ID","ruang vektor real","[]","[]","[""urn:uuid:2985f369-c946-5392-be8c-902d3c9215b2""]","formal","[{""locator"":""backend/production/v0.3/inputs/TERMINOLOGY.csv:LEBL-TERM-0375"",""sha256"":""sha256:51baeb3627c447ac79973c216dea8243711f95145e18dd69910cd199718da724""}]","urn:uuid:a0273f1c-6fad-54c7-a75a-32a5161da656","active","LEBL-TERM-0375","real vector space","admitted","{""concept_id"":""concept.space.vector-real"",""evidence"":""R006 ch-several-vars-ders.tex"",""notes"":"""",""preferred_id"":""ruang vektor real"",""register"":""formal"",""rejected_id"":"""",""resource_scope"":""R006"",""source_term"":""real vector space"",""status"":""admitted"",""term_id"":""LEBL-TERM-0375"",""variants_id"":""""}","{""concept_id"":""urn:uuid:c6e90084-1fff-5360-b474-3807ca953c8a"",""evidence"":[{""locator"":""backend/production/v0.3/inputs/TERMINOLOGY.csv:LEBL-TERM-0375"",""sha256"":""sha256:51baeb3627c447ac79973c216dea8243711f95145e18dd69910cd199718da724""}],""examples"":[],""id"":""urn:uuid:5b477002-9884-55c4-9b09-7db80c17dd77"",""language"":""id"",""ledger_binding"":{""concept_id"":""concept.space.vector-real"",""evidence"":""R006 ch-several-vars-ders.tex"",""notes"":"""",""preferred_id"":""ruang vektor real"",""register"":""formal"",""rejected_id"":"""",""resource_scope"":""R006"",""source_term"":""real vector space"",""status"":""admitted"",""term_id"":""LEBL-TERM-0375"",""variants_id"":""""},""locale"":""id-ID"",""preferred"":""ruang vektor real"",""record_type"":""term"",""recorded_at"":""2026-08-21T00:00:00Z"",""register"":""formal"",""rejected_forms"":[],""rights_id"":""urn:uuid:a0273f1c-6fad-54c7-a75a-32a5161da656"",""schema_name"":""lebl.backend.record"",""schema_version"":""0.3.0"",""scope_ids"":[""urn:uuid:2985f369-c946-5392-be8c-902d3c9215b2""],""semantic_aliases"":[],""semantic_key"":""lebl.ra.term.ledger.lebl-term-0375.id-id"",""status"":""active"",""supersedes_id"":null,""variants"":[],""workflow_id"":""01a01f57-a34b-7740-9717-596b8116910c/backend-production-v0.3-r006-live""}"
"urn:uuid:8829d3a6-118f-5270-a15f-9702fd4a3c49","lebl.ra.term.ledger.lebl-term-0012.id-id","urn:uuid:97a7e8b0-220b-5511-ae76-2510ffda840d","id","id-ID","saling lepas","[]","[]","[""urn:uuid:2985f369-c946-5392-be8c-902d3c9215b2""]","formal","[{""locator"":""backend/production/v0.3/inputs/TERMINOLOGY.csv:LEBL-TERM-0012"",""sha256"":""sha256:d6e112e827ca2f4ba208a6ceaee9e76460594b002fd64fed9c9d6b80c8744526""}]","urn:uuid:a0273f1c-6fad-54c7-a75a-32a5161da656","active","LEBL-TERM-0012","disjoint","admitted","{""concept_id"":""concept.set-theory.disjoint"",""evidence"":""R006 ch-vol1-intro.tex"",""notes"":"""",""preferred_id"":""saling lepas"",""register"":""formal"",""rejected_id"":"""",""resource_scope"":""R006"",""source_term"":""disjoint"",""status"":""admitted"",""term_id"":""LEBL-TERM-0012"",""variants_id"":""""}","{""concept_id"":""urn:uuid:97a7e8b0-220b-5511-ae76-2510ffda840d"",""evidence"":[{""locator"":""backend/production/v0.3/inputs/TERMINOLOGY.csv:LEBL-TERM-0012"",""sha256"":""sha256:d6e112e827ca2f4ba208a6ceaee9e76460594b002fd64fed9c9d6b80c8744526""}],""examples"":[],""id"":""urn:uuid:8829d3a6-118f-5270-a15f-9702fd4a3c49"",""language"":""id"",""ledger_binding"":{""concept_id"":""concept.set-theory.disjoint"",""evidence"":""R006 ch-vol1-intro.tex"",""notes"":"""",""preferred_id"":""saling lepas"",""register"":""formal"",""rejected_id"":"""",""resource_scope"":""R006"",""source_term"":""disjoint"",""status"":""admitted"",""term_id"":""LEBL-TERM-0012"",""variants_id"":""""},""locale"":""id-ID"",""preferred"":""saling lepas"",""record_type"":""term"",""recorded_at"":""2026-08-21T00:00:00Z"",""register"":""formal"",""rejected_forms"":[],""rights_id"":""urn:uuid:a0273f1c-6fad-54c7-a75a-32a5161da656"",""schema_name"":""lebl.backend.record"",""schema_version"":""0.3.0"",""scope_ids"":[""urn:uuid:2985f369-c946-5392-be8c-902d3c9215b2""],""semantic_aliases"":[],""semantic_key"":""lebl.ra.term.ledger.lebl-term-0012.id-id"",""status"":""active"",""supersedes_id"":null,""variants"":[],""workflow_id"":""01a01f57-a34b-7740-9717-596b8116910c/backend-production-v0.3-r006-live""}"
"urn:uuid:a0356dc5-d581-5be9-84f4-9616e63a68a7","lebl.ra.term.ledger.lebl-term-0354.id-id","urn:uuid:a2828f2a-420a-53ba-a2c6-09e754bd403c","id","id-ID","selimut terbuka","[]","[]","[""urn:uuid:2985f369-c946-5392-be8c-902d3c9215b2""]","formal","[{""locator"":""backend/production/v0.3/inputs/TERMINOLOGY.csv:LEBL-TERM-0354"",""sha256"":""sha256:99ea7e7441a20a393d16354c5ca2302d068f96f34ce70fbc1c8002206c8ad383""}]","urn:uuid:a0273f1c-6fad-54c7-a75a-32a5161da656","active","LEBL-TERM-0354","open cover","admitted","{""concept_id"":""concept.cover.open"",""evidence"":""R006 ch-metric.tex"",""notes"":"""",""preferred_id"":""selimut terbuka"",""register"":""formal"",""rejected_id"":"""",""resource_scope"":""R006"",""source_term"":""open cover"",""status"":""admitted"",""term_id"":""LEBL-TERM-0354"",""variants_id"":""""}","{""concept_id"":""urn:uuid:a2828f2a-420a-53ba-a2c6-09e754bd403c"",""evidence"":[{""locator"":""backend/production/v0.3/inputs/TERMINOLOGY.csv:LEBL-TERM-0354"",""sha256"":""sha256:99ea7e7441a20a393d16354c5ca2302d068f96f34ce70fbc1c8002206c8ad383""}],""examples"":[],""id"":""urn:uuid:a0356dc5-d581-5be9-84f4-9616e63a68a7"",""language"":""id"",""ledger_binding"":{""concept_id"":""concept.cover.open"",""evidence"":""R006 ch-metric.tex"",""notes"":"""",""preferred_id"":""selimut terbuka"",""register"":""formal"",""rejected_id"":"""",""resource_scope"":""R006"",""source_term"":""open cover"",""status"":""admitted"",""term_id"":""LEBL-TERM-0354"",""variants_id"":""""},""locale"":""id-ID"",""preferred"":""selimut terbuka"",""record_type"":""term"",""recorded_at"":""2026-08-21T00:00:00Z"",""register"":""formal"",""rejected_forms"":[],""rights_id"":""urn:uuid:a0273f1c-6fad-54c7-a75a-32a5161da656"",""schema_name"":""lebl.backend.record"",""schema_version"":""0.3.0"",""scope_ids"":[""urn:uuid:2985f369-c946-5392-be8c-902d3c9215b2""],""semantic_aliases"":[],""semantic_key"":""lebl.ra.term.ledger.lebl-term-0354.id-id"",""status"":""active"",""supersedes_id"":null,""variants"":[],""workflow_id"":""01a01f57-a34b-7740-9717-596b8116910c/backend-production-v0.3-r006-live""}"
"urn:uuid:6534b57d-507e-5a10-b07d-33cd3c88b79c","lebl.ra.term.ledger.lebl-term-0010.id-id","urn:uuid:81362335-ff53-58b3-94a7-9cae3c2c30cb","id","id-ID","selisih himpunan","[]","[]","[""urn:uuid:2985f369-c946-5392-be8c-902d3c9215b2""]","formal","[{""locator"":""backend/production/v0.3/inputs/TERMINOLOGY.csv:LEBL-TERM-0010"",""sha256"":""sha256:4cfe7fb3ab0845e3c1cab02a37c8eb1fc356db25c536ac38f7a2963ea1901fef""}]","urn:uuid:a0273f1c-6fad-54c7-a75a-32a5161da656","active","LEBL-TERM-0010","set difference","admitted","{""concept_id"":""concept.set-theory.set-difference"",""evidence"":""R006 ch-vol1-intro.tex"",""notes"":"""",""preferred_id"":""selisih himpunan"",""register"":""formal"",""rejected_id"":"""",""resource_scope"":""R006"",""source_term"":""set difference"",""status"":""admitted"",""term_id"":""LEBL-TERM-0010"",""variants_id"":""""}","{""concept_id"":""urn:uuid:81362335-ff53-58b3-94a7-9cae3c2c30cb"",""evidence"":[{""locator"":""backend/production/v0.3/inputs/TERMINOLOGY.csv:LEBL-TERM-0010"",""sha256"":""sha256:4cfe7fb3ab0845e3c1cab02a37c8eb1fc356db25c536ac38f7a2963ea1901fef""}],""examples"":[],""id"":""urn:uuid:6534b57d-507e-5a10-b07d-33cd3c88b79c"",""language"":""id"",""ledger_binding"":{""concept_id"":""concept.set-theory.set-difference"",""evidence"":""R006 ch-vol1-intro.tex"",""notes"":"""",""preferred_id"":""selisih himpunan"",""register"":""formal"",""rejected_id"":"""",""resource_scope"":""R006"",""source_term"":""set difference"",""status"":""admitted"",""term_id"":""LEBL-TERM-0010"",""variants_id"":""""},""locale"":""id-ID"",""preferred"":""selisih himpunan"",""record_type"":""term"",""recorded_at"":""2026-08-21T00:00:00Z"",""register"":""formal"",""rejected_forms"":[],""rights_id"":""urn:uuid:a0273f1c-6fad-54c7-a75a-32a5161da656"",""schema_name"":""lebl.backend.record"",""schema_version"":""0.3.0"",""scope_ids"":[""urn:uuid:2985f369-c946-5392-be8c-902d3c9215b2""],""semantic_aliases"":[],""semantic_key"":""lebl.ra.term.ledger.lebl-term-0010.id-id"",""status"":""active"",""supersedes_id"":null,""variants"":[],""workflow_id"":""01a01f57-a34b-7740-9717-596b8116910c/backend-production-v0.3-r006-live""}"
"urn:uuid:acb7239d-3871-5c98-b89b-340f10bf7869","lebl.ra.term.ledger.lebl-term-0397.id-id","urn:uuid:a71217f5-e41e-569e-9927-dc4288b0b42f","id","id-ID","selubung konveks","[]","[]","[""urn:uuid:2985f369-c946-5392-be8c-902d3c9215b2""]","formal","[{""locator"":""backend/production/v0.3/inputs/TERMINOLOGY.csv:LEBL-TERM-0397"",""sha256"":""sha256:8e03e3231154eeb80703ab413c1312823d9c4a9ffe89290b9d5f0d725af23282""}]","urn:uuid:a0273f1c-6fad-54c7-a75a-32a5161da656","active","LEBL-TERM-0397","convex hull","admitted","{""concept_id"":""concept.hull.convex"",""evidence"":""R006 ch-several-vars-ders.tex"",""notes"":"""",""preferred_id"":""selubung konveks"",""register"":""formal"",""rejected_id"":"""",""resource_scope"":""R006"",""source_term"":""convex hull"",""status"":""admitted"",""term_id"":""LEBL-TERM-0397"",""variants_id"":""""}","{""concept_id"":""urn:uuid:a71217f5-e41e-569e-9927-dc4288b0b42f"",""evidence"":[{""locator"":""backend/production/v0.3/inputs/TERMINOLOGY.csv:LEBL-TERM-0397"",""sha256"":""sha256:8e03e3231154eeb80703ab413c1312823d9c4a9ffe89290b9d5f0d725af23282""}],""examples"":[],""id"":""urn:uuid:acb7239d-3871-5c98-b89b-340f10bf7869"",""language"":""id"",""ledger_binding"":{""concept_id"":""concept.hull.convex"",""evidence"":""R006 ch-several-vars-ders.tex"",""notes"":"""",""preferred_id"":""selubung konveks"",""register"":""formal"",""rejected_id"":"""",""resource_scope"":""R006"",""source_term"":""convex hull"",""status"":""admitted"",""term_id"":""LEBL-TERM-0397"",""variants_id"":""""},""locale"":""id-ID"",""preferred"":""selubung konveks"",""record_type"":""term"",""recorded_at"":""2026-08-21T00:00:00Z"",""register"":""formal"",""rejected_forms"":[],""rights_id"":""urn:uuid:a0273f1c-6fad-54c7-a75a-32a5161da656"",""schema_name"":""lebl.backend.record"",""schema_version"":""0.3.0"",""scope_ids"":[""urn:uuid:2985f369-c946-5392-be8c-902d3c9215b2""],""semantic_aliases"":[],""semantic_key"":""lebl.ra.term.ledger.lebl-term-0397.id-id"",""status"":""active"",""supersedes_id"":null,""variants"":[],""workflow_id"":""01a01f57-a34b-7740-9717-596b8116910c/backend-production-v0.3-r006-live""}"
"urn:uuid:d269167a-929b-53a0-a14e-721075d19470","lebl.ra.term.ledger.lebl-term-0073.id-id","urn:uuid:9ed2828c-f89e-5839-982c-a879598f3d1b","id","id-ID","sifat batas atas terkecil","[]","[]","[""urn:uuid:2985f369-c946-5392-be8c-902d3c9215b2""]","formal","[{""locator"":""backend/production/v0.3/inputs/TERMINOLOGY.csv:LEBL-TERM-0073"",""sha256"":""sha256:395d4969389bc21bed1868c25f6842cc6749b0a078d5907772787ea9601be13a""}]","urn:uuid:a0273f1c-6fad-54c7-a75a-32a5161da656","active","LEBL-TERM-0073","least-upper-bound property","admitted","{""concept_id"":""concept.order.least-upper-bound-property"",""evidence"":""R006 ch-real-nums.tex"",""notes"":"""",""preferred_id"":""sifat batas atas terkecil"",""register"":""formal"",""rejected_id"":"""",""resource_scope"":""R006"",""source_term"":""least-upper-bound property"",""status"":""admitted"",""term_id"":""LEBL-TERM-0073"",""variants_id"":""""}","{""concept_id"":""urn:uuid:9ed2828c-f89e-5839-982c-a879598f3d1b"",""evidence"":[{""locator"":""backend/production/v0.3/inputs/TERMINOLOGY.csv:LEBL-TERM-0073"",""sha256"":""sha256:395d4969389bc21bed1868c25f6842cc6749b0a078d5907772787ea9601be13a""}],""examples"":[],""id"":""urn:uuid:d269167a-929b-53a0-a14e-721075d19470"",""language"":""id"",""ledger_binding"":{""concept_id"":""concept.order.least-upper-bound-property"",""evidence"":""R006 ch-real-nums.tex"",""notes"":"""",""preferred_id"":""sifat batas atas terkecil"",""register"":""formal"",""rejected_id"":"""",""resource_scope"":""R006"",""source_term"":""least-upper-bound property"",""status"":""admitted"",""term_id"":""LEBL-TERM-0073"",""variants_id"":""""},""locale"":""id-ID"",""preferred"":""sifat batas atas terkecil"",""record_type"":""term"",""recorded_at"":""2026-08-21T00:00:00Z"",""register"":""formal"",""rejected_forms"":[],""rights_id"":""urn:uuid:a0273f1c-6fad-54c7-a75a-32a5161da656"",""schema_name"":""lebl.backend.record"",""schema_version"":""0.3.0"",""scope_ids"":[""urn:uuid:2985f369-c946-5392-be8c-902d3c9215b2""],""semantic_aliases"":[],""semantic_key"":""lebl.ra.term.ledger.lebl-term-0073.id-id"",""status"":""active"",""supersedes_id"":null,""variants"":[],""workflow_id"":""01a01f57-a34b-7740-9717-596b8116910c/backend-production-v0.3-r006-live""}"
"urn:uuid:6d64501a-4a00-5f4f-af5f-7570607c997b","lebl.ra.term.ledger.lebl-term-0074.id-id","urn:uuid:f585c0a4-fe3f-56e2-b80f-21e0bbda57e0","id","id-ID","sifat kelengkapan","[""sifat kelengkapan Dedekind""]","[]","[""urn:uuid:2985f369-c946-5392-be8c-902d3c9215b2""]","formal","[{""locator"":""backend/production/v0.3/inputs/TERMINOLOGY.csv:LEBL-TERM-0074"",""sha256"":""sha256:23c67cdbb9b1da7256217934c17fd25a91d7ca04d189a9cb3b7c875e396b878f""}]","urn:uuid:a0273f1c-6fad-54c7-a75a-32a5161da656","active","LEBL-TERM-0074","completeness property","admitted","{""concept_id"":""concept.order.completeness-property"",""evidence"":""R006 ch-real-nums.tex"",""notes"":"""",""preferred_id"":""sifat kelengkapan"",""register"":""formal"",""rejected_id"":"""",""resource_scope"":""R006"",""source_term"":""completeness property"",""status"":""admitted"",""term_id"":""LEBL-TERM-0074"",""variants_id"":""sifat kelengkapan Dedekind""}","{""concept_id"":""urn:uuid:f585c0a4-fe3f-56e2-b80f-21e0bbda57e0"",""evidence"":[{""locator"":""backend/production/v0.3/inputs/TERMINOLOGY.csv:LEBL-TERM-0074"",""sha256"":""sha256:23c67cdbb9b1da7256217934c17fd25a91d7ca04d189a9cb3b7c875e396b878f""}],""examples"":[],""id"":""urn:uuid:6d64501a-4a00-5f4f-af5f-7570607c997b"",""language"":""id"",""ledger_binding"":{""concept_id"":""concept.order.completeness-property"",""evidence"":""R006 ch-real-nums.tex"",""notes"":"""",""preferred_id"":""sifat kelengkapan"",""register"":""formal"",""rejected_id"":"""",""resource_scope"":""R006"",""source_term"":""completeness property"",""status"":""admitted"",""term_id"":""LEBL-TERM-0074"",""variants_id"":""sifat kelengkapan Dedekind""},""locale"":""id-ID"",""preferred"":""sifat kelengkapan"",""record_type"":""term"",""recorded_at"":""2026-08-21T00:00:00Z"",""register"":""formal"",""rejected_forms"":[],""rights_id"":""urn:uuid:a0273f1c-6fad-54c7-a75a-32a5161da656"",""schema_name"":""lebl.backend.record"",""schema_version"":""0.3.0"",""scope_ids"":[""urn:uuid:2985f369-c946-5392-be8c-902d3c9215b2""],""semantic_aliases"":[],""semantic_key"":""lebl.ra.term.ledger.lebl-term-0074.id-id"",""status"":""active"",""supersedes_id"":null,""variants"":[""sifat kelengkapan Dedekind""],""workflow_id"":""01a01f57-a34b-7740-9717-596b8116910c/backend-production-v0.3-r006-live""}"
"urn:uuid:acfc9fe4-42f5-5e53-ad93-af0ca4eb018e","lebl.ra.term.ledger.lebl-term-0210.id-id","urn:uuid:a20c2317-1450-5163-9a16-fec8b3690804","id","id-ID","sifat nilai antara","[]","[]","[""urn:uuid:2985f369-c946-5392-be8c-902d3c9215b2""]","formal","[{""locator"":""backend/production/v0.3/inputs/TERMINOLOGY.csv:LEBL-TERM-0210"",""sha256"":""sha256:5b363967c0617f1ba5bc55667bf60744c24bfacf527d71304834291cd88ea160""}]","urn:uuid:a0273f1c-6fad-54c7-a75a-32a5161da656","active","LEBL-TERM-0210","intermediate value property","admitted","{""concept_id"":""concept.function.intermediate-value-property"",""evidence"":""R006 ch-contfunc.tex"",""notes"":"""",""preferred_id"":""sifat nilai antara"",""register"":""formal"",""rejected_id"":"""",""resource_scope"":""R006"",""source_term"":""intermediate value property"",""status"":""admitted"",""term_id"":""LEBL-TERM-0210"",""variants_id"":""""}","{""concept_id"":""urn:uuid:a20c2317-1450-5163-9a16-fec8b3690804"",""evidence"":[{""locator"":""backend/production/v0.3/inputs/TERMINOLOGY.csv:LEBL-TERM-0210"",""sha256"":""sha256:5b363967c0617f1ba5bc55667bf60744c24bfacf527d71304834291cd88ea160""}],""examples"":[],""id"":""urn:uuid:acfc9fe4-42f5-5e53-ad93-af0ca4eb018e"",""language"":""id"",""ledger_binding"":{""concept_id"":""concept.function.intermediate-value-property"",""evidence"":""R006 ch-contfunc.tex"",""notes"":"""",""preferred_id"":""sifat nilai antara"",""register"":""formal"",""rejected_id"":"""",""resource_scope"":""R006"",""source_term"":""intermediate value property"",""status"":""admitted"",""term_id"":""LEBL-TERM-0210"",""variants_id"":""""},""locale"":""id-ID"",""preferred"":""sifat nilai antara"",""record_type"":""term"",""recorded_at"":""2026-08-21T00:00:00Z"",""register"":""formal"",""rejected_forms"":[],""rights_id"":""urn:uuid:a0273f1c-6fad-54c7-a75a-32a5161da656"",""schema_name"":""lebl.backend.record"",""schema_version"":""0.3.0"",""scope_ids"":[""urn:uuid:2985f369-c946-5392-be8c-902d3c9215b2""],""semantic_aliases"":[],""semantic_key"":""lebl.ra.term.ledger.lebl-term-0210.id-id"",""status"":""active"",""supersedes_id"":null,""variants"":[],""workflow_id"":""01a01f57-a34b-7740-9717-596b8116910c/backend-production-v0.3-r006-live""}"
"urn:uuid:0ee0b303-2c83-5c0b-9238-c6d5278ba9cd","lebl.ra.term.ledger.lebl-term-0324.id-id","urn:uuid:cea45cc7-7712-567a-a79b-76c28e6f2075","id","id-ID","sifat taknegatif metrik","[]","[]","[""urn:uuid:2985f369-c946-5392-be8c-902d3c9215b2""]","formal","[{""locator"":""backend/production/v0.3/inputs/TERMINOLOGY.csv:LEBL-TERM-0324"",""sha256"":""sha256:9d5081900890eac7371e2303b4a1d7e80f14fd36e1570ad45de3521778c3c5cd""}]","urn:uuid:a0273f1c-6fad-54c7-a75a-32a5161da656","active","LEBL-TERM-0324","nonnegativity of a metric","admitted","{""concept_id"":""concept.metric.nonnegativity"",""evidence"":""R006 ch-metric.tex"",""notes"":"""",""preferred_id"":""sifat taknegatif metrik"",""register"":""formal"",""rejected_id"":"""",""resource_scope"":""R006"",""source_term"":""nonnegativity of a metric"",""status"":""admitted"",""term_id"":""LEBL-TERM-0324"",""variants_id"":""""}","{""concept_id"":""urn:uuid:cea45cc7-7712-567a-a79b-76c28e6f2075"",""evidence"":[{""locator"":""backend/production/v0.3/inputs/TERMINOLOGY.csv:LEBL-TERM-0324"",""sha256"":""sha256:9d5081900890eac7371e2303b4a1d7e80f14fd36e1570ad45de3521778c3c5cd""}],""examples"":[],""id"":""urn:uuid:0ee0b303-2c83-5c0b-9238-c6d5278ba9cd"",""language"":""id"",""ledger_binding"":{""concept_id"":""concept.metric.nonnegativity"",""evidence"":""R006 ch-metric.tex"",""notes"":"""",""preferred_id"":""sifat taknegatif metrik"",""register"":""formal"",""rejected_id"":"""",""resource_scope"":""R006"",""source_term"":""nonnegativity of a metric"",""status"":""admitted"",""term_id"":""LEBL-TERM-0324"",""variants_id"":""""},""locale"":""id-ID"",""preferred"":""sifat taknegatif metrik"",""record_type"":""term"",""recorded_at"":""2026-08-21T00:00:00Z"",""register"":""formal"",""rejected_forms"":[],""rights_id"":""urn:uuid:a0273f1c-6fad-54c7-a75a-32a5161da656"",""schema_name"":""lebl.backend.record"",""schema_version"":""0.3.0"",""scope_ids"":[""urn:uuid:2985f369-c946-5392-be8c-902d3c9215b2""],""semantic_aliases"":[],""semantic_key"":""lebl.ra.term.ledger.lebl-term-0324.id-id"",""status"":""active"",""supersedes_id"":null,""variants"":[],""workflow_id"":""01a01f57-a34b-7740-9717-596b8116910c/backend-production-v0.3-r006-live""}"
"urn:uuid:e43077d8-2ed2-566b-8506-9802c0318b67","lebl.ra.term.ledger.lebl-term-0018.id-id","urn:uuid:d53a38d6-422b-5fa8-9b97-c379075a825d","id","id-ID","sifat urutan baik","[]","[]","[""urn:uuid:2985f369-c946-5392-be8c-902d3c9215b2""]","formal","[{""locator"":""backend/production/v0.3/inputs/TERMINOLOGY.csv:LEBL-TERM-0018"",""sha256"":""sha256:4568cd33f368e7937d767648632effce07f15b72f68efb2fc12fcaa60e7646bd""}]","urn:uuid:a0273f1c-6fad-54c7-a75a-32a5161da656","active","LEBL-TERM-0018","well ordering property","admitted","{""concept_id"":""concept.order.well-ordering-property"",""evidence"":""R006 ch-vol1-intro.tex"",""notes"":"""",""preferred_id"":""sifat urutan baik"",""register"":""formal"",""rejected_id"":"""",""resource_scope"":""R006"",""source_term"":""well ordering property"",""status"":""admitted"",""term_id"":""LEBL-TERM-0018"",""variants_id"":""""}","{""concept_id"":""urn:uuid:d53a38d6-422b-5fa8-9b97-c379075a825d"",""evidence"":[{""locator"":""backend/production/v0.3/inputs/TERMINOLOGY.csv:LEBL-TERM-0018"",""sha256"":""sha256:4568cd33f368e7937d767648632effce07f15b72f68efb2fc12fcaa60e7646bd""}],""examples"":[],""id"":""urn:uuid:e43077d8-2ed2-566b-8506-9802c0318b67"",""language"":""id"",""ledger_binding"":{""concept_id"":""concept.order.well-ordering-property"",""evidence"":""R006 ch-vol1-intro.tex"",""notes"":"""",""preferred_id"":""sifat urutan baik"",""register"":""formal"",""rejected_id"":"""",""resource_scope"":""R006"",""source_term"":""well ordering property"",""status"":""admitted"",""term_id"":""LEBL-TERM-0018"",""variants_id"":""""},""locale"":""id-ID"",""preferred"":""sifat urutan baik"",""record_type"":""term"",""recorded_at"":""2026-08-21T00:00:00Z"",""register"":""formal"",""rejected_forms"":[],""rights_id"":""urn:uuid:a0273f1c-6fad-54c7-a75a-32a5161da656"",""schema_name"":""lebl.backend.record"",""schema_version"":""0.3.0"",""scope_ids"":[""urn:uuid:2985f369-c946-5392-be8c-902d3c9215b2""],""semantic_aliases"":[],""semantic_key"":""lebl.ra.term.ledger.lebl-term-0018.id-id"",""status"":""active"",""supersedes_id"":null,""variants"":[],""workflow_id"":""01a01f57-a34b-7740-9717-596b8116910c/backend-production-v0.3-r006-live""}"
"urn:uuid:1167e56d-02f0-50a9-9378-a6e9227b6b16","lebl.ra.term.ledger.lebl-term-0050.id-id","urn:uuid:8f568ea3-caf4-50a7-b555-b054124f71a0","id","id-ID","simetris","[]","[]","[""urn:uuid:2985f369-c946-5392-be8c-902d3c9215b2""]","formal","[{""locator"":""backend/production/v0.3/inputs/TERMINOLOGY.csv:LEBL-TERM-0050"",""sha256"":""sha256:6cdfaa53b881f46c8cba703c154e540d8dfa3c12f95171f1d8d42adafe507440""}]","urn:uuid:a0273f1c-6fad-54c7-a75a-32a5161da656","active","LEBL-TERM-0050","symmetric","admitted","{""concept_id"":""concept.relation.symmetric"",""evidence"":""R006 ch-vol1-intro.tex"",""notes"":"""",""preferred_id"":""simetris"",""register"":""formal"",""rejected_id"":"""",""resource_scope"":""R006"",""source_term"":""symmetric"",""status"":""admitted"",""term_id"":""LEBL-TERM-0050"",""variants_id"":""""}","{""concept_id"":""urn:uuid:8f568ea3-caf4-50a7-b555-b054124f71a0"",""evidence"":[{""locator"":""backend/production/v0.3/inputs/TERMINOLOGY.csv:LEBL-TERM-0050"",""sha256"":""sha256:6cdfaa53b881f46c8cba703c154e540d8dfa3c12f95171f1d8d42adafe507440""}],""examples"":[],""id"":""urn:uuid:1167e56d-02f0-50a9-9378-a6e9227b6b16"",""language"":""id"",""ledger_binding"":{""concept_id"":""concept.relation.symmetric"",""evidence"":""R006 ch-vol1-intro.tex"",""notes"":"""",""preferred_id"":""simetris"",""register"":""formal"",""rejected_id"":"""",""resource_scope"":""R006"",""source_term"":""symmetric"",""status"":""admitted"",""term_id"":""LEBL-TERM-0050"",""variants_id"":""""},""locale"":""id-ID"",""preferred"":""simetris"",""record_type"":""term"",""recorded_at"":""2026-08-21T00:00:00Z"",""register"":""formal"",""rejected_forms"":[],""rights_id"":""urn:uuid:a0273f1c-6fad-54c7-a75a-32a5161da656"",""schema_name"":""lebl.backend.record"",""schema_version"":""0.3.0"",""scope_ids"":[""urn:uuid:2985f369-c946-5392-be8c-902d3c9215b2""],""semantic_aliases"":[],""semantic_key"":""lebl.ra.term.ledger.lebl-term-0050.id-id"",""status"":""active"",""supersedes_id"":null,""variants"":[],""workflow_id"":""01a01f57-a34b-7740-9717-596b8116910c/backend-production-v0.3-r006-live""}"
"urn:uuid:f6e2ce03-8d07-52a6-bb9d-faccb9496967","lebl.ra.term.ledger.lebl-term-0215.id-id","urn:uuid:e8e9ae30-448d-5ac2-aed7-7249349bc412","id","id-ID","singularitas yang dapat dihilangkan","[]","[]","[""urn:uuid:2985f369-c946-5392-be8c-902d3c9215b2""]","formal","[{""locator"":""backend/production/v0.3/inputs/TERMINOLOGY.csv:LEBL-TERM-0215"",""sha256"":""sha256:9e780df48f1c090c937f1f817f98e9e94a2a0c9b56c8de3876b543b126c7c919""}]","urn:uuid:a0273f1c-6fad-54c7-a75a-32a5161da656","active","LEBL-TERM-0215","removable singularity","admitted","{""concept_id"":""concept.singularity.removable"",""evidence"":""R006 ch-contfunc.tex"",""notes"":"""",""preferred_id"":""singularitas yang dapat dihilangkan"",""register"":""formal"",""rejected_id"":"""",""resource_scope"":""R006"",""source_term"":""removable singularity"",""status"":""admitted"",""term_id"":""LEBL-TERM-0215"",""variants_id"":""""}","{""concept_id"":""urn:uuid:e8e9ae30-448d-5ac2-aed7-7249349bc412"",""evidence"":[{""locator"":""backend/production/v0.3/inputs/TERMINOLOGY.csv:LEBL-TERM-0215"",""sha256"":""sha256:9e780df48f1c090c937f1f817f98e9e94a2a0c9b56c8de3876b543b126c7c919""}],""examples"":[],""id"":""urn:uuid:f6e2ce03-8d07-52a6-bb9d-faccb9496967"",""language"":""id"",""ledger_binding"":{""concept_id"":""concept.singularity.removable"",""evidence"":""R006 ch-contfunc.tex"",""notes"":"""",""preferred_id"":""singularitas yang dapat dihilangkan"",""register"":""formal"",""rejected_id"":"""",""resource_scope"":""R006"",""source_term"":""removable singularity"",""status"":""admitted"",""term_id"":""LEBL-TERM-0215"",""variants_id"":""""},""locale"":""id-ID"",""preferred"":""singularitas yang dapat dihilangkan"",""record_type"":""term"",""recorded_at"":""2026-08-21T00:00:00Z"",""register"":""formal"",""rejected_forms"":[],""rights_id"":""urn:uuid:a0273f1c-6fad-54c7-a75a-32a5161da656"",""schema_name"":""lebl.backend.record"",""schema_version"":""0.3.0"",""scope_ids"":[""urn:uuid:2985f369-c946-5392-be8c-902d3c9215b2""],""semantic_aliases"":[],""semantic_key"":""lebl.ra.term.ledger.lebl-term-0215.id-id"",""status"":""active"",""supersedes_id"":null,""variants"":[],""workflow_id"":""01a01f57-a34b-7740-9717-596b8116910c/backend-production-v0.3-r006-live""}"
"urn:uuid:7b555cb9-17f6-55fa-a1de-e726eaabca37","lebl.ra.term.ledger.lebl-term-0112.id-id","urn:uuid:3f68a252-d987-5fb0-8396-07d09d51974c","id","id-ID","sisa","[]","[]","[""urn:uuid:2985f369-c946-5392-be8c-902d3c9215b2""]","formal","[{""locator"":""backend/production/v0.3/inputs/TERMINOLOGY.csv:LEBL-TERM-0112"",""sha256"":""sha256:5ed1d6865688ca1a6a65ef0060fdb66f057d3f5001720d02a39e111f254477d1""}]","urn:uuid:a0273f1c-6fad-54c7-a75a-32a5161da656","active","LEBL-TERM-0112","remainder","admitted","{""concept_id"":""concept.arithmetic.remainder"",""evidence"":""R006 ch-real-nums.tex"",""notes"":"""",""preferred_id"":""sisa"",""register"":""formal"",""rejected_id"":"""",""resource_scope"":""R006"",""source_term"":""remainder"",""status"":""admitted"",""term_id"":""LEBL-TERM-0112"",""variants_id"":""""}","{""concept_id"":""urn:uuid:3f68a252-d987-5fb0-8396-07d09d51974c"",""evidence"":[{""locator"":""backend/production/v0.3/inputs/TERMINOLOGY.csv:LEBL-TERM-0112"",""sha256"":""sha256:5ed1d6865688ca1a6a65ef0060fdb66f057d3f5001720d02a39e111f254477d1""}],""examples"":[],""id"":""urn:uuid:7b555cb9-17f6-55fa-a1de-e726eaabca37"",""language"":""id"",""ledger_binding"":{""concept_id"":""concept.arithmetic.remainder"",""evidence"":""R006 ch-real-nums.tex"",""notes"":"""",""preferred_id"":""sisa"",""register"":""formal"",""rejected_id"":"""",""resource_scope"":""R006"",""source_term"":""remainder"",""status"":""admitted"",""term_id"":""LEBL-TERM-0112"",""variants_id"":""""},""locale"":""id-ID"",""preferred"":""sisa"",""record_type"":""term"",""recorded_at"":""2026-08-21T00:00:00Z"",""register"":""formal"",""rejected_forms"":[],""rights_id"":""urn:uuid:a0273f1c-6fad-54c7-a75a-32a5161da656"",""schema_name"":""lebl.backend.record"",""schema_version"":""0.3.0"",""scope_ids"":[""urn:uuid:2985f369-c946-5392-be8c-902d3c9215b2""],""semantic_aliases"":[],""semantic_key"":""lebl.ra.term.ledger.lebl-term-0112.id-id"",""status"":""active"",""supersedes_id"":null,""variants"":[],""workflow_id"":""01a01f57-a34b-7740-9717-596b8116910c/backend-production-v0.3-r006-live""}"
"urn:uuid:107e0149-6095-5941-91fb-65473992318b","lebl.ra.term.ledger.lebl-term-0373.id-id","urn:uuid:a1aa9d65-c874-53ca-ab90-ab120c871863","id","id-ID","skalar","[]","[]","[""urn:uuid:2985f369-c946-5392-be8c-902d3c9215b2""]","formal","[{""locator"":""backend/production/v0.3/inputs/TERMINOLOGY.csv:LEBL-TERM-0373"",""sha256"":""sha256:480cf53614d8b3dac72e6496261226e62a3c1880be945d4e919645024f5c12d6""}]","urn:uuid:a0273f1c-6fad-54c7-a75a-32a5161da656","active","LEBL-TERM-0373","scalar","admitted","{""concept_id"":""concept.scalar"",""evidence"":""R006 ch-several-vars-ders.tex"",""notes"":"""",""preferred_id"":""skalar"",""register"":""formal"",""rejected_id"":"""",""resource_scope"":""R006"",""source_term"":""scalar"",""status"":""admitted"",""term_id"":""LEBL-TERM-0373"",""variants_id"":""""}","{""concept_id"":""urn:uuid:a1aa9d65-c874-53ca-ab90-ab120c871863"",""evidence"":[{""locator"":""backend/production/v0.3/inputs/TERMINOLOGY.csv:LEBL-TERM-0373"",""sha256"":""sha256:480cf53614d8b3dac72e6496261226e62a3c1880be945d4e919645024f5c12d6""}],""examples"":[],""id"":""urn:uuid:107e0149-6095-5941-91fb-65473992318b"",""language"":""id"",""ledger_binding"":{""concept_id"":""concept.scalar"",""evidence"":""R006 ch-several-vars-ders.tex"",""notes"":"""",""preferred_id"":""skalar"",""register"":""formal"",""rejected_id"":"""",""resource_scope"":""R006"",""source_term"":""scalar"",""status"":""admitted"",""term_id"":""LEBL-TERM-0373"",""variants_id"":""""},""locale"":""id-ID"",""preferred"":""skalar"",""record_type"":""term"",""recorded_at"":""2026-08-21T00:00:00Z"",""register"":""formal"",""rejected_forms"":[],""rights_id"":""urn:uuid:a0273f1c-6fad-54c7-a75a-32a5161da656"",""schema_name"":""lebl.backend.record"",""schema_version"":""0.3.0"",""scope_ids"":[""urn:uuid:2985f369-c946-5392-be8c-902d3c9215b2""],""semantic_aliases"":[],""semantic_key"":""lebl.ra.term.ledger.lebl-term-0373.id-id"",""status"":""active"",""supersedes_id"":null,""variants"":[],""workflow_id"":""01a01f57-a34b-7740-9717-596b8116910c/backend-production-v0.3-r006-live""}"
"urn:uuid:80e54e3d-96ce-5af0-8536-d77862a2ab63","lebl.ra.term.ledger.lebl-term-0318.id-id","urn:uuid:3264b084-c1c3-5b05-a39c-790a48cf1573","id","id-ID","solusi lemah","[]","[]","[""urn:uuid:2985f369-c946-5392-be8c-902d3c9215b2""]","formal","[{""locator"":""backend/production/v0.3/inputs/TERMINOLOGY.csv:LEBL-TERM-0318"",""sha256"":""sha256:26dc669bc84b2723b343ff24b9069cff28a5de80f4023b4ace33ab55a8ce8e39""}]","urn:uuid:a0273f1c-6fad-54c7-a75a-32a5161da656","active","LEBL-TERM-0318","weak solution","admitted","{""concept_id"":""concept.solution.weak"",""evidence"":""R006 ch-seq-funcs.tex"",""notes"":"""",""preferred_id"":""solusi lemah"",""register"":""formal"",""rejected_id"":"""",""resource_scope"":""R006"",""source_term"":""weak solution"",""status"":""admitted"",""term_id"":""LEBL-TERM-0318"",""variants_id"":""""}","{""concept_id"":""urn:uuid:3264b084-c1c3-5b05-a39c-790a48cf1573"",""evidence"":[{""locator"":""backend/production/v0.3/inputs/TERMINOLOGY.csv:LEBL-TERM-0318"",""sha256"":""sha256:26dc669bc84b2723b343ff24b9069cff28a5de80f4023b4ace33ab55a8ce8e39""}],""examples"":[],""id"":""urn:uuid:80e54e3d-96ce-5af0-8536-d77862a2ab63"",""language"":""id"",""ledger_binding"":{""concept_id"":""concept.solution.weak"",""evidence"":""R006 ch-seq-funcs.tex"",""notes"":"""",""preferred_id"":""solusi lemah"",""register"":""formal"",""rejected_id"":"""",""resource_scope"":""R006"",""source_term"":""weak solution"",""status"":""admitted"",""term_id"":""LEBL-TERM-0318"",""variants_id"":""""},""locale"":""id-ID"",""preferred"":""solusi lemah"",""record_type"":""term"",""recorded_at"":""2026-08-21T00:00:00Z"",""register"":""formal"",""rejected_forms"":[],""rights_id"":""urn:uuid:a0273f1c-6fad-54c7-a75a-32a5161da656"",""schema_name"":""lebl.backend.record"",""schema_version"":""0.3.0"",""scope_ids"":[""urn:uuid:2985f369-c946-5392-be8c-902d3c9215b2""],""semantic_aliases"":[],""semantic_key"":""lebl.ra.term.ledger.lebl-term-0318.id-id"",""status"":""active"",""supersedes_id"":null,""variants"":[],""workflow_id"":""01a01f57-a34b-7740-9717-596b8116910c/backend-production-v0.3-r006-live""}"
"urn:uuid:052a5c7d-fbc7-530b-9fb1-a898cd93c873","lebl.ra.term.ledger.lebl-term-0135.id-id","urn:uuid:7d347a96-e8ca-5090-9b8f-4a43f83ca4f7","id","id-ID","subbarisan","[]","[]","[""urn:uuid:2985f369-c946-5392-be8c-902d3c9215b2""]","formal","[{""locator"":""backend/production/v0.3/inputs/TERMINOLOGY.csv:LEBL-TERM-0135"",""sha256"":""sha256:6d7ce0a6683a6f9e09c3b09ec5a54820dc2e672e706773b156047031581d9618""}]","urn:uuid:a0273f1c-6fad-54c7-a75a-32a5161da656","active","LEBL-TERM-0135","subsequence","admitted","{""concept_id"":""concept.sequence.subsequence"",""evidence"":""R006 ch-seq-ser.tex"",""notes"":"""",""preferred_id"":""subbarisan"",""register"":""formal"",""rejected_id"":"""",""resource_scope"":""R006"",""source_term"":""subsequence"",""status"":""admitted"",""term_id"":""LEBL-TERM-0135"",""variants_id"":""""}","{""concept_id"":""urn:uuid:7d347a96-e8ca-5090-9b8f-4a43f83ca4f7"",""evidence"":[{""locator"":""backend/production/v0.3/inputs/TERMINOLOGY.csv:LEBL-TERM-0135"",""sha256"":""sha256:6d7ce0a6683a6f9e09c3b09ec5a54820dc2e672e706773b156047031581d9618""}],""examples"":[],""id"":""urn:uuid:052a5c7d-fbc7-530b-9fb1-a898cd93c873"",""language"":""id"",""ledger_binding"":{""concept_id"":""concept.sequence.subsequence"",""evidence"":""R006 ch-seq-ser.tex"",""notes"":"""",""preferred_id"":""subbarisan"",""register"":""formal"",""rejected_id"":"""",""resource_scope"":""R006"",""source_term"":""subsequence"",""status"":""admitted"",""term_id"":""LEBL-TERM-0135"",""variants_id"":""""},""locale"":""id-ID"",""preferred"":""subbarisan"",""record_type"":""term"",""recorded_at"":""2026-08-21T00:00:00Z"",""register"":""formal"",""rejected_forms"":[],""rights_id"":""urn:uuid:a0273f1c-6fad-54c7-a75a-32a5161da656"",""schema_name"":""lebl.backend.record"",""schema_version"":""0.3.0"",""scope_ids"":[""urn:uuid:2985f369-c946-5392-be8c-902d3c9215b2""],""semantic_aliases"":[],""semantic_key"":""lebl.ra.term.ledger.lebl-term-0135.id-id"",""status"":""active"",""supersedes_id"":null,""variants"":[],""workflow_id"":""01a01f57-a34b-7740-9717-596b8116910c/backend-production-v0.3-r006-live""}"
"urn:uuid:7ed577fa-cfca-5e03-938c-ba0c9e924312","lebl.ra.term.ledger.lebl-term-0332.id-id","urn:uuid:467d0d49-453c-583f-896b-2fd9c0a4d172","id","id-ID","subruang","[]","[]","[""urn:uuid:2985f369-c946-5392-be8c-902d3c9215b2""]","formal","[{""locator"":""backend/production/v0.3/inputs/TERMINOLOGY.csv:LEBL-TERM-0332"",""sha256"":""sha256:2458edba7e6447d3813e20d705739001d5d7dc63d39efb2ddf617a9b0cd58e2a""}]","urn:uuid:a0273f1c-6fad-54c7-a75a-32a5161da656","active","LEBL-TERM-0332","subspace","admitted","{""concept_id"":""concept.subspace"",""evidence"":""R006 ch-metric.tex"",""notes"":"""",""preferred_id"":""subruang"",""register"":""formal"",""rejected_id"":"""",""resource_scope"":""R006"",""source_term"":""subspace"",""status"":""admitted"",""term_id"":""LEBL-TERM-0332"",""variants_id"":""""}","{""concept_id"":""urn:uuid:467d0d49-453c-583f-896b-2fd9c0a4d172"",""evidence"":[{""locator"":""backend/production/v0.3/inputs/TERMINOLOGY.csv:LEBL-TERM-0332"",""sha256"":""sha256:2458edba7e6447d3813e20d705739001d5d7dc63d39efb2ddf617a9b0cd58e2a""}],""examples"":[],""id"":""urn:uuid:7ed577fa-cfca-5e03-938c-ba0c9e924312"",""language"":""id"",""ledger_binding"":{""concept_id"":""concept.subspace"",""evidence"":""R006 ch-metric.tex"",""notes"":"""",""preferred_id"":""subruang"",""register"":""formal"",""rejected_id"":"""",""resource_scope"":""R006"",""source_term"":""subspace"",""status"":""admitted"",""term_id"":""LEBL-TERM-0332"",""variants_id"":""""},""locale"":""id-ID"",""preferred"":""subruang"",""record_type"":""term"",""recorded_at"":""2026-08-21T00:00:00Z"",""register"":""formal"",""rejected_forms"":[],""rights_id"":""urn:uuid:a0273f1c-6fad-54c7-a75a-32a5161da656"",""schema_name"":""lebl.backend.record"",""schema_version"":""0.3.0"",""scope_ids"":[""urn:uuid:2985f369-c946-5392-be8c-902d3c9215b2""],""semantic_aliases"":[],""semantic_key"":""lebl.ra.term.ledger.lebl-term-0332.id-id"",""status"":""active"",""supersedes_id"":null,""variants"":[],""workflow_id"":""01a01f57-a34b-7740-9717-596b8116910c/backend-production-v0.3-r006-live""}"
"urn:uuid:1a51b0eb-9227-5e86-a673-c55b058f318e","lebl.ra.term.ledger.lebl-term-0377.id-id","urn:uuid:72aa1b8c-3abf-504f-819f-d0d465236a42","id","id-ID","subruang vektor","[""subruang""]","[]","[""urn:uuid:2985f369-c946-5392-be8c-902d3c9215b2""]","formal","[{""locator"":""backend/production/v0.3/inputs/TERMINOLOGY.csv:LEBL-TERM-0377"",""sha256"":""sha256:a34909d9fd0b76c02af9bbe6c75dac42c8eb32d0b9c34e82e055eb48035c7a42""}]","urn:uuid:a0273f1c-6fad-54c7-a75a-32a5161da656","active","LEBL-TERM-0377","vector subspace","admitted","{""concept_id"":""concept.space.vector-subspace"",""evidence"":""R006 ch-several-vars-ders.tex"",""notes"":"""",""preferred_id"":""subruang vektor"",""register"":""formal"",""rejected_id"":"""",""resource_scope"":""R006"",""source_term"":""vector subspace"",""status"":""admitted"",""term_id"":""LEBL-TERM-0377"",""variants_id"":""subruang""}","{""concept_id"":""urn:uuid:72aa1b8c-3abf-504f-819f-d0d465236a42"",""evidence"":[{""locator"":""backend/production/v0.3/inputs/TERMINOLOGY.csv:LEBL-TERM-0377"",""sha256"":""sha256:a34909d9fd0b76c02af9bbe6c75dac42c8eb32d0b9c34e82e055eb48035c7a42""}],""examples"":[],""id"":""urn:uuid:1a51b0eb-9227-5e86-a673-c55b058f318e"",""language"":""id"",""ledger_binding"":{""concept_id"":""concept.space.vector-subspace"",""evidence"":""R006 ch-several-vars-ders.tex"",""notes"":"""",""preferred_id"":""subruang vektor"",""register"":""formal"",""rejected_id"":"""",""resource_scope"":""R006"",""source_term"":""vector subspace"",""status"":""admitted"",""term_id"":""LEBL-TERM-0377"",""variants_id"":""subruang""},""locale"":""id-ID"",""preferred"":""subruang vektor"",""record_type"":""term"",""recorded_at"":""2026-08-21T00:00:00Z"",""register"":""formal"",""rejected_forms"":[],""rights_id"":""urn:uuid:a0273f1c-6fad-54c7-a75a-32a5161da656"",""schema_name"":""lebl.backend.record"",""schema_version"":""0.3.0"",""scope_ids"":[""urn:uuid:2985f369-c946-5392-be8c-902d3c9215b2""],""semantic_aliases"":[],""semantic_key"":""lebl.ra.term.ledger.lebl-term-0377.id-id"",""status"":""active"",""supersedes_id"":null,""variants"":[""subruang""],""workflow_id"":""01a01f57-a34b-7740-9717-596b8116910c/backend-production-v0.3-r006-live""}"
"urn:uuid:99f13aaa-c29b-5063-9d5f-56b3fb980a38","lebl.ra.term.ledger.lebl-term-0355.id-id","urn:uuid:fb3bbdea-f496-51b5-91f3-2a50d921c4fc","id","id-ID","subselimut","[]","[]","[""urn:uuid:2985f369-c946-5392-be8c-902d3c9215b2""]","formal","[{""locator"":""backend/production/v0.3/inputs/TERMINOLOGY.csv:LEBL-TERM-0355"",""sha256"":""sha256:a26a8dc9c2064caaa462bfed250abb5646eb36dcfaa6ee3690c8b5f63272d1f7""}]","urn:uuid:a0273f1c-6fad-54c7-a75a-32a5161da656","active","LEBL-TERM-0355","subcover","admitted","{""concept_id"":""concept.cover.subcover"",""evidence"":""R006 ch-metric.tex"",""notes"":"""",""preferred_id"":""subselimut"",""register"":""formal"",""rejected_id"":"""",""resource_scope"":""R006"",""source_term"":""subcover"",""status"":""admitted"",""term_id"":""LEBL-TERM-0355"",""variants_id"":""""}","{""concept_id"":""urn:uuid:fb3bbdea-f496-51b5-91f3-2a50d921c4fc"",""evidence"":[{""locator"":""backend/production/v0.3/inputs/TERMINOLOGY.csv:LEBL-TERM-0355"",""sha256"":""sha256:a26a8dc9c2064caaa462bfed250abb5646eb36dcfaa6ee3690c8b5f63272d1f7""}],""examples"":[],""id"":""urn:uuid:99f13aaa-c29b-5063-9d5f-56b3fb980a38"",""language"":""id"",""ledger_binding"":{""concept_id"":""concept.cover.subcover"",""evidence"":""R006 ch-metric.tex"",""notes"":"""",""preferred_id"":""subselimut"",""register"":""formal"",""rejected_id"":"""",""resource_scope"":""R006"",""source_term"":""subcover"",""status"":""admitted"",""term_id"":""LEBL-TERM-0355"",""variants_id"":""""},""locale"":""id-ID"",""preferred"":""subselimut"",""record_type"":""term"",""recorded_at"":""2026-08-21T00:00:00Z"",""register"":""formal"",""rejected_forms"":[],""rights_id"":""urn:uuid:a0273f1c-6fad-54c7-a75a-32a5161da656"",""schema_name"":""lebl.backend.record"",""schema_version"":""0.3.0"",""scope_ids"":[""urn:uuid:2985f369-c946-5392-be8c-902d3c9215b2""],""semantic_aliases"":[],""semantic_key"":""lebl.ra.term.ledger.lebl-term-0355.id-id"",""status"":""active"",""supersedes_id"":null,""variants"":[],""workflow_id"":""01a01f57-a34b-7740-9717-596b8116910c/backend-production-v0.3-r006-live""}"
"urn:uuid:ed1d652c-0d2c-555a-adb5-5fa817417dab","lebl.ra.term.ledger.lebl-term-0119.id-id","urn:uuid:d4c90937-b5d9-5117-a169-bdae238e2a06","id","id-ID","suku","[]","[]","[""urn:uuid:2985f369-c946-5392-be8c-902d3c9215b2""]","formal","[{""locator"":""backend/production/v0.3/inputs/TERMINOLOGY.csv:LEBL-TERM-0119"",""sha256"":""sha256:50c4fd11ad8dd19ff76a5abbefec90a2c95d6454fdf9f87d02b2d98060e50489""}]","urn:uuid:a0273f1c-6fad-54c7-a75a-32a5161da656","active","LEBL-TERM-0119","term","admitted","{""concept_id"":""concept.sequence.term"",""evidence"":""R006 ch-seq-ser.tex"",""notes"":"""",""preferred_id"":""suku"",""register"":""formal"",""rejected_id"":"""",""resource_scope"":""R006"",""source_term"":""term"",""status"":""admitted"",""term_id"":""LEBL-TERM-0119"",""variants_id"":""""}","{""concept_id"":""urn:uuid:d4c90937-b5d9-5117-a169-bdae238e2a06"",""evidence"":[{""locator"":""backend/production/v0.3/inputs/TERMINOLOGY.csv:LEBL-TERM-0119"",""sha256"":""sha256:50c4fd11ad8dd19ff76a5abbefec90a2c95d6454fdf9f87d02b2d98060e50489""}],""examples"":[],""id"":""urn:uuid:ed1d652c-0d2c-555a-adb5-5fa817417dab"",""language"":""id"",""ledger_binding"":{""concept_id"":""concept.sequence.term"",""evidence"":""R006 ch-seq-ser.tex"",""notes"":"""",""preferred_id"":""suku"",""register"":""formal"",""rejected_id"":"""",""resource_scope"":""R006"",""source_term"":""term"",""status"":""admitted"",""term_id"":""LEBL-TERM-0119"",""variants_id"":""""},""locale"":""id-ID"",""preferred"":""suku"",""record_type"":""term"",""recorded_at"":""2026-08-21T00:00:00Z"",""register"":""formal"",""rejected_forms"":[],""rights_id"":""urn:uuid:a0273f1c-6fad-54c7-a75a-32a5161da656"",""schema_name"":""lebl.backend.record"",""schema_version"":""0.3.0"",""scope_ids"":[""urn:uuid:2985f369-c946-5392-be8c-902d3c9215b2""],""semantic_aliases"":[],""semantic_key"":""lebl.ra.term.ledger.lebl-term-0119.id-id"",""status"":""active"",""supersedes_id"":null,""variants"":[],""workflow_id"":""01a01f57-a34b-7740-9717-596b8116910c/backend-production-v0.3-r006-live""}"
"urn:uuid:8865990a-eacb-5ac5-8c42-585605d374a5","lebl.ra.term.ledger.lebl-term-0253.id-id","urn:uuid:128dde11-546e-5d76-bd57-d73c729041ef","id","id-ID","suku sisa","[]","[]","[""urn:uuid:2985f369-c946-5392-be8c-902d3c9215b2""]","formal","[{""locator"":""backend/production/v0.3/inputs/TERMINOLOGY.csv:LEBL-TERM-0253"",""sha256"":""sha256:267de891611bbdc9b7b0a79f78c7af306fa9fe94cd390007c7d467fde5fe6817""}]","urn:uuid:a0273f1c-6fad-54c7-a75a-32a5161da656","active","LEBL-TERM-0253","remainder term","admitted","{""concept_id"":""concept.calculus.remainder-term"",""evidence"":""R006 ch-der.tex"",""notes"":"""",""preferred_id"":""suku sisa"",""register"":""formal"",""rejected_id"":"""",""resource_scope"":""R006"",""source_term"":""remainder term"",""status"":""admitted"",""term_id"":""LEBL-TERM-0253"",""variants_id"":""""}","{""concept_id"":""urn:uuid:128dde11-546e-5d76-bd57-d73c729041ef"",""evidence"":[{""locator"":""backend/production/v0.3/inputs/TERMINOLOGY.csv:LEBL-TERM-0253"",""sha256"":""sha256:267de891611bbdc9b7b0a79f78c7af306fa9fe94cd390007c7d467fde5fe6817""}],""examples"":[],""id"":""urn:uuid:8865990a-eacb-5ac5-8c42-585605d374a5"",""language"":""id"",""ledger_binding"":{""concept_id"":""concept.calculus.remainder-term"",""evidence"":""R006 ch-der.tex"",""notes"":"""",""preferred_id"":""suku sisa"",""register"":""formal"",""rejected_id"":"""",""resource_scope"":""R006"",""source_term"":""remainder term"",""status"":""admitted"",""term_id"":""LEBL-TERM-0253"",""variants_id"":""""},""locale"":""id-ID"",""preferred"":""suku sisa"",""record_type"":""term"",""recorded_at"":""2026-08-21T00:00:00Z"",""register"":""formal"",""rejected_forms"":[],""rights_id"":""urn:uuid:a0273f1c-6fad-54c7-a75a-32a5161da656"",""schema_name"":""lebl.backend.record"",""schema_version"":""0.3.0"",""scope_ids"":[""urn:uuid:2985f369-c946-5392-be8c-902d3c9215b2""],""semantic_aliases"":[],""semantic_key"":""lebl.ra.term.ledger.lebl-term-0253.id-id"",""status"":""active"",""supersedes_id"":null,""variants"":[],""workflow_id"":""01a01f57-a34b-7740-9717-596b8116910c/backend-production-v0.3-r006-live""}"
"urn:uuid:b9e4123d-a809-5e8e-b3a2-83c9728d0170","lebl.ra.term.ledger.lebl-term-0070.id-id","urn:uuid:7335d222-6670-5590-9162-b42a9dcc4a3c","id","id-ID","supremum","[""batas atas terkecil""]","[]","[""urn:uuid:2985f369-c946-5392-be8c-902d3c9215b2""]","formal","[{""locator"":""backend/production/v0.3/inputs/TERMINOLOGY.csv:LEBL-TERM-0070"",""sha256"":""sha256:c49c0ed6dc602b6e0d46ed41577daa745fb2542803f6b4dadb0129488cb6b756""}]","urn:uuid:a0273f1c-6fad-54c7-a75a-32a5161da656","active","LEBL-TERM-0070","supremum","admitted","{""concept_id"":""concept.order.supremum"",""evidence"":""R006 ch-real-nums.tex"",""notes"":"""",""preferred_id"":""supremum"",""register"":""formal"",""rejected_id"":"""",""resource_scope"":""R006"",""source_term"":""supremum"",""status"":""admitted"",""term_id"":""LEBL-TERM-0070"",""variants_id"":""batas atas terkecil""}","{""concept_id"":""urn:uuid:7335d222-6670-5590-9162-b42a9dcc4a3c"",""evidence"":[{""locator"":""backend/production/v0.3/inputs/TERMINOLOGY.csv:LEBL-TERM-0070"",""sha256"":""sha256:c49c0ed6dc602b6e0d46ed41577daa745fb2542803f6b4dadb0129488cb6b756""}],""examples"":[],""id"":""urn:uuid:b9e4123d-a809-5e8e-b3a2-83c9728d0170"",""language"":""id"",""ledger_binding"":{""concept_id"":""concept.order.supremum"",""evidence"":""R006 ch-real-nums.tex"",""notes"":"""",""preferred_id"":""supremum"",""register"":""formal"",""rejected_id"":"""",""resource_scope"":""R006"",""source_term"":""supremum"",""status"":""admitted"",""term_id"":""LEBL-TERM-0070"",""variants_id"":""batas atas terkecil""},""locale"":""id-ID"",""preferred"":""supremum"",""record_type"":""term"",""recorded_at"":""2026-08-21T00:00:00Z"",""register"":""formal"",""rejected_forms"":[],""rights_id"":""urn:uuid:a0273f1c-6fad-54c7-a75a-32a5161da656"",""schema_name"":""lebl.backend.record"",""schema_version"":""0.3.0"",""scope_ids"":[""urn:uuid:2985f369-c946-5392-be8c-902d3c9215b2""],""semantic_aliases"":[],""semantic_key"":""lebl.ra.term.ledger.lebl-term-0070.id-id"",""status"":""active"",""supersedes_id"":null,""variants"":[""batas atas terkecil""],""workflow_id"":""01a01f57-a34b-7740-9717-596b8116910c/backend-production-v0.3-r006-live""}"
"urn:uuid:4dc10eb5-39ad-50cf-a5d3-531093d7d88c","lebl.ra.term.ledger.lebl-term-0043.id-id","urn:uuid:e8d21481-b9f1-5f1f-aee1-e769a044a0ad","id","id-ID","surjeksi","[]","[]","[""urn:uuid:2985f369-c946-5392-be8c-902d3c9215b2""]","formal","[{""locator"":""backend/production/v0.3/inputs/TERMINOLOGY.csv:LEBL-TERM-0043"",""sha256"":""sha256:7eafbf902730c621a4bf5f6200a65968fc82b20fb89b95c7898c75caff306730""}]","urn:uuid:a0273f1c-6fad-54c7-a75a-32a5161da656","active","LEBL-TERM-0043","surjection","admitted","{""concept_id"":""concept.function.surjection"",""evidence"":""R006 ch-vol1-intro.tex"",""notes"":"""",""preferred_id"":""surjeksi"",""register"":""formal"",""rejected_id"":"""",""resource_scope"":""R006"",""source_term"":""surjection"",""status"":""admitted"",""term_id"":""LEBL-TERM-0043"",""variants_id"":""""}","{""concept_id"":""urn:uuid:e8d21481-b9f1-5f1f-aee1-e769a044a0ad"",""evidence"":[{""locator"":""backend/production/v0.3/inputs/TERMINOLOGY.csv:LEBL-TERM-0043"",""sha256"":""sha256:7eafbf902730c621a4bf5f6200a65968fc82b20fb89b95c7898c75caff306730""}],""examples"":[],""id"":""urn:uuid:4dc10eb5-39ad-50cf-a5d3-531093d7d88c"",""language"":""id"",""ledger_binding"":{""concept_id"":""concept.function.surjection"",""evidence"":""R006 ch-vol1-intro.tex"",""notes"":"""",""preferred_id"":""surjeksi"",""register"":""formal"",""rejected_id"":"""",""resource_scope"":""R006"",""source_term"":""surjection"",""status"":""admitted"",""term_id"":""LEBL-TERM-0043"",""variants_id"":""""},""locale"":""id-ID"",""preferred"":""surjeksi"",""record_type"":""term"",""recorded_at"":""2026-08-21T00:00:00Z"",""register"":""formal"",""rejected_forms"":[],""rights_id"":""urn:uuid:a0273f1c-6fad-54c7-a75a-32a5161da656"",""schema_name"":""lebl.backend.record"",""schema_version"":""0.3.0"",""scope_ids"":[""urn:uuid:2985f369-c946-5392-be8c-902d3c9215b2""],""semantic_aliases"":[],""semantic_key"":""lebl.ra.term.ledger.lebl-term-0043.id-id"",""status"":""active"",""supersedes_id"":null,""variants"":[],""workflow_id"":""01a01f57-a34b-7740-9717-596b8116910c/backend-production-v0.3-r006-live""}"
"urn:uuid:9c558521-85f6-5273-aeaf-bf3e82984c44","lebl.ra.term.ledger.lebl-term-0394.id-id","urn:uuid:4a6a7d9d-abf3-5349-8c24-832ceb105feb","id","id-ID","surjektif","[""memetakan pada""]","[]","[""urn:uuid:2985f369-c946-5392-be8c-902d3c9215b2""]","formal","[{""locator"":""backend/production/v0.3/inputs/TERMINOLOGY.csv:LEBL-TERM-0394"",""sha256"":""sha256:addf8cb8fc590ac37eac609cd130c2c2fc853f606765ae8cdf5d1b384975318d""}]","urn:uuid:a0273f1c-6fad-54c7-a75a-32a5161da656","active","LEBL-TERM-0394","onto","admitted","{""concept_id"":""concept.function.surjective"",""evidence"":""R006 ch-several-vars-ders.tex"",""notes"":"""",""preferred_id"":""surjektif"",""register"":""formal"",""rejected_id"":"""",""resource_scope"":""R006"",""source_term"":""onto"",""status"":""admitted"",""term_id"":""LEBL-TERM-0394"",""variants_id"":""memetakan pada""}","{""concept_id"":""urn:uuid:4a6a7d9d-abf3-5349-8c24-832ceb105feb"",""evidence"":[{""locator"":""backend/production/v0.3/inputs/TERMINOLOGY.csv:LEBL-TERM-0394"",""sha256"":""sha256:addf8cb8fc590ac37eac609cd130c2c2fc853f606765ae8cdf5d1b384975318d""}],""examples"":[],""id"":""urn:uuid:9c558521-85f6-5273-aeaf-bf3e82984c44"",""language"":""id"",""ledger_binding"":{""concept_id"":""concept.function.surjective"",""evidence"":""R006 ch-several-vars-ders.tex"",""notes"":"""",""preferred_id"":""surjektif"",""register"":""formal"",""rejected_id"":"""",""resource_scope"":""R006"",""source_term"":""onto"",""status"":""admitted"",""term_id"":""LEBL-TERM-0394"",""variants_id"":""memetakan pada""},""locale"":""id-ID"",""preferred"":""surjektif"",""record_type"":""term"",""recorded_at"":""2026-08-21T00:00:00Z"",""register"":""formal"",""rejected_forms"":[],""rights_id"":""urn:uuid:a0273f1c-6fad-54c7-a75a-32a5161da656"",""schema_name"":""lebl.backend.record"",""schema_version"":""0.3.0"",""scope_ids"":[""urn:uuid:2985f369-c946-5392-be8c-902d3c9215b2""],""semantic_aliases"":[],""semantic_key"":""lebl.ra.term.ledger.lebl-term-0394.id-id"",""status"":""active"",""supersedes_id"":null,""variants"":[""memetakan pada""],""workflow_id"":""01a01f57-a34b-7740-9717-596b8116910c/backend-production-v0.3-r006-live""}"
"urn:uuid:ad768599-5cc4-50f7-b363-45e13d15b90d","lebl.ra.term.ledger.lebl-term-0042.id-id","urn:uuid:4a6a7d9d-abf3-5349-8c24-832ceb105feb","id","id-ID","surjektif","[""memetakan pada""]","[]","[""urn:uuid:2985f369-c946-5392-be8c-902d3c9215b2""]","formal","[{""locator"":""backend/production/v0.3/inputs/TERMINOLOGY.csv:LEBL-TERM-0042"",""sha256"":""sha256:9c0926d59bc7451ccb8de6501758330c3be7eec79b0eb37b84be9c60f25500b7""}]","urn:uuid:a0273f1c-6fad-54c7-a75a-32a5161da656","active","LEBL-TERM-0042","surjective","admitted","{""concept_id"":""concept.function.surjective"",""evidence"":""R006 ch-vol1-intro.tex"",""notes"":"""",""preferred_id"":""surjektif"",""register"":""formal"",""rejected_id"":"""",""resource_scope"":""R006"",""source_term"":""surjective"",""status"":""admitted"",""term_id"":""LEBL-TERM-0042"",""variants_id"":""memetakan pada""}","{""concept_id"":""urn:uuid:4a6a7d9d-abf3-5349-8c24-832ceb105feb"",""evidence"":[{""locator"":""backend/production/v0.3/inputs/TERMINOLOGY.csv:LEBL-TERM-0042"",""sha256"":""sha256:9c0926d59bc7451ccb8de6501758330c3be7eec79b0eb37b84be9c60f25500b7""}],""examples"":[],""id"":""urn:uuid:ad768599-5cc4-50f7-b363-45e13d15b90d"",""language"":""id"",""ledger_binding"":{""concept_id"":""concept.function.surjective"",""evidence"":""R006 ch-vol1-intro.tex"",""notes"":"""",""preferred_id"":""surjektif"",""register"":""formal"",""rejected_id"":"""",""resource_scope"":""R006"",""source_term"":""surjective"",""status"":""admitted"",""term_id"":""LEBL-TERM-0042"",""variants_id"":""memetakan pada""},""locale"":""id-ID"",""preferred"":""surjektif"",""record_type"":""term"",""recorded_at"":""2026-08-21T00:00:00Z"",""register"":""formal"",""rejected_forms"":[],""rights_id"":""urn:uuid:a0273f1c-6fad-54c7-a75a-32a5161da656"",""schema_name"":""lebl.backend.record"",""schema_version"":""0.3.0"",""scope_ids"":[""urn:uuid:2985f369-c946-5392-be8c-902d3c9215b2""],""semantic_aliases"":[],""semantic_key"":""lebl.ra.term.ledger.lebl-term-0042.id-id"",""status"":""active"",""supersedes_id"":null,""variants"":[""memetakan pada""],""workflow_id"":""01a01f57-a34b-7740-9717-596b8116910c/backend-production-v0.3-r006-live""}"
"urn:uuid:6f93c5c8-10ce-557f-8709-6885e2174f58","lebl.ra.term.ledger.lebl-term-0310.id-id","urn:uuid:c6792636-4251-53a4-8218-9db1cbb768bc","id","id-ID","syarat awal","[]","[]","[""urn:uuid:2985f369-c946-5392-be8c-902d3c9215b2""]","formal","[{""locator"":""backend/production/v0.3/inputs/TERMINOLOGY.csv:LEBL-TERM-0310"",""sha256"":""sha256:8ec0b379330b2d7f0e378d6b4716353ca18052213f5f5added0b4376c006cab2""}]","urn:uuid:a0273f1c-6fad-54c7-a75a-32a5161da656","active","LEBL-TERM-0310","initial condition","admitted","{""concept_id"":""concept.initial-condition"",""evidence"":""R006 ch-seq-funcs.tex"",""notes"":"""",""preferred_id"":""syarat awal"",""register"":""formal"",""rejected_id"":"""",""resource_scope"":""R006"",""source_term"":""initial condition"",""status"":""admitted"",""term_id"":""LEBL-TERM-0310"",""variants_id"":""""}","{""concept_id"":""urn:uuid:c6792636-4251-53a4-8218-9db1cbb768bc"",""evidence"":[{""locator"":""backend/production/v0.3/inputs/TERMINOLOGY.csv:LEBL-TERM-0310"",""sha256"":""sha256:8ec0b379330b2d7f0e378d6b4716353ca18052213f5f5added0b4376c006cab2""}],""examples"":[],""id"":""urn:uuid:6f93c5c8-10ce-557f-8709-6885e2174f58"",""language"":""id"",""ledger_binding"":{""concept_id"":""concept.initial-condition"",""evidence"":""R006 ch-seq-funcs.tex"",""notes"":"""",""preferred_id"":""syarat awal"",""register"":""formal"",""rejected_id"":"""",""resource_scope"":""R006"",""source_term"":""initial condition"",""status"":""admitted"",""term_id"":""LEBL-TERM-0310"",""variants_id"":""""},""locale"":""id-ID"",""preferred"":""syarat awal"",""record_type"":""term"",""recorded_at"":""2026-08-21T00:00:00Z"",""register"":""formal"",""rejected_forms"":[],""rights_id"":""urn:uuid:a0273f1c-6fad-54c7-a75a-32a5161da656"",""schema_name"":""lebl.backend.record"",""schema_version"":""0.3.0"",""scope_ids"":[""urn:uuid:2985f369-c946-5392-be8c-902d3c9215b2""],""semantic_aliases"":[],""semantic_key"":""lebl.ra.term.ledger.lebl-term-0310.id-id"",""status"":""active"",""supersedes_id"":null,""variants"":[],""workflow_id"":""01a01f57-a34b-7740-9717-596b8116910c/backend-production-v0.3-r006-live""}"
"urn:uuid:8374ca1c-59a3-5503-9e76-c4fd80d81f36","lebl.ra.term.ledger.lebl-term-0056.id-id","urn:uuid:9ba8664a-1403-52de-9a07-e3873f7c6b23","id","id-ID","tak berhingga","[]","[]","[""urn:uuid:2985f369-c946-5392-be8c-902d3c9215b2""]","formal","[{""locator"":""backend/production/v0.3/inputs/TERMINOLOGY.csv:LEBL-TERM-0056"",""sha256"":""sha256:482ff8b1c3a0b92c2edb33cb5871c4bd79a21defc330853f5d9a7963ed90c8eb""}]","urn:uuid:a0273f1c-6fad-54c7-a75a-32a5161da656","active","LEBL-TERM-0056","infinite","admitted","{""concept_id"":""concept.set-theory.infinite"",""evidence"":""R006 ch-vol1-intro.tex"",""notes"":"""",""preferred_id"":""tak berhingga"",""register"":""formal"",""rejected_id"":"""",""resource_scope"":""R006"",""source_term"":""infinite"",""status"":""admitted"",""term_id"":""LEBL-TERM-0056"",""variants_id"":""""}","{""concept_id"":""urn:uuid:9ba8664a-1403-52de-9a07-e3873f7c6b23"",""evidence"":[{""locator"":""backend/production/v0.3/inputs/TERMINOLOGY.csv:LEBL-TERM-0056"",""sha256"":""sha256:482ff8b1c3a0b92c2edb33cb5871c4bd79a21defc330853f5d9a7963ed90c8eb""}],""examples"":[],""id"":""urn:uuid:8374ca1c-59a3-5503-9e76-c4fd80d81f36"",""language"":""id"",""ledger_binding"":{""concept_id"":""concept.set-theory.infinite"",""evidence"":""R006 ch-vol1-intro.tex"",""notes"":"""",""preferred_id"":""tak berhingga"",""register"":""formal"",""rejected_id"":"""",""resource_scope"":""R006"",""source_term"":""infinite"",""status"":""admitted"",""term_id"":""LEBL-TERM-0056"",""variants_id"":""""},""locale"":""id-ID"",""preferred"":""tak berhingga"",""record_type"":""term"",""recorded_at"":""2026-08-21T00:00:00Z"",""register"":""formal"",""rejected_forms"":[],""rights_id"":""urn:uuid:a0273f1c-6fad-54c7-a75a-32a5161da656"",""schema_name"":""lebl.backend.record"",""schema_version"":""0.3.0"",""scope_ids"":[""urn:uuid:2985f369-c946-5392-be8c-902d3c9215b2""],""semantic_aliases"":[],""semantic_key"":""lebl.ra.term.ledger.lebl-term-0056.id-id"",""status"":""active"",""supersedes_id"":null,""variants"":[],""workflow_id"":""01a01f57-a34b-7740-9717-596b8116910c/backend-production-v0.3-r006-live""}"
"urn:uuid:921a3054-881b-59b3-b59b-601f0ae78b5d","lebl.ra.term.ledger.lebl-term-0057.id-id","urn:uuid:e9268ff4-9555-56ab-9c74-b34aa6039e85","id","id-ID","tak berhingga terhitung","[]","[""tak hingga tercacah""]","[""urn:uuid:2985f369-c946-5392-be8c-902d3c9215b2""]","formal","[{""locator"":""backend/production/v0.3/inputs/TERMINOLOGY.csv:LEBL-TERM-0057"",""sha256"":""sha256:befaaea0387c00f9974191c14d204dc11d4c02edf48ca31a6a96028324c736d0""}]","urn:uuid:a0273f1c-6fad-54c7-a75a-32a5161da656","active","LEBL-TERM-0057","countably infinite","admitted","{""concept_id"":""concept.set-theory.countably-infinite"",""evidence"":""R006 ch-vol1-intro.tex and Indonesian university analysis sources"",""notes"":""Canonicalized by LEBL-ID-DEC-0016."",""preferred_id"":""tak berhingga terhitung"",""register"":""formal"",""rejected_id"":""tak hingga tercacah"",""resource_scope"":""R006"",""source_term"":""countably infinite"",""status"":""admitted"",""term_id"":""LEBL-TERM-0057"",""variants_id"":""""}","{""concept_id"":""urn:uuid:e9268ff4-9555-56ab-9c74-b34aa6039e85"",""evidence"":[{""locator"":""backend/production/v0.3/inputs/TERMINOLOGY.csv:LEBL-TERM-0057"",""sha256"":""sha256:befaaea0387c00f9974191c14d204dc11d4c02edf48ca31a6a96028324c736d0""}],""examples"":[],""id"":""urn:uuid:921a3054-881b-59b3-b59b-601f0ae78b5d"",""language"":""id"",""ledger_binding"":{""concept_id"":""concept.set-theory.countably-infinite"",""evidence"":""R006 ch-vol1-intro.tex and Indonesian university analysis sources"",""notes"":""Canonicalized by LEBL-ID-DEC-0016."",""preferred_id"":""tak berhingga terhitung"",""register"":""formal"",""rejected_id"":""tak hingga tercacah"",""resource_scope"":""R006"",""source_term"":""countably infinite"",""status"":""admitted"",""term_id"":""LEBL-TERM-0057"",""variants_id"":""""},""locale"":""id-ID"",""preferred"":""tak berhingga terhitung"",""record_type"":""term"",""recorded_at"":""2026-08-21T00:00:00Z"",""register"":""formal"",""rejected_forms"":[""tak hingga tercacah""],""rights_id"":""urn:uuid:a0273f1c-6fad-54c7-a75a-32a5161da656"",""schema_name"":""lebl.backend.record"",""schema_version"":""0.3.0"",""scope_ids"":[""urn:uuid:2985f369-c946-5392-be8c-902d3c9215b2""],""semantic_aliases"":[],""semantic_key"":""lebl.ra.term.ledger.lebl-term-0057.id-id"",""status"":""active"",""supersedes_id"":null,""variants"":[],""workflow_id"":""01a01f57-a34b-7740-9717-596b8116910c/backend-production-v0.3-r006-live""}"
"urn:uuid:b418b08e-020a-5513-99dc-796a925d5de1","lebl.ra.term.ledger.lebl-term-0156.id-id","urn:uuid:8f3cfdcb-7489-57ce-90af-c9b554501df0","id","id-ID","tak berhingga yang terhitung","[]","[]","[""urn:uuid:2985f369-c946-5392-be8c-902d3c9215b2""]","formal","[{""locator"":""backend/production/v0.3/inputs/TERMINOLOGY.csv:LEBL-TERM-0156"",""sha256"":""sha256:dac79595e301c44b1d673d8981fa85c0dfbbfdba804b273a2be0d8f7e9f15b9a""}]","urn:uuid:a0273f1c-6fad-54c7-a75a-32a5161da656","active","LEBL-TERM-0156","countably infinite","admitted","{""concept_id"":""concept.cardinality.countably-infinite"",""evidence"":""R006 ch-seq-ser.tex"",""notes"":"""",""preferred_id"":""tak berhingga yang terhitung"",""register"":""formal"",""rejected_id"":"""",""resource_scope"":""R006"",""source_term"":""countably infinite"",""status"":""admitted"",""term_id"":""LEBL-TERM-0156"",""variants_id"":""""}","{""concept_id"":""urn:uuid:8f3cfdcb-7489-57ce-90af-c9b554501df0"",""evidence"":[{""locator"":""backend/production/v0.3/inputs/TERMINOLOGY.csv:LEBL-TERM-0156"",""sha256"":""sha256:dac79595e301c44b1d673d8981fa85c0dfbbfdba804b273a2be0d8f7e9f15b9a""}],""examples"":[],""id"":""urn:uuid:b418b08e-020a-5513-99dc-796a925d5de1"",""language"":""id"",""ledger_binding"":{""concept_id"":""concept.cardinality.countably-infinite"",""evidence"":""R006 ch-seq-ser.tex"",""notes"":"""",""preferred_id"":""tak berhingga yang terhitung"",""register"":""formal"",""rejected_id"":"""",""resource_scope"":""R006"",""source_term"":""countably infinite"",""status"":""admitted"",""term_id"":""LEBL-TERM-0156"",""variants_id"":""""},""locale"":""id-ID"",""preferred"":""tak berhingga yang terhitung"",""record_type"":""term"",""recorded_at"":""2026-08-21T00:00:00Z"",""register"":""formal"",""rejected_forms"":[],""rights_id"":""urn:uuid:a0273f1c-6fad-54c7-a75a-32a5161da656"",""schema_name"":""lebl.backend.record"",""schema_version"":""0.3.0"",""scope_ids"":[""urn:uuid:2985f369-c946-5392-be8c-902d3c9215b2""],""semantic_aliases"":[],""semantic_key"":""lebl.ra.term.ledger.lebl-term-0156.id-id"",""status"":""active"",""supersedes_id"":null,""variants"":[],""workflow_id"":""01a01f57-a34b-7740-9717-596b8116910c/backend-production-v0.3-r006-live""}"
"urn:uuid:a3bda879-5688-59cc-ae50-414c2854d1af","lebl.ra.term.ledger.lebl-term-0230.id-id","urn:uuid:949cc784-9d93-52be-ac80-bce86fa94be0","id","id-ID","tak menaik","[]","[]","[""urn:uuid:2985f369-c946-5392-be8c-902d3c9215b2""]","formal","[{""locator"":""backend/production/v0.3/inputs/TERMINOLOGY.csv:LEBL-TERM-0230"",""sha256"":""sha256:55ab80774bc0fd734a957a0ab34cddfb77fa9eef9effd81fd5571b2d0810276b""}]","urn:uuid:a0273f1c-6fad-54c7-a75a-32a5161da656","active","LEBL-TERM-0230","nonincreasing","admitted","{""concept_id"":""concept.function.nonincreasing"",""evidence"":""R006 ch-contfunc.tex"",""notes"":"""",""preferred_id"":""tak menaik"",""register"":""formal"",""rejected_id"":"""",""resource_scope"":""R006"",""source_term"":""nonincreasing"",""status"":""admitted"",""term_id"":""LEBL-TERM-0230"",""variants_id"":""""}","{""concept_id"":""urn:uuid:949cc784-9d93-52be-ac80-bce86fa94be0"",""evidence"":[{""locator"":""backend/production/v0.3/inputs/TERMINOLOGY.csv:LEBL-TERM-0230"",""sha256"":""sha256:55ab80774bc0fd734a957a0ab34cddfb77fa9eef9effd81fd5571b2d0810276b""}],""examples"":[],""id"":""urn:uuid:a3bda879-5688-59cc-ae50-414c2854d1af"",""language"":""id"",""ledger_binding"":{""concept_id"":""concept.function.nonincreasing"",""evidence"":""R006 ch-contfunc.tex"",""notes"":"""",""preferred_id"":""tak menaik"",""register"":""formal"",""rejected_id"":"""",""resource_scope"":""R006"",""source_term"":""nonincreasing"",""status"":""admitted"",""term_id"":""LEBL-TERM-0230"",""variants_id"":""""},""locale"":""id-ID"",""preferred"":""tak menaik"",""record_type"":""term"",""recorded_at"":""2026-08-21T00:00:00Z"",""register"":""formal"",""rejected_forms"":[],""rights_id"":""urn:uuid:a0273f1c-6fad-54c7-a75a-32a5161da656"",""schema_name"":""lebl.backend.record"",""schema_version"":""0.3.0"",""scope_ids"":[""urn:uuid:2985f369-c946-5392-be8c-902d3c9215b2""],""semantic_aliases"":[],""semantic_key"":""lebl.ra.term.ledger.lebl-term-0230.id-id"",""status"":""active"",""supersedes_id"":null,""variants"":[],""workflow_id"":""01a01f57-a34b-7740-9717-596b8116910c/backend-production-v0.3-r006-live""}"
"urn:uuid:e758b407-815a-5379-a57a-dd0afd8ce4f5","lebl.ra.term.ledger.lebl-term-0229.id-id","urn:uuid:e8556999-c7b2-5643-acef-6e826b4feb05","id","id-ID","tak menurun","[]","[]","[""urn:uuid:2985f369-c946-5392-be8c-902d3c9215b2""]","formal","[{""locator"":""backend/production/v0.3/inputs/TERMINOLOGY.csv:LEBL-TERM-0229"",""sha256"":""sha256:b600bf02ca727a5feea8f5d8c5a40b45649cc340282824e94aea0d01eb8d76a3""}]","urn:uuid:a0273f1c-6fad-54c7-a75a-32a5161da656","active","LEBL-TERM-0229","nondecreasing","admitted","{""concept_id"":""concept.function.nondecreasing"",""evidence"":""R006 ch-contfunc.tex"",""notes"":"""",""preferred_id"":""tak menurun"",""register"":""formal"",""rejected_id"":"""",""resource_scope"":""R006"",""source_term"":""nondecreasing"",""status"":""admitted"",""term_id"":""LEBL-TERM-0229"",""variants_id"":""""}","{""concept_id"":""urn:uuid:e8556999-c7b2-5643-acef-6e826b4feb05"",""evidence"":[{""locator"":""backend/production/v0.3/inputs/TERMINOLOGY.csv:LEBL-TERM-0229"",""sha256"":""sha256:b600bf02ca727a5feea8f5d8c5a40b45649cc340282824e94aea0d01eb8d76a3""}],""examples"":[],""id"":""urn:uuid:e758b407-815a-5379-a57a-dd0afd8ce4f5"",""language"":""id"",""ledger_binding"":{""concept_id"":""concept.function.nondecreasing"",""evidence"":""R006 ch-contfunc.tex"",""notes"":"""",""preferred_id"":""tak menurun"",""register"":""formal"",""rejected_id"":"""",""resource_scope"":""R006"",""source_term"":""nondecreasing"",""status"":""admitted"",""term_id"":""LEBL-TERM-0229"",""variants_id"":""""},""locale"":""id-ID"",""preferred"":""tak menurun"",""record_type"":""term"",""recorded_at"":""2026-08-21T00:00:00Z"",""register"":""formal"",""rejected_forms"":[],""rights_id"":""urn:uuid:a0273f1c-6fad-54c7-a75a-32a5161da656"",""schema_name"":""lebl.backend.record"",""schema_version"":""0.3.0"",""scope_ids"":[""urn:uuid:2985f369-c946-5392-be8c-902d3c9215b2""],""semantic_aliases"":[],""semantic_key"":""lebl.ra.term.ledger.lebl-term-0229.id-id"",""status"":""active"",""supersedes_id"":null,""variants"":[],""workflow_id"":""01a01f57-a34b-7740-9717-596b8116910c/backend-production-v0.3-r006-live""}"
"urn:uuid:fcf2e275-f1b6-58d9-aee6-6cde2fee0613","lebl.ra.term.ledger.lebl-term-0059.id-id","urn:uuid:2bc21e5e-0700-54be-b9fa-5e551a9e9a1a","id","id-ID","tak terhitung","[]","[""tak tercacah""]","[""urn:uuid:2985f369-c946-5392-be8c-902d3c9215b2""]","formal","[{""locator"":""backend/production/v0.3/inputs/TERMINOLOGY.csv:LEBL-TERM-0059"",""sha256"":""sha256:0553e483121739ed5319d96a0b4d59af3f6eb2d1f3288d0014b3ebf42a7932a8""}]","urn:uuid:a0273f1c-6fad-54c7-a75a-32a5161da656","active","LEBL-TERM-0059","uncountable","admitted","{""concept_id"":""concept.set-theory.uncountable"",""evidence"":""R006 ch-vol1-intro.tex and Indonesian university analysis sources"",""notes"":""Canonicalized by LEBL-ID-DEC-0016."",""preferred_id"":""tak terhitung"",""register"":""formal"",""rejected_id"":""tak tercacah"",""resource_scope"":""R006"",""source_term"":""uncountable"",""status"":""admitted"",""term_id"":""LEBL-TERM-0059"",""variants_id"":""""}","{""concept_id"":""urn:uuid:2bc21e5e-0700-54be-b9fa-5e551a9e9a1a"",""evidence"":[{""locator"":""backend/production/v0.3/inputs/TERMINOLOGY.csv:LEBL-TERM-0059"",""sha256"":""sha256:0553e483121739ed5319d96a0b4d59af3f6eb2d1f3288d0014b3ebf42a7932a8""}],""examples"":[],""id"":""urn:uuid:fcf2e275-f1b6-58d9-aee6-6cde2fee0613"",""language"":""id"",""ledger_binding"":{""concept_id"":""concept.set-theory.uncountable"",""evidence"":""R006 ch-vol1-intro.tex and Indonesian university analysis sources"",""notes"":""Canonicalized by LEBL-ID-DEC-0016."",""preferred_id"":""tak terhitung"",""register"":""formal"",""rejected_id"":""tak tercacah"",""resource_scope"":""R006"",""source_term"":""uncountable"",""status"":""admitted"",""term_id"":""LEBL-TERM-0059"",""variants_id"":""""},""locale"":""id-ID"",""preferred"":""tak terhitung"",""record_type"":""term"",""recorded_at"":""2026-08-21T00:00:00Z"",""register"":""formal"",""rejected_forms"":[""tak tercacah""],""rights_id"":""urn:uuid:a0273f1c-6fad-54c7-a75a-32a5161da656"",""schema_name"":""lebl.backend.record"",""schema_version"":""0.3.0"",""scope_ids"":[""urn:uuid:2985f369-c946-5392-be8c-902d3c9215b2""],""semantic_aliases"":[],""semantic_key"":""lebl.ra.term.ledger.lebl-term-0059.id-id"",""status"":""active"",""supersedes_id"":null,""variants"":[],""workflow_id"":""01a01f57-a34b-7740-9717-596b8116910c/backend-production-v0.3-r006-live""}"
"urn:uuid:e206e8b5-126b-5ab6-8d9d-ae609b5ca152","lebl.ra.term.ledger.lebl-term-0025.id-id","urn:uuid:480ad1dc-4532-5dcb-8ca1-047177474fd9","id","id-ID","teorema","[]","[]","[""urn:uuid:2985f369-c946-5392-be8c-902d3c9215b2""]","formal","[{""locator"":""backend/production/v0.3/inputs/TERMINOLOGY.csv:LEBL-TERM-0025"",""sha256"":""sha256:5a127726e52341bfda1e55a9e21ee107e08bb4142cb0184975a1113d7c6ed963""}]","urn:uuid:a0273f1c-6fad-54c7-a75a-32a5161da656","active","LEBL-TERM-0025","theorem","admitted","{""concept_id"":""concept.result.theorem"",""evidence"":""R006 realanal.tex and ch-vol1-intro.tex"",""notes"":"""",""preferred_id"":""teorema"",""register"":""formal"",""rejected_id"":"""",""resource_scope"":""R006"",""source_term"":""theorem"",""status"":""admitted"",""term_id"":""LEBL-TERM-0025"",""variants_id"":""""}","{""concept_id"":""urn:uuid:480ad1dc-4532-5dcb-8ca1-047177474fd9"",""evidence"":[{""locator"":""backend/production/v0.3/inputs/TERMINOLOGY.csv:LEBL-TERM-0025"",""sha256"":""sha256:5a127726e52341bfda1e55a9e21ee107e08bb4142cb0184975a1113d7c6ed963""}],""examples"":[],""id"":""urn:uuid:e206e8b5-126b-5ab6-8d9d-ae609b5ca152"",""language"":""id"",""ledger_binding"":{""concept_id"":""concept.result.theorem"",""evidence"":""R006 realanal.tex and ch-vol1-intro.tex"",""notes"":"""",""preferred_id"":""teorema"",""register"":""formal"",""rejected_id"":"""",""resource_scope"":""R006"",""source_term"":""theorem"",""status"":""admitted"",""term_id"":""LEBL-TERM-0025"",""variants_id"":""""},""locale"":""id-ID"",""preferred"":""teorema"",""record_type"":""term"",""recorded_at"":""2026-08-21T00:00:00Z"",""register"":""formal"",""rejected_forms"":[],""rights_id"":""urn:uuid:a0273f1c-6fad-54c7-a75a-32a5161da656"",""schema_name"":""lebl.backend.record"",""schema_version"":""0.3.0"",""scope_ids"":[""urn:uuid:2985f369-c946-5392-be8c-902d3c9215b2""],""semantic_aliases"":[],""semantic_key"":""lebl.ra.term.ledger.lebl-term-0025.id-id"",""status"":""active"",""supersedes_id"":null,""variants"":[],""workflow_id"":""01a01f57-a34b-7740-9717-596b8116910c/backend-production-v0.3-r006-live""}"
"urn:uuid:bc81fe4b-57b7-5efc-a8c3-8695bcea7fc2","lebl.ra.term.ledger.lebl-term-0177.id-id","urn:uuid:d156ad3a-1b05-5c3a-892f-ed1914b7538e","id","id-ID","teorema Abel","[]","[]","[""urn:uuid:2985f369-c946-5392-be8c-902d3c9215b2""]","formal","[{""locator"":""backend/production/v0.3/inputs/TERMINOLOGY.csv:LEBL-TERM-0177"",""sha256"":""sha256:e48698844482cc26d663c556d92fecbcaeabd1b4ea48971c3f635757c21fa639""}]","urn:uuid:a0273f1c-6fad-54c7-a75a-32a5161da656","active","LEBL-TERM-0177","Abel's theorem","admitted","{""concept_id"":""concept.theorem.abel"",""evidence"":""R006 ch-seq-ser.tex"",""notes"":"""",""preferred_id"":""teorema Abel"",""register"":""formal"",""rejected_id"":"""",""resource_scope"":""R006"",""source_term"":""Abel's theorem"",""status"":""admitted"",""term_id"":""LEBL-TERM-0177"",""variants_id"":""""}","{""concept_id"":""urn:uuid:d156ad3a-1b05-5c3a-892f-ed1914b7538e"",""evidence"":[{""locator"":""backend/production/v0.3/inputs/TERMINOLOGY.csv:LEBL-TERM-0177"",""sha256"":""sha256:e48698844482cc26d663c556d92fecbcaeabd1b4ea48971c3f635757c21fa639""}],""examples"":[],""id"":""urn:uuid:bc81fe4b-57b7-5efc-a8c3-8695bcea7fc2"",""language"":""id"",""ledger_binding"":{""concept_id"":""concept.theorem.abel"",""evidence"":""R006 ch-seq-ser.tex"",""notes"":"""",""preferred_id"":""teorema Abel"",""register"":""formal"",""rejected_id"":"""",""resource_scope"":""R006"",""source_term"":""Abel's theorem"",""status"":""admitted"",""term_id"":""LEBL-TERM-0177"",""variants_id"":""""},""locale"":""id-ID"",""preferred"":""teorema Abel"",""record_type"":""term"",""recorded_at"":""2026-08-21T00:00:00Z"",""register"":""formal"",""rejected_forms"":[],""rights_id"":""urn:uuid:a0273f1c-6fad-54c7-a75a-32a5161da656"",""schema_name"":""lebl.backend.record"",""schema_version"":""0.3.0"",""scope_ids"":[""urn:uuid:2985f369-c946-5392-be8c-902d3c9215b2""],""semantic_aliases"":[],""semantic_key"":""lebl.ra.term.ledger.lebl-term-0177.id-id"",""status"":""active"",""supersedes_id"":null,""variants"":[],""workflow_id"":""01a01f57-a34b-7740-9717-596b8116910c/backend-production-v0.3-r006-live""}"
"urn:uuid:53e46372-4d05-5246-bc71-2dbaf4b2c6d7","lebl.ra.term.ledger.lebl-term-0152.id-id","urn:uuid:83cf6a1d-4177-5ac1-a73e-4685435dceaa","id","id-ID","teorema Bolzano--Weierstrass","[]","[]","[""urn:uuid:2985f369-c946-5392-be8c-902d3c9215b2""]","formal","[{""locator"":""backend/production/v0.3/inputs/TERMINOLOGY.csv:LEBL-TERM-0152"",""sha256"":""sha256:965ab53c665a254dc763e33fbe38f913b2228e9cc9c4176e27d126aed714a8fa""}]","urn:uuid:a0273f1c-6fad-54c7-a75a-32a5161da656","active","LEBL-TERM-0152","Bolzano--Weierstrass theorem","admitted","{""concept_id"":""concept.theorem.bolzano-weierstrass"",""evidence"":""R006 ch-seq-ser.tex"",""notes"":"""",""preferred_id"":""teorema Bolzano--Weierstrass"",""register"":""formal"",""rejected_id"":"""",""resource_scope"":""R006"",""source_term"":""Bolzano--Weierstrass theorem"",""status"":""admitted"",""term_id"":""LEBL-TERM-0152"",""variants_id"":""""}","{""concept_id"":""urn:uuid:83cf6a1d-4177-5ac1-a73e-4685435dceaa"",""evidence"":[{""locator"":""backend/production/v0.3/inputs/TERMINOLOGY.csv:LEBL-TERM-0152"",""sha256"":""sha256:965ab53c665a254dc763e33fbe38f913b2228e9cc9c4176e27d126aed714a8fa""}],""examples"":[],""id"":""urn:uuid:53e46372-4d05-5246-bc71-2dbaf4b2c6d7"",""language"":""id"",""ledger_binding"":{""concept_id"":""concept.theorem.bolzano-weierstrass"",""evidence"":""R006 ch-seq-ser.tex"",""notes"":"""",""preferred_id"":""teorema Bolzano--Weierstrass"",""register"":""formal"",""rejected_id"":"""",""resource_scope"":""R006"",""source_term"":""Bolzano--Weierstrass theorem"",""status"":""admitted"",""term_id"":""LEBL-TERM-0152"",""variants_id"":""""},""locale"":""id-ID"",""preferred"":""teorema Bolzano--Weierstrass"",""record_type"":""term"",""recorded_at"":""2026-08-21T00:00:00Z"",""register"":""formal"",""rejected_forms"":[],""rights_id"":""urn:uuid:a0273f1c-6fad-54c7-a75a-32a5161da656"",""schema_name"":""lebl.backend.record"",""schema_version"":""0.3.0"",""scope_ids"":[""urn:uuid:2985f369-c946-5392-be8c-902d3c9215b2""],""semantic_aliases"":[],""semantic_key"":""lebl.ra.term.ledger.lebl-term-0152.id-id"",""status"":""active"",""supersedes_id"":null,""variants"":[],""workflow_id"":""01a01f57-a34b-7740-9717-596b8116910c/backend-production-v0.3-r006-live""}"
"urn:uuid:eb840cd5-2861-5497-80b8-25c70685c950","lebl.ra.term.ledger.lebl-term-0246.id-id","urn:uuid:78cd77de-c8fe-5c09-958b-054fd4b15851","id","id-ID","teorema Darboux","[]","[]","[""urn:uuid:2985f369-c946-5392-be8c-902d3c9215b2""]","formal","[{""locator"":""backend/production/v0.3/inputs/TERMINOLOGY.csv:LEBL-TERM-0246"",""sha256"":""sha256:a2b6356750abdee4250db1dcf5d36b97c57f78fbb555b6479dd98c77fe9ca053""}]","urn:uuid:a0273f1c-6fad-54c7-a75a-32a5161da656","active","LEBL-TERM-0246","Darboux's theorem","admitted","{""concept_id"":""concept.theorem.darboux"",""evidence"":""R006 ch-der.tex"",""notes"":"""",""preferred_id"":""teorema Darboux"",""register"":""formal"",""rejected_id"":"""",""resource_scope"":""R006"",""source_term"":""Darboux's theorem"",""status"":""admitted"",""term_id"":""LEBL-TERM-0246"",""variants_id"":""""}","{""concept_id"":""urn:uuid:78cd77de-c8fe-5c09-958b-054fd4b15851"",""evidence"":[{""locator"":""backend/production/v0.3/inputs/TERMINOLOGY.csv:LEBL-TERM-0246"",""sha256"":""sha256:a2b6356750abdee4250db1dcf5d36b97c57f78fbb555b6479dd98c77fe9ca053""}],""examples"":[],""id"":""urn:uuid:eb840cd5-2861-5497-80b8-25c70685c950"",""language"":""id"",""ledger_binding"":{""concept_id"":""concept.theorem.darboux"",""evidence"":""R006 ch-der.tex"",""notes"":"""",""preferred_id"":""teorema Darboux"",""register"":""formal"",""rejected_id"":"""",""resource_scope"":""R006"",""source_term"":""Darboux's theorem"",""status"":""admitted"",""term_id"":""LEBL-TERM-0246"",""variants_id"":""""},""locale"":""id-ID"",""preferred"":""teorema Darboux"",""record_type"":""term"",""recorded_at"":""2026-08-21T00:00:00Z"",""register"":""formal"",""rejected_forms"":[],""rights_id"":""urn:uuid:a0273f1c-6fad-54c7-a75a-32a5161da656"",""schema_name"":""lebl.backend.record"",""schema_version"":""0.3.0"",""scope_ids"":[""urn:uuid:2985f369-c946-5392-be8c-902d3c9215b2""],""semantic_aliases"":[],""semantic_key"":""lebl.ra.term.ledger.lebl-term-0246.id-id"",""status"":""active"",""supersedes_id"":null,""variants"":[],""workflow_id"":""01a01f57-a34b-7740-9717-596b8116910c/backend-production-v0.3-r006-live""}"
"urn:uuid:21c30823-9a50-5da1-ae5b-c4c5dbd1ade1","lebl.ra.term.ledger.lebl-term-0306.id-id","urn:uuid:85de08e0-4349-5572-9597-3397f5ff26c5","id","id-ID","teorema Dini","[]","[]","[""urn:uuid:2985f369-c946-5392-be8c-902d3c9215b2""]","formal","[{""locator"":""backend/production/v0.3/inputs/TERMINOLOGY.csv:LEBL-TERM-0306"",""sha256"":""sha256:821dcbfadeb601ded26eeda133b71bdb4eb7587666acc9a21a3d377f66b87907""}]","urn:uuid:a0273f1c-6fad-54c7-a75a-32a5161da656","active","LEBL-TERM-0306","Dini theorem","admitted","{""concept_id"":""concept.theorem.dini"",""evidence"":""R006 ch-seq-funcs.tex"",""notes"":"""",""preferred_id"":""teorema Dini"",""register"":""formal"",""rejected_id"":"""",""resource_scope"":""R006"",""source_term"":""Dini theorem"",""status"":""admitted"",""term_id"":""LEBL-TERM-0306"",""variants_id"":""""}","{""concept_id"":""urn:uuid:85de08e0-4349-5572-9597-3397f5ff26c5"",""evidence"":[{""locator"":""backend/production/v0.3/inputs/TERMINOLOGY.csv:LEBL-TERM-0306"",""sha256"":""sha256:821dcbfadeb601ded26eeda133b71bdb4eb7587666acc9a21a3d377f66b87907""}],""examples"":[],""id"":""urn:uuid:21c30823-9a50-5da1-ae5b-c4c5dbd1ade1"",""language"":""id"",""ledger_binding"":{""concept_id"":""concept.theorem.dini"",""evidence"":""R006 ch-seq-funcs.tex"",""notes"":"""",""preferred_id"":""teorema Dini"",""register"":""formal"",""rejected_id"":"""",""resource_scope"":""R006"",""source_term"":""Dini theorem"",""status"":""admitted"",""term_id"":""LEBL-TERM-0306"",""variants_id"":""""},""locale"":""id-ID"",""preferred"":""teorema Dini"",""record_type"":""term"",""recorded_at"":""2026-08-21T00:00:00Z"",""register"":""formal"",""rejected_forms"":[],""rights_id"":""urn:uuid:a0273f1c-6fad-54c7-a75a-32a5161da656"",""schema_name"":""lebl.backend.record"",""schema_version"":""0.3.0"",""scope_ids"":[""urn:uuid:2985f369-c946-5392-be8c-902d3c9215b2""],""semantic_aliases"":[],""semantic_key"":""lebl.ra.term.ledger.lebl-term-0306.id-id"",""status"":""active"",""supersedes_id"":null,""variants"":[],""workflow_id"":""01a01f57-a34b-7740-9717-596b8116910c/backend-production-v0.3-r006-live""}"
"urn:uuid:eb4b91a8-38a6-56f0-aff1-aa2f2e7df284","lebl.ra.term.ledger.lebl-term-0182.id-id","urn:uuid:70ad98e8-015e-53ce-93b9-de3fdf8b9a2c","id","id-ID","teorema Mertens","[]","[]","[""urn:uuid:2985f369-c946-5392-be8c-902d3c9215b2""]","formal","[{""locator"":""backend/production/v0.3/inputs/TERMINOLOGY.csv:LEBL-TERM-0182"",""sha256"":""sha256:6b023f7eab65197cd1f7a0597509be38672e93a6e26b23651646f394fa253bd4""}]","urn:uuid:a0273f1c-6fad-54c7-a75a-32a5161da656","active","LEBL-TERM-0182","Mertens' theorem","admitted","{""concept_id"":""concept.theorem.mertens"",""evidence"":""R006 ch-seq-ser.tex"",""notes"":"""",""preferred_id"":""teorema Mertens"",""register"":""formal"",""rejected_id"":"""",""resource_scope"":""R006"",""source_term"":""Mertens' theorem"",""status"":""admitted"",""term_id"":""LEBL-TERM-0182"",""variants_id"":""""}","{""concept_id"":""urn:uuid:70ad98e8-015e-53ce-93b9-de3fdf8b9a2c"",""evidence"":[{""locator"":""backend/production/v0.3/inputs/TERMINOLOGY.csv:LEBL-TERM-0182"",""sha256"":""sha256:6b023f7eab65197cd1f7a0597509be38672e93a6e26b23651646f394fa253bd4""}],""examples"":[],""id"":""urn:uuid:eb4b91a8-38a6-56f0-aff1-aa2f2e7df284"",""language"":""id"",""ledger_binding"":{""concept_id"":""concept.theorem.mertens"",""evidence"":""R006 ch-seq-ser.tex"",""notes"":"""",""preferred_id"":""teorema Mertens"",""register"":""formal"",""rejected_id"":"""",""resource_scope"":""R006"",""source_term"":""Mertens' theorem"",""status"":""admitted"",""term_id"":""LEBL-TERM-0182"",""variants_id"":""""},""locale"":""id-ID"",""preferred"":""teorema Mertens"",""record_type"":""term"",""recorded_at"":""2026-08-21T00:00:00Z"",""register"":""formal"",""rejected_forms"":[],""rights_id"":""urn:uuid:a0273f1c-6fad-54c7-a75a-32a5161da656"",""schema_name"":""lebl.backend.record"",""schema_version"":""0.3.0"",""scope_ids"":[""urn:uuid:2985f369-c946-5392-be8c-902d3c9215b2""],""semantic_aliases"":[],""semantic_key"":""lebl.ra.term.ledger.lebl-term-0182.id-id"",""status"":""active"",""supersedes_id"":null,""variants"":[],""workflow_id"":""01a01f57-a34b-7740-9717-596b8116910c/backend-production-v0.3-r006-live""}"
"urn:uuid:520172e7-8292-5cf7-a666-c9c9168f03a3","lebl.ra.term.ledger.lebl-term-0312.id-id","urn:uuid:3e8144b3-6c7f-5512-90bb-72a7bc6ca43f","id","id-ID","teorema Picard","[]","[]","[""urn:uuid:2985f369-c946-5392-be8c-902d3c9215b2""]","formal","[{""locator"":""backend/production/v0.3/inputs/TERMINOLOGY.csv:LEBL-TERM-0312"",""sha256"":""sha256:0f39ea54b5187901d662bce8c341874d3ffb36418faa86c8265595fa11dbd6ef""}]","urn:uuid:a0273f1c-6fad-54c7-a75a-32a5161da656","active","LEBL-TERM-0312","Picard theorem","admitted","{""concept_id"":""concept.theorem.picard"",""evidence"":""R006 ch-seq-funcs.tex"",""notes"":"""",""preferred_id"":""teorema Picard"",""register"":""formal"",""rejected_id"":"""",""resource_scope"":""R006"",""source_term"":""Picard theorem"",""status"":""admitted"",""term_id"":""LEBL-TERM-0312"",""variants_id"":""""}","{""concept_id"":""urn:uuid:3e8144b3-6c7f-5512-90bb-72a7bc6ca43f"",""evidence"":[{""locator"":""backend/production/v0.3/inputs/TERMINOLOGY.csv:LEBL-TERM-0312"",""sha256"":""sha256:0f39ea54b5187901d662bce8c341874d3ffb36418faa86c8265595fa11dbd6ef""}],""examples"":[],""id"":""urn:uuid:520172e7-8292-5cf7-a666-c9c9168f03a3"",""language"":""id"",""ledger_binding"":{""concept_id"":""concept.theorem.picard"",""evidence"":""R006 ch-seq-funcs.tex"",""notes"":"""",""preferred_id"":""teorema Picard"",""register"":""formal"",""rejected_id"":"""",""resource_scope"":""R006"",""source_term"":""Picard theorem"",""status"":""admitted"",""term_id"":""LEBL-TERM-0312"",""variants_id"":""""},""locale"":""id-ID"",""preferred"":""teorema Picard"",""record_type"":""term"",""recorded_at"":""2026-08-21T00:00:00Z"",""register"":""formal"",""rejected_forms"":[],""rights_id"":""urn:uuid:a0273f1c-6fad-54c7-a75a-32a5161da656"",""schema_name"":""lebl.backend.record"",""schema_version"":""0.3.0"",""scope_ids"":[""urn:uuid:2985f369-c946-5392-be8c-902d3c9215b2""],""semantic_aliases"":[],""semantic_key"":""lebl.ra.term.ledger.lebl-term-0312.id-id"",""status"":""active"",""supersedes_id"":null,""variants"":[],""workflow_id"":""01a01f57-a34b-7740-9717-596b8116910c/backend-production-v0.3-r006-live""}"
"urn:uuid:d3a9d861-cbd8-5c82-9bd3-67fde5796d39","lebl.ra.term.ledger.lebl-term-0244.id-id","urn:uuid:4a66c8fc-bed5-5640-acc2-04c52c1604f9","id","id-ID","teorema Rolle","[]","[]","[""urn:uuid:2985f369-c946-5392-be8c-902d3c9215b2""]","formal","[{""locator"":""backend/production/v0.3/inputs/TERMINOLOGY.csv:LEBL-TERM-0244"",""sha256"":""sha256:6915e2aa83f187126bfd4ee8e3e9f98e8a887926b98b8566f4aba73fb656b60a""}]","urn:uuid:a0273f1c-6fad-54c7-a75a-32a5161da656","active","LEBL-TERM-0244","Rolle's theorem","admitted","{""concept_id"":""concept.theorem.rolle"",""evidence"":""R006 ch-der.tex"",""notes"":"""",""preferred_id"":""teorema Rolle"",""register"":""formal"",""rejected_id"":"""",""resource_scope"":""R006"",""source_term"":""Rolle's theorem"",""status"":""admitted"",""term_id"":""LEBL-TERM-0244"",""variants_id"":""""}","{""concept_id"":""urn:uuid:4a66c8fc-bed5-5640-acc2-04c52c1604f9"",""evidence"":[{""locator"":""backend/production/v0.3/inputs/TERMINOLOGY.csv:LEBL-TERM-0244"",""sha256"":""sha256:6915e2aa83f187126bfd4ee8e3e9f98e8a887926b98b8566f4aba73fb656b60a""}],""examples"":[],""id"":""urn:uuid:d3a9d861-cbd8-5c82-9bd3-67fde5796d39"",""language"":""id"",""ledger_binding"":{""concept_id"":""concept.theorem.rolle"",""evidence"":""R006 ch-der.tex"",""notes"":"""",""preferred_id"":""teorema Rolle"",""register"":""formal"",""rejected_id"":"""",""resource_scope"":""R006"",""source_term"":""Rolle's theorem"",""status"":""admitted"",""term_id"":""LEBL-TERM-0244"",""variants_id"":""""},""locale"":""id-ID"",""preferred"":""teorema Rolle"",""record_type"":""term"",""recorded_at"":""2026-08-21T00:00:00Z"",""register"":""formal"",""rejected_forms"":[],""rights_id"":""urn:uuid:a0273f1c-6fad-54c7-a75a-32a5161da656"",""schema_name"":""lebl.backend.record"",""schema_version"":""0.3.0"",""scope_ids"":[""urn:uuid:2985f369-c946-5392-be8c-902d3c9215b2""],""semantic_aliases"":[],""semantic_key"":""lebl.ra.term.ledger.lebl-term-0244.id-id"",""status"":""active"",""supersedes_id"":null,""variants"":[],""workflow_id"":""01a01f57-a34b-7740-9717-596b8116910c/backend-production-v0.3-r006-live""}"
"urn:uuid:73fb7999-31c4-5d46-a686-a579eb672d34","lebl.ra.term.ledger.lebl-term-0279.id-id","urn:uuid:e4c4a084-3baf-532d-809f-8b5c49a23382","id","id-ID","teorema dasar kalkulus","[]","[]","[""urn:uuid:2985f369-c946-5392-be8c-902d3c9215b2""]","formal","[{""locator"":""backend/production/v0.3/inputs/TERMINOLOGY.csv:LEBL-TERM-0279"",""sha256"":""sha256:ca2a623a133d1ff5c38f6385a0c77829c19f967f2997008924a296b176073c8d""}]","urn:uuid:a0273f1c-6fad-54c7-a75a-32a5161da656","active","LEBL-TERM-0279","fundamental theorem of calculus","admitted","{""concept_id"":""concept.calculus.fundamental-theorem"",""evidence"":""R006 ch-riemann.tex"",""notes"":"""",""preferred_id"":""teorema dasar kalkulus"",""register"":""formal"",""rejected_id"":"""",""resource_scope"":""R006"",""source_term"":""fundamental theorem of calculus"",""status"":""admitted"",""term_id"":""LEBL-TERM-0279"",""variants_id"":""""}","{""concept_id"":""urn:uuid:e4c4a084-3baf-532d-809f-8b5c49a23382"",""evidence"":[{""locator"":""backend/production/v0.3/inputs/TERMINOLOGY.csv:LEBL-TERM-0279"",""sha256"":""sha256:ca2a623a133d1ff5c38f6385a0c77829c19f967f2997008924a296b176073c8d""}],""examples"":[],""id"":""urn:uuid:73fb7999-31c4-5d46-a686-a579eb672d34"",""language"":""id"",""ledger_binding"":{""concept_id"":""concept.calculus.fundamental-theorem"",""evidence"":""R006 ch-riemann.tex"",""notes"":"""",""preferred_id"":""teorema dasar kalkulus"",""register"":""formal"",""rejected_id"":"""",""resource_scope"":""R006"",""source_term"":""fundamental theorem of calculus"",""status"":""admitted"",""term_id"":""LEBL-TERM-0279"",""variants_id"":""""},""locale"":""id-ID"",""preferred"":""teorema dasar kalkulus"",""record_type"":""term"",""recorded_at"":""2026-08-21T00:00:00Z"",""register"":""formal"",""rejected_forms"":[],""rights_id"":""urn:uuid:a0273f1c-6fad-54c7-a75a-32a5161da656"",""schema_name"":""lebl.backend.record"",""schema_version"":""0.3.0"",""scope_ids"":[""urn:uuid:2985f369-c946-5392-be8c-902d3c9215b2""],""semantic_aliases"":[],""semantic_key"":""lebl.ra.term.ledger.lebl-term-0279.id-id"",""status"":""active"",""supersedes_id"":null,""variants"":[],""workflow_id"":""01a01f57-a34b-7740-9717-596b8116910c/backend-production-v0.3-r006-live""}"
"urn:uuid:24d8d18b-4166-5373-9917-98d243c08e76","lebl.ra.term.ledger.lebl-term-0316.id-id","urn:uuid:b6fe0354-cb98-5aa2-b8cd-c5fcfb0a5a45","id","id-ID","teorema eksistensi Peano","[]","[]","[""urn:uuid:2985f369-c946-5392-be8c-902d3c9215b2""]","formal","[{""locator"":""backend/production/v0.3/inputs/TERMINOLOGY.csv:LEBL-TERM-0316"",""sha256"":""sha256:ddb4704097de911f4d7f9cd02c85f7fe7256d34d1f0c68fae58b076076500bf7""}]","urn:uuid:a0273f1c-6fad-54c7-a75a-32a5161da656","active","LEBL-TERM-0316","Peano existence theorem","admitted","{""concept_id"":""concept.theorem.peano-existence"",""evidence"":""R006 ch-seq-funcs.tex"",""notes"":"""",""preferred_id"":""teorema eksistensi Peano"",""register"":""formal"",""rejected_id"":"""",""resource_scope"":""R006"",""source_term"":""Peano existence theorem"",""status"":""admitted"",""term_id"":""LEBL-TERM-0316"",""variants_id"":""""}","{""concept_id"":""urn:uuid:b6fe0354-cb98-5aa2-b8cd-c5fcfb0a5a45"",""evidence"":[{""locator"":""backend/production/v0.3/inputs/TERMINOLOGY.csv:LEBL-TERM-0316"",""sha256"":""sha256:ddb4704097de911f4d7f9cd02c85f7fe7256d34d1f0c68fae58b076076500bf7""}],""examples"":[],""id"":""urn:uuid:24d8d18b-4166-5373-9917-98d243c08e76"",""language"":""id"",""ledger_binding"":{""concept_id"":""concept.theorem.peano-existence"",""evidence"":""R006 ch-seq-funcs.tex"",""notes"":"""",""preferred_id"":""teorema eksistensi Peano"",""register"":""formal"",""rejected_id"":"""",""resource_scope"":""R006"",""source_term"":""Peano existence theorem"",""status"":""admitted"",""term_id"":""LEBL-TERM-0316"",""variants_id"":""""},""locale"":""id-ID"",""preferred"":""teorema eksistensi Peano"",""record_type"":""term"",""recorded_at"":""2026-08-21T00:00:00Z"",""register"":""formal"",""rejected_forms"":[],""rights_id"":""urn:uuid:a0273f1c-6fad-54c7-a75a-32a5161da656"",""schema_name"":""lebl.backend.record"",""schema_version"":""0.3.0"",""scope_ids"":[""urn:uuid:2985f369-c946-5392-be8c-902d3c9215b2""],""semantic_aliases"":[],""semantic_key"":""lebl.ra.term.ledger.lebl-term-0316.id-id"",""status"":""active"",""supersedes_id"":null,""variants"":[],""workflow_id"":""01a01f57-a34b-7740-9717-596b8116910c/backend-production-v0.3-r006-live""}"
"urn:uuid:aa28376c-62a2-511f-b565-b7763dd42962","lebl.ra.term.ledger.lebl-term-0315.id-id","urn:uuid:32f80897-f9bb-52c9-a166-97d8fc37ba39","id","id-ID","teorema eksistensi dan ketunggalan","[]","[]","[""urn:uuid:2985f369-c946-5392-be8c-902d3c9215b2""]","formal","[{""locator"":""backend/production/v0.3/inputs/TERMINOLOGY.csv:LEBL-TERM-0315"",""sha256"":""sha256:7886902d224cce830cf3ce83ee23c6b6774355992d12c74c0c2022ddc47bd645""}]","urn:uuid:a0273f1c-6fad-54c7-a75a-32a5161da656","active","LEBL-TERM-0315","existence and uniqueness theorem","admitted","{""concept_id"":""concept.theorem.existence-uniqueness"",""evidence"":""R006 ch-seq-funcs.tex"",""notes"":"""",""preferred_id"":""teorema eksistensi dan ketunggalan"",""register"":""formal"",""rejected_id"":"""",""resource_scope"":""R006"",""source_term"":""existence and uniqueness theorem"",""status"":""admitted"",""term_id"":""LEBL-TERM-0315"",""variants_id"":""""}","{""concept_id"":""urn:uuid:32f80897-f9bb-52c9-a166-97d8fc37ba39"",""evidence"":[{""locator"":""backend/production/v0.3/inputs/TERMINOLOGY.csv:LEBL-TERM-0315"",""sha256"":""sha256:7886902d224cce830cf3ce83ee23c6b6774355992d12c74c0c2022ddc47bd645""}],""examples"":[],""id"":""urn:uuid:aa28376c-62a2-511f-b565-b7763dd42962"",""language"":""id"",""ledger_binding"":{""concept_id"":""concept.theorem.existence-uniqueness"",""evidence"":""R006 ch-seq-funcs.tex"",""notes"":"""",""preferred_id"":""teorema eksistensi dan ketunggalan"",""register"":""formal"",""rejected_id"":"""",""resource_scope"":""R006"",""source_term"":""existence and uniqueness theorem"",""status"":""admitted"",""term_id"":""LEBL-TERM-0315"",""variants_id"":""""},""locale"":""id-ID"",""preferred"":""teorema eksistensi dan ketunggalan"",""record_type"":""term"",""recorded_at"":""2026-08-21T00:00:00Z"",""register"":""formal"",""rejected_forms"":[],""rights_id"":""urn:uuid:a0273f1c-6fad-54c7-a75a-32a5161da656"",""schema_name"":""lebl.backend.record"",""schema_version"":""0.3.0"",""scope_ids"":[""urn:uuid:2985f369-c946-5392-be8c-902d3c9215b2""],""semantic_aliases"":[],""semantic_key"":""lebl.ra.term.ledger.lebl-term-0315.id-id"",""status"":""active"",""supersedes_id"":null,""variants"":[],""workflow_id"":""01a01f57-a34b-7740-9717-596b8116910c/backend-production-v0.3-r006-live""}"
"urn:uuid:82c4c881-236d-5190-b866-07d7e551840e","lebl.ra.term.ledger.lebl-term-0261.id-id","urn:uuid:431ff8ff-da12-538b-83a2-ecece19a4d24","id","id-ID","teorema fungsi invers","[]","[]","[""urn:uuid:2985f369-c946-5392-be8c-902d3c9215b2""]","formal","[{""locator"":""backend/production/v0.3/inputs/TERMINOLOGY.csv:LEBL-TERM-0261"",""sha256"":""sha256:64d9a791f314e713c60b56659421bdabd299dc10f94e951a584e7f6f395938cc""}]","urn:uuid:a0273f1c-6fad-54c7-a75a-32a5161da656","active","LEBL-TERM-0261","inverse function theorem","admitted","{""concept_id"":""concept.theorem.inverse-function"",""evidence"":""R006 ch-der.tex"",""notes"":"""",""preferred_id"":""teorema fungsi invers"",""register"":""formal"",""rejected_id"":"""",""resource_scope"":""R006"",""source_term"":""inverse function theorem"",""status"":""admitted"",""term_id"":""LEBL-TERM-0261"",""variants_id"":""""}","{""concept_id"":""urn:uuid:431ff8ff-da12-538b-83a2-ecece19a4d24"",""evidence"":[{""locator"":""backend/production/v0.3/inputs/TERMINOLOGY.csv:LEBL-TERM-0261"",""sha256"":""sha256:64d9a791f314e713c60b56659421bdabd299dc10f94e951a584e7f6f395938cc""}],""examples"":[],""id"":""urn:uuid:82c4c881-236d-5190-b866-07d7e551840e"",""language"":""id"",""ledger_binding"":{""concept_id"":""concept.theorem.inverse-function"",""evidence"":""R006 ch-der.tex"",""notes"":"""",""preferred_id"":""teorema fungsi invers"",""register"":""formal"",""rejected_id"":"""",""resource_scope"":""R006"",""source_term"":""inverse function theorem"",""status"":""admitted"",""term_id"":""LEBL-TERM-0261"",""variants_id"":""""},""locale"":""id-ID"",""preferred"":""teorema fungsi invers"",""record_type"":""term"",""recorded_at"":""2026-08-21T00:00:00Z"",""register"":""formal"",""rejected_forms"":[],""rights_id"":""urn:uuid:a0273f1c-6fad-54c7-a75a-32a5161da656"",""schema_name"":""lebl.backend.record"",""schema_version"":""0.3.0"",""scope_ids"":[""urn:uuid:2985f369-c946-5392-be8c-902d3c9215b2""],""semantic_aliases"":[],""semantic_key"":""lebl.ra.term.ledger.lebl-term-0261.id-id"",""status"":""active"",""supersedes_id"":null,""variants"":[],""workflow_id"":""01a01f57-a34b-7740-9717-596b8116910c/backend-production-v0.3-r006-live""}"
"urn:uuid:42f565fc-b8cb-51fa-abbe-f90b5e4cda2c","lebl.ra.term.ledger.lebl-term-0133.id-id","urn:uuid:da2a560c-8b14-5fea-8d9b-0310a0f77dd9","id","id-ID","teorema konvergensi monoton","[]","[]","[""urn:uuid:2985f369-c946-5392-be8c-902d3c9215b2""]","formal","[{""locator"":""backend/production/v0.3/inputs/TERMINOLOGY.csv:LEBL-TERM-0133"",""sha256"":""sha256:296e322077098957a2baa69b2295bb0fd01d51ed531b6704944e1b6fe0cf9cfa""}]","urn:uuid:a0273f1c-6fad-54c7-a75a-32a5161da656","active","LEBL-TERM-0133","monotone convergence theorem","admitted","{""concept_id"":""concept.theorem.monotone-convergence"",""evidence"":""R006 ch-seq-ser.tex"",""notes"":"""",""preferred_id"":""teorema konvergensi monoton"",""register"":""formal"",""rejected_id"":"""",""resource_scope"":""R006"",""source_term"":""monotone convergence theorem"",""status"":""admitted"",""term_id"":""LEBL-TERM-0133"",""variants_id"":""""}","{""concept_id"":""urn:uuid:da2a560c-8b14-5fea-8d9b-0310a0f77dd9"",""evidence"":[{""locator"":""backend/production/v0.3/inputs/TERMINOLOGY.csv:LEBL-TERM-0133"",""sha256"":""sha256:296e322077098957a2baa69b2295bb0fd01d51ed531b6704944e1b6fe0cf9cfa""}],""examples"":[],""id"":""urn:uuid:42f565fc-b8cb-51fa-abbe-f90b5e4cda2c"",""language"":""id"",""ledger_binding"":{""concept_id"":""concept.theorem.monotone-convergence"",""evidence"":""R006 ch-seq-ser.tex"",""notes"":"""",""preferred_id"":""teorema konvergensi monoton"",""register"":""formal"",""rejected_id"":"""",""resource_scope"":""R006"",""source_term"":""monotone convergence theorem"",""status"":""admitted"",""term_id"":""LEBL-TERM-0133"",""variants_id"":""""},""locale"":""id-ID"",""preferred"":""teorema konvergensi monoton"",""record_type"":""term"",""recorded_at"":""2026-08-21T00:00:00Z"",""register"":""formal"",""rejected_forms"":[],""rights_id"":""urn:uuid:a0273f1c-6fad-54c7-a75a-32a5161da656"",""schema_name"":""lebl.backend.record"",""schema_version"":""0.3.0"",""scope_ids"":[""urn:uuid:2985f369-c946-5392-be8c-902d3c9215b2""],""semantic_aliases"":[],""semantic_key"":""lebl.ra.term.ledger.lebl-term-0133.id-id"",""status"":""active"",""supersedes_id"":null,""variants"":[],""workflow_id"":""01a01f57-a34b-7740-9717-596b8116910c/backend-production-v0.3-r006-live""}"
"urn:uuid:438010de-55a1-5a30-8c81-3633af404f34","lebl.ra.term.ledger.lebl-term-0207.id-id","urn:uuid:8f8e7976-6902-5622-bc14-7a8a36121827","id","id-ID","teorema nilai antara Bolzano","[]","[]","[""urn:uuid:2985f369-c946-5392-be8c-902d3c9215b2""]","formal","[{""locator"":""backend/production/v0.3/inputs/TERMINOLOGY.csv:LEBL-TERM-0207"",""sha256"":""sha256:45a96ffb53f88fa02074b8e75b895b55a336f550a9313f538ec34f0902d48173""}]","urn:uuid:a0273f1c-6fad-54c7-a75a-32a5161da656","active","LEBL-TERM-0207","Bolzano intermediate value theorem","admitted","{""concept_id"":""concept.theorem.bolzano-intermediate-value"",""evidence"":""R006 ch-contfunc.tex"",""notes"":"""",""preferred_id"":""teorema nilai antara Bolzano"",""register"":""formal"",""rejected_id"":"""",""resource_scope"":""R006"",""source_term"":""Bolzano intermediate value theorem"",""status"":""admitted"",""term_id"":""LEBL-TERM-0207"",""variants_id"":""""}","{""concept_id"":""urn:uuid:8f8e7976-6902-5622-bc14-7a8a36121827"",""evidence"":[{""locator"":""backend/production/v0.3/inputs/TERMINOLOGY.csv:LEBL-TERM-0207"",""sha256"":""sha256:45a96ffb53f88fa02074b8e75b895b55a336f550a9313f538ec34f0902d48173""}],""examples"":[],""id"":""urn:uuid:438010de-55a1-5a30-8c81-3633af404f34"",""language"":""id"",""ledger_binding"":{""concept_id"":""concept.theorem.bolzano-intermediate-value"",""evidence"":""R006 ch-contfunc.tex"",""notes"":"""",""preferred_id"":""teorema nilai antara Bolzano"",""register"":""formal"",""rejected_id"":"""",""resource_scope"":""R006"",""source_term"":""Bolzano intermediate value theorem"",""status"":""admitted"",""term_id"":""LEBL-TERM-0207"",""variants_id"":""""},""locale"":""id-ID"",""preferred"":""teorema nilai antara Bolzano"",""record_type"":""term"",""recorded_at"":""2026-08-21T00:00:00Z"",""register"":""formal"",""rejected_forms"":[],""rights_id"":""urn:uuid:a0273f1c-6fad-54c7-a75a-32a5161da656"",""schema_name"":""lebl.backend.record"",""schema_version"":""0.3.0"",""scope_ids"":[""urn:uuid:2985f369-c946-5392-be8c-902d3c9215b2""],""semantic_aliases"":[],""semantic_key"":""lebl.ra.term.ledger.lebl-term-0207.id-id"",""status"":""active"",""supersedes_id"":null,""variants"":[],""workflow_id"":""01a01f57-a34b-7740-9717-596b8116910c/backend-production-v0.3-r006-live""}"
"urn:uuid:3ee4e936-68f9-525b-83cb-fcbf768f76aa","lebl.ra.term.ledger.lebl-term-0206.id-id","urn:uuid:d08f63d9-5198-5f08-8bef-d994e4fc50e0","id","id-ID","teorema nilai ekstrem","[""teorema minimum-maksimum"",""teorema maksimum-minimum""]","[]","[""urn:uuid:2985f369-c946-5392-be8c-902d3c9215b2""]","formal","[{""locator"":""backend/production/v0.3/inputs/TERMINOLOGY.csv:LEBL-TERM-0206"",""sha256"":""sha256:c22936dc5d5e5cc533ac66a1e467200f73e0a9a4d3c4f2e333d86da83b236de1""}]","urn:uuid:a0273f1c-6fad-54c7-a75a-32a5161da656","active","LEBL-TERM-0206","extreme value theorem","admitted","{""concept_id"":""concept.theorem.extreme-value"",""evidence"":""R006 ch-contfunc.tex"",""notes"":"""",""preferred_id"":""teorema nilai ekstrem"",""register"":""formal"",""rejected_id"":"""",""resource_scope"":""R006"",""source_term"":""extreme value theorem"",""status"":""admitted"",""term_id"":""LEBL-TERM-0206"",""variants_id"":""teorema minimum-maksimum; teorema maksimum-minimum""}","{""concept_id"":""urn:uuid:d08f63d9-5198-5f08-8bef-d994e4fc50e0"",""evidence"":[{""locator"":""backend/production/v0.3/inputs/TERMINOLOGY.csv:LEBL-TERM-0206"",""sha256"":""sha256:c22936dc5d5e5cc533ac66a1e467200f73e0a9a4d3c4f2e333d86da83b236de1""}],""examples"":[],""id"":""urn:uuid:3ee4e936-68f9-525b-83cb-fcbf768f76aa"",""language"":""id"",""ledger_binding"":{""concept_id"":""concept.theorem.extreme-value"",""evidence"":""R006 ch-contfunc.tex"",""notes"":"""",""preferred_id"":""teorema nilai ekstrem"",""register"":""formal"",""rejected_id"":"""",""resource_scope"":""R006"",""source_term"":""extreme value theorem"",""status"":""admitted"",""term_id"":""LEBL-TERM-0206"",""variants_id"":""teorema minimum-maksimum; teorema maksimum-minimum""},""locale"":""id-ID"",""preferred"":""teorema nilai ekstrem"",""record_type"":""term"",""recorded_at"":""2026-08-21T00:00:00Z"",""register"":""formal"",""rejected_forms"":[],""rights_id"":""urn:uuid:a0273f1c-6fad-54c7-a75a-32a5161da656"",""schema_name"":""lebl.backend.record"",""schema_version"":""0.3.0"",""scope_ids"":[""urn:uuid:2985f369-c946-5392-be8c-902d3c9215b2""],""semantic_aliases"":[],""semantic_key"":""lebl.ra.term.ledger.lebl-term-0206.id-id"",""status"":""active"",""supersedes_id"":null,""variants"":[""teorema minimum-maksimum"",""teorema maksimum-minimum""],""workflow_id"":""01a01f57-a34b-7740-9717-596b8116910c/backend-production-v0.3-r006-live""}"
"urn:uuid:3a9f6271-7f7b-546e-aa2d-19ae9e77e604","lebl.ra.term.ledger.lebl-term-0245.id-id","urn:uuid:e8981aa2-1bd2-5141-a560-fb6824e29bb1","id","id-ID","teorema nilai rata-rata","[]","[]","[""urn:uuid:2985f369-c946-5392-be8c-902d3c9215b2""]","formal","[{""locator"":""backend/production/v0.3/inputs/TERMINOLOGY.csv:LEBL-TERM-0245"",""sha256"":""sha256:d77860eb69abcacab136ab1dfd52acc7983e5e599a9cf27dff0d6f96c96178e0""}]","urn:uuid:a0273f1c-6fad-54c7-a75a-32a5161da656","active","LEBL-TERM-0245","mean value theorem","admitted","{""concept_id"":""concept.theorem.mean-value"",""evidence"":""R006 ch-der.tex"",""notes"":"""",""preferred_id"":""teorema nilai rata-rata"",""register"":""formal"",""rejected_id"":"""",""resource_scope"":""R006"",""source_term"":""mean value theorem"",""status"":""admitted"",""term_id"":""LEBL-TERM-0245"",""variants_id"":""""}","{""concept_id"":""urn:uuid:e8981aa2-1bd2-5141-a560-fb6824e29bb1"",""evidence"":[{""locator"":""backend/production/v0.3/inputs/TERMINOLOGY.csv:LEBL-TERM-0245"",""sha256"":""sha256:d77860eb69abcacab136ab1dfd52acc7983e5e599a9cf27dff0d6f96c96178e0""}],""examples"":[],""id"":""urn:uuid:3a9f6271-7f7b-546e-aa2d-19ae9e77e604"",""language"":""id"",""ledger_binding"":{""concept_id"":""concept.theorem.mean-value"",""evidence"":""R006 ch-der.tex"",""notes"":"""",""preferred_id"":""teorema nilai rata-rata"",""register"":""formal"",""rejected_id"":"""",""resource_scope"":""R006"",""source_term"":""mean value theorem"",""status"":""admitted"",""term_id"":""LEBL-TERM-0245"",""variants_id"":""""},""locale"":""id-ID"",""preferred"":""teorema nilai rata-rata"",""record_type"":""term"",""recorded_at"":""2026-08-21T00:00:00Z"",""register"":""formal"",""rejected_forms"":[],""rights_id"":""urn:uuid:a0273f1c-6fad-54c7-a75a-32a5161da656"",""schema_name"":""lebl.backend.record"",""schema_version"":""0.3.0"",""scope_ids"":[""urn:uuid:2985f369-c946-5392-be8c-902d3c9215b2""],""semantic_aliases"":[],""semantic_key"":""lebl.ra.term.ledger.lebl-term-0245.id-id"",""status"":""active"",""supersedes_id"":null,""variants"":[],""workflow_id"":""01a01f57-a34b-7740-9717-596b8116910c/backend-production-v0.3-r006-live""}"
"urn:uuid:86307d2f-2f63-5923-9aa4-d34ae7d61857","lebl.ra.term.ledger.lebl-term-0368.id-id","urn:uuid:b371f7ee-686e-5531-adcb-58fbb09014ca","id","id-ID","teorema titik tetap Banach","[]","[]","[""urn:uuid:2985f369-c946-5392-be8c-902d3c9215b2""]","formal","[{""locator"":""backend/production/v0.3/inputs/TERMINOLOGY.csv:LEBL-TERM-0368"",""sha256"":""sha256:b0cfab0cb9619200602517c621406896539efe0576c33d150fd8c34d0efd5d19""}]","urn:uuid:a0273f1c-6fad-54c7-a75a-32a5161da656","active","LEBL-TERM-0368","Banach fixed point theorem","admitted","{""concept_id"":""concept.theorem.banach-fixed-point"",""evidence"":""R006 ch-metric.tex"",""notes"":"""",""preferred_id"":""teorema titik tetap Banach"",""register"":""formal"",""rejected_id"":"""",""resource_scope"":""R006"",""source_term"":""Banach fixed point theorem"",""status"":""admitted"",""term_id"":""LEBL-TERM-0368"",""variants_id"":""""}","{""concept_id"":""urn:uuid:b371f7ee-686e-5531-adcb-58fbb09014ca"",""evidence"":[{""locator"":""backend/production/v0.3/inputs/TERMINOLOGY.csv:LEBL-TERM-0368"",""sha256"":""sha256:b0cfab0cb9619200602517c621406896539efe0576c33d150fd8c34d0efd5d19""}],""examples"":[],""id"":""urn:uuid:86307d2f-2f63-5923-9aa4-d34ae7d61857"",""language"":""id"",""ledger_binding"":{""concept_id"":""concept.theorem.banach-fixed-point"",""evidence"":""R006 ch-metric.tex"",""notes"":"""",""preferred_id"":""teorema titik tetap Banach"",""register"":""formal"",""rejected_id"":"""",""resource_scope"":""R006"",""source_term"":""Banach fixed point theorem"",""status"":""admitted"",""term_id"":""LEBL-TERM-0368"",""variants_id"":""""},""locale"":""id-ID"",""preferred"":""teorema titik tetap Banach"",""record_type"":""term"",""recorded_at"":""2026-08-21T00:00:00Z"",""register"":""formal"",""rejected_forms"":[],""rights_id"":""urn:uuid:a0273f1c-6fad-54c7-a75a-32a5161da656"",""schema_name"":""lebl.backend.record"",""schema_version"":""0.3.0"",""scope_ids"":[""urn:uuid:2985f369-c946-5392-be8c-902d3c9215b2""],""semantic_aliases"":[],""semantic_key"":""lebl.ra.term.ledger.lebl-term-0368.id-id"",""status"":""active"",""supersedes_id"":null,""variants"":[],""workflow_id"":""01a01f57-a34b-7740-9717-596b8116910c/backend-production-v0.3-r006-live""}"
"urn:uuid:2ea96b6a-0d95-5c32-a119-911c7042fa96","lebl.ra.term.ledger.lebl-term-0124.id-id","urn:uuid:a707665a-09ed-5aa2-ba43-03d19858f143","id","id-ID","terbatas di atas","[]","[]","[""urn:uuid:2985f369-c946-5392-be8c-902d3c9215b2""]","formal","[{""locator"":""backend/production/v0.3/inputs/TERMINOLOGY.csv:LEBL-TERM-0124"",""sha256"":""sha256:d6c8f4380cd00696c54163112c4eb4da0dcc6eedf18240931b814f9d37d3cb2a""}]","urn:uuid:a0273f1c-6fad-54c7-a75a-32a5161da656","active","LEBL-TERM-0124","bounded above","admitted","{""concept_id"":""concept.sequence.bounded-above"",""evidence"":""R006 ch-seq-ser.tex"",""notes"":"""",""preferred_id"":""terbatas di atas"",""register"":""formal"",""rejected_id"":"""",""resource_scope"":""R006"",""source_term"":""bounded above"",""status"":""admitted"",""term_id"":""LEBL-TERM-0124"",""variants_id"":""""}","{""concept_id"":""urn:uuid:a707665a-09ed-5aa2-ba43-03d19858f143"",""evidence"":[{""locator"":""backend/production/v0.3/inputs/TERMINOLOGY.csv:LEBL-TERM-0124"",""sha256"":""sha256:d6c8f4380cd00696c54163112c4eb4da0dcc6eedf18240931b814f9d37d3cb2a""}],""examples"":[],""id"":""urn:uuid:2ea96b6a-0d95-5c32-a119-911c7042fa96"",""language"":""id"",""ledger_binding"":{""concept_id"":""concept.sequence.bounded-above"",""evidence"":""R006 ch-seq-ser.tex"",""notes"":"""",""preferred_id"":""terbatas di atas"",""register"":""formal"",""rejected_id"":"""",""resource_scope"":""R006"",""source_term"":""bounded above"",""status"":""admitted"",""term_id"":""LEBL-TERM-0124"",""variants_id"":""""},""locale"":""id-ID"",""preferred"":""terbatas di atas"",""record_type"":""term"",""recorded_at"":""2026-08-21T00:00:00Z"",""register"":""formal"",""rejected_forms"":[],""rights_id"":""urn:uuid:a0273f1c-6fad-54c7-a75a-32a5161da656"",""schema_name"":""lebl.backend.record"",""schema_version"":""0.3.0"",""scope_ids"":[""urn:uuid:2985f369-c946-5392-be8c-902d3c9215b2""],""semantic_aliases"":[],""semantic_key"":""lebl.ra.term.ledger.lebl-term-0124.id-id"",""status"":""active"",""supersedes_id"":null,""variants"":[],""workflow_id"":""01a01f57-a34b-7740-9717-596b8116910c/backend-production-v0.3-r006-live""}"
"urn:uuid:759c6f9a-1890-57f3-b996-484f9e77738a","lebl.ra.term.ledger.lebl-term-0065.id-id","urn:uuid:9bdc48eb-4c80-5f58-a01e-1cf4293cdab2","id","id-ID","terbatas di atas","[]","[]","[""urn:uuid:2985f369-c946-5392-be8c-902d3c9215b2""]","formal","[{""locator"":""backend/production/v0.3/inputs/TERMINOLOGY.csv:LEBL-TERM-0065"",""sha256"":""sha256:9057a03bb4ead552a71e59ec1ce514cfd6a826f6870cfa6d0360c2c1295a091f""}]","urn:uuid:a0273f1c-6fad-54c7-a75a-32a5161da656","active","LEBL-TERM-0065","bounded above","admitted","{""concept_id"":""concept.order.bounded-above"",""evidence"":""R006 ch-real-nums.tex"",""notes"":"""",""preferred_id"":""terbatas di atas"",""register"":""formal"",""rejected_id"":"""",""resource_scope"":""R006"",""source_term"":""bounded above"",""status"":""admitted"",""term_id"":""LEBL-TERM-0065"",""variants_id"":""""}","{""concept_id"":""urn:uuid:9bdc48eb-4c80-5f58-a01e-1cf4293cdab2"",""evidence"":[{""locator"":""backend/production/v0.3/inputs/TERMINOLOGY.csv:LEBL-TERM-0065"",""sha256"":""sha256:9057a03bb4ead552a71e59ec1ce514cfd6a826f6870cfa6d0360c2c1295a091f""}],""examples"":[],""id"":""urn:uuid:759c6f9a-1890-57f3-b996-484f9e77738a"",""language"":""id"",""ledger_binding"":{""concept_id"":""concept.order.bounded-above"",""evidence"":""R006 ch-real-nums.tex"",""notes"":"""",""preferred_id"":""terbatas di atas"",""register"":""formal"",""rejected_id"":"""",""resource_scope"":""R006"",""source_term"":""bounded above"",""status"":""admitted"",""term_id"":""LEBL-TERM-0065"",""variants_id"":""""},""locale"":""id-ID"",""preferred"":""terbatas di atas"",""record_type"":""term"",""recorded_at"":""2026-08-21T00:00:00Z"",""register"":""formal"",""rejected_forms"":[],""rights_id"":""urn:uuid:a0273f1c-6fad-54c7-a75a-32a5161da656"",""schema_name"":""lebl.backend.record"",""schema_version"":""0.3.0"",""scope_ids"":[""urn:uuid:2985f369-c946-5392-be8c-902d3c9215b2""],""semantic_aliases"":[],""semantic_key"":""lebl.ra.term.ledger.lebl-term-0065.id-id"",""status"":""active"",""supersedes_id"":null,""variants"":[],""workflow_id"":""01a01f57-a34b-7740-9717-596b8116910c/backend-production-v0.3-r006-live""}"
"urn:uuid:89c71989-db49-51bc-9102-fbbdf49fc556","lebl.ra.term.ledger.lebl-term-0067.id-id","urn:uuid:66c3f9df-0d5f-50e3-b5e2-660583e096e8","id","id-ID","terbatas di bawah","[]","[]","[""urn:uuid:2985f369-c946-5392-be8c-902d3c9215b2""]","formal","[{""locator"":""backend/production/v0.3/inputs/TERMINOLOGY.csv:LEBL-TERM-0067"",""sha256"":""sha256:16df78bf79f6be4b88e2a26b68455864a51bdbd857ebf17f9c4c5db5da10ee64""}]","urn:uuid:a0273f1c-6fad-54c7-a75a-32a5161da656","active","LEBL-TERM-0067","bounded below","admitted","{""concept_id"":""concept.order.bounded-below"",""evidence"":""R006 ch-real-nums.tex"",""notes"":"""",""preferred_id"":""terbatas di bawah"",""register"":""formal"",""rejected_id"":"""",""resource_scope"":""R006"",""source_term"":""bounded below"",""status"":""admitted"",""term_id"":""LEBL-TERM-0067"",""variants_id"":""""}","{""concept_id"":""urn:uuid:66c3f9df-0d5f-50e3-b5e2-660583e096e8"",""evidence"":[{""locator"":""backend/production/v0.3/inputs/TERMINOLOGY.csv:LEBL-TERM-0067"",""sha256"":""sha256:16df78bf79f6be4b88e2a26b68455864a51bdbd857ebf17f9c4c5db5da10ee64""}],""examples"":[],""id"":""urn:uuid:89c71989-db49-51bc-9102-fbbdf49fc556"",""language"":""id"",""ledger_binding"":{""concept_id"":""concept.order.bounded-below"",""evidence"":""R006 ch-real-nums.tex"",""notes"":"""",""preferred_id"":""terbatas di bawah"",""register"":""formal"",""rejected_id"":"""",""resource_scope"":""R006"",""source_term"":""bounded below"",""status"":""admitted"",""term_id"":""LEBL-TERM-0067"",""variants_id"":""""},""locale"":""id-ID"",""preferred"":""terbatas di bawah"",""record_type"":""term"",""recorded_at"":""2026-08-21T00:00:00Z"",""register"":""formal"",""rejected_forms"":[],""rights_id"":""urn:uuid:a0273f1c-6fad-54c7-a75a-32a5161da656"",""schema_name"":""lebl.backend.record"",""schema_version"":""0.3.0"",""scope_ids"":[""urn:uuid:2985f369-c946-5392-be8c-902d3c9215b2""],""semantic_aliases"":[],""semantic_key"":""lebl.ra.term.ledger.lebl-term-0067.id-id"",""status"":""active"",""supersedes_id"":null,""variants"":[],""workflow_id"":""01a01f57-a34b-7740-9717-596b8116910c/backend-production-v0.3-r006-live""}"
"urn:uuid:c6a210aa-59bb-5a18-b969-98f41294cadb","lebl.ra.term.ledger.lebl-term-0125.id-id","urn:uuid:a65c38f9-dcc3-51b2-b7c9-cbafd9b355fe","id","id-ID","terbatas di bawah","[]","[]","[""urn:uuid:2985f369-c946-5392-be8c-902d3c9215b2""]","formal","[{""locator"":""backend/production/v0.3/inputs/TERMINOLOGY.csv:LEBL-TERM-0125"",""sha256"":""sha256:1e17c844ba36ef5cf6a4547e3849f73c463a65bcb566fa7e3df4267cf54f4abd""}]","urn:uuid:a0273f1c-6fad-54c7-a75a-32a5161da656","active","LEBL-TERM-0125","bounded below","admitted","{""concept_id"":""concept.sequence.bounded-below"",""evidence"":""R006 ch-seq-ser.tex"",""notes"":"""",""preferred_id"":""terbatas di bawah"",""register"":""formal"",""rejected_id"":"""",""resource_scope"":""R006"",""source_term"":""bounded below"",""status"":""admitted"",""term_id"":""LEBL-TERM-0125"",""variants_id"":""""}","{""concept_id"":""urn:uuid:a65c38f9-dcc3-51b2-b7c9-cbafd9b355fe"",""evidence"":[{""locator"":""backend/production/v0.3/inputs/TERMINOLOGY.csv:LEBL-TERM-0125"",""sha256"":""sha256:1e17c844ba36ef5cf6a4547e3849f73c463a65bcb566fa7e3df4267cf54f4abd""}],""examples"":[],""id"":""urn:uuid:c6a210aa-59bb-5a18-b969-98f41294cadb"",""language"":""id"",""ledger_binding"":{""concept_id"":""concept.sequence.bounded-below"",""evidence"":""R006 ch-seq-ser.tex"",""notes"":"""",""preferred_id"":""terbatas di bawah"",""register"":""formal"",""rejected_id"":"""",""resource_scope"":""R006"",""source_term"":""bounded below"",""status"":""admitted"",""term_id"":""LEBL-TERM-0125"",""variants_id"":""""},""locale"":""id-ID"",""preferred"":""terbatas di bawah"",""record_type"":""term"",""recorded_at"":""2026-08-21T00:00:00Z"",""register"":""formal"",""rejected_forms"":[],""rights_id"":""urn:uuid:a0273f1c-6fad-54c7-a75a-32a5161da656"",""schema_name"":""lebl.backend.record"",""schema_version"":""0.3.0"",""scope_ids"":[""urn:uuid:2985f369-c946-5392-be8c-902d3c9215b2""],""semantic_aliases"":[],""semantic_key"":""lebl.ra.term.ledger.lebl-term-0125.id-id"",""status"":""active"",""supersedes_id"":null,""variants"":[],""workflow_id"":""01a01f57-a34b-7740-9717-596b8116910c/backend-production-v0.3-r006-live""}"
"urn:uuid:2aa6ee9f-37c8-52fd-a226-70d8827bc7d1","lebl.ra.term.ledger.lebl-term-0358.id-id","urn:uuid:80061b2e-ff43-5f79-be99-44c7ed2d41a0","id","id-ID","terbatas total","[]","[]","[""urn:uuid:2985f369-c946-5392-be8c-902d3c9215b2""]","formal","[{""locator"":""backend/production/v0.3/inputs/TERMINOLOGY.csv:LEBL-TERM-0358"",""sha256"":""sha256:c953c38f37ace87c32e08ab67610737bcf6afe85ba9a95bd505e8ee545f4da0b""}]","urn:uuid:a0273f1c-6fad-54c7-a75a-32a5161da656","active","LEBL-TERM-0358","totally bounded","admitted","{""concept_id"":""concept.boundedness.total"",""evidence"":""R006 ch-metric.tex"",""notes"":"""",""preferred_id"":""terbatas total"",""register"":""formal"",""rejected_id"":"""",""resource_scope"":""R006"",""source_term"":""totally bounded"",""status"":""admitted"",""term_id"":""LEBL-TERM-0358"",""variants_id"":""""}","{""concept_id"":""urn:uuid:80061b2e-ff43-5f79-be99-44c7ed2d41a0"",""evidence"":[{""locator"":""backend/production/v0.3/inputs/TERMINOLOGY.csv:LEBL-TERM-0358"",""sha256"":""sha256:c953c38f37ace87c32e08ab67610737bcf6afe85ba9a95bd505e8ee545f4da0b""}],""examples"":[],""id"":""urn:uuid:2aa6ee9f-37c8-52fd-a226-70d8827bc7d1"",""language"":""id"",""ledger_binding"":{""concept_id"":""concept.boundedness.total"",""evidence"":""R006 ch-metric.tex"",""notes"":"""",""preferred_id"":""terbatas total"",""register"":""formal"",""rejected_id"":"""",""resource_scope"":""R006"",""source_term"":""totally bounded"",""status"":""admitted"",""term_id"":""LEBL-TERM-0358"",""variants_id"":""""},""locale"":""id-ID"",""preferred"":""terbatas total"",""record_type"":""term"",""recorded_at"":""2026-08-21T00:00:00Z"",""register"":""formal"",""rejected_forms"":[],""rights_id"":""urn:uuid:a0273f1c-6fad-54c7-a75a-32a5161da656"",""schema_name"":""lebl.backend.record"",""schema_version"":""0.3.0"",""scope_ids"":[""urn:uuid:2985f369-c946-5392-be8c-902d3c9215b2""],""semantic_aliases"":[],""semantic_key"":""lebl.ra.term.ledger.lebl-term-0358.id-id"",""status"":""active"",""supersedes_id"":null,""variants"":[],""workflow_id"":""01a01f57-a34b-7740-9717-596b8116910c/backend-production-v0.3-r006-live""}"
"urn:uuid:641fe4d6-264c-515b-9dec-fe2121fef720","lebl.ra.term.ledger.lebl-term-0144.id-id","urn:uuid:c9976f48-35de-5979-8f94-16977bbf6c24","id","id-ID","terdefinisi dengan baik","[]","[]","[""urn:uuid:2985f369-c946-5392-be8c-902d3c9215b2""]","formal","[{""locator"":""backend/production/v0.3/inputs/TERMINOLOGY.csv:LEBL-TERM-0144"",""sha256"":""sha256:50999cd4625c2f63d60edddb594a630333d30124fad738271cf740aa19ebf3a8""}]","urn:uuid:a0273f1c-6fad-54c7-a75a-32a5161da656","active","LEBL-TERM-0144","well-defined","admitted","{""concept_id"":""concept.definition.well-defined"",""evidence"":""R006 ch-seq-ser.tex"",""notes"":"""",""preferred_id"":""terdefinisi dengan baik"",""register"":""formal"",""rejected_id"":"""",""resource_scope"":""R006"",""source_term"":""well-defined"",""status"":""admitted"",""term_id"":""LEBL-TERM-0144"",""variants_id"":""""}","{""concept_id"":""urn:uuid:c9976f48-35de-5979-8f94-16977bbf6c24"",""evidence"":[{""locator"":""backend/production/v0.3/inputs/TERMINOLOGY.csv:LEBL-TERM-0144"",""sha256"":""sha256:50999cd4625c2f63d60edddb594a630333d30124fad738271cf740aa19ebf3a8""}],""examples"":[],""id"":""urn:uuid:641fe4d6-264c-515b-9dec-fe2121fef720"",""language"":""id"",""ledger_binding"":{""concept_id"":""concept.definition.well-defined"",""evidence"":""R006 ch-seq-ser.tex"",""notes"":"""",""preferred_id"":""terdefinisi dengan baik"",""register"":""formal"",""rejected_id"":"""",""resource_scope"":""R006"",""source_term"":""well-defined"",""status"":""admitted"",""term_id"":""LEBL-TERM-0144"",""variants_id"":""""},""locale"":""id-ID"",""preferred"":""terdefinisi dengan baik"",""record_type"":""term"",""recorded_at"":""2026-08-21T00:00:00Z"",""register"":""formal"",""rejected_forms"":[],""rights_id"":""urn:uuid:a0273f1c-6fad-54c7-a75a-32a5161da656"",""schema_name"":""lebl.backend.record"",""schema_version"":""0.3.0"",""scope_ids"":[""urn:uuid:2985f369-c946-5392-be8c-902d3c9215b2""],""semantic_aliases"":[],""semantic_key"":""lebl.ra.term.ledger.lebl-term-0144.id-id"",""status"":""active"",""supersedes_id"":null,""variants"":[],""workflow_id"":""01a01f57-a34b-7740-9717-596b8116910c/backend-production-v0.3-r006-live""}"
"urn:uuid:f95e81cb-5dbd-5b5a-8db0-76ace7358a9b","lebl.ra.term.ledger.lebl-term-0058.id-id","urn:uuid:b9bbdad4-c8c1-5076-a8f2-db370e3f5f07","id","id-ID","terhitung","[]","[""tercacah""]","[""urn:uuid:2985f369-c946-5392-be8c-902d3c9215b2""]","formal","[{""locator"":""backend/production/v0.3/inputs/TERMINOLOGY.csv:LEBL-TERM-0058"",""sha256"":""sha256:664b581bc526feca52e56c39c3d04b3a762fd1c5092d8aeab81629e9270b03b5""}]","urn:uuid:a0273f1c-6fad-54c7-a75a-32a5161da656","active","LEBL-TERM-0058","countable","admitted","{""concept_id"":""concept.set-theory.countable"",""evidence"":""R006 ch-vol1-intro.tex and Indonesian university analysis sources"",""notes"":""Canonicalized by LEBL-ID-DEC-0016."",""preferred_id"":""terhitung"",""register"":""formal"",""rejected_id"":""tercacah"",""resource_scope"":""R006"",""source_term"":""countable"",""status"":""admitted"",""term_id"":""LEBL-TERM-0058"",""variants_id"":""""}","{""concept_id"":""urn:uuid:b9bbdad4-c8c1-5076-a8f2-db370e3f5f07"",""evidence"":[{""locator"":""backend/production/v0.3/inputs/TERMINOLOGY.csv:LEBL-TERM-0058"",""sha256"":""sha256:664b581bc526feca52e56c39c3d04b3a762fd1c5092d8aeab81629e9270b03b5""}],""examples"":[],""id"":""urn:uuid:f95e81cb-5dbd-5b5a-8db0-76ace7358a9b"",""language"":""id"",""ledger_binding"":{""concept_id"":""concept.set-theory.countable"",""evidence"":""R006 ch-vol1-intro.tex and Indonesian university analysis sources"",""notes"":""Canonicalized by LEBL-ID-DEC-0016."",""preferred_id"":""terhitung"",""register"":""formal"",""rejected_id"":""tercacah"",""resource_scope"":""R006"",""source_term"":""countable"",""status"":""admitted"",""term_id"":""LEBL-TERM-0058"",""variants_id"":""""},""locale"":""id-ID"",""preferred"":""terhitung"",""record_type"":""term"",""recorded_at"":""2026-08-21T00:00:00Z"",""register"":""formal"",""rejected_forms"":[""tercacah""],""rights_id"":""urn:uuid:a0273f1c-6fad-54c7-a75a-32a5161da656"",""schema_name"":""lebl.backend.record"",""schema_version"":""0.3.0"",""scope_ids"":[""urn:uuid:2985f369-c946-5392-be8c-902d3c9215b2""],""semantic_aliases"":[],""semantic_key"":""lebl.ra.term.ledger.lebl-term-0058.id-id"",""status"":""active"",""supersedes_id"":null,""variants"":[],""workflow_id"":""01a01f57-a34b-7740-9717-596b8116910c/backend-production-v0.3-r006-live""}"
"urn:uuid:f526bd6f-c422-5dd3-a70d-68d6c5082964","lebl.ra.term.ledger.lebl-term-0272.id-id","urn:uuid:c9df96fc-e23e-53ee-856a-c274b16f7c42","id","id-ID","terintegralkan secara Riemann","[""terintegralkan Riemann""]","[]","[""urn:uuid:2985f369-c946-5392-be8c-902d3c9215b2""]","formal","[{""locator"":""backend/production/v0.3/inputs/TERMINOLOGY.csv:LEBL-TERM-0272"",""sha256"":""sha256:f875f50d579ff75aad7d7a73015423be7f96177bd9dc776b4bb1130ff62e804c""}]","urn:uuid:a0273f1c-6fad-54c7-a75a-32a5161da656","active","LEBL-TERM-0272","Riemann integrable","admitted","{""concept_id"":""concept.integration.riemann-integrable"",""evidence"":""R006 ch-riemann.tex"",""notes"":"""",""preferred_id"":""terintegralkan secara Riemann"",""register"":""formal"",""rejected_id"":"""",""resource_scope"":""R006"",""source_term"":""Riemann integrable"",""status"":""admitted"",""term_id"":""LEBL-TERM-0272"",""variants_id"":""terintegralkan Riemann""}","{""concept_id"":""urn:uuid:c9df96fc-e23e-53ee-856a-c274b16f7c42"",""evidence"":[{""locator"":""backend/production/v0.3/inputs/TERMINOLOGY.csv:LEBL-TERM-0272"",""sha256"":""sha256:f875f50d579ff75aad7d7a73015423be7f96177bd9dc776b4bb1130ff62e804c""}],""examples"":[],""id"":""urn:uuid:f526bd6f-c422-5dd3-a70d-68d6c5082964"",""language"":""id"",""ledger_binding"":{""concept_id"":""concept.integration.riemann-integrable"",""evidence"":""R006 ch-riemann.tex"",""notes"":"""",""preferred_id"":""terintegralkan secara Riemann"",""register"":""formal"",""rejected_id"":"""",""resource_scope"":""R006"",""source_term"":""Riemann integrable"",""status"":""admitted"",""term_id"":""LEBL-TERM-0272"",""variants_id"":""terintegralkan Riemann""},""locale"":""id-ID"",""preferred"":""terintegralkan secara Riemann"",""record_type"":""term"",""recorded_at"":""2026-08-21T00:00:00Z"",""register"":""formal"",""rejected_forms"":[],""rights_id"":""urn:uuid:a0273f1c-6fad-54c7-a75a-32a5161da656"",""schema_name"":""lebl.backend.record"",""schema_version"":""0.3.0"",""scope_ids"":[""urn:uuid:2985f369-c946-5392-be8c-902d3c9215b2""],""semantic_aliases"":[],""semantic_key"":""lebl.ra.term.ledger.lebl-term-0272.id-id"",""status"":""active"",""supersedes_id"":null,""variants"":[""terintegralkan Riemann""],""workflow_id"":""01a01f57-a34b-7740-9717-596b8116910c/backend-production-v0.3-r006-live""}"
"urn:uuid:d72eeb04-a0f9-5bac-a65f-0919aa4105f6","lebl.ra.term.ledger.lebl-term-0347.id-id","urn:uuid:b0c5dc7f-9529-5edb-83b8-8b0ccafa6e26","id","id-ID","terpisah total","[]","[]","[""urn:uuid:2985f369-c946-5392-be8c-902d3c9215b2""]","formal","[{""locator"":""backend/production/v0.3/inputs/TERMINOLOGY.csv:LEBL-TERM-0347"",""sha256"":""sha256:afc8dc0c92fe242e61b90ebd1636995da395d7af29aecb4cbee64465af4d339e""}]","urn:uuid:a0273f1c-6fad-54c7-a75a-32a5161da656","active","LEBL-TERM-0347","totally separated","admitted","{""concept_id"":""concept.space.totally-separated"",""evidence"":""R006 ch-metric.tex"",""notes"":"""",""preferred_id"":""terpisah total"",""register"":""formal"",""rejected_id"":"""",""resource_scope"":""R006"",""source_term"":""totally separated"",""status"":""admitted"",""term_id"":""LEBL-TERM-0347"",""variants_id"":""""}","{""concept_id"":""urn:uuid:b0c5dc7f-9529-5edb-83b8-8b0ccafa6e26"",""evidence"":[{""locator"":""backend/production/v0.3/inputs/TERMINOLOGY.csv:LEBL-TERM-0347"",""sha256"":""sha256:afc8dc0c92fe242e61b90ebd1636995da395d7af29aecb4cbee64465af4d339e""}],""examples"":[],""id"":""urn:uuid:d72eeb04-a0f9-5bac-a65f-0919aa4105f6"",""language"":""id"",""ledger_binding"":{""concept_id"":""concept.space.totally-separated"",""evidence"":""R006 ch-metric.tex"",""notes"":"""",""preferred_id"":""terpisah total"",""register"":""formal"",""rejected_id"":"""",""resource_scope"":""R006"",""source_term"":""totally separated"",""status"":""admitted"",""term_id"":""LEBL-TERM-0347"",""variants_id"":""""},""locale"":""id-ID"",""preferred"":""terpisah total"",""record_type"":""term"",""recorded_at"":""2026-08-21T00:00:00Z"",""register"":""formal"",""rejected_forms"":[],""rights_id"":""urn:uuid:a0273f1c-6fad-54c7-a75a-32a5161da656"",""schema_name"":""lebl.backend.record"",""schema_version"":""0.3.0"",""scope_ids"":[""urn:uuid:2985f369-c946-5392-be8c-902d3c9215b2""],""semantic_aliases"":[],""semantic_key"":""lebl.ra.term.ledger.lebl-term-0347.id-id"",""status"":""active"",""supersedes_id"":null,""variants"":[],""workflow_id"":""01a01f57-a34b-7740-9717-596b8116910c/backend-production-v0.3-r006-live""}"
"urn:uuid:60e458d5-1c66-5f43-a7a1-0546a1a9b40f","lebl.ra.term.ledger.lebl-term-0154.id-id","urn:uuid:3bc4de73-40e8-5745-90af-cb09e3368250","id","id-ID","titik akumulasi","[]","[]","[""urn:uuid:2985f369-c946-5392-be8c-902d3c9215b2""]","formal","[{""locator"":""backend/production/v0.3/inputs/TERMINOLOGY.csv:LEBL-TERM-0154"",""sha256"":""sha256:9fa231b307751ff73294968ae3ecc63dfb04c01c09cd0d4662851561d8caa6e3""}]","urn:uuid:a0273f1c-6fad-54c7-a75a-32a5161da656","active","LEBL-TERM-0154","cluster point","admitted","{""concept_id"":""concept.set.cluster-point"",""evidence"":""R006 ch-seq-ser.tex"",""notes"":"""",""preferred_id"":""titik akumulasi"",""register"":""formal"",""rejected_id"":"""",""resource_scope"":""R006"",""source_term"":""cluster point"",""status"":""admitted"",""term_id"":""LEBL-TERM-0154"",""variants_id"":""""}","{""concept_id"":""urn:uuid:3bc4de73-40e8-5745-90af-cb09e3368250"",""evidence"":[{""locator"":""backend/production/v0.3/inputs/TERMINOLOGY.csv:LEBL-TERM-0154"",""sha256"":""sha256:9fa231b307751ff73294968ae3ecc63dfb04c01c09cd0d4662851561d8caa6e3""}],""examples"":[],""id"":""urn:uuid:60e458d5-1c66-5f43-a7a1-0546a1a9b40f"",""language"":""id"",""ledger_binding"":{""concept_id"":""concept.set.cluster-point"",""evidence"":""R006 ch-seq-ser.tex"",""notes"":"""",""preferred_id"":""titik akumulasi"",""register"":""formal"",""rejected_id"":"""",""resource_scope"":""R006"",""source_term"":""cluster point"",""status"":""admitted"",""term_id"":""LEBL-TERM-0154"",""variants_id"":""""},""locale"":""id-ID"",""preferred"":""titik akumulasi"",""record_type"":""term"",""recorded_at"":""2026-08-21T00:00:00Z"",""register"":""formal"",""rejected_forms"":[],""rights_id"":""urn:uuid:a0273f1c-6fad-54c7-a75a-32a5161da656"",""schema_name"":""lebl.backend.record"",""schema_version"":""0.3.0"",""scope_ids"":[""urn:uuid:2985f369-c946-5392-be8c-902d3c9215b2""],""semantic_aliases"":[],""semantic_key"":""lebl.ra.term.ledger.lebl-term-0154.id-id"",""status"":""active"",""supersedes_id"":null,""variants"":[],""workflow_id"":""01a01f57-a34b-7740-9717-596b8116910c/backend-production-v0.3-r006-live""}"
"urn:uuid:04e5ff9f-3af1-54e4-9908-96de6922d761","lebl.ra.term.ledger.lebl-term-0438.id-id","urn:uuid:e3c85c62-7bac-54a7-896c-71d4d9d17ed7","id","id-ID","titik kritis","[]","[]","[""urn:uuid:2985f369-c946-5392-be8c-902d3c9215b2""]","formal","[{""locator"":""backend/production/v0.3/inputs/TERMINOLOGY.csv:LEBL-TERM-0438"",""sha256"":""sha256:bc89e86304f6b6a1a87bad7c9442748bc0616da5fcda05bf6e470936be0eb689""}]","urn:uuid:a0273f1c-6fad-54c7-a75a-32a5161da656","active","LEBL-TERM-0438","critical point","admitted","{""concept_id"":""concept.calculus.critical-point"",""evidence"":""R006 ch-several-vars-ders.tex"",""notes"":"""",""preferred_id"":""titik kritis"",""register"":""formal"",""rejected_id"":"""",""resource_scope"":""R006"",""source_term"":""critical point"",""status"":""admitted"",""term_id"":""LEBL-TERM-0438"",""variants_id"":""""}","{""concept_id"":""urn:uuid:e3c85c62-7bac-54a7-896c-71d4d9d17ed7"",""evidence"":[{""locator"":""backend/production/v0.3/inputs/TERMINOLOGY.csv:LEBL-TERM-0438"",""sha256"":""sha256:bc89e86304f6b6a1a87bad7c9442748bc0616da5fcda05bf6e470936be0eb689""}],""examples"":[],""id"":""urn:uuid:04e5ff9f-3af1-54e4-9908-96de6922d761"",""language"":""id"",""ledger_binding"":{""concept_id"":""concept.calculus.critical-point"",""evidence"":""R006 ch-several-vars-ders.tex"",""notes"":"""",""preferred_id"":""titik kritis"",""register"":""formal"",""rejected_id"":"""",""resource_scope"":""R006"",""source_term"":""critical point"",""status"":""admitted"",""term_id"":""LEBL-TERM-0438"",""variants_id"":""""},""locale"":""id-ID"",""preferred"":""titik kritis"",""record_type"":""term"",""recorded_at"":""2026-08-21T00:00:00Z"",""register"":""formal"",""rejected_forms"":[],""rights_id"":""urn:uuid:a0273f1c-6fad-54c7-a75a-32a5161da656"",""schema_name"":""lebl.backend.record"",""schema_version"":""0.3.0"",""scope_ids"":[""urn:uuid:2985f369-c946-5392-be8c-902d3c9215b2""],""semantic_aliases"":[],""semantic_key"":""lebl.ra.term.ledger.lebl-term-0438.id-id"",""status"":""active"",""supersedes_id"":null,""variants"":[],""workflow_id"":""01a01f57-a34b-7740-9717-596b8116910c/backend-production-v0.3-r006-live""}"
"urn:uuid:f265e996-6c1f-55c8-8182-ff495125732b","lebl.ra.term.ledger.lebl-term-0366.id-id","urn:uuid:cd815d26-d139-52e5-94e6-51e0ac2ec9cc","id","id-ID","titik tetap","[]","[]","[""urn:uuid:2985f369-c946-5392-be8c-902d3c9215b2""]","formal","[{""locator"":""backend/production/v0.3/inputs/TERMINOLOGY.csv:LEBL-TERM-0366"",""sha256"":""sha256:7e72b06d77079b374f9dd6a647195af840ab7f3e7f15b88669256eaedad842d4""}]","urn:uuid:a0273f1c-6fad-54c7-a75a-32a5161da656","active","LEBL-TERM-0366","fixed point","admitted","{""concept_id"":""concept.fixed-point"",""evidence"":""R006 ch-metric.tex"",""notes"":"""",""preferred_id"":""titik tetap"",""register"":""formal"",""rejected_id"":"""",""resource_scope"":""R006"",""source_term"":""fixed point"",""status"":""admitted"",""term_id"":""LEBL-TERM-0366"",""variants_id"":""""}","{""concept_id"":""urn:uuid:cd815d26-d139-52e5-94e6-51e0ac2ec9cc"",""evidence"":[{""locator"":""backend/production/v0.3/inputs/TERMINOLOGY.csv:LEBL-TERM-0366"",""sha256"":""sha256:7e72b06d77079b374f9dd6a647195af840ab7f3e7f15b88669256eaedad842d4""}],""examples"":[],""id"":""urn:uuid:f265e996-6c1f-55c8-8182-ff495125732b"",""language"":""id"",""ledger_binding"":{""concept_id"":""concept.fixed-point"",""evidence"":""R006 ch-metric.tex"",""notes"":"""",""preferred_id"":""titik tetap"",""register"":""formal"",""rejected_id"":"""",""resource_scope"":""R006"",""source_term"":""fixed point"",""status"":""admitted"",""term_id"":""LEBL-TERM-0366"",""variants_id"":""""},""locale"":""id-ID"",""preferred"":""titik tetap"",""record_type"":""term"",""recorded_at"":""2026-08-21T00:00:00Z"",""register"":""formal"",""rejected_forms"":[],""rights_id"":""urn:uuid:a0273f1c-6fad-54c7-a75a-32a5161da656"",""schema_name"":""lebl.backend.record"",""schema_version"":""0.3.0"",""scope_ids"":[""urn:uuid:2985f369-c946-5392-be8c-902d3c9215b2""],""semantic_aliases"":[],""semantic_key"":""lebl.ra.term.ledger.lebl-term-0366.id-id"",""status"":""active"",""supersedes_id"":null,""variants"":[],""workflow_id"":""01a01f57-a34b-7740-9717-596b8116910c/backend-production-v0.3-r006-live""}"
"urn:uuid:67dcef05-e113-50c0-ad48-6cb732154d63","lebl.ra.term.ledger.lebl-term-0342.id-id","urn:uuid:8d536995-c123-5ef4-ba97-fa07d7b4f38b","id","id-ID","topologi","[]","[]","[""urn:uuid:2985f369-c946-5392-be8c-902d3c9215b2""]","formal","[{""locator"":""backend/production/v0.3/inputs/TERMINOLOGY.csv:LEBL-TERM-0342"",""sha256"":""sha256:9250c624bddefee14836704c99c6e017d0c5373daa549416493921a3657d33f5""}]","urn:uuid:a0273f1c-6fad-54c7-a75a-32a5161da656","active","LEBL-TERM-0342","topology","admitted","{""concept_id"":""concept.topology"",""evidence"":""R006 ch-metric.tex"",""notes"":"""",""preferred_id"":""topologi"",""register"":""formal"",""rejected_id"":"""",""resource_scope"":""R006"",""source_term"":""topology"",""status"":""admitted"",""term_id"":""LEBL-TERM-0342"",""variants_id"":""""}","{""concept_id"":""urn:uuid:8d536995-c123-5ef4-ba97-fa07d7b4f38b"",""evidence"":[{""locator"":""backend/production/v0.3/inputs/TERMINOLOGY.csv:LEBL-TERM-0342"",""sha256"":""sha256:9250c624bddefee14836704c99c6e017d0c5373daa549416493921a3657d33f5""}],""examples"":[],""id"":""urn:uuid:67dcef05-e113-50c0-ad48-6cb732154d63"",""language"":""id"",""ledger_binding"":{""concept_id"":""concept.topology"",""evidence"":""R006 ch-metric.tex"",""notes"":"""",""preferred_id"":""topologi"",""register"":""formal"",""rejected_id"":"""",""resource_scope"":""R006"",""source_term"":""topology"",""status"":""admitted"",""term_id"":""LEBL-TERM-0342"",""variants_id"":""""},""locale"":""id-ID"",""preferred"":""topologi"",""record_type"":""term"",""recorded_at"":""2026-08-21T00:00:00Z"",""register"":""formal"",""rejected_forms"":[],""rights_id"":""urn:uuid:a0273f1c-6fad-54c7-a75a-32a5161da656"",""schema_name"":""lebl.backend.record"",""schema_version"":""0.3.0"",""scope_ids"":[""urn:uuid:2985f369-c946-5392-be8c-902d3c9215b2""],""semantic_aliases"":[],""semantic_key"":""lebl.ra.term.ledger.lebl-term-0342.id-id"",""status"":""active"",""supersedes_id"":null,""variants"":[],""workflow_id"":""01a01f57-a34b-7740-9717-596b8116910c/backend-production-v0.3-r006-live""}"
"urn:uuid:fa015717-fef7-5e17-b2a1-49b640b7fa7f","lebl.ra.term.ledger.lebl-term-0334.id-id","urn:uuid:6587a056-5ff9-5f66-915a-cb9154e4dbeb","id","id-ID","topologi subruang","[]","[]","[""urn:uuid:2985f369-c946-5392-be8c-902d3c9215b2""]","formal","[{""locator"":""backend/production/v0.3/inputs/TERMINOLOGY.csv:LEBL-TERM-0334"",""sha256"":""sha256:fe35848056f8c4c47fbb84f6663600505f96db88880b6c45417307b2ea1047b7""}]","urn:uuid:a0273f1c-6fad-54c7-a75a-32a5161da656","active","LEBL-TERM-0334","subspace topology","admitted","{""concept_id"":""concept.topology.subspace"",""evidence"":""R006 ch-metric.tex"",""notes"":"""",""preferred_id"":""topologi subruang"",""register"":""formal"",""rejected_id"":"""",""resource_scope"":""R006"",""source_term"":""subspace topology"",""status"":""admitted"",""term_id"":""LEBL-TERM-0334"",""variants_id"":""""}","{""concept_id"":""urn:uuid:6587a056-5ff9-5f66-915a-cb9154e4dbeb"",""evidence"":[{""locator"":""backend/production/v0.3/inputs/TERMINOLOGY.csv:LEBL-TERM-0334"",""sha256"":""sha256:fe35848056f8c4c47fbb84f6663600505f96db88880b6c45417307b2ea1047b7""}],""examples"":[],""id"":""urn:uuid:fa015717-fef7-5e17-b2a1-49b640b7fa7f"",""language"":""id"",""ledger_binding"":{""concept_id"":""concept.topology.subspace"",""evidence"":""R006 ch-metric.tex"",""notes"":"""",""preferred_id"":""topologi subruang"",""register"":""formal"",""rejected_id"":"""",""resource_scope"":""R006"",""source_term"":""subspace topology"",""status"":""admitted"",""term_id"":""LEBL-TERM-0334"",""variants_id"":""""},""locale"":""id-ID"",""preferred"":""topologi subruang"",""record_type"":""term"",""recorded_at"":""2026-08-21T00:00:00Z"",""register"":""formal"",""rejected_forms"":[],""rights_id"":""urn:uuid:a0273f1c-6fad-54c7-a75a-32a5161da656"",""schema_name"":""lebl.backend.record"",""schema_version"":""0.3.0"",""scope_ids"":[""urn:uuid:2985f369-c946-5392-be8c-902d3c9215b2""],""semantic_aliases"":[],""semantic_key"":""lebl.ra.term.ledger.lebl-term-0334.id-id"",""status"":""active"",""supersedes_id"":null,""variants"":[],""workflow_id"":""01a01f57-a34b-7740-9717-596b8116910c/backend-production-v0.3-r006-live""}"
"urn:uuid:dc834ae2-abbe-52bf-ab24-ba47706e56cf","lebl.ra.term.ledger.lebl-term-0293.id-id","urn:uuid:724dca74-3e24-5452-8eef-3f36e1a2cc49","id","id-ID","transformasi Laplace","[]","[]","[""urn:uuid:2985f369-c946-5392-be8c-902d3c9215b2""]","formal","[{""locator"":""backend/production/v0.3/inputs/TERMINOLOGY.csv:LEBL-TERM-0293"",""sha256"":""sha256:9f4c8228af8814dafa95cd044353e18f0958d13d6b3fe40519ed65202e32d60b""}]","urn:uuid:a0273f1c-6fad-54c7-a75a-32a5161da656","active","LEBL-TERM-0293","Laplace transform","admitted","{""concept_id"":""concept.transform.laplace"",""evidence"":""R006 ch-riemann.tex"",""notes"":"""",""preferred_id"":""transformasi Laplace"",""register"":""formal"",""rejected_id"":"""",""resource_scope"":""R006"",""source_term"":""Laplace transform"",""status"":""admitted"",""term_id"":""LEBL-TERM-0293"",""variants_id"":""""}","{""concept_id"":""urn:uuid:724dca74-3e24-5452-8eef-3f36e1a2cc49"",""evidence"":[{""locator"":""backend/production/v0.3/inputs/TERMINOLOGY.csv:LEBL-TERM-0293"",""sha256"":""sha256:9f4c8228af8814dafa95cd044353e18f0958d13d6b3fe40519ed65202e32d60b""}],""examples"":[],""id"":""urn:uuid:dc834ae2-abbe-52bf-ab24-ba47706e56cf"",""language"":""id"",""ledger_binding"":{""concept_id"":""concept.transform.laplace"",""evidence"":""R006 ch-riemann.tex"",""notes"":"""",""preferred_id"":""transformasi Laplace"",""register"":""formal"",""rejected_id"":"""",""resource_scope"":""R006"",""source_term"":""Laplace transform"",""status"":""admitted"",""term_id"":""LEBL-TERM-0293"",""variants_id"":""""},""locale"":""id-ID"",""preferred"":""transformasi Laplace"",""record_type"":""term"",""recorded_at"":""2026-08-21T00:00:00Z"",""register"":""formal"",""rejected_forms"":[],""rights_id"":""urn:uuid:a0273f1c-6fad-54c7-a75a-32a5161da656"",""schema_name"":""lebl.backend.record"",""schema_version"":""0.3.0"",""scope_ids"":[""urn:uuid:2985f369-c946-5392-be8c-902d3c9215b2""],""semantic_aliases"":[],""semantic_key"":""lebl.ra.term.ledger.lebl-term-0293.id-id"",""status"":""active"",""supersedes_id"":null,""variants"":[],""workflow_id"":""01a01f57-a34b-7740-9717-596b8116910c/backend-production-v0.3-r006-live""}"
"urn:uuid:fc7f9acc-8f6e-5c7b-b885-7fc795504abc","lebl.ra.term.ledger.lebl-term-0295.id-id","urn:uuid:154cb46d-f337-5284-9ef2-628493b1983f","id","id-ID","transformasi kosinus Fourier","[]","[]","[""urn:uuid:2985f369-c946-5392-be8c-902d3c9215b2""]","formal","[{""locator"":""backend/production/v0.3/inputs/TERMINOLOGY.csv:LEBL-TERM-0295"",""sha256"":""sha256:5e52f988d3f9efc48a67ceb98f37915f7fcbbb3cc48f593583bace313dc42d4c""}]","urn:uuid:a0273f1c-6fad-54c7-a75a-32a5161da656","active","LEBL-TERM-0295","Fourier cosine transform","admitted","{""concept_id"":""concept.transform.fourier-cosine"",""evidence"":""R006 ch-riemann.tex"",""notes"":"""",""preferred_id"":""transformasi kosinus Fourier"",""register"":""formal"",""rejected_id"":"""",""resource_scope"":""R006"",""source_term"":""Fourier cosine transform"",""status"":""admitted"",""term_id"":""LEBL-TERM-0295"",""variants_id"":""""}","{""concept_id"":""urn:uuid:154cb46d-f337-5284-9ef2-628493b1983f"",""evidence"":[{""locator"":""backend/production/v0.3/inputs/TERMINOLOGY.csv:LEBL-TERM-0295"",""sha256"":""sha256:5e52f988d3f9efc48a67ceb98f37915f7fcbbb3cc48f593583bace313dc42d4c""}],""examples"":[],""id"":""urn:uuid:fc7f9acc-8f6e-5c7b-b885-7fc795504abc"",""language"":""id"",""ledger_binding"":{""concept_id"":""concept.transform.fourier-cosine"",""evidence"":""R006 ch-riemann.tex"",""notes"":"""",""preferred_id"":""transformasi kosinus Fourier"",""register"":""formal"",""rejected_id"":"""",""resource_scope"":""R006"",""source_term"":""Fourier cosine transform"",""status"":""admitted"",""term_id"":""LEBL-TERM-0295"",""variants_id"":""""},""locale"":""id-ID"",""preferred"":""transformasi kosinus Fourier"",""record_type"":""term"",""recorded_at"":""2026-08-21T00:00:00Z"",""register"":""formal"",""rejected_forms"":[],""rights_id"":""urn:uuid:a0273f1c-6fad-54c7-a75a-32a5161da656"",""schema_name"":""lebl.backend.record"",""schema_version"":""0.3.0"",""scope_ids"":[""urn:uuid:2985f369-c946-5392-be8c-902d3c9215b2""],""semantic_aliases"":[],""semantic_key"":""lebl.ra.term.ledger.lebl-term-0295.id-id"",""status"":""active"",""supersedes_id"":null,""variants"":[],""workflow_id"":""01a01f57-a34b-7740-9717-596b8116910c/backend-production-v0.3-r006-live""}"
"urn:uuid:e5087044-e311-58a9-9518-e6260d08f6d2","lebl.ra.term.ledger.lebl-term-0388.id-id","urn:uuid:ab5c838e-1c43-5428-8846-c18eb890d2a6","id","id-ID","transformasi linear","[""pemetaan linear""]","[]","[""urn:uuid:2985f369-c946-5392-be8c-902d3c9215b2""]","formal","[{""locator"":""backend/production/v0.3/inputs/TERMINOLOGY.csv:LEBL-TERM-0388"",""sha256"":""sha256:9726458a9684f30db9b4b68bdeeabb2f4ec17763170e29c0a7a36d5b61a3c23a""}]","urn:uuid:a0273f1c-6fad-54c7-a75a-32a5161da656","active","LEBL-TERM-0388","linear transformation","admitted","{""concept_id"":""concept.transformation.linear"",""evidence"":""R006 ch-several-vars-ders.tex"",""notes"":"""",""preferred_id"":""transformasi linear"",""register"":""formal"",""rejected_id"":"""",""resource_scope"":""R006"",""source_term"":""linear transformation"",""status"":""admitted"",""term_id"":""LEBL-TERM-0388"",""variants_id"":""pemetaan linear""}","{""concept_id"":""urn:uuid:ab5c838e-1c43-5428-8846-c18eb890d2a6"",""evidence"":[{""locator"":""backend/production/v0.3/inputs/TERMINOLOGY.csv:LEBL-TERM-0388"",""sha256"":""sha256:9726458a9684f30db9b4b68bdeeabb2f4ec17763170e29c0a7a36d5b61a3c23a""}],""examples"":[],""id"":""urn:uuid:e5087044-e311-58a9-9518-e6260d08f6d2"",""language"":""id"",""ledger_binding"":{""concept_id"":""concept.transformation.linear"",""evidence"":""R006 ch-several-vars-ders.tex"",""notes"":"""",""preferred_id"":""transformasi linear"",""register"":""formal"",""rejected_id"":"""",""resource_scope"":""R006"",""source_term"":""linear transformation"",""status"":""admitted"",""term_id"":""LEBL-TERM-0388"",""variants_id"":""pemetaan linear""},""locale"":""id-ID"",""preferred"":""transformasi linear"",""record_type"":""term"",""recorded_at"":""2026-08-21T00:00:00Z"",""register"":""formal"",""rejected_forms"":[],""rights_id"":""urn:uuid:a0273f1c-6fad-54c7-a75a-32a5161da656"",""schema_name"":""lebl.backend.record"",""schema_version"":""0.3.0"",""scope_ids"":[""urn:uuid:2985f369-c946-5392-be8c-902d3c9215b2""],""semantic_aliases"":[],""semantic_key"":""lebl.ra.term.ledger.lebl-term-0388.id-id"",""status"":""active"",""supersedes_id"":null,""variants"":[""pemetaan linear""],""workflow_id"":""01a01f57-a34b-7740-9717-596b8116910c/backend-production-v0.3-r006-live""}"
"urn:uuid:25f0b1cf-8bba-5e7b-954b-bab2c5082b52","lebl.ra.term.ledger.lebl-term-0390.id-id","urn:uuid:a0dd2c8b-2fea-5d72-937a-54fb053f441c","id","id-ID","transformasi linear invertibel","[]","[]","[""urn:uuid:2985f369-c946-5392-be8c-902d3c9215b2""]","formal","[{""locator"":""backend/production/v0.3/inputs/TERMINOLOGY.csv:LEBL-TERM-0390"",""sha256"":""sha256:410b08f93a6634c56a026a1006d74e119ac4c43aaeb07a537dfc1b05a99042a2""}]","urn:uuid:a0273f1c-6fad-54c7-a75a-32a5161da656","active","LEBL-TERM-0390","invertible linear transformation","admitted","{""concept_id"":""concept.transformation.invertible"",""evidence"":""R006 ch-several-vars-ders.tex"",""notes"":"""",""preferred_id"":""transformasi linear invertibel"",""register"":""formal"",""rejected_id"":"""",""resource_scope"":""R006"",""source_term"":""invertible linear transformation"",""status"":""admitted"",""term_id"":""LEBL-TERM-0390"",""variants_id"":""""}","{""concept_id"":""urn:uuid:a0dd2c8b-2fea-5d72-937a-54fb053f441c"",""evidence"":[{""locator"":""backend/production/v0.3/inputs/TERMINOLOGY.csv:LEBL-TERM-0390"",""sha256"":""sha256:410b08f93a6634c56a026a1006d74e119ac4c43aaeb07a537dfc1b05a99042a2""}],""examples"":[],""id"":""urn:uuid:25f0b1cf-8bba-5e7b-954b-bab2c5082b52"",""language"":""id"",""ledger_binding"":{""concept_id"":""concept.transformation.invertible"",""evidence"":""R006 ch-several-vars-ders.tex"",""notes"":"""",""preferred_id"":""transformasi linear invertibel"",""register"":""formal"",""rejected_id"":"""",""resource_scope"":""R006"",""source_term"":""invertible linear transformation"",""status"":""admitted"",""term_id"":""LEBL-TERM-0390"",""variants_id"":""""},""locale"":""id-ID"",""preferred"":""transformasi linear invertibel"",""record_type"":""term"",""recorded_at"":""2026-08-21T00:00:00Z"",""register"":""formal"",""rejected_forms"":[],""rights_id"":""urn:uuid:a0273f1c-6fad-54c7-a75a-32a5161da656"",""schema_name"":""lebl.backend.record"",""schema_version"":""0.3.0"",""scope_ids"":[""urn:uuid:2985f369-c946-5392-be8c-902d3c9215b2""],""semantic_aliases"":[],""semantic_key"":""lebl.ra.term.ledger.lebl-term-0390.id-id"",""status"":""active"",""supersedes_id"":null,""variants"":[],""workflow_id"":""01a01f57-a34b-7740-9717-596b8116910c/backend-production-v0.3-r006-live""}"
"urn:uuid:2a321e55-b63d-5ca5-ba6d-d573a9ce09e6","lebl.ra.term.ledger.lebl-term-0294.id-id","urn:uuid:38657363-fa4a-52d3-9559-7c8ede480d89","id","id-ID","transformasi sinus Fourier","[]","[]","[""urn:uuid:2985f369-c946-5392-be8c-902d3c9215b2""]","formal","[{""locator"":""backend/production/v0.3/inputs/TERMINOLOGY.csv:LEBL-TERM-0294"",""sha256"":""sha256:a0dbc56dba32cc1ffdc956de22b9cf5302b3aa1c0cc3fe9290766bf31800cb40""}]","urn:uuid:a0273f1c-6fad-54c7-a75a-32a5161da656","active","LEBL-TERM-0294","Fourier sine transform","admitted","{""concept_id"":""concept.transform.fourier-sine"",""evidence"":""R006 ch-riemann.tex"",""notes"":"""",""preferred_id"":""transformasi sinus Fourier"",""register"":""formal"",""rejected_id"":"""",""resource_scope"":""R006"",""source_term"":""Fourier sine transform"",""status"":""admitted"",""term_id"":""LEBL-TERM-0294"",""variants_id"":""""}","{""concept_id"":""urn:uuid:38657363-fa4a-52d3-9559-7c8ede480d89"",""evidence"":[{""locator"":""backend/production/v0.3/inputs/TERMINOLOGY.csv:LEBL-TERM-0294"",""sha256"":""sha256:a0dbc56dba32cc1ffdc956de22b9cf5302b3aa1c0cc3fe9290766bf31800cb40""}],""examples"":[],""id"":""urn:uuid:2a321e55-b63d-5ca5-ba6d-d573a9ce09e6"",""language"":""id"",""ledger_binding"":{""concept_id"":""concept.transform.fourier-sine"",""evidence"":""R006 ch-riemann.tex"",""notes"":"""",""preferred_id"":""transformasi sinus Fourier"",""register"":""formal"",""rejected_id"":"""",""resource_scope"":""R006"",""source_term"":""Fourier sine transform"",""status"":""admitted"",""term_id"":""LEBL-TERM-0294"",""variants_id"":""""},""locale"":""id-ID"",""preferred"":""transformasi sinus Fourier"",""record_type"":""term"",""recorded_at"":""2026-08-21T00:00:00Z"",""register"":""formal"",""rejected_forms"":[],""rights_id"":""urn:uuid:a0273f1c-6fad-54c7-a75a-32a5161da656"",""schema_name"":""lebl.backend.record"",""schema_version"":""0.3.0"",""scope_ids"":[""urn:uuid:2985f369-c946-5392-be8c-902d3c9215b2""],""semantic_aliases"":[],""semantic_key"":""lebl.ra.term.ledger.lebl-term-0294.id-id"",""status"":""active"",""supersedes_id"":null,""variants"":[],""workflow_id"":""01a01f57-a34b-7740-9717-596b8116910c/backend-production-v0.3-r006-live""}"
"urn:uuid:2be63f1c-0f68-56cf-be11-a16455447e88","lebl.ra.term.ledger.lebl-term-0051.id-id","urn:uuid:28709cc3-68b1-54b5-9b82-7c2e663e0740","id","id-ID","transitif","[]","[]","[""urn:uuid:2985f369-c946-5392-be8c-902d3c9215b2""]","formal","[{""locator"":""backend/production/v0.3/inputs/TERMINOLOGY.csv:LEBL-TERM-0051"",""sha256"":""sha256:43e1a40c402e200a0ad0097273ab2771898a4355da69b387f12538dff6344d3f""}]","urn:uuid:a0273f1c-6fad-54c7-a75a-32a5161da656","active","LEBL-TERM-0051","transitive","admitted","{""concept_id"":""concept.relation.transitive"",""evidence"":""R006 ch-vol1-intro.tex"",""notes"":"""",""preferred_id"":""transitif"",""register"":""formal"",""rejected_id"":"""",""resource_scope"":""R006"",""source_term"":""transitive"",""status"":""admitted"",""term_id"":""LEBL-TERM-0051"",""variants_id"":""""}","{""concept_id"":""urn:uuid:28709cc3-68b1-54b5-9b82-7c2e663e0740"",""evidence"":[{""locator"":""backend/production/v0.3/inputs/TERMINOLOGY.csv:LEBL-TERM-0051"",""sha256"":""sha256:43e1a40c402e200a0ad0097273ab2771898a4355da69b387f12538dff6344d3f""}],""examples"":[],""id"":""urn:uuid:2be63f1c-0f68-56cf-be11-a16455447e88"",""language"":""id"",""ledger_binding"":{""concept_id"":""concept.relation.transitive"",""evidence"":""R006 ch-vol1-intro.tex"",""notes"":"""",""preferred_id"":""transitif"",""register"":""formal"",""rejected_id"":"""",""resource_scope"":""R006"",""source_term"":""transitive"",""status"":""admitted"",""term_id"":""LEBL-TERM-0051"",""variants_id"":""""},""locale"":""id-ID"",""preferred"":""transitif"",""record_type"":""term"",""recorded_at"":""2026-08-21T00:00:00Z"",""register"":""formal"",""rejected_forms"":[],""rights_id"":""urn:uuid:a0273f1c-6fad-54c7-a75a-32a5161da656"",""schema_name"":""lebl.backend.record"",""schema_version"":""0.3.0"",""scope_ids"":[""urn:uuid:2985f369-c946-5392-be8c-902d3c9215b2""],""semantic_aliases"":[],""semantic_key"":""lebl.ra.term.ledger.lebl-term-0051.id-id"",""status"":""active"",""supersedes_id"":null,""variants"":[],""workflow_id"":""01a01f57-a34b-7740-9717-596b8116910c/backend-production-v0.3-r006-live""}"
"urn:uuid:107efdd7-ac5e-59dd-bd12-ac00236a367f","lebl.ra.term.ledger.lebl-term-0410.id-id","urn:uuid:4e2c52da-960f-5707-a902-8563213e59a2","id","id-ID","transpos","[]","[]","[""urn:uuid:2985f369-c946-5392-be8c-902d3c9215b2""]","formal","[{""locator"":""backend/production/v0.3/inputs/TERMINOLOGY.csv:LEBL-TERM-0410"",""sha256"":""sha256:c82a102d0bc3515be30c33b84bf40f987b639d2bb12f8f5af167ed2923444299""}]","urn:uuid:a0273f1c-6fad-54c7-a75a-32a5161da656","active","LEBL-TERM-0410","transpose","admitted","{""concept_id"":""concept.matrix.transpose"",""evidence"":""R006 ch-several-vars-ders.tex"",""notes"":"""",""preferred_id"":""transpos"",""register"":""formal"",""rejected_id"":"""",""resource_scope"":""R006"",""source_term"":""transpose"",""status"":""admitted"",""term_id"":""LEBL-TERM-0410"",""variants_id"":""""}","{""concept_id"":""urn:uuid:4e2c52da-960f-5707-a902-8563213e59a2"",""evidence"":[{""locator"":""backend/production/v0.3/inputs/TERMINOLOGY.csv:LEBL-TERM-0410"",""sha256"":""sha256:c82a102d0bc3515be30c33b84bf40f987b639d2bb12f8f5af167ed2923444299""}],""examples"":[],""id"":""urn:uuid:107efdd7-ac5e-59dd-bd12-ac00236a367f"",""language"":""id"",""ledger_binding"":{""concept_id"":""concept.matrix.transpose"",""evidence"":""R006 ch-several-vars-ders.tex"",""notes"":"""",""preferred_id"":""transpos"",""register"":""formal"",""rejected_id"":"""",""resource_scope"":""R006"",""source_term"":""transpose"",""status"":""admitted"",""term_id"":""LEBL-TERM-0410"",""variants_id"":""""},""locale"":""id-ID"",""preferred"":""transpos"",""record_type"":""term"",""recorded_at"":""2026-08-21T00:00:00Z"",""register"":""formal"",""rejected_forms"":[],""rights_id"":""urn:uuid:a0273f1c-6fad-54c7-a75a-32a5161da656"",""schema_name"":""lebl.backend.record"",""schema_version"":""0.3.0"",""scope_ids"":[""urn:uuid:2985f369-c946-5392-be8c-902d3c9215b2""],""semantic_aliases"":[],""semantic_key"":""lebl.ra.term.ledger.lebl-term-0410.id-id"",""status"":""active"",""supersedes_id"":null,""variants"":[],""workflow_id"":""01a01f57-a34b-7740-9717-596b8116910c/backend-production-v0.3-r006-live""}"
"urn:uuid:e689d7fb-5d95-563f-97df-47a0c760070f","lebl.ra.term.ledger.lebl-term-0414.id-id","urn:uuid:e163f844-e969-57c5-ab9a-a2128d5a7f62","id","id-ID","transposisi","[""pertukaran dua unsur""]","[]","[""urn:uuid:2985f369-c946-5392-be8c-902d3c9215b2""]","formal","[{""locator"":""backend/production/v0.3/inputs/TERMINOLOGY.csv:LEBL-TERM-0414"",""sha256"":""sha256:863c9fc56a405105c4a9a3c7766915f9538be63a2b5fbfc26d2a59852871df06""}]","urn:uuid:a0273f1c-6fad-54c7-a75a-32a5161da656","active","LEBL-TERM-0414","transposition","admitted","{""concept_id"":""concept.transposition"",""evidence"":""R006 ch-several-vars-ders.tex"",""notes"":"""",""preferred_id"":""transposisi"",""register"":""formal"",""rejected_id"":"""",""resource_scope"":""R006"",""source_term"":""transposition"",""status"":""admitted"",""term_id"":""LEBL-TERM-0414"",""variants_id"":""pertukaran dua unsur""}","{""concept_id"":""urn:uuid:e163f844-e969-57c5-ab9a-a2128d5a7f62"",""evidence"":[{""locator"":""backend/production/v0.3/inputs/TERMINOLOGY.csv:LEBL-TERM-0414"",""sha256"":""sha256:863c9fc56a405105c4a9a3c7766915f9538be63a2b5fbfc26d2a59852871df06""}],""examples"":[],""id"":""urn:uuid:e689d7fb-5d95-563f-97df-47a0c760070f"",""language"":""id"",""ledger_binding"":{""concept_id"":""concept.transposition"",""evidence"":""R006 ch-several-vars-ders.tex"",""notes"":"""",""preferred_id"":""transposisi"",""register"":""formal"",""rejected_id"":"""",""resource_scope"":""R006"",""source_term"":""transposition"",""status"":""admitted"",""term_id"":""LEBL-TERM-0414"",""variants_id"":""pertukaran dua unsur""},""locale"":""id-ID"",""preferred"":""transposisi"",""record_type"":""term"",""recorded_at"":""2026-08-21T00:00:00Z"",""register"":""formal"",""rejected_forms"":[],""rights_id"":""urn:uuid:a0273f1c-6fad-54c7-a75a-32a5161da656"",""schema_name"":""lebl.backend.record"",""schema_version"":""0.3.0"",""scope_ids"":[""urn:uuid:2985f369-c946-5392-be8c-902d3c9215b2""],""semantic_aliases"":[],""semantic_key"":""lebl.ra.term.ledger.lebl-term-0414.id-id"",""status"":""active"",""supersedes_id"":null,""variants"":[""pertukaran dua unsur""],""workflow_id"":""01a01f57-a34b-7740-9717-596b8116910c/backend-production-v0.3-r006-live""}"
"urn:uuid:17937ee8-ada7-5fd2-af91-ef8673e4e744","lebl.ra.term.ledger.lebl-term-0064.id-id","urn:uuid:b894e149-28ea-5130-aca2-9cf1d9323663","id","id-ID","trikotomi","[]","[]","[""urn:uuid:2985f369-c946-5392-be8c-902d3c9215b2""]","formal","[{""locator"":""backend/production/v0.3/inputs/TERMINOLOGY.csv:LEBL-TERM-0064"",""sha256"":""sha256:6d58bea910ab2f7cb95dffc407d2eadb22263e7d0a267d638ee48b13fd16b0eb""}]","urn:uuid:a0273f1c-6fad-54c7-a75a-32a5161da656","active","LEBL-TERM-0064","trichotomy","admitted","{""concept_id"":""concept.order.trichotomy"",""evidence"":""R006 ch-real-nums.tex"",""notes"":"""",""preferred_id"":""trikotomi"",""register"":""formal"",""rejected_id"":"""",""resource_scope"":""R006"",""source_term"":""trichotomy"",""status"":""admitted"",""term_id"":""LEBL-TERM-0064"",""variants_id"":""""}","{""concept_id"":""urn:uuid:b894e149-28ea-5130-aca2-9cf1d9323663"",""evidence"":[{""locator"":""backend/production/v0.3/inputs/TERMINOLOGY.csv:LEBL-TERM-0064"",""sha256"":""sha256:6d58bea910ab2f7cb95dffc407d2eadb22263e7d0a267d638ee48b13fd16b0eb""}],""examples"":[],""id"":""urn:uuid:17937ee8-ada7-5fd2-af91-ef8673e4e744"",""language"":""id"",""ledger_binding"":{""concept_id"":""concept.order.trichotomy"",""evidence"":""R006 ch-real-nums.tex"",""notes"":"""",""preferred_id"":""trikotomi"",""register"":""formal"",""rejected_id"":"""",""resource_scope"":""R006"",""source_term"":""trichotomy"",""status"":""admitted"",""term_id"":""LEBL-TERM-0064"",""variants_id"":""""},""locale"":""id-ID"",""preferred"":""trikotomi"",""record_type"":""term"",""recorded_at"":""2026-08-21T00:00:00Z"",""register"":""formal"",""rejected_forms"":[],""rights_id"":""urn:uuid:a0273f1c-6fad-54c7-a75a-32a5161da656"",""schema_name"":""lebl.backend.record"",""schema_version"":""0.3.0"",""scope_ids"":[""urn:uuid:2985f369-c946-5392-be8c-902d3c9215b2""],""semantic_aliases"":[],""semantic_key"":""lebl.ra.term.ledger.lebl-term-0064.id-id"",""status"":""active"",""supersedes_id"":null,""variants"":[],""workflow_id"":""01a01f57-a34b-7740-9717-596b8116910c/backend-production-v0.3-r006-live""}"
"urn:uuid:b64ca165-27c4-5166-88b4-3201801f1f82","lebl.ra.term.ledger.lebl-term-0226.id-id","urn:uuid:205814c2-0a05-5b50-997e-570cdbc67821","id","id-ID","turun tegas","[]","[]","[""urn:uuid:2985f369-c946-5392-be8c-902d3c9215b2""]","formal","[{""locator"":""backend/production/v0.3/inputs/TERMINOLOGY.csv:LEBL-TERM-0226"",""sha256"":""sha256:91e0160e54dc1684f5d10fab4ee1ed6abefc7501d31748361ba43dd1faa6526d""}]","urn:uuid:a0273f1c-6fad-54c7-a75a-32a5161da656","active","LEBL-TERM-0226","strictly decreasing","admitted","{""concept_id"":""concept.function.strictly-decreasing"",""evidence"":""R006 ch-contfunc.tex"",""notes"":"""",""preferred_id"":""turun tegas"",""register"":""formal"",""rejected_id"":"""",""resource_scope"":""R006"",""source_term"":""strictly decreasing"",""status"":""admitted"",""term_id"":""LEBL-TERM-0226"",""variants_id"":""""}","{""concept_id"":""urn:uuid:205814c2-0a05-5b50-997e-570cdbc67821"",""evidence"":[{""locator"":""backend/production/v0.3/inputs/TERMINOLOGY.csv:LEBL-TERM-0226"",""sha256"":""sha256:91e0160e54dc1684f5d10fab4ee1ed6abefc7501d31748361ba43dd1faa6526d""}],""examples"":[],""id"":""urn:uuid:b64ca165-27c4-5166-88b4-3201801f1f82"",""language"":""id"",""ledger_binding"":{""concept_id"":""concept.function.strictly-decreasing"",""evidence"":""R006 ch-contfunc.tex"",""notes"":"""",""preferred_id"":""turun tegas"",""register"":""formal"",""rejected_id"":"""",""resource_scope"":""R006"",""source_term"":""strictly decreasing"",""status"":""admitted"",""term_id"":""LEBL-TERM-0226"",""variants_id"":""""},""locale"":""id-ID"",""preferred"":""turun tegas"",""record_type"":""term"",""recorded_at"":""2026-08-21T00:00:00Z"",""register"":""formal"",""rejected_forms"":[],""rights_id"":""urn:uuid:a0273f1c-6fad-54c7-a75a-32a5161da656"",""schema_name"":""lebl.backend.record"",""schema_version"":""0.3.0"",""scope_ids"":[""urn:uuid:2985f369-c946-5392-be8c-902d3c9215b2""],""semantic_aliases"":[],""semantic_key"":""lebl.ra.term.ledger.lebl-term-0226.id-id"",""status"":""active"",""supersedes_id"":null,""variants"":[],""workflow_id"":""01a01f57-a34b-7740-9717-596b8116910c/backend-production-v0.3-r006-live""}"
"urn:uuid:407a57dd-145c-5bb1-8268-7d54a76ee757","lebl.ra.term.ledger.lebl-term-0233.id-id","urn:uuid:b451524e-f4ed-5233-9d40-cd502b00654f","id","id-ID","turunan","[]","[]","[""urn:uuid:2985f369-c946-5392-be8c-902d3c9215b2""]","formal","[{""locator"":""backend/production/v0.3/inputs/TERMINOLOGY.csv:LEBL-TERM-0233"",""sha256"":""sha256:e024d1aac11146e4d05548432f670c1abaf775381a0e8d31b9ecf41a78eaedcb""}]","urn:uuid:a0273f1c-6fad-54c7-a75a-32a5161da656","active","LEBL-TERM-0233","derivative","admitted","{""concept_id"":""concept.calculus.derivative"",""evidence"":""R006 ch-der.tex"",""notes"":"""",""preferred_id"":""turunan"",""register"":""formal"",""rejected_id"":"""",""resource_scope"":""R006"",""source_term"":""derivative"",""status"":""admitted"",""term_id"":""LEBL-TERM-0233"",""variants_id"":""""}","{""concept_id"":""urn:uuid:b451524e-f4ed-5233-9d40-cd502b00654f"",""evidence"":[{""locator"":""backend/production/v0.3/inputs/TERMINOLOGY.csv:LEBL-TERM-0233"",""sha256"":""sha256:e024d1aac11146e4d05548432f670c1abaf775381a0e8d31b9ecf41a78eaedcb""}],""examples"":[],""id"":""urn:uuid:407a57dd-145c-5bb1-8268-7d54a76ee757"",""language"":""id"",""ledger_binding"":{""concept_id"":""concept.calculus.derivative"",""evidence"":""R006 ch-der.tex"",""notes"":"""",""preferred_id"":""turunan"",""register"":""formal"",""rejected_id"":"""",""resource_scope"":""R006"",""source_term"":""derivative"",""status"":""admitted"",""term_id"":""LEBL-TERM-0233"",""variants_id"":""""},""locale"":""id-ID"",""preferred"":""turunan"",""record_type"":""term"",""recorded_at"":""2026-08-21T00:00:00Z"",""register"":""formal"",""rejected_forms"":[],""rights_id"":""urn:uuid:a0273f1c-6fad-54c7-a75a-32a5161da656"",""schema_name"":""lebl.backend.record"",""schema_version"":""0.3.0"",""scope_ids"":[""urn:uuid:2985f369-c946-5392-be8c-902d3c9215b2""],""semantic_aliases"":[],""semantic_key"":""lebl.ra.term.ledger.lebl-term-0233.id-id"",""status"":""active"",""supersedes_id"":null,""variants"":[],""workflow_id"":""01a01f57-a34b-7740-9717-596b8116910c/backend-production-v0.3-r006-live""}"
"urn:uuid:718635bb-6f37-5941-bb26-b717b290ee31","lebl.ra.term.ledger.lebl-term-0434.id-id","urn:uuid:660edfd8-3068-5401-badd-1b3bbdc65999","id","id-ID","turunan arah","[]","[]","[""urn:uuid:2985f369-c946-5392-be8c-902d3c9215b2""]","formal","[{""locator"":""backend/production/v0.3/inputs/TERMINOLOGY.csv:LEBL-TERM-0434"",""sha256"":""sha256:1ee5147de90dde857da7a7bbe0964b3c87595fcd6bd58b4593ec799b61ed7e36""}]","urn:uuid:a0273f1c-6fad-54c7-a75a-32a5161da656","active","LEBL-TERM-0434","directional derivative","admitted","{""concept_id"":""concept.calculus.derivative.directional"",""evidence"":""R006 ch-several-vars-ders.tex"",""notes"":"""",""preferred_id"":""turunan arah"",""register"":""formal"",""rejected_id"":"""",""resource_scope"":""R006"",""source_term"":""directional derivative"",""status"":""admitted"",""term_id"":""LEBL-TERM-0434"",""variants_id"":""""}","{""concept_id"":""urn:uuid:660edfd8-3068-5401-badd-1b3bbdc65999"",""evidence"":[{""locator"":""backend/production/v0.3/inputs/TERMINOLOGY.csv:LEBL-TERM-0434"",""sha256"":""sha256:1ee5147de90dde857da7a7bbe0964b3c87595fcd6bd58b4593ec799b61ed7e36""}],""examples"":[],""id"":""urn:uuid:718635bb-6f37-5941-bb26-b717b290ee31"",""language"":""id"",""ledger_binding"":{""concept_id"":""concept.calculus.derivative.directional"",""evidence"":""R006 ch-several-vars-ders.tex"",""notes"":"""",""preferred_id"":""turunan arah"",""register"":""formal"",""rejected_id"":"""",""resource_scope"":""R006"",""source_term"":""directional derivative"",""status"":""admitted"",""term_id"":""LEBL-TERM-0434"",""variants_id"":""""},""locale"":""id-ID"",""preferred"":""turunan arah"",""record_type"":""term"",""recorded_at"":""2026-08-21T00:00:00Z"",""register"":""formal"",""rejected_forms"":[],""rights_id"":""urn:uuid:a0273f1c-6fad-54c7-a75a-32a5161da656"",""schema_name"":""lebl.backend.record"",""schema_version"":""0.3.0"",""scope_ids"":[""urn:uuid:2985f369-c946-5392-be8c-902d3c9215b2""],""semantic_aliases"":[],""semantic_key"":""lebl.ra.term.ledger.lebl-term-0434.id-id"",""status"":""active"",""supersedes_id"":null,""variants"":[],""workflow_id"":""01a01f57-a34b-7740-9717-596b8116910c/backend-production-v0.3-r006-live""}"
"urn:uuid:4735180b-cc85-501d-bad6-809c289fa400","lebl.ra.term.ledger.lebl-term-0248.id-id","urn:uuid:b719dc0c-b23b-553e-9f68-9478c2d44830","id","id-ID","turunan berorde lebih tinggi","[""turunan tingkat tinggi""]","[]","[""urn:uuid:2985f369-c946-5392-be8c-902d3c9215b2""]","formal","[{""locator"":""backend/production/v0.3/inputs/TERMINOLOGY.csv:LEBL-TERM-0248"",""sha256"":""sha256:996ccf46ea33e6ce5e864f809fa8dff61c9cd4d12d39a88a59cc057edc89fb37""}]","urn:uuid:a0273f1c-6fad-54c7-a75a-32a5161da656","active","LEBL-TERM-0248","higher-order derivative","admitted","{""concept_id"":""concept.calculus.higher-order-derivative"",""evidence"":""R006 ch-der.tex"",""notes"":"""",""preferred_id"":""turunan berorde lebih tinggi"",""register"":""formal"",""rejected_id"":"""",""resource_scope"":""R006"",""source_term"":""higher-order derivative"",""status"":""admitted"",""term_id"":""LEBL-TERM-0248"",""variants_id"":""turunan tingkat tinggi""}","{""concept_id"":""urn:uuid:b719dc0c-b23b-553e-9f68-9478c2d44830"",""evidence"":[{""locator"":""backend/production/v0.3/inputs/TERMINOLOGY.csv:LEBL-TERM-0248"",""sha256"":""sha256:996ccf46ea33e6ce5e864f809fa8dff61c9cd4d12d39a88a59cc057edc89fb37""}],""examples"":[],""id"":""urn:uuid:4735180b-cc85-501d-bad6-809c289fa400"",""language"":""id"",""ledger_binding"":{""concept_id"":""concept.calculus.higher-order-derivative"",""evidence"":""R006 ch-der.tex"",""notes"":"""",""preferred_id"":""turunan berorde lebih tinggi"",""register"":""formal"",""rejected_id"":"""",""resource_scope"":""R006"",""source_term"":""higher-order derivative"",""status"":""admitted"",""term_id"":""LEBL-TERM-0248"",""variants_id"":""turunan tingkat tinggi""},""locale"":""id-ID"",""preferred"":""turunan berorde lebih tinggi"",""record_type"":""term"",""recorded_at"":""2026-08-21T00:00:00Z"",""register"":""formal"",""rejected_forms"":[],""rights_id"":""urn:uuid:a0273f1c-6fad-54c7-a75a-32a5161da656"",""schema_name"":""lebl.backend.record"",""schema_version"":""0.3.0"",""scope_ids"":[""urn:uuid:2985f369-c946-5392-be8c-902d3c9215b2""],""semantic_aliases"":[],""semantic_key"":""lebl.ra.term.ledger.lebl-term-0248.id-id"",""status"":""active"",""supersedes_id"":null,""variants"":[""turunan tingkat tinggi""],""workflow_id"":""01a01f57-a34b-7740-9717-596b8116910c/backend-production-v0.3-r006-live""}"
"urn:uuid:8f3e474e-fc4a-5db2-922e-b088a6583d91","lebl.ra.term.ledger.lebl-term-0251.id-id","urn:uuid:5f52195d-63ed-563a-ab5d-6032b5022d5e","id","id-ID","turunan ke-n","[]","[]","[""urn:uuid:2985f369-c946-5392-be8c-902d3c9215b2""]","formal","[{""locator"":""backend/production/v0.3/inputs/TERMINOLOGY.csv:LEBL-TERM-0251"",""sha256"":""sha256:fee2b93684faa3958874285663bfb751cb73b23242c4a800dee030c85556b8ff""}]","urn:uuid:a0273f1c-6fad-54c7-a75a-32a5161da656","active","LEBL-TERM-0251","nth derivative","admitted","{""concept_id"":""concept.calculus.nth-derivative"",""evidence"":""R006 ch-der.tex"",""notes"":"""",""preferred_id"":""turunan ke-n"",""register"":""formal"",""rejected_id"":"""",""resource_scope"":""R006"",""source_term"":""nth derivative"",""status"":""admitted"",""term_id"":""LEBL-TERM-0251"",""variants_id"":""""}","{""concept_id"":""urn:uuid:5f52195d-63ed-563a-ab5d-6032b5022d5e"",""evidence"":[{""locator"":""backend/production/v0.3/inputs/TERMINOLOGY.csv:LEBL-TERM-0251"",""sha256"":""sha256:fee2b93684faa3958874285663bfb751cb73b23242c4a800dee030c85556b8ff""}],""examples"":[],""id"":""urn:uuid:8f3e474e-fc4a-5db2-922e-b088a6583d91"",""language"":""id"",""ledger_binding"":{""concept_id"":""concept.calculus.nth-derivative"",""evidence"":""R006 ch-der.tex"",""notes"":"""",""preferred_id"":""turunan ke-n"",""register"":""formal"",""rejected_id"":"""",""resource_scope"":""R006"",""source_term"":""nth derivative"",""status"":""admitted"",""term_id"":""LEBL-TERM-0251"",""variants_id"":""""},""locale"":""id-ID"",""preferred"":""turunan ke-n"",""record_type"":""term"",""recorded_at"":""2026-08-21T00:00:00Z"",""register"":""formal"",""rejected_forms"":[],""rights_id"":""urn:uuid:a0273f1c-6fad-54c7-a75a-32a5161da656"",""schema_name"":""lebl.backend.record"",""schema_version"":""0.3.0"",""scope_ids"":[""urn:uuid:2985f369-c946-5392-be8c-902d3c9215b2""],""semantic_aliases"":[],""semantic_key"":""lebl.ra.term.ledger.lebl-term-0251.id-id"",""status"":""active"",""supersedes_id"":null,""variants"":[],""workflow_id"":""01a01f57-a34b-7740-9717-596b8116910c/backend-production-v0.3-r006-live""}"
"urn:uuid:23863771-113d-5083-8099-454558da4e88","lebl.ra.term.ledger.lebl-term-0250.id-id","urn:uuid:a41bb0ec-f3b8-56b0-a6d8-ee9a694a616d","id","id-ID","turunan kedua","[]","[]","[""urn:uuid:2985f369-c946-5392-be8c-902d3c9215b2""]","formal","[{""locator"":""backend/production/v0.3/inputs/TERMINOLOGY.csv:LEBL-TERM-0250"",""sha256"":""sha256:3348686b4f582688ec1d48984212839cae80a0675e1ac2a8b6b666683ea845b7""}]","urn:uuid:a0273f1c-6fad-54c7-a75a-32a5161da656","active","LEBL-TERM-0250","second derivative","admitted","{""concept_id"":""concept.calculus.second-derivative"",""evidence"":""R006 ch-der.tex"",""notes"":"""",""preferred_id"":""turunan kedua"",""register"":""formal"",""rejected_id"":"""",""resource_scope"":""R006"",""source_term"":""second derivative"",""status"":""admitted"",""term_id"":""LEBL-TERM-0250"",""variants_id"":""""}","{""concept_id"":""urn:uuid:a41bb0ec-f3b8-56b0-a6d8-ee9a694a616d"",""evidence"":[{""locator"":""backend/production/v0.3/inputs/TERMINOLOGY.csv:LEBL-TERM-0250"",""sha256"":""sha256:3348686b4f582688ec1d48984212839cae80a0675e1ac2a8b6b666683ea845b7""}],""examples"":[],""id"":""urn:uuid:23863771-113d-5083-8099-454558da4e88"",""language"":""id"",""ledger_binding"":{""concept_id"":""concept.calculus.second-derivative"",""evidence"":""R006 ch-der.tex"",""notes"":"""",""preferred_id"":""turunan kedua"",""register"":""formal"",""rejected_id"":"""",""resource_scope"":""R006"",""source_term"":""second derivative"",""status"":""admitted"",""term_id"":""LEBL-TERM-0250"",""variants_id"":""""},""locale"":""id-ID"",""preferred"":""turunan kedua"",""record_type"":""term"",""recorded_at"":""2026-08-21T00:00:00Z"",""register"":""formal"",""rejected_forms"":[],""rights_id"":""urn:uuid:a0273f1c-6fad-54c7-a75a-32a5161da656"",""schema_name"":""lebl.backend.record"",""schema_version"":""0.3.0"",""scope_ids"":[""urn:uuid:2985f369-c946-5392-be8c-902d3c9215b2""],""semantic_aliases"":[],""semantic_key"":""lebl.ra.term.ledger.lebl-term-0250.id-id"",""status"":""active"",""supersedes_id"":null,""variants"":[],""workflow_id"":""01a01f57-a34b-7740-9717-596b8116910c/backend-production-v0.3-r006-live""}"
"urn:uuid:2fe76229-57ca-5746-8ee0-8ec04a45d999","lebl.ra.term.ledger.lebl-term-0370.id-id","urn:uuid:3b9a2f3e-831d-5f2c-bc0f-2e8b0a0e52c0","id","id-ID","turunan parsial","[]","[]","[""urn:uuid:2985f369-c946-5392-be8c-902d3c9215b2""]","formal","[{""locator"":""backend/production/v0.3/inputs/TERMINOLOGY.csv:LEBL-TERM-0370"",""sha256"":""sha256:baf841eaaa0d9c1ae88d3145bb366b50a05a907789af6900ba6845286d67ac36""}]","urn:uuid:a0273f1c-6fad-54c7-a75a-32a5161da656","active","LEBL-TERM-0370","partial derivative","admitted","{""concept_id"":""concept.calculus.partial-derivative"",""evidence"":""R006 ch-several-vars-ders.tex"",""notes"":"""",""preferred_id"":""turunan parsial"",""register"":""formal"",""rejected_id"":"""",""resource_scope"":""R006"",""source_term"":""partial derivative"",""status"":""admitted"",""term_id"":""LEBL-TERM-0370"",""variants_id"":""""}","{""concept_id"":""urn:uuid:3b9a2f3e-831d-5f2c-bc0f-2e8b0a0e52c0"",""evidence"":[{""locator"":""backend/production/v0.3/inputs/TERMINOLOGY.csv:LEBL-TERM-0370"",""sha256"":""sha256:baf841eaaa0d9c1ae88d3145bb366b50a05a907789af6900ba6845286d67ac36""}],""examples"":[],""id"":""urn:uuid:2fe76229-57ca-5746-8ee0-8ec04a45d999"",""language"":""id"",""ledger_binding"":{""concept_id"":""concept.calculus.partial-derivative"",""evidence"":""R006 ch-several-vars-ders.tex"",""notes"":"""",""preferred_id"":""turunan parsial"",""register"":""formal"",""rejected_id"":"""",""resource_scope"":""R006"",""source_term"":""partial derivative"",""status"":""admitted"",""term_id"":""LEBL-TERM-0370"",""variants_id"":""""},""locale"":""id-ID"",""preferred"":""turunan parsial"",""record_type"":""term"",""recorded_at"":""2026-08-21T00:00:00Z"",""register"":""formal"",""rejected_forms"":[],""rights_id"":""urn:uuid:a0273f1c-6fad-54c7-a75a-32a5161da656"",""schema_name"":""lebl.backend.record"",""schema_version"":""0.3.0"",""scope_ids"":[""urn:uuid:2985f369-c946-5392-be8c-902d3c9215b2""],""semantic_aliases"":[],""semantic_key"":""lebl.ra.term.ledger.lebl-term-0370.id-id"",""status"":""active"",""supersedes_id"":null,""variants"":[],""workflow_id"":""01a01f57-a34b-7740-9717-596b8116910c/backend-production-v0.3-r006-live""}"
"urn:uuid:be2ebf40-7007-5395-88a8-f02d83792c6d","lebl.ra.term.ledger.lebl-term-0249.id-id","urn:uuid:5a058fbe-9efd-521c-932a-9614613b82d3","id","id-ID","turunan pertama","[]","[]","[""urn:uuid:2985f369-c946-5392-be8c-902d3c9215b2""]","formal","[{""locator"":""backend/production/v0.3/inputs/TERMINOLOGY.csv:LEBL-TERM-0249"",""sha256"":""sha256:50b603ab12b346227f34f19bb644044ebc1036afb1c7613b48b71ec885f445a6""}]","urn:uuid:a0273f1c-6fad-54c7-a75a-32a5161da656","active","LEBL-TERM-0249","first derivative","admitted","{""concept_id"":""concept.calculus.first-derivative"",""evidence"":""R006 ch-der.tex"",""notes"":"""",""preferred_id"":""turunan pertama"",""register"":""formal"",""rejected_id"":"""",""resource_scope"":""R006"",""source_term"":""first derivative"",""status"":""admitted"",""term_id"":""LEBL-TERM-0249"",""variants_id"":""""}","{""concept_id"":""urn:uuid:5a058fbe-9efd-521c-932a-9614613b82d3"",""evidence"":[{""locator"":""backend/production/v0.3/inputs/TERMINOLOGY.csv:LEBL-TERM-0249"",""sha256"":""sha256:50b603ab12b346227f34f19bb644044ebc1036afb1c7613b48b71ec885f445a6""}],""examples"":[],""id"":""urn:uuid:be2ebf40-7007-5395-88a8-f02d83792c6d"",""language"":""id"",""ledger_binding"":{""concept_id"":""concept.calculus.first-derivative"",""evidence"":""R006 ch-der.tex"",""notes"":"""",""preferred_id"":""turunan pertama"",""register"":""formal"",""rejected_id"":"""",""resource_scope"":""R006"",""source_term"":""first derivative"",""status"":""admitted"",""term_id"":""LEBL-TERM-0249"",""variants_id"":""""},""locale"":""id-ID"",""preferred"":""turunan pertama"",""record_type"":""term"",""recorded_at"":""2026-08-21T00:00:00Z"",""register"":""formal"",""rejected_forms"":[],""rights_id"":""urn:uuid:a0273f1c-6fad-54c7-a75a-32a5161da656"",""schema_name"":""lebl.backend.record"",""schema_version"":""0.3.0"",""scope_ids"":[""urn:uuid:2985f369-c946-5392-be8c-902d3c9215b2""],""semantic_aliases"":[],""semantic_key"":""lebl.ra.term.ledger.lebl-term-0249.id-id"",""status"":""active"",""supersedes_id"":null,""variants"":[],""workflow_id"":""01a01f57-a34b-7740-9717-596b8116910c/backend-production-v0.3-r006-live""}"
"urn:uuid:3c519971-27cc-5549-b5ba-587df320b767","lebl.ra.term.ledger.lebl-term-0178.id-id","urn:uuid:2628d3cc-c4a3-58b6-844d-8f54a5b2ec94","id","id-ID","uji akar","[]","[]","[""urn:uuid:2985f369-c946-5392-be8c-902d3c9215b2""]","formal","[{""locator"":""backend/production/v0.3/inputs/TERMINOLOGY.csv:LEBL-TERM-0178"",""sha256"":""sha256:fe82282426f31d4c7cf7653cb1a3f6d5cbfa4ca3461f495a21bbd05fdae4d8e6""}]","urn:uuid:a0273f1c-6fad-54c7-a75a-32a5161da656","active","LEBL-TERM-0178","root test","admitted","{""concept_id"":""concept.test.root"",""evidence"":""R006 ch-seq-ser.tex"",""notes"":"""",""preferred_id"":""uji akar"",""register"":""formal"",""rejected_id"":"""",""resource_scope"":""R006"",""source_term"":""root test"",""status"":""admitted"",""term_id"":""LEBL-TERM-0178"",""variants_id"":""""}","{""concept_id"":""urn:uuid:2628d3cc-c4a3-58b6-844d-8f54a5b2ec94"",""evidence"":[{""locator"":""backend/production/v0.3/inputs/TERMINOLOGY.csv:LEBL-TERM-0178"",""sha256"":""sha256:fe82282426f31d4c7cf7653cb1a3f6d5cbfa4ca3461f495a21bbd05fdae4d8e6""}],""examples"":[],""id"":""urn:uuid:3c519971-27cc-5549-b5ba-587df320b767"",""language"":""id"",""ledger_binding"":{""concept_id"":""concept.test.root"",""evidence"":""R006 ch-seq-ser.tex"",""notes"":"""",""preferred_id"":""uji akar"",""register"":""formal"",""rejected_id"":"""",""resource_scope"":""R006"",""source_term"":""root test"",""status"":""admitted"",""term_id"":""LEBL-TERM-0178"",""variants_id"":""""},""locale"":""id-ID"",""preferred"":""uji akar"",""record_type"":""term"",""recorded_at"":""2026-08-21T00:00:00Z"",""register"":""formal"",""rejected_forms"":[],""rights_id"":""urn:uuid:a0273f1c-6fad-54c7-a75a-32a5161da656"",""schema_name"":""lebl.backend.record"",""schema_version"":""0.3.0"",""scope_ids"":[""urn:uuid:2985f369-c946-5392-be8c-902d3c9215b2""],""semantic_aliases"":[],""semantic_key"":""lebl.ra.term.ledger.lebl-term-0178.id-id"",""status"":""active"",""supersedes_id"":null,""variants"":[],""workflow_id"":""01a01f57-a34b-7740-9717-596b8116910c/backend-production-v0.3-r006-live""}"
"urn:uuid:d59d77a6-f3b5-5769-8074-c13aac1499d1","lebl.ra.term.ledger.lebl-term-0180.id-id","urn:uuid:199aa17b-59c6-5a6b-b8e2-cb871cd832a3","id","id-ID","uji deret berselang-seling","[]","[]","[""urn:uuid:2985f369-c946-5392-be8c-902d3c9215b2""]","formal","[{""locator"":""backend/production/v0.3/inputs/TERMINOLOGY.csv:LEBL-TERM-0180"",""sha256"":""sha256:f53ae3d1fe9171a871b3d8c2439406be96139ea24a7d4bce3e7a1d750e489cd4""}]","urn:uuid:a0273f1c-6fad-54c7-a75a-32a5161da656","active","LEBL-TERM-0180","alternating series test","admitted","{""concept_id"":""concept.test.alternating-series"",""evidence"":""R006 ch-seq-ser.tex"",""notes"":"""",""preferred_id"":""uji deret berselang-seling"",""register"":""formal"",""rejected_id"":"""",""resource_scope"":""R006"",""source_term"":""alternating series test"",""status"":""admitted"",""term_id"":""LEBL-TERM-0180"",""variants_id"":""""}","{""concept_id"":""urn:uuid:199aa17b-59c6-5a6b-b8e2-cb871cd832a3"",""evidence"":[{""locator"":""backend/production/v0.3/inputs/TERMINOLOGY.csv:LEBL-TERM-0180"",""sha256"":""sha256:f53ae3d1fe9171a871b3d8c2439406be96139ea24a7d4bce3e7a1d750e489cd4""}],""examples"":[],""id"":""urn:uuid:d59d77a6-f3b5-5769-8074-c13aac1499d1"",""language"":""id"",""ledger_binding"":{""concept_id"":""concept.test.alternating-series"",""evidence"":""R006 ch-seq-ser.tex"",""notes"":"""",""preferred_id"":""uji deret berselang-seling"",""register"":""formal"",""rejected_id"":"""",""resource_scope"":""R006"",""source_term"":""alternating series test"",""status"":""admitted"",""term_id"":""LEBL-TERM-0180"",""variants_id"":""""},""locale"":""id-ID"",""preferred"":""uji deret berselang-seling"",""record_type"":""term"",""recorded_at"":""2026-08-21T00:00:00Z"",""register"":""formal"",""rejected_forms"":[],""rights_id"":""urn:uuid:a0273f1c-6fad-54c7-a75a-32a5161da656"",""schema_name"":""lebl.backend.record"",""schema_version"":""0.3.0"",""scope_ids"":[""urn:uuid:2985f369-c946-5392-be8c-902d3c9215b2""],""semantic_aliases"":[],""semantic_key"":""lebl.ra.term.ledger.lebl-term-0180.id-id"",""status"":""active"",""supersedes_id"":null,""variants"":[],""workflow_id"":""01a01f57-a34b-7740-9717-596b8116910c/backend-production-v0.3-r006-live""}"
"urn:uuid:20dfb735-e042-5b88-ac08-60804fa1a2a9","lebl.ra.term.ledger.lebl-term-0296.id-id","urn:uuid:8cf31f78-209e-5f7e-a358-395766a4a54f","id","id-ID","uji integral untuk deret","[]","[]","[""urn:uuid:2985f369-c946-5392-be8c-902d3c9215b2""]","formal","[{""locator"":""backend/production/v0.3/inputs/TERMINOLOGY.csv:LEBL-TERM-0296"",""sha256"":""sha256:227c84253778e16183fab7ef53af880aa5833cacb4fa508c39ee03d626afc7d3""}]","urn:uuid:a0273f1c-6fad-54c7-a75a-32a5161da656","active","LEBL-TERM-0296","integral test for series","admitted","{""concept_id"":""concept.series.integral-test"",""evidence"":""R006 ch-riemann.tex"",""notes"":"""",""preferred_id"":""uji integral untuk deret"",""register"":""formal"",""rejected_id"":"""",""resource_scope"":""R006"",""source_term"":""integral test for series"",""status"":""admitted"",""term_id"":""LEBL-TERM-0296"",""variants_id"":""""}","{""concept_id"":""urn:uuid:8cf31f78-209e-5f7e-a358-395766a4a54f"",""evidence"":[{""locator"":""backend/production/v0.3/inputs/TERMINOLOGY.csv:LEBL-TERM-0296"",""sha256"":""sha256:227c84253778e16183fab7ef53af880aa5833cacb4fa508c39ee03d626afc7d3""}],""examples"":[],""id"":""urn:uuid:20dfb735-e042-5b88-ac08-60804fa1a2a9"",""language"":""id"",""ledger_binding"":{""concept_id"":""concept.series.integral-test"",""evidence"":""R006 ch-riemann.tex"",""notes"":"""",""preferred_id"":""uji integral untuk deret"",""register"":""formal"",""rejected_id"":"""",""resource_scope"":""R006"",""source_term"":""integral test for series"",""status"":""admitted"",""term_id"":""LEBL-TERM-0296"",""variants_id"":""""},""locale"":""id-ID"",""preferred"":""uji integral untuk deret"",""record_type"":""term"",""recorded_at"":""2026-08-21T00:00:00Z"",""register"":""formal"",""rejected_forms"":[],""rights_id"":""urn:uuid:a0273f1c-6fad-54c7-a75a-32a5161da656"",""schema_name"":""lebl.backend.record"",""schema_version"":""0.3.0"",""scope_ids"":[""urn:uuid:2985f369-c946-5392-be8c-902d3c9215b2""],""semantic_aliases"":[],""semantic_key"":""lebl.ra.term.ledger.lebl-term-0296.id-id"",""status"":""active"",""supersedes_id"":null,""variants"":[],""workflow_id"":""01a01f57-a34b-7740-9717-596b8116910c/backend-production-v0.3-r006-live""}"
"urn:uuid:9bef8395-8b41-5348-8218-c30b26a53a39","lebl.ra.term.ledger.lebl-term-0146.id-id","urn:uuid:36b6ac10-8a07-551d-9752-de5a18737d29","id","id-ID","uji konvergensi","[]","[]","[""urn:uuid:2985f369-c946-5392-be8c-902d3c9215b2""]","formal","[{""locator"":""backend/production/v0.3/inputs/TERMINOLOGY.csv:LEBL-TERM-0146"",""sha256"":""sha256:a41f3582f4d8b091e7329fe29cdc1816ad09db852ca1fff3959644bc327d67cb""}]","urn:uuid:a0273f1c-6fad-54c7-a75a-32a5161da656","active","LEBL-TERM-0146","convergence test","admitted","{""concept_id"":""concept.test.convergence"",""evidence"":""R006 ch-seq-ser.tex"",""notes"":"""",""preferred_id"":""uji konvergensi"",""register"":""formal"",""rejected_id"":"""",""resource_scope"":""R006"",""source_term"":""convergence test"",""status"":""admitted"",""term_id"":""LEBL-TERM-0146"",""variants_id"":""""}","{""concept_id"":""urn:uuid:36b6ac10-8a07-551d-9752-de5a18737d29"",""evidence"":[{""locator"":""backend/production/v0.3/inputs/TERMINOLOGY.csv:LEBL-TERM-0146"",""sha256"":""sha256:a41f3582f4d8b091e7329fe29cdc1816ad09db852ca1fff3959644bc327d67cb""}],""examples"":[],""id"":""urn:uuid:9bef8395-8b41-5348-8218-c30b26a53a39"",""language"":""id"",""ledger_binding"":{""concept_id"":""concept.test.convergence"",""evidence"":""R006 ch-seq-ser.tex"",""notes"":"""",""preferred_id"":""uji konvergensi"",""register"":""formal"",""rejected_id"":"""",""resource_scope"":""R006"",""source_term"":""convergence test"",""status"":""admitted"",""term_id"":""LEBL-TERM-0146"",""variants_id"":""""},""locale"":""id-ID"",""preferred"":""uji konvergensi"",""record_type"":""term"",""recorded_at"":""2026-08-21T00:00:00Z"",""register"":""formal"",""rejected_forms"":[],""rights_id"":""urn:uuid:a0273f1c-6fad-54c7-a75a-32a5161da656"",""schema_name"":""lebl.backend.record"",""schema_version"":""0.3.0"",""scope_ids"":[""urn:uuid:2985f369-c946-5392-be8c-902d3c9215b2""],""semantic_aliases"":[],""semantic_key"":""lebl.ra.term.ledger.lebl-term-0146.id-id"",""status"":""active"",""supersedes_id"":null,""variants"":[],""workflow_id"":""01a01f57-a34b-7740-9717-596b8116910c/backend-production-v0.3-r006-live""}"
"urn:uuid:676ebcfd-142d-519a-9a28-f86fc6d6086d","lebl.ra.term.ledger.lebl-term-0170.id-id","urn:uuid:39a9f3d5-c883-50a9-80bf-4a8dbda9be07","id","id-ID","uji perbandingan","[]","[]","[""urn:uuid:2985f369-c946-5392-be8c-902d3c9215b2""]","formal","[{""locator"":""backend/production/v0.3/inputs/TERMINOLOGY.csv:LEBL-TERM-0170"",""sha256"":""sha256:c391d731f18727c8a9ac7976d53dd9b49e2879cc5a51124e585ae9f89f3ce9fb""}]","urn:uuid:a0273f1c-6fad-54c7-a75a-32a5161da656","active","LEBL-TERM-0170","comparison test","admitted","{""concept_id"":""concept.test.comparison-series"",""evidence"":""R006 ch-seq-ser.tex"",""notes"":"""",""preferred_id"":""uji perbandingan"",""register"":""formal"",""rejected_id"":"""",""resource_scope"":""R006"",""source_term"":""comparison test"",""status"":""admitted"",""term_id"":""LEBL-TERM-0170"",""variants_id"":""""}","{""concept_id"":""urn:uuid:39a9f3d5-c883-50a9-80bf-4a8dbda9be07"",""evidence"":[{""locator"":""backend/production/v0.3/inputs/TERMINOLOGY.csv:LEBL-TERM-0170"",""sha256"":""sha256:c391d731f18727c8a9ac7976d53dd9b49e2879cc5a51124e585ae9f89f3ce9fb""}],""examples"":[],""id"":""urn:uuid:676ebcfd-142d-519a-9a28-f86fc6d6086d"",""language"":""id"",""ledger_binding"":{""concept_id"":""concept.test.comparison-series"",""evidence"":""R006 ch-seq-ser.tex"",""notes"":"""",""preferred_id"":""uji perbandingan"",""register"":""formal"",""rejected_id"":"""",""resource_scope"":""R006"",""source_term"":""comparison test"",""status"":""admitted"",""term_id"":""LEBL-TERM-0170"",""variants_id"":""""},""locale"":""id-ID"",""preferred"":""uji perbandingan"",""record_type"":""term"",""recorded_at"":""2026-08-21T00:00:00Z"",""register"":""formal"",""rejected_forms"":[],""rights_id"":""urn:uuid:a0273f1c-6fad-54c7-a75a-32a5161da656"",""schema_name"":""lebl.backend.record"",""schema_version"":""0.3.0"",""scope_ids"":[""urn:uuid:2985f369-c946-5392-be8c-902d3c9215b2""],""semantic_aliases"":[],""semantic_key"":""lebl.ra.term.ledger.lebl-term-0170.id-id"",""status"":""active"",""supersedes_id"":null,""variants"":[],""workflow_id"":""01a01f57-a34b-7740-9717-596b8116910c/backend-production-v0.3-r006-live""}"
"urn:uuid:91f20e5b-f5b7-557a-a81d-03c19777b556","lebl.ra.term.ledger.lebl-term-0175.id-id","urn:uuid:eaea3b9e-381c-5cea-abb6-6f61d0cc1335","id","id-ID","uji perbandingan limit","[]","[]","[""urn:uuid:2985f369-c946-5392-be8c-902d3c9215b2""]","formal","[{""locator"":""backend/production/v0.3/inputs/TERMINOLOGY.csv:LEBL-TERM-0175"",""sha256"":""sha256:ebffd1ee4bfc9ce21e9051261595e5283fea21107c5f1ade084cae0f3c460504""}]","urn:uuid:a0273f1c-6fad-54c7-a75a-32a5161da656","active","LEBL-TERM-0175","limit comparison test","admitted","{""concept_id"":""concept.test.limit-comparison"",""evidence"":""R006 ch-seq-ser.tex"",""notes"":"""",""preferred_id"":""uji perbandingan limit"",""register"":""formal"",""rejected_id"":"""",""resource_scope"":""R006"",""source_term"":""limit comparison test"",""status"":""admitted"",""term_id"":""LEBL-TERM-0175"",""variants_id"":""""}","{""concept_id"":""urn:uuid:eaea3b9e-381c-5cea-abb6-6f61d0cc1335"",""evidence"":[{""locator"":""backend/production/v0.3/inputs/TERMINOLOGY.csv:LEBL-TERM-0175"",""sha256"":""sha256:ebffd1ee4bfc9ce21e9051261595e5283fea21107c5f1ade084cae0f3c460504""}],""examples"":[],""id"":""urn:uuid:91f20e5b-f5b7-557a-a81d-03c19777b556"",""language"":""id"",""ledger_binding"":{""concept_id"":""concept.test.limit-comparison"",""evidence"":""R006 ch-seq-ser.tex"",""notes"":"""",""preferred_id"":""uji perbandingan limit"",""register"":""formal"",""rejected_id"":"""",""resource_scope"":""R006"",""source_term"":""limit comparison test"",""status"":""admitted"",""term_id"":""LEBL-TERM-0175"",""variants_id"":""""},""locale"":""id-ID"",""preferred"":""uji perbandingan limit"",""record_type"":""term"",""recorded_at"":""2026-08-21T00:00:00Z"",""register"":""formal"",""rejected_forms"":[],""rights_id"":""urn:uuid:a0273f1c-6fad-54c7-a75a-32a5161da656"",""schema_name"":""lebl.backend.record"",""schema_version"":""0.3.0"",""scope_ids"":[""urn:uuid:2985f369-c946-5392-be8c-902d3c9215b2""],""semantic_aliases"":[],""semantic_key"":""lebl.ra.term.ledger.lebl-term-0175.id-id"",""status"":""active"",""supersedes_id"":null,""variants"":[],""workflow_id"":""01a01f57-a34b-7740-9717-596b8116910c/backend-production-v0.3-r006-live""}"
"urn:uuid:752c6954-a8f4-5291-88b7-e960fbd0a462","lebl.ra.term.ledger.lebl-term-0147.id-id","urn:uuid:78576c2f-548e-5ae2-9975-8f431add0a36","id","id-ID","uji rasio untuk barisan","[]","[]","[""urn:uuid:2985f369-c946-5392-be8c-902d3c9215b2""]","formal","[{""locator"":""backend/production/v0.3/inputs/TERMINOLOGY.csv:LEBL-TERM-0147"",""sha256"":""sha256:37051f8bc704705a44b9a0defa65063678575457d04e1d4b392336c9b0a5c2f6""}]","urn:uuid:a0273f1c-6fad-54c7-a75a-32a5161da656","active","LEBL-TERM-0147","ratio test for sequences","admitted","{""concept_id"":""concept.test.ratio-sequences"",""evidence"":""R006 ch-seq-ser.tex"",""notes"":"""",""preferred_id"":""uji rasio untuk barisan"",""register"":""formal"",""rejected_id"":"""",""resource_scope"":""R006"",""source_term"":""ratio test for sequences"",""status"":""admitted"",""term_id"":""LEBL-TERM-0147"",""variants_id"":""""}","{""concept_id"":""urn:uuid:78576c2f-548e-5ae2-9975-8f431add0a36"",""evidence"":[{""locator"":""backend/production/v0.3/inputs/TERMINOLOGY.csv:LEBL-TERM-0147"",""sha256"":""sha256:37051f8bc704705a44b9a0defa65063678575457d04e1d4b392336c9b0a5c2f6""}],""examples"":[],""id"":""urn:uuid:752c6954-a8f4-5291-88b7-e960fbd0a462"",""language"":""id"",""ledger_binding"":{""concept_id"":""concept.test.ratio-sequences"",""evidence"":""R006 ch-seq-ser.tex"",""notes"":"""",""preferred_id"":""uji rasio untuk barisan"",""register"":""formal"",""rejected_id"":"""",""resource_scope"":""R006"",""source_term"":""ratio test for sequences"",""status"":""admitted"",""term_id"":""LEBL-TERM-0147"",""variants_id"":""""},""locale"":""id-ID"",""preferred"":""uji rasio untuk barisan"",""record_type"":""term"",""recorded_at"":""2026-08-21T00:00:00Z"",""register"":""formal"",""rejected_forms"":[],""rights_id"":""urn:uuid:a0273f1c-6fad-54c7-a75a-32a5161da656"",""schema_name"":""lebl.backend.record"",""schema_version"":""0.3.0"",""scope_ids"":[""urn:uuid:2985f369-c946-5392-be8c-902d3c9215b2""],""semantic_aliases"":[],""semantic_key"":""lebl.ra.term.ledger.lebl-term-0147.id-id"",""status"":""active"",""supersedes_id"":null,""variants"":[],""workflow_id"":""01a01f57-a34b-7740-9717-596b8116910c/backend-production-v0.3-r006-live""}"
"urn:uuid:c67e66a7-f9f4-5618-beb9-3eb13f2ac65c","lebl.ra.term.ledger.lebl-term-0174.id-id","urn:uuid:ac5481b1-7f78-5e5b-846c-27e649b0ecf5","id","id-ID","uji rasio untuk deret","[]","[]","[""urn:uuid:2985f369-c946-5392-be8c-902d3c9215b2""]","formal","[{""locator"":""backend/production/v0.3/inputs/TERMINOLOGY.csv:LEBL-TERM-0174"",""sha256"":""sha256:c2d1b20781993d2900928916a7627f774b80d7ba77acd2e7cb55b59119e6f4cc""}]","urn:uuid:a0273f1c-6fad-54c7-a75a-32a5161da656","active","LEBL-TERM-0174","ratio test for series","admitted","{""concept_id"":""concept.test.ratio-series"",""evidence"":""R006 ch-seq-ser.tex"",""notes"":"""",""preferred_id"":""uji rasio untuk deret"",""register"":""formal"",""rejected_id"":"""",""resource_scope"":""R006"",""source_term"":""ratio test for series"",""status"":""admitted"",""term_id"":""LEBL-TERM-0174"",""variants_id"":""""}","{""concept_id"":""urn:uuid:ac5481b1-7f78-5e5b-846c-27e649b0ecf5"",""evidence"":[{""locator"":""backend/production/v0.3/inputs/TERMINOLOGY.csv:LEBL-TERM-0174"",""sha256"":""sha256:c2d1b20781993d2900928916a7627f774b80d7ba77acd2e7cb55b59119e6f4cc""}],""examples"":[],""id"":""urn:uuid:c67e66a7-f9f4-5618-beb9-3eb13f2ac65c"",""language"":""id"",""ledger_binding"":{""concept_id"":""concept.test.ratio-series"",""evidence"":""R006 ch-seq-ser.tex"",""notes"":"""",""preferred_id"":""uji rasio untuk deret"",""register"":""formal"",""rejected_id"":"""",""resource_scope"":""R006"",""source_term"":""ratio test for series"",""status"":""admitted"",""term_id"":""LEBL-TERM-0174"",""variants_id"":""""},""locale"":""id-ID"",""preferred"":""uji rasio untuk deret"",""record_type"":""term"",""recorded_at"":""2026-08-21T00:00:00Z"",""register"":""formal"",""rejected_forms"":[],""rights_id"":""urn:uuid:a0273f1c-6fad-54c7-a75a-32a5161da656"",""schema_name"":""lebl.backend.record"",""schema_version"":""0.3.0"",""scope_ids"":[""urn:uuid:2985f369-c946-5392-be8c-902d3c9215b2""],""semantic_aliases"":[],""semantic_key"":""lebl.ra.term.ledger.lebl-term-0174.id-id"",""status"":""active"",""supersedes_id"":null,""variants"":[],""workflow_id"":""01a01f57-a34b-7740-9717-596b8116910c/backend-production-v0.3-r006-live""}"
"urn:uuid:48c8630e-bd10-5adc-9b05-b70702194cf7","lebl.ra.term.ledger.lebl-term-0260.id-id","urn:uuid:ce9e5a41-8e4e-543c-9ccb-f3dcd9a62591","id","id-ID","uji turunan kedua","[]","[]","[""urn:uuid:2985f369-c946-5392-be8c-902d3c9215b2""]","formal","[{""locator"":""backend/production/v0.3/inputs/TERMINOLOGY.csv:LEBL-TERM-0260"",""sha256"":""sha256:4f91b6bf9ae7c87eb4875aa33e3a93641805ba4b5fc7f8925d60900847bf0c6d""}]","urn:uuid:a0273f1c-6fad-54c7-a75a-32a5161da656","active","LEBL-TERM-0260","second derivative test","admitted","{""concept_id"":""concept.calculus.second-derivative-test"",""evidence"":""R006 ch-der.tex"",""notes"":"""",""preferred_id"":""uji turunan kedua"",""register"":""formal"",""rejected_id"":"""",""resource_scope"":""R006"",""source_term"":""second derivative test"",""status"":""admitted"",""term_id"":""LEBL-TERM-0260"",""variants_id"":""""}","{""concept_id"":""urn:uuid:ce9e5a41-8e4e-543c-9ccb-f3dcd9a62591"",""evidence"":[{""locator"":""backend/production/v0.3/inputs/TERMINOLOGY.csv:LEBL-TERM-0260"",""sha256"":""sha256:4f91b6bf9ae7c87eb4875aa33e3a93641805ba4b5fc7f8925d60900847bf0c6d""}],""examples"":[],""id"":""urn:uuid:48c8630e-bd10-5adc-9b05-b70702194cf7"",""language"":""id"",""ledger_binding"":{""concept_id"":""concept.calculus.second-derivative-test"",""evidence"":""R006 ch-der.tex"",""notes"":"""",""preferred_id"":""uji turunan kedua"",""register"":""formal"",""rejected_id"":"""",""resource_scope"":""R006"",""source_term"":""second derivative test"",""status"":""admitted"",""term_id"":""LEBL-TERM-0260"",""variants_id"":""""},""locale"":""id-ID"",""preferred"":""uji turunan kedua"",""record_type"":""term"",""recorded_at"":""2026-08-21T00:00:00Z"",""register"":""formal"",""rejected_forms"":[],""rights_id"":""urn:uuid:a0273f1c-6fad-54c7-a75a-32a5161da656"",""schema_name"":""lebl.backend.record"",""schema_version"":""0.3.0"",""scope_ids"":[""urn:uuid:2985f369-c946-5392-be8c-902d3c9215b2""],""semantic_aliases"":[],""semantic_key"":""lebl.ra.term.ledger.lebl-term-0260.id-id"",""status"":""active"",""supersedes_id"":null,""variants"":[],""workflow_id"":""01a01f57-a34b-7740-9717-596b8116910c/backend-production-v0.3-r006-live""}"
"urn:uuid:4433618c-ae7f-5463-b9e2-95794951a84c","lebl.ra.term.ledger.lebl-term-0290.id-id","urn:uuid:254eef9a-55db-56ac-8090-bd7b3c921ccc","id","id-ID","uji-$p$ untuk integral","[]","[]","[""urn:uuid:2985f369-c946-5392-be8c-902d3c9215b2""]","formal","[{""locator"":""backend/production/v0.3/inputs/TERMINOLOGY.csv:LEBL-TERM-0290"",""sha256"":""sha256:a9f453486ccc07f56fa9a06c3ccddaaeedd01b2c83072f9d5c5fa7d30d63f972""}]","urn:uuid:a0273f1c-6fad-54c7-a75a-32a5161da656","active","LEBL-TERM-0290","integral p-test","admitted","{""concept_id"":""concept.integration.p-test"",""evidence"":""R006 ch-riemann.tex"",""notes"":"""",""preferred_id"":""uji-$p$ untuk integral"",""register"":""formal"",""rejected_id"":"""",""resource_scope"":""R006"",""source_term"":""integral p-test"",""status"":""admitted"",""term_id"":""LEBL-TERM-0290"",""variants_id"":""""}","{""concept_id"":""urn:uuid:254eef9a-55db-56ac-8090-bd7b3c921ccc"",""evidence"":[{""locator"":""backend/production/v0.3/inputs/TERMINOLOGY.csv:LEBL-TERM-0290"",""sha256"":""sha256:a9f453486ccc07f56fa9a06c3ccddaaeedd01b2c83072f9d5c5fa7d30d63f972""}],""examples"":[],""id"":""urn:uuid:4433618c-ae7f-5463-b9e2-95794951a84c"",""language"":""id"",""ledger_binding"":{""concept_id"":""concept.integration.p-test"",""evidence"":""R006 ch-riemann.tex"",""notes"":"""",""preferred_id"":""uji-$p$ untuk integral"",""register"":""formal"",""rejected_id"":"""",""resource_scope"":""R006"",""source_term"":""integral p-test"",""status"":""admitted"",""term_id"":""LEBL-TERM-0290"",""variants_id"":""""},""locale"":""id-ID"",""preferred"":""uji-$p$ untuk integral"",""record_type"":""term"",""recorded_at"":""2026-08-21T00:00:00Z"",""register"":""formal"",""rejected_forms"":[],""rights_id"":""urn:uuid:a0273f1c-6fad-54c7-a75a-32a5161da656"",""schema_name"":""lebl.backend.record"",""schema_version"":""0.3.0"",""scope_ids"":[""urn:uuid:2985f369-c946-5392-be8c-902d3c9215b2""],""semantic_aliases"":[],""semantic_key"":""lebl.ra.term.ledger.lebl-term-0290.id-id"",""status"":""active"",""supersedes_id"":null,""variants"":[],""workflow_id"":""01a01f57-a34b-7740-9717-596b8116910c/backend-production-v0.3-r006-live""}"
"urn:uuid:9042fa3c-150a-54ad-870f-f9c63483ebfb","lebl.ra.term.ledger.lebl-term-0172.id-id","urn:uuid:8d94c4a8-e491-5819-b0fe-fd9b239d2185","id","id-ID","uji-p","[""uji deret-p""]","[]","[""urn:uuid:2985f369-c946-5392-be8c-902d3c9215b2""]","formal","[{""locator"":""backend/production/v0.3/inputs/TERMINOLOGY.csv:LEBL-TERM-0172"",""sha256"":""sha256:1ec9841a90eb8179eb0a33ccdc59ecce9ad2d5b4d9d3cccaf0a0e61008b87664""}]","urn:uuid:a0273f1c-6fad-54c7-a75a-32a5161da656","active","LEBL-TERM-0172","p-test","admitted","{""concept_id"":""concept.test.p-series"",""evidence"":""R006 ch-seq-ser.tex"",""notes"":"""",""preferred_id"":""uji-p"",""register"":""formal"",""rejected_id"":"""",""resource_scope"":""R006"",""source_term"":""p-test"",""status"":""admitted"",""term_id"":""LEBL-TERM-0172"",""variants_id"":""uji deret-p""}","{""concept_id"":""urn:uuid:8d94c4a8-e491-5819-b0fe-fd9b239d2185"",""evidence"":[{""locator"":""backend/production/v0.3/inputs/TERMINOLOGY.csv:LEBL-TERM-0172"",""sha256"":""sha256:1ec9841a90eb8179eb0a33ccdc59ecce9ad2d5b4d9d3cccaf0a0e61008b87664""}],""examples"":[],""id"":""urn:uuid:9042fa3c-150a-54ad-870f-f9c63483ebfb"",""language"":""id"",""ledger_binding"":{""concept_id"":""concept.test.p-series"",""evidence"":""R006 ch-seq-ser.tex"",""notes"":"""",""preferred_id"":""uji-p"",""register"":""formal"",""rejected_id"":"""",""resource_scope"":""R006"",""source_term"":""p-test"",""status"":""admitted"",""term_id"":""LEBL-TERM-0172"",""variants_id"":""uji deret-p""},""locale"":""id-ID"",""preferred"":""uji-p"",""record_type"":""term"",""recorded_at"":""2026-08-21T00:00:00Z"",""register"":""formal"",""rejected_forms"":[],""rights_id"":""urn:uuid:a0273f1c-6fad-54c7-a75a-32a5161da656"",""schema_name"":""lebl.backend.record"",""schema_version"":""0.3.0"",""scope_ids"":[""urn:uuid:2985f369-c946-5392-be8c-902d3c9215b2""],""semantic_aliases"":[],""semantic_key"":""lebl.ra.term.ledger.lebl-term-0172.id-id"",""status"":""active"",""supersedes_id"":null,""variants"":[""uji deret-p""],""workflow_id"":""01a01f57-a34b-7740-9717-596b8116910c/backend-production-v0.3-r006-live""}"
"urn:uuid:3cde77b1-0310-593a-9057-c307d9b86497","lebl.ra.term.ledger.lebl-term-0371.id-id","urn:uuid:2d2bb56f-fee5-5f7b-bf2d-df53b7ba3740","id","id-ID","vektor","[]","[]","[""urn:uuid:2985f369-c946-5392-be8c-902d3c9215b2""]","formal","[{""locator"":""backend/production/v0.3/inputs/TERMINOLOGY.csv:LEBL-TERM-0371"",""sha256"":""sha256:efe1c579971146f73fb48f13c7cc11c86922e49cefb915764c5f8d2234278dbb""}]","urn:uuid:a0273f1c-6fad-54c7-a75a-32a5161da656","active","LEBL-TERM-0371","vector","admitted","{""concept_id"":""concept.vector"",""evidence"":""R006 ch-several-vars-ders.tex"",""notes"":"""",""preferred_id"":""vektor"",""register"":""formal"",""rejected_id"":"""",""resource_scope"":""R006"",""source_term"":""vector"",""status"":""admitted"",""term_id"":""LEBL-TERM-0371"",""variants_id"":""""}","{""concept_id"":""urn:uuid:2d2bb56f-fee5-5f7b-bf2d-df53b7ba3740"",""evidence"":[{""locator"":""backend/production/v0.3/inputs/TERMINOLOGY.csv:LEBL-TERM-0371"",""sha256"":""sha256:efe1c579971146f73fb48f13c7cc11c86922e49cefb915764c5f8d2234278dbb""}],""examples"":[],""id"":""urn:uuid:3cde77b1-0310-593a-9057-c307d9b86497"",""language"":""id"",""ledger_binding"":{""concept_id"":""concept.vector"",""evidence"":""R006 ch-several-vars-ders.tex"",""notes"":"""",""preferred_id"":""vektor"",""register"":""formal"",""rejected_id"":"""",""resource_scope"":""R006"",""source_term"":""vector"",""status"":""admitted"",""term_id"":""LEBL-TERM-0371"",""variants_id"":""""},""locale"":""id-ID"",""preferred"":""vektor"",""record_type"":""term"",""recorded_at"":""2026-08-21T00:00:00Z"",""register"":""formal"",""rejected_forms"":[],""rights_id"":""urn:uuid:a0273f1c-6fad-54c7-a75a-32a5161da656"",""schema_name"":""lebl.backend.record"",""schema_version"":""0.3.0"",""scope_ids"":[""urn:uuid:2985f369-c946-5392-be8c-902d3c9215b2""],""semantic_aliases"":[],""semantic_key"":""lebl.ra.term.ledger.lebl-term-0371.id-id"",""status"":""active"",""supersedes_id"":null,""variants"":[],""workflow_id"":""01a01f57-a34b-7740-9717-596b8116910c/backend-production-v0.3-r006-live""}"
"urn:uuid:673291a9-360f-595f-b21d-b79632e4c451","lebl.ra.term.ledger.lebl-term-0372.id-id","urn:uuid:5a02bec7-caa4-57c2-9c80-c7648ab457ec","id","id-ID","vektor kolom","[]","[]","[""urn:uuid:2985f369-c946-5392-be8c-902d3c9215b2""]","formal","[{""locator"":""backend/production/v0.3/inputs/TERMINOLOGY.csv:LEBL-TERM-0372"",""sha256"":""sha256:4e04dab0dfb935a483ec96258c654bf8a97a636d68665502a09afded51e48be8""}]","urn:uuid:a0273f1c-6fad-54c7-a75a-32a5161da656","active","LEBL-TERM-0372","column vector","admitted","{""concept_id"":""concept.vector.column"",""evidence"":""R006 ch-several-vars-ders.tex"",""notes"":"""",""preferred_id"":""vektor kolom"",""register"":""formal"",""rejected_id"":"""",""resource_scope"":""R006"",""source_term"":""column vector"",""status"":""admitted"",""term_id"":""LEBL-TERM-0372"",""variants_id"":""""}","{""concept_id"":""urn:uuid:5a02bec7-caa4-57c2-9c80-c7648ab457ec"",""evidence"":[{""locator"":""backend/production/v0.3/inputs/TERMINOLOGY.csv:LEBL-TERM-0372"",""sha256"":""sha256:4e04dab0dfb935a483ec96258c654bf8a97a636d68665502a09afded51e48be8""}],""examples"":[],""id"":""urn:uuid:673291a9-360f-595f-b21d-b79632e4c451"",""language"":""id"",""ledger_binding"":{""concept_id"":""concept.vector.column"",""evidence"":""R006 ch-several-vars-ders.tex"",""notes"":"""",""preferred_id"":""vektor kolom"",""register"":""formal"",""rejected_id"":"""",""resource_scope"":""R006"",""source_term"":""column vector"",""status"":""admitted"",""term_id"":""LEBL-TERM-0372"",""variants_id"":""""},""locale"":""id-ID"",""preferred"":""vektor kolom"",""record_type"":""term"",""recorded_at"":""2026-08-21T00:00:00Z"",""register"":""formal"",""rejected_forms"":[],""rights_id"":""urn:uuid:a0273f1c-6fad-54c7-a75a-32a5161da656"",""schema_name"":""lebl.backend.record"",""schema_version"":""0.3.0"",""scope_ids"":[""urn:uuid:2985f369-c946-5392-be8c-902d3c9215b2""],""semantic_aliases"":[],""semantic_key"":""lebl.ra.term.ledger.lebl-term-0372.id-id"",""status"":""active"",""supersedes_id"":null,""variants"":[],""workflow_id"":""01a01f57-a34b-7740-9717-596b8116910c/backend-production-v0.3-r006-live""}"
"urn:uuid:a5a8a5ee-d1e4-5bfd-864e-1422d8a62023","lebl.ra.term.ledger.lebl-term-0433.id-id","urn:uuid:dfaba71a-6981-5268-8f9a-5c45e7e0cdf5","id","id-ID","vektor singgung","[]","[]","[""urn:uuid:2985f369-c946-5392-be8c-902d3c9215b2""]","formal","[{""locator"":""backend/production/v0.3/inputs/TERMINOLOGY.csv:LEBL-TERM-0433"",""sha256"":""sha256:fea52b8711a424d2cec16755366471685aed53fe79e2b1ff3942f01742ed8f08""}]","urn:uuid:a0273f1c-6fad-54c7-a75a-32a5161da656","active","LEBL-TERM-0433","tangent vector","admitted","{""concept_id"":""concept.geometry.vector.tangent"",""evidence"":""R006 ch-several-vars-ders.tex"",""notes"":"""",""preferred_id"":""vektor singgung"",""register"":""formal"",""rejected_id"":"""",""resource_scope"":""R006"",""source_term"":""tangent vector"",""status"":""admitted"",""term_id"":""LEBL-TERM-0433"",""variants_id"":""""}","{""concept_id"":""urn:uuid:dfaba71a-6981-5268-8f9a-5c45e7e0cdf5"",""evidence"":[{""locator"":""backend/production/v0.3/inputs/TERMINOLOGY.csv:LEBL-TERM-0433"",""sha256"":""sha256:fea52b8711a424d2cec16755366471685aed53fe79e2b1ff3942f01742ed8f08""}],""examples"":[],""id"":""urn:uuid:a5a8a5ee-d1e4-5bfd-864e-1422d8a62023"",""language"":""id"",""ledger_binding"":{""concept_id"":""concept.geometry.vector.tangent"",""evidence"":""R006 ch-several-vars-ders.tex"",""notes"":"""",""preferred_id"":""vektor singgung"",""register"":""formal"",""rejected_id"":"""",""resource_scope"":""R006"",""source_term"":""tangent vector"",""status"":""admitted"",""term_id"":""LEBL-TERM-0433"",""variants_id"":""""},""locale"":""id-ID"",""preferred"":""vektor singgung"",""record_type"":""term"",""recorded_at"":""2026-08-21T00:00:00Z"",""register"":""formal"",""rejected_forms"":[],""rights_id"":""urn:uuid:a0273f1c-6fad-54c7-a75a-32a5161da656"",""schema_name"":""lebl.backend.record"",""schema_version"":""0.3.0"",""scope_ids"":[""urn:uuid:2985f369-c946-5392-be8c-902d3c9215b2""],""semantic_aliases"":[],""semantic_key"":""lebl.ra.term.ledger.lebl-term-0433.id-id"",""status"":""active"",""supersedes_id"":null,""variants"":[],""workflow_id"":""01a01f57-a34b-7740-9717-596b8116910c/backend-production-v0.3-r006-live""}"
