"exercise_id","semantic_key","resource_id","source_number","solution_status","hint_ids_json","answer_ids_json","solution_ids_json","record_json"
"urn:uuid:441f0f55-1653-5164-8f7e-88c7154f3570","lebl.ra.unit.o001.ra.v2.fourier-series.exercise.cauchy-bunyakovsky-schwarz","urn:uuid:884aba97-efd2-550c-a975-a98df314c5d8","exercise:L2cauchyschwarz","hint_only","[""urn:uuid:2b76b712-13bb-536d-9250-1af7920778c1""]","[]","[]","{""$exercise"":{""concept_ids"":[],""edition_id"":""urn:uuid:d8876a3c-8cdf-5076-b243-9f9de1f2d514"",""exercise_metadata"":{""answer_format"":""proof"",""response_expected"":true,""solution_status"":""hint_only"",""source_number"":""exercise:L2cauchyschwarz""},""id"":""urn:uuid:441f0f55-1653-5164-8f7e-88c7154f3570"",""label"":""Latihan O001 26"",""locale_states"":[{""edition_id"":""urn:uuid:d8876a3c-8cdf-5076-b243-9f9de1f2d514"",""locale"":""en"",""state"":""source_frozen""},{""edition_id"":""urn:uuid:2985f369-c946-5392-be8c-902d3c9215b2"",""locale"":""id-ID"",""state"":""structurally_verified""}],""manifest_binding"":{""edition_key"":""lebl.ra.edition.id-id-volume1-complete-2026-08-21"",""input_schema"":""lebl-translation-unit-v1"",""locale"":""id-ID"",""notes"":""{\""edition_id\"":\""ra.v6.3.00f5a863\"",\""exercise_id\"":\""ra.v2.fourier-series.exercise.cauchy-bunyakovsky-schwarz\"",\""gap_id\"":\""LEBL-O001-R006-0026\"",\""hint_location\"":\""contextual_preceding_proof\"",\""hint_present\"":true,\""mapping_target\"":\""O001\"",\""notes\"":\""Prove the Cauchy--Bunyakovsky--Schwarz inequality for complex-valued Riemann-integrable functions on [a,b]. The preceding Parseval proof invokes this exact labeled exercise and supplies the methodological hint that its proof is not much different from the finite-dimensional version. The source supplies no solution, and the translation invents no answer or proof.\"",\""resource_id\"":\""R006\"",\""schema\"":\""lebl-o001-solution-gap-v1\"",\""source_hint_selector\"":\""raw lines 5266-5268\"",\""source_hint_sha256\"":\""fb1547ee20670fdd5bf3c395ab4e4f8cfd0a2c3266aab28ff1b8653849de9bd6\"",\""source_label\"":\""exercise:L2cauchyschwarz\"",\""source_path\"":\""source/ra-v6.3/ch-approximate.tex\"",\""source_selector\"":\""raw lines 5339-5348\"",\""source_solution_present\"":false,\""status\"":\""open_solution_gap\"",\""target_hint_selector\"":\""raw lines 5280-5282\"",\""target_hint_sha256\"":\""96ad757925a1a87955a010d1f068dbfc0c6811521cda08701ea3a1d79198005c\"",\""target_path\"":\""translation/ra/ch-approximate.tex\"",\""target_selector\"":\""raw lines 5353-5362\""}"",""qa"":""Exact O001 source/target slice binding; no answer or solution invented."",""resource_key"":""R006"",""rights_key"":""rights.ra.book.cc-by-sa-4.0"",""source_components"":[{""path"":""source/ra-v6.3/ch-approximate.tex"",""selector"":""raw lines 5339-5348"",""sha256"":""8d0d24039889219641fb364fa847df02b2c945867b5b14124015305219f213e4""}],""state"":""structurally_verified"",""target_components"":[{""path"":""translation/ra/ch-approximate.tex"",""selector"":""raw lines 5353-5362"",""sha256"":""bb751a2e384452a4b4dc901d5e980e73a015b23d2805849c05d185feb811df8a""}],""title_target"":""Latihan O001 26"",""translated_at"":""2026-08-24""},""order_key"":""8026"",""parent_id"":""urn:uuid:2c2f1dbc-3d86-593f-abab-19f47a685ac9"",""prerequisite_ids"":[],""record_type"":""unit"",""recorded_at"":""2026-08-24T00:00:00Z"",""resource_id"":""urn:uuid:884aba97-efd2-550c-a975-a98df314c5d8"",""rights_id"":""urn:uuid:a0273f1c-6fad-54c7-a75a-32a5161da656"",""schema_name"":""lebl.backend.record"",""schema_version"":""0.3.0"",""semantic_aliases"":[],""semantic_key"":""lebl.ra.unit.o001.ra.v2.fourier-series.exercise.cauchy-bunyakovsky-schwarz"",""source_binding"":{""content_sha256"":""sha256:8d0d24039889219641fb364fa847df02b2c945867b5b14124015305219f213e4"",""edition_id"":""urn:uuid:d8876a3c-8cdf-5076-b243-9f9de1f2d514"",""locator"":""raw lines 5339-5348"",""source_path"":""source/ra-v6.3/ch-approximate.tex""},""source_local_id"":""ra.v2.fourier-series.exercise.cauchy-bunyakovsky-schwarz"",""status"":""active"",""supersedes_id"":null,""title"":""Prove the Cauchy--Bunyakovsky--Schwarz inequality for complex-valued Riemann-integrable functions on [a,b]. The preceding Parseval proof invokes this exact labeled exercise and supplies the methodological hint that its proof is not much different from the finite-dimensional version. The source supplies no solution, and the translation invents no answer or proof."",""unit_kind"":""exercise"",""workflow_id"":""01a01f57-a34b-7740-9717-596b8116910c/backend-production-v0.4-live""},""$support"":{""answer_ids"":[],""hint_ids"":[""urn:uuid:2b76b712-13bb-536d-9250-1af7920778c1""],""solution_ids"":[]}}"
"urn:uuid:d3dc1509-d8b2-5dc9-a8d9-83388cfa68da","lebl.ra.unit.o001.ra.v2.fourier-series.exercise.continuous-periodic-l2-approximation","urn:uuid:884aba97-efd2-550c-a975-a98df314c5d8","exercise:contL2close","none","[]","[]","[]","{""$exercise"":{""concept_ids"":[],""edition_id"":""urn:uuid:d8876a3c-8cdf-5076-b243-9f9de1f2d514"",""exercise_metadata"":{""answer_format"":""proof"",""response_expected"":true,""solution_status"":""none"",""source_number"":""exercise:contL2close""},""id"":""urn:uuid:d3dc1509-d8b2-5dc9-a8d9-83388cfa68da"",""label"":""Latihan O001 25"",""locale_states"":[{""edition_id"":""urn:uuid:d8876a3c-8cdf-5076-b243-9f9de1f2d514"",""locale"":""en"",""state"":""source_frozen""},{""edition_id"":""urn:uuid:2985f369-c946-5392-be8c-902d3c9215b2"",""locale"":""id-ID"",""state"":""structurally_verified""}],""manifest_binding"":{""edition_key"":""lebl.ra.edition.id-id-volume1-complete-2026-08-21"",""input_schema"":""lebl-translation-unit-v1"",""locale"":""id-ID"",""notes"":""{\""edition_id\"":\""ra.v6.3.00f5a863\"",\""exercise_id\"":\""ra.v2.fourier-series.exercise.continuous-periodic-l2-approximation\"",\""gap_id\"":\""LEBL-O001-R006-0025\"",\""hint_present\"":false,\""mapping_target\"":\""O001\"",\""notes\"":\""Prove L2 approximation of a Riemann-integrable complex-valued 2pi-periodic function by a continuous complex-valued 2pi-periodic function. The source supplies neither hint nor solution; its earlier use in the Parseval proof is a citation of the result, not a proof. The translation invents no support.\"",\""resource_id\"":\""R006\"",\""schema\"":\""lebl-o001-solution-gap-v1\"",\""source_label\"":\""exercise:contL2close\"",\""source_path\"":\""source/ra-v6.3/ch-approximate.tex\"",\""source_selector\"":\""raw lines 5331-5337\"",\""source_solution_present\"":false,\""status\"":\""open_solution_gap\"",\""target_path\"":\""translation/ra/ch-approximate.tex\"",\""target_selector\"":\""raw lines 5345-5351\""}"",""qa"":""Exact O001 source/target slice binding; no answer or solution invented."",""resource_key"":""R006"",""rights_key"":""rights.ra.book.cc-by-sa-4.0"",""source_components"":[{""path"":""source/ra-v6.3/ch-approximate.tex"",""selector"":""raw lines 5331-5337"",""sha256"":""ed17fcb490e03332967408bddf0d5f03a93c94b2a3bb9218157c869fbe958add""}],""state"":""structurally_verified"",""target_components"":[{""path"":""translation/ra/ch-approximate.tex"",""selector"":""raw lines 5345-5351"",""sha256"":""9e86d262314828970003c93b39afd3032a371d889609df05cd30f11eaf64a0eb""}],""title_target"":""Latihan O001 25"",""translated_at"":""2026-08-24""},""order_key"":""8025"",""parent_id"":""urn:uuid:46453bca-bbbe-5499-8099-4724d1a66fe0"",""prerequisite_ids"":[],""record_type"":""unit"",""recorded_at"":""2026-08-24T00:00:00Z"",""resource_id"":""urn:uuid:884aba97-efd2-550c-a975-a98df314c5d8"",""rights_id"":""urn:uuid:a0273f1c-6fad-54c7-a75a-32a5161da656"",""schema_name"":""lebl.backend.record"",""schema_version"":""0.3.0"",""semantic_aliases"":[],""semantic_key"":""lebl.ra.unit.o001.ra.v2.fourier-series.exercise.continuous-periodic-l2-approximation"",""source_binding"":{""content_sha256"":""sha256:ed17fcb490e03332967408bddf0d5f03a93c94b2a3bb9218157c869fbe958add"",""edition_id"":""urn:uuid:d8876a3c-8cdf-5076-b243-9f9de1f2d514"",""locator"":""raw lines 5331-5337"",""source_path"":""source/ra-v6.3/ch-approximate.tex""},""source_local_id"":""ra.v2.fourier-series.exercise.continuous-periodic-l2-approximation"",""status"":""active"",""supersedes_id"":null,""title"":""Prove L2 approximation of a Riemann-integrable complex-valued 2pi-periodic function by a continuous complex-valued 2pi-periodic function. The source supplies neither hint nor solution; its earlier use in the Parseval proof is a citation of the result, not a proof. The translation invents no support."",""unit_kind"":""exercise"",""workflow_id"":""01a01f57-a34b-7740-9717-596b8116910c/backend-production-v0.4-live""},""$support"":{""answer_ids"":[],""hint_ids"":[],""solution_ids"":[]}}"
"urn:uuid:fb187ad3-7758-5604-a985-b06e14aad03f","lebl.ra.unit.o001.ra.v2.fourier-series.exercise.decaying-sine-series-forced-ode","urn:uuid:884aba97-efd2-550c-a975-a98df314c5d8","LEBL-O001-R006-0028","none","[]","[]","[]","{""$exercise"":{""concept_ids"":[],""edition_id"":""urn:uuid:d8876a3c-8cdf-5076-b243-9f9de1f2d514"",""exercise_metadata"":{""answer_format"":""proof"",""response_expected"":true,""solution_status"":""none"",""source_number"":""LEBL-O001-R006-0028""},""id"":""urn:uuid:fb187ad3-7758-5604-a985-b06e14aad03f"",""label"":""Latihan O001 28"",""locale_states"":[{""edition_id"":""urn:uuid:d8876a3c-8cdf-5076-b243-9f9de1f2d514"",""locale"":""en"",""state"":""source_frozen""},{""edition_id"":""urn:uuid:2985f369-c946-5392-be8c-902d3c9215b2"",""locale"":""id-ID"",""state"":""structurally_verified""}],""manifest_binding"":{""edition_key"":""lebl.ra.edition.id-id-volume1-complete-2026-08-21"",""input_schema"":""lebl-translation-unit-v1"",""locale"":""id-ID"",""notes"":""{\""edition_id\"":\""ra.v6.3.00f5a863\"",\""exercise_id\"":\""ra.v2.fourier-series.exercise.decaying-sine-series-forced-ode\"",\""gap_id\"":\""LEBL-O001-R006-0028\"",\""hint_present\"":false,\""mapping_target\"":\""O001\"",\""notes\"":\""Show continuity of the decaying sine series, formally derive the coefficientwise solution of y''+2y=g(x), and then prove the resulting series is twice continuously differentiable and solves the equation. The three subparts are intrinsic scaffolding, not a separately supplied source hint. The source supplies neither hint nor solution, and the translation invents neither.\"",\""resource_id\"":\""R006\"",\""schema\"":\""lebl-o001-solution-gap-v1\"",\""source_label\"":null,\""source_path\"":\""source/ra-v6.3/ch-approximate.tex\"",\""source_selector\"":\""raw lines 5358-5385\"",\""source_solution_present\"":false,\""status\"":\""open_solution_gap\"",\""target_path\"":\""translation/ra/ch-approximate.tex\"",\""target_selector\"":\""raw lines 5372-5399\""}"",""qa"":""Exact O001 source/target slice binding; no answer or solution invented."",""resource_key"":""R006"",""rights_key"":""rights.ra.book.cc-by-sa-4.0"",""source_components"":[{""path"":""source/ra-v6.3/ch-approximate.tex"",""selector"":""raw lines 5358-5385"",""sha256"":""9d34b8d673c7983231eca78947006519e71b5bdfb65a1f37672dcc5c0e602ded""}],""state"":""structurally_verified"",""target_components"":[{""path"":""translation/ra/ch-approximate.tex"",""selector"":""raw lines 5372-5399"",""sha256"":""fe3e35c58f96b3e14c29e23a820479792e524545e581e01aac11989820af2934""}],""title_target"":""Latihan O001 28"",""translated_at"":""2026-08-24""},""order_key"":""8028"",""parent_id"":""urn:uuid:3d1f80b5-6d56-559f-a8b9-924897929ce7"",""prerequisite_ids"":[],""record_type"":""unit"",""recorded_at"":""2026-08-24T00:00:00Z"",""resource_id"":""urn:uuid:884aba97-efd2-550c-a975-a98df314c5d8"",""rights_id"":""urn:uuid:a0273f1c-6fad-54c7-a75a-32a5161da656"",""schema_name"":""lebl.backend.record"",""schema_version"":""0.3.0"",""semantic_aliases"":[],""semantic_key"":""lebl.ra.unit.o001.ra.v2.fourier-series.exercise.decaying-sine-series-forced-ode"",""source_binding"":{""content_sha256"":""sha256:9d34b8d673c7983231eca78947006519e71b5bdfb65a1f37672dcc5c0e602ded"",""edition_id"":""urn:uuid:d8876a3c-8cdf-5076-b243-9f9de1f2d514"",""locator"":""raw lines 5358-5385"",""source_path"":""source/ra-v6.3/ch-approximate.tex""},""source_local_id"":""ra.v2.fourier-series.exercise.decaying-sine-series-forced-ode"",""status"":""active"",""supersedes_id"":null,""title"":""Show continuity of the decaying sine series, formally derive the coefficientwise solution of y''+2y=g(x), and then prove the resulting series is twice continuously differentiable and solves the equation. The three subparts are intrinsic scaffolding, not a separately supplied source hint. The source supplies neither hint nor solution, and the translation invents neither."",""unit_kind"":""exercise"",""workflow_id"":""01a01f57-a34b-7740-9717-596b8116910c/backend-production-v0.4-live""},""$support"":{""answer_ids"":[],""hint_ids"":[],""solution_ids"":[]}}"
"urn:uuid:57fce3f3-be82-5e57-8367-1794f14f94b1","lebl.ra.unit.o001.ra.v2.fourier-series.exercise.exponentially-decaying-sine-series-smoothness","urn:uuid:884aba97-efd2-550c-a975-a98df314c5d8","LEBL-O001-R006-0031","none","[]","[]","[]","{""$exercise"":{""concept_ids"":[],""edition_id"":""urn:uuid:d8876a3c-8cdf-5076-b243-9f9de1f2d514"",""exercise_metadata"":{""answer_format"":""proof"",""response_expected"":true,""solution_status"":""none"",""source_number"":""LEBL-O001-R006-0031""},""id"":""urn:uuid:57fce3f3-be82-5e57-8367-1794f14f94b1"",""label"":""Latihan O001 31"",""locale_states"":[{""edition_id"":""urn:uuid:d8876a3c-8cdf-5076-b243-9f9de1f2d514"",""locale"":""en"",""state"":""source_frozen""},{""edition_id"":""urn:uuid:2985f369-c946-5392-be8c-902d3c9215b2"",""locale"":""id-ID"",""state"":""structurally_verified""}],""manifest_binding"":{""edition_key"":""lebl.ra.edition.id-id-volume1-complete-2026-08-21"",""input_schema"":""lebl-translation-unit-v1"",""locale"":""id-ID"",""notes"":""{\""edition_id\"":\""ra.v6.3.00f5a863\"",\""exercise_id\"":\""ra.v2.fourier-series.exercise.exponentially-decaying-sine-series-smoothness\"",\""gap_id\"":\""LEBL-O001-R006-0031\"",\""hint_present\"":false,\""mapping_target\"":\""O001\"",\""notes\"":\""Show that the displayed series sum_{n=1}^infty e^{-n} sin(n x) converges to a function differentiable an arbitrary finite number of times. The source supplies neither a detachable hint nor a solution, and the translation invents neither an answer nor a proof.\"",\""resource_id\"":\""R006\"",\""schema\"":\""lebl-o001-solution-gap-v1\"",\""source_label\"":null,\""source_path\"":\""source/ra-v6.3/ch-approximate.tex\"",\""source_selector\"":\""raw lines 5407-5413\"",\""source_solution_present\"":false,\""status\"":\""open_solution_gap\"",\""target_path\"":\""translation/ra/ch-approximate.tex\"",\""target_selector\"":\""raw lines 5421-5427\""}"",""qa"":""Exact O001 source/target slice binding; no answer or solution invented."",""resource_key"":""R006"",""rights_key"":""rights.ra.book.cc-by-sa-4.0"",""source_components"":[{""path"":""source/ra-v6.3/ch-approximate.tex"",""selector"":""raw lines 5407-5413"",""sha256"":""e85f6f5ad566c4f41aebcbaf37528bf0918a24f371a279d027ce2254b11c8270""}],""state"":""structurally_verified"",""target_components"":[{""path"":""translation/ra/ch-approximate.tex"",""selector"":""raw lines 5421-5427"",""sha256"":""e6a529ed4843e1e1652e6481cd87977ed759518308ba9505f0e037c8cac8f5f9""}],""title_target"":""Latihan O001 31"",""translated_at"":""2026-08-24""},""order_key"":""8031"",""parent_id"":""urn:uuid:1809d3dc-a577-5d3b-812c-fa97ff4a4657"",""prerequisite_ids"":[],""record_type"":""unit"",""recorded_at"":""2026-08-24T00:00:00Z"",""resource_id"":""urn:uuid:884aba97-efd2-550c-a975-a98df314c5d8"",""rights_id"":""urn:uuid:a0273f1c-6fad-54c7-a75a-32a5161da656"",""schema_name"":""lebl.backend.record"",""schema_version"":""0.3.0"",""semantic_aliases"":[],""semantic_key"":""lebl.ra.unit.o001.ra.v2.fourier-series.exercise.exponentially-decaying-sine-series-smoothness"",""source_binding"":{""content_sha256"":""sha256:e85f6f5ad566c4f41aebcbaf37528bf0918a24f371a279d027ce2254b11c8270"",""edition_id"":""urn:uuid:d8876a3c-8cdf-5076-b243-9f9de1f2d514"",""locator"":""raw lines 5407-5413"",""source_path"":""source/ra-v6.3/ch-approximate.tex""},""source_local_id"":""ra.v2.fourier-series.exercise.exponentially-decaying-sine-series-smoothness"",""status"":""active"",""supersedes_id"":null,""title"":""Show that the displayed series sum_{n=1}^infty e^{-n} sin(n x) converges to a function differentiable an arbitrary finite number of times. The source supplies neither a detachable hint nor a solution, and the translation invents neither an answer nor a proof."",""unit_kind"":""exercise"",""workflow_id"":""01a01f57-a34b-7740-9717-596b8116910c/backend-production-v0.4-live""},""$support"":{""answer_ids"":[],""hint_ids"":[],""solution_ids"":[]}}"
"urn:uuid:1d21d094-a9aa-58b1-a8d2-ce66c50d4f07","lebl.ra.unit.o001.ra.v2.fourier-series.exercise.integral-representation-fourier-coefficient-inverse-linear-decay","urn:uuid:884aba97-efd2-550c-a975-a98df314c5d8","exercise:fsdiffmindecay","none","[]","[]","[]","{""$exercise"":{""concept_ids"":[],""edition_id"":""urn:uuid:d8876a3c-8cdf-5076-b243-9f9de1f2d514"",""exercise_metadata"":{""answer_format"":""proof"",""response_expected"":true,""solution_status"":""none"",""source_number"":""exercise:fsdiffmindecay""},""id"":""urn:uuid:1d21d094-a9aa-58b1-a8d2-ce66c50d4f07"",""label"":""Latihan O001 32"",""locale_states"":[{""edition_id"":""urn:uuid:d8876a3c-8cdf-5076-b243-9f9de1f2d514"",""locale"":""en"",""state"":""source_frozen""},{""edition_id"":""urn:uuid:2985f369-c946-5392-be8c-902d3c9215b2"",""locale"":""id-ID"",""state"":""structurally_verified""}],""manifest_binding"":{""edition_key"":""lebl.ra.edition.id-id-volume1-complete-2026-08-21"",""input_schema"":""lebl-translation-unit-v1"",""locale"":""id-ID"",""notes"":""{\""edition_id\"":\""ra.v6.3.00f5a863\"",\""exercise_id\"":\""ra.v2.fourier-series.exercise.integral-representation-fourier-coefficient-inverse-linear-decay\"",\""gap_id\"":\""LEBL-O001-R006-0032\"",\""hint_present\"":false,\""mapping_target\"":\""O001\"",\""notes\"":\""Use the periodic integral representation f(x)=f(0)+int_0^x g with Riemann-integrable g to establish |c_n| <= C/|n| for every nonzero integer n. The source supplies neither a detachable hint nor a solution, and the translation invents neither an answer nor a proof.\"",\""resource_id\"":\""R006\"",\""schema\"":\""lebl-o001-solution-gap-v1\"",\""source_label\"":\""exercise:fsdiffmindecay\"",\""source_path\"":\""source/ra-v6.3/ch-approximate.tex\"",\""source_selector\"":\""raw lines 5415-5426\"",\""source_solution_present\"":false,\""status\"":\""open_solution_gap\"",\""target_path\"":\""translation/ra/ch-approximate.tex\"",\""target_selector\"":\""raw lines 5429-5440\""}"",""qa"":""Exact O001 source/target slice binding; no answer or solution invented."",""resource_key"":""R006"",""rights_key"":""rights.ra.book.cc-by-sa-4.0"",""source_components"":[{""path"":""source/ra-v6.3/ch-approximate.tex"",""selector"":""raw lines 5415-5426"",""sha256"":""c1ae7208737060a162f6fd9b6062a3239689f2a42dcd2ad36f223351ef2ac7a0""}],""state"":""structurally_verified"",""target_components"":[{""path"":""translation/ra/ch-approximate.tex"",""selector"":""raw lines 5429-5440"",""sha256"":""25e7b22f29911161b05f50d2f5d6436e38ab3d683323bf08e421217b9bae3d68""}],""title_target"":""Latihan O001 32"",""translated_at"":""2026-08-24""},""order_key"":""8032"",""parent_id"":""urn:uuid:109c842c-25af-5c08-90d2-b055ca93fc8b"",""prerequisite_ids"":[],""record_type"":""unit"",""recorded_at"":""2026-08-24T00:00:00Z"",""resource_id"":""urn:uuid:884aba97-efd2-550c-a975-a98df314c5d8"",""rights_id"":""urn:uuid:a0273f1c-6fad-54c7-a75a-32a5161da656"",""schema_name"":""lebl.backend.record"",""schema_version"":""0.3.0"",""semantic_aliases"":[],""semantic_key"":""lebl.ra.unit.o001.ra.v2.fourier-series.exercise.integral-representation-fourier-coefficient-inverse-linear-decay"",""source_binding"":{""content_sha256"":""sha256:c1ae7208737060a162f6fd9b6062a3239689f2a42dcd2ad36f223351ef2ac7a0"",""edition_id"":""urn:uuid:d8876a3c-8cdf-5076-b243-9f9de1f2d514"",""locator"":""raw lines 5415-5426"",""source_path"":""source/ra-v6.3/ch-approximate.tex""},""source_local_id"":""ra.v2.fourier-series.exercise.integral-representation-fourier-coefficient-inverse-linear-decay"",""status"":""active"",""supersedes_id"":null,""title"":""Use the periodic integral representation f(x)=f(0)+int_0^x g with Riemann-integrable g to establish |c_n| <= C/|n| for every nonzero integer n. The source supplies neither a detachable hint nor a solution, and the translation invents neither an answer nor a proof."",""unit_kind"":""exercise"",""workflow_id"":""01a01f57-a34b-7740-9717-596b8116910c/backend-production-v0.4-live""},""$support"":{""answer_ids"":[],""hint_ids"":[],""solution_ids"":[]}}"
"urn:uuid:4ceb3c1b-5e3a-598a-87d3-6a13588ef022","lebl.ra.unit.o001.ra.v2.fourier-series.exercise.l2-triangle-inequality","urn:uuid:884aba97-efd2-550c-a975-a98df314c5d8","exercise:L2triangleineq","none","[]","[]","[]","{""$exercise"":{""concept_ids"":[],""edition_id"":""urn:uuid:d8876a3c-8cdf-5076-b243-9f9de1f2d514"",""exercise_metadata"":{""answer_format"":""proof"",""response_expected"":true,""solution_status"":""none"",""source_number"":""exercise:L2triangleineq""},""id"":""urn:uuid:4ceb3c1b-5e3a-598a-87d3-6a13588ef022"",""label"":""Latihan O001 27"",""locale_states"":[{""edition_id"":""urn:uuid:d8876a3c-8cdf-5076-b243-9f9de1f2d514"",""locale"":""en"",""state"":""source_frozen""},{""edition_id"":""urn:uuid:2985f369-c946-5392-be8c-902d3c9215b2"",""locale"":""id-ID"",""state"":""structurally_verified""}],""manifest_binding"":{""edition_key"":""lebl.ra.edition.id-id-volume1-complete-2026-08-21"",""input_schema"":""lebl-translation-unit-v1"",""locale"":""id-ID"",""notes"":""{\""edition_id\"":\""ra.v6.3.00f5a863\"",\""exercise_id\"":\""ra.v2.fourier-series.exercise.l2-triangle-inequality\"",\""gap_id\"":\""LEBL-O001-R006-0027\"",\""hint_present\"":false,\""mapping_target\"":\""O001\"",\""notes\"":\""Prove the L2 triangle inequality for Riemann-integrable functions on [-pi,pi]. The preceding Cauchy--Bunyakovsky--Schwarz exercise is mathematically useful but is not source-linked as a hint, while the earlier exposition only forward-references this exercise. The source supplies neither explicit hint nor solution, and the translation invents neither.\"",\""resource_id\"":\""R006\"",\""schema\"":\""lebl-o001-solution-gap-v1\"",\""source_label\"":\""exercise:L2triangleineq\"",\""source_path\"":\""source/ra-v6.3/ch-approximate.tex\"",\""source_selector\"":\""raw lines 5350-5356\"",\""source_solution_present\"":false,\""status\"":\""open_solution_gap\"",\""target_path\"":\""translation/ra/ch-approximate.tex\"",\""target_selector\"":\""raw lines 5364-5370\""}"",""qa"":""Exact O001 source/target slice binding; no answer or solution invented."",""resource_key"":""R006"",""rights_key"":""rights.ra.book.cc-by-sa-4.0"",""source_components"":[{""path"":""source/ra-v6.3/ch-approximate.tex"",""selector"":""raw lines 5350-5356"",""sha256"":""3d79e611cc644f6d06a35f696cbfb3ebf7ebbd3cda7abb350c4fd7bdae9c4a44""}],""state"":""structurally_verified"",""target_components"":[{""path"":""translation/ra/ch-approximate.tex"",""selector"":""raw lines 5364-5370"",""sha256"":""d1e0edcfc4ac0000fb81db8e0bfcf800a3b413a623951116a8d198d88774106f""}],""title_target"":""Latihan O001 27"",""translated_at"":""2026-08-24""},""order_key"":""8027"",""parent_id"":""urn:uuid:864a175f-3cf0-59c8-808c-c69cce567156"",""prerequisite_ids"":[],""record_type"":""unit"",""recorded_at"":""2026-08-24T00:00:00Z"",""resource_id"":""urn:uuid:884aba97-efd2-550c-a975-a98df314c5d8"",""rights_id"":""urn:uuid:a0273f1c-6fad-54c7-a75a-32a5161da656"",""schema_name"":""lebl.backend.record"",""schema_version"":""0.3.0"",""semantic_aliases"":[],""semantic_key"":""lebl.ra.unit.o001.ra.v2.fourier-series.exercise.l2-triangle-inequality"",""source_binding"":{""content_sha256"":""sha256:3d79e611cc644f6d06a35f696cbfb3ebf7ebbd3cda7abb350c4fd7bdae9c4a44"",""edition_id"":""urn:uuid:d8876a3c-8cdf-5076-b243-9f9de1f2d514"",""locator"":""raw lines 5350-5356"",""source_path"":""source/ra-v6.3/ch-approximate.tex""},""source_local_id"":""ra.v2.fourier-series.exercise.l2-triangle-inequality"",""status"":""active"",""supersedes_id"":null,""title"":""Prove the L2 triangle inequality for Riemann-integrable functions on [-pi,pi]. The preceding Cauchy--Bunyakovsky--Schwarz exercise is mathematically useful but is not source-linked as a hint, while the earlier exposition only forward-references this exercise. The source supplies neither explicit hint nor solution, and the translation invents neither."",""unit_kind"":""exercise"",""workflow_id"":""01a01f57-a34b-7740-9717-596b8116910c/backend-production-v0.4-live""},""$support"":{""answer_ids"":[],""hint_ids"":[],""solution_ids"":[]}}"
"urn:uuid:59e5376f-bab9-5545-90b0-08e93deac0b1","lebl.ra.unit.o001.ra.v2.fourier-series.exercise.local-fourier-convergence","urn:uuid:884aba97-efd2-550c-a975-a98df314c5d8","LEBL-O001-R006-0023","none","[]","[]","[]","{""$exercise"":{""concept_ids"":[],""edition_id"":""urn:uuid:d8876a3c-8cdf-5076-b243-9f9de1f2d514"",""exercise_metadata"":{""answer_format"":""proof"",""response_expected"":true,""solution_status"":""none"",""source_number"":""LEBL-O001-R006-0023""},""id"":""urn:uuid:59e5376f-bab9-5545-90b0-08e93deac0b1"",""label"":""Latihan O001 23"",""locale_states"":[{""edition_id"":""urn:uuid:d8876a3c-8cdf-5076-b243-9f9de1f2d514"",""locale"":""en"",""state"":""source_frozen""},{""edition_id"":""urn:uuid:2985f369-c946-5392-be8c-902d3c9215b2"",""locale"":""id-ID"",""state"":""structurally_verified""}],""manifest_binding"":{""edition_key"":""lebl.ra.edition.id-id-volume1-complete-2026-08-21"",""input_schema"":""lebl-translation-unit-v1"",""locale"":""id-ID"",""notes"":""{\""edition_id\"":\""ra.v6.3.00f5a863\"",\""exercise_id\"":\""ra.v2.fourier-series.exercise.local-fourier-convergence\"",\""gap_id\"":\""LEBL-O001-R006-0023\"",\""hint_present\"":false,\""mapping_target\"":\""O001\"",\""notes\"":\""Prove that the symmetric Fourier partial sums converge to f(x) at every point of an open interval on which the Riemann-integrable 2pi-periodic function is continuously differentiable; the source provides neither hint nor solution, and the translation invents neither.\"",\""resource_id\"":\""R006\"",\""schema\"":\""lebl-o001-solution-gap-v1\"",\""source_label\"":null,\""source_path\"":\""source/ra-v6.3/ch-approximate.tex\"",\""source_selector\"":\""raw lines 5317-5322\"",\""source_solution_present\"":false,\""status\"":\""open_solution_gap\"",\""target_path\"":\""translation/ra/ch-approximate.tex\"",\""target_selector\"":\""raw lines 5331-5336\""}"",""qa"":""Exact O001 source/target slice binding; no answer or solution invented."",""resource_key"":""R006"",""rights_key"":""rights.ra.book.cc-by-sa-4.0"",""source_components"":[{""path"":""source/ra-v6.3/ch-approximate.tex"",""selector"":""raw lines 5317-5322"",""sha256"":""326b0d3cc399e26a38d4b50c95af7e0d2ff98f7f7beb54946c6207925ba9033b""}],""state"":""structurally_verified"",""target_components"":[{""path"":""translation/ra/ch-approximate.tex"",""selector"":""raw lines 5331-5336"",""sha256"":""7e292ea7ee9d21d332364b99120084d671c8c40f42279289157d70a8782f70db""}],""title_target"":""Latihan O001 23"",""translated_at"":""2026-08-24""},""order_key"":""8023"",""parent_id"":""urn:uuid:3b006c33-682e-540f-940c-a7e77e85dd8d"",""prerequisite_ids"":[],""record_type"":""unit"",""recorded_at"":""2026-08-24T00:00:00Z"",""resource_id"":""urn:uuid:884aba97-efd2-550c-a975-a98df314c5d8"",""rights_id"":""urn:uuid:a0273f1c-6fad-54c7-a75a-32a5161da656"",""schema_name"":""lebl.backend.record"",""schema_version"":""0.3.0"",""semantic_aliases"":[],""semantic_key"":""lebl.ra.unit.o001.ra.v2.fourier-series.exercise.local-fourier-convergence"",""source_binding"":{""content_sha256"":""sha256:326b0d3cc399e26a38d4b50c95af7e0d2ff98f7f7beb54946c6207925ba9033b"",""edition_id"":""urn:uuid:d8876a3c-8cdf-5076-b243-9f9de1f2d514"",""locator"":""raw lines 5317-5322"",""source_path"":""source/ra-v6.3/ch-approximate.tex""},""source_local_id"":""ra.v2.fourier-series.exercise.local-fourier-convergence"",""status"":""active"",""supersedes_id"":null,""title"":""Prove that the symmetric Fourier partial sums converge to f(x) at every point of an open interval on which the Riemann-integrable 2pi-periodic function is continuously differentiable; the source provides neither hint nor solution, and the translation invents neither."",""unit_kind"":""exercise"",""workflow_id"":""01a01f57-a34b-7740-9717-596b8116910c/backend-production-v0.4-live""},""$support"":{""answer_ids"":[],""hint_ids"":[],""solution_ids"":[]}}"
"urn:uuid:5b749f58-1d61-52e1-b7b1-b2936d644ed8","lebl.ra.unit.o001.ra.v2.fourier-series.exercise.one-sided-series-analytic-unit-disc-extension","urn:uuid:884aba97-efd2-550c-a975-a98df314c5d8","LEBL-O001-R006-0030","hint_only","[""urn:uuid:83f1d366-3263-5117-ba42-e4e30f792e93""]","[]","[]","{""$exercise"":{""concept_ids"":[],""edition_id"":""urn:uuid:d8876a3c-8cdf-5076-b243-9f9de1f2d514"",""exercise_metadata"":{""answer_format"":""proof"",""response_expected"":true,""solution_status"":""hint_only"",""source_number"":""LEBL-O001-R006-0030""},""id"":""urn:uuid:5b749f58-1d61-52e1-b7b1-b2936d644ed8"",""label"":""Latihan O001 30"",""locale_states"":[{""edition_id"":""urn:uuid:d8876a3c-8cdf-5076-b243-9f9de1f2d514"",""locale"":""en"",""state"":""source_frozen""},{""edition_id"":""urn:uuid:2985f369-c946-5392-be8c-902d3c9215b2"",""locale"":""id-ID"",""state"":""structurally_verified""}],""manifest_binding"":{""edition_key"":""lebl.ra.edition.id-id-volume1-complete-2026-08-21"",""input_schema"":""lebl-translation-unit-v1"",""locale"":""id-ID"",""notes"":""{\""edition_id\"":\""ra.v6.3.00f5a863\"",\""exercise_id\"":\""ra.v2.fourier-series.exercise.one-sided-series-analytic-unit-disc-extension\"",\""gap_id\"":\""LEBL-O001-R006-0030\"",\""hint_present\"":true,\""mapping_target\"":\""O001\"",\""notes\"":\""Show that an absolutely summable one-sided coefficient sequence defines a function continuous on the closed unit disc, analytic on the open unit disc, and equal to the stated Fourier series on the boundary. The explicit source hint at raw line 5404 (58 bytes, SHA-256 75a28bc1762ec343058deee0e9c4dd2070b4dc61a56062c3de4a8775f00ba9cd) is preserved as support, not treated as a solution. The source supplies no solution, and the translation invents neither a solution nor a proof.\"",\""resource_id\"":\""R006\"",\""schema\"":\""lebl-o001-solution-gap-v1\"",\""source_label\"":null,\""source_path\"":\""source/ra-v6.3/ch-approximate.tex\"",\""source_selector\"":\""raw lines 5396-5405\"",\""source_solution_present\"":false,\""status\"":\""open_solution_gap\"",\""target_path\"":\""translation/ra/ch-approximate.tex\"",\""target_selector\"":\""raw lines 5410-5419\""}"",""qa"":""Exact O001 source/target slice binding; no answer or solution invented."",""resource_key"":""R006"",""rights_key"":""rights.ra.book.cc-by-sa-4.0"",""source_components"":[{""path"":""source/ra-v6.3/ch-approximate.tex"",""selector"":""raw lines 5396-5405"",""sha256"":""22c9a47d6e095ebf12acd7a5d6562712eee872d5a569093bcc676419202adeea""}],""state"":""structurally_verified"",""target_components"":[{""path"":""translation/ra/ch-approximate.tex"",""selector"":""raw lines 5410-5419"",""sha256"":""7e6d0f5b214f350d6a143b38b518198944fa56cac9e7089c8d38a4e1459d3dc5""}],""title_target"":""Latihan O001 30"",""translated_at"":""2026-08-24""},""order_key"":""8030"",""parent_id"":""urn:uuid:bac19bd1-723c-566d-8791-357ed7aaf109"",""prerequisite_ids"":[],""record_type"":""unit"",""recorded_at"":""2026-08-24T00:00:00Z"",""resource_id"":""urn:uuid:884aba97-efd2-550c-a975-a98df314c5d8"",""rights_id"":""urn:uuid:a0273f1c-6fad-54c7-a75a-32a5161da656"",""schema_name"":""lebl.backend.record"",""schema_version"":""0.3.0"",""semantic_aliases"":[],""semantic_key"":""lebl.ra.unit.o001.ra.v2.fourier-series.exercise.one-sided-series-analytic-unit-disc-extension"",""source_binding"":{""content_sha256"":""sha256:22c9a47d6e095ebf12acd7a5d6562712eee872d5a569093bcc676419202adeea"",""edition_id"":""urn:uuid:d8876a3c-8cdf-5076-b243-9f9de1f2d514"",""locator"":""raw lines 5396-5405"",""source_path"":""source/ra-v6.3/ch-approximate.tex""},""source_local_id"":""ra.v2.fourier-series.exercise.one-sided-series-analytic-unit-disc-extension"",""status"":""active"",""supersedes_id"":null,""title"":""Show that an absolutely summable one-sided coefficient sequence defines a function continuous on the closed unit disc, analytic on the open unit disc, and equal to the stated Fourier series on the boundary. The explicit source hint at raw line 5404 (58 bytes, SHA-256 75a28bc1762ec343058deee0e9c4dd2070b4dc61a56062c3de4a8775f00ba9cd) is preserved as support, not treated as a solution. The source supplies no solution, and the translation invents neither a solution nor a proof."",""unit_kind"":""exercise"",""workflow_id"":""01a01f57-a34b-7740-9717-596b8116910c/backend-production-v0.4-live""},""$support"":{""answer_ids"":[],""hint_ids"":[""urn:uuid:83f1d366-3263-5117-ba42-e4e30f792e93""],""solution_ids"":[]}}"
"urn:uuid:55f25cea-2fed-5462-ad8d-97c0077a003c","lebl.ra.unit.o001.ra.v2.fourier-series.exercise.parseval-inverse-square-sum","urn:uuid:884aba97-efd2-550c-a975-a98df314c5d8","LEBL-O001-R006-0029","none","[]","[]","[]","{""$exercise"":{""concept_ids"":[],""edition_id"":""urn:uuid:d8876a3c-8cdf-5076-b243-9f9de1f2d514"",""exercise_metadata"":{""answer_format"":""proof"",""response_expected"":true,""solution_status"":""none"",""source_number"":""LEBL-O001-R006-0029""},""id"":""urn:uuid:55f25cea-2fed-5462-ad8d-97c0077a003c"",""label"":""Latihan O001 29"",""locale_states"":[{""edition_id"":""urn:uuid:d8876a3c-8cdf-5076-b243-9f9de1f2d514"",""locale"":""en"",""state"":""source_frozen""},{""edition_id"":""urn:uuid:2985f369-c946-5392-be8c-902d3c9215b2"",""locale"":""id-ID"",""state"":""structurally_verified""}],""manifest_binding"":{""edition_key"":""lebl.ra.edition.id-id-volume1-complete-2026-08-21"",""input_schema"":""lebl-translation-unit-v1"",""locale"":""id-ID"",""notes"":""{\""edition_id\"":\""ra.v6.3.00f5a863\"",\""exercise_id\"":\""ra.v2.fourier-series.exercise.parseval-inverse-square-sum\"",\""gap_id\"":\""LEBL-O001-R006-0029\"",\""hint_present\"":false,\""mapping_target\"":\""O001\"",\""notes\"":\""Use Parseval's theorem for the 2pi-periodic function equal to x on (0,2pi) to derive the inverse-square sum pi^2/6. The instruction to use Parseval's theorem is an intrinsic requirement of the exercise, not a separately supplied source hint. The source supplies neither a hint nor a solution, and the translation invents neither.\"",\""resource_id\"":\""R006\"",\""schema\"":\""lebl-o001-solution-gap-v1\"",\""source_label\"":null,\""source_path\"":\""source/ra-v6.3/ch-approximate.tex\"",\""source_selector\"":\""raw lines 5387-5394\"",\""source_solution_present\"":false,\""status\"":\""open_solution_gap\"",\""target_path\"":\""translation/ra/ch-approximate.tex\"",\""target_selector\"":\""raw lines 5401-5408\""}"",""qa"":""Exact O001 source/target slice binding; no answer or solution invented."",""resource_key"":""R006"",""rights_key"":""rights.ra.book.cc-by-sa-4.0"",""source_components"":[{""path"":""source/ra-v6.3/ch-approximate.tex"",""selector"":""raw lines 5387-5394"",""sha256"":""432d8ce695cfacd212eb6af3f8d81dd32a2eef7b51b1fb476f1659dd1012f314""}],""state"":""structurally_verified"",""target_components"":[{""path"":""translation/ra/ch-approximate.tex"",""selector"":""raw lines 5401-5408"",""sha256"":""2b9a298bc2c7f9c28df47872b7f7b106fb3450545af8dca5e7477b1a4eebe0c7""}],""title_target"":""Latihan O001 29"",""translated_at"":""2026-08-24""},""order_key"":""8029"",""parent_id"":""urn:uuid:5684af13-76f3-5b45-83da-b519a0e09e67"",""prerequisite_ids"":[],""record_type"":""unit"",""recorded_at"":""2026-08-24T00:00:00Z"",""resource_id"":""urn:uuid:884aba97-efd2-550c-a975-a98df314c5d8"",""rights_id"":""urn:uuid:a0273f1c-6fad-54c7-a75a-32a5161da656"",""schema_name"":""lebl.backend.record"",""schema_version"":""0.3.0"",""semantic_aliases"":[],""semantic_key"":""lebl.ra.unit.o001.ra.v2.fourier-series.exercise.parseval-inverse-square-sum"",""source_binding"":{""content_sha256"":""sha256:432d8ce695cfacd212eb6af3f8d81dd32a2eef7b51b1fb476f1659dd1012f314"",""edition_id"":""urn:uuid:d8876a3c-8cdf-5076-b243-9f9de1f2d514"",""locator"":""raw lines 5387-5394"",""source_path"":""source/ra-v6.3/ch-approximate.tex""},""source_local_id"":""ra.v2.fourier-series.exercise.parseval-inverse-square-sum"",""status"":""active"",""supersedes_id"":null,""title"":""Use Parseval's theorem for the 2pi-periodic function equal to x on (0,2pi) to derive the inverse-square sum pi^2/6. The instruction to use Parseval's theorem is an intrinsic requirement of the exercise, not a separately supplied source hint. The source supplies neither a hint nor a solution, and the translation invents neither."",""unit_kind"":""exercise"",""workflow_id"":""01a01f57-a34b-7740-9717-596b8116910c/backend-production-v0.4-live""},""$support"":{""answer_ids"":[],""hint_ids"":[],""solution_ids"":[]}}"
"urn:uuid:74b4db77-79d4-526d-a578-99c3fa64cb6f","lebl.ra.unit.o001.ra.v2.fourier-series.exercise.piecewise-smooth-convergence","urn:uuid:884aba97-efd2-550c-a975-a98df314c5d8","LEBL-O001-R006-0024","hint_only","[""urn:uuid:92bca663-4267-5391-9fa2-2f972a92ca8e""]","[]","[]","{""$exercise"":{""concept_ids"":[],""edition_id"":""urn:uuid:d8876a3c-8cdf-5076-b243-9f9de1f2d514"",""exercise_metadata"":{""answer_format"":""proof"",""response_expected"":true,""solution_status"":""hint_only"",""source_number"":""LEBL-O001-R006-0024""},""id"":""urn:uuid:74b4db77-79d4-526d-a578-99c3fa64cb6f"",""label"":""Latihan O001 24"",""locale_states"":[{""edition_id"":""urn:uuid:d8876a3c-8cdf-5076-b243-9f9de1f2d514"",""locale"":""en"",""state"":""source_frozen""},{""edition_id"":""urn:uuid:2985f369-c946-5392-be8c-902d3c9215b2"",""locale"":""id-ID"",""state"":""structurally_verified""}],""manifest_binding"":{""edition_key"":""lebl.ra.edition.id-id-volume1-complete-2026-08-21"",""input_schema"":""lebl-translation-unit-v1"",""locale"":""id-ID"",""notes"":""{\""edition_id\"":\""ra.v6.3.00f5a863\"",\""exercise_id\"":\""ra.v2.fourier-series.exercise.piecewise-smooth-convergence\"",\""gap_id\"":\""LEBL-O001-R006-0024\"",\""hint_present\"":true,\""mapping_target\"":\""O001\"",\""notes\"":\""Prove the referenced local piecewise-smooth Fourier-convergence corollary. ADV-0268 restores the corollary's omitted Riemann-integrability hypothesis and binds the function to f. The source hint to use the preceding exercise is preserved; no answer, proof, or solution is invented.\"",\""resource_id\"":\""R006\"",\""schema\"":\""lebl-o001-solution-gap-v1\"",\""source_label\"":null,\""source_path\"":\""source/ra-v6.3/ch-approximate.tex\"",\""source_selector\"":\""raw lines 5324-5329\"",\""source_solution_present\"":false,\""status\"":\""open_solution_gap\"",\""target_path\"":\""translation/ra/ch-approximate.tex\"",\""target_selector\"":\""raw lines 5338-5343\""}"",""qa"":""Exact O001 source/target slice binding; no answer or solution invented."",""resource_key"":""R006"",""rights_key"":""rights.ra.book.cc-by-sa-4.0"",""source_components"":[{""path"":""source/ra-v6.3/ch-approximate.tex"",""selector"":""raw lines 5324-5329"",""sha256"":""506975f495f979aad4477024a78bcdfb4b8d756121017d6505222badd0105dc0""}],""state"":""structurally_verified"",""target_components"":[{""path"":""translation/ra/ch-approximate.tex"",""selector"":""raw lines 5338-5343"",""sha256"":""509ed8952c0b8c18a114602408de6c3650f75b944c06f5ab93f644799e283b4b""}],""title_target"":""Latihan O001 24"",""translated_at"":""2026-08-24""},""order_key"":""8024"",""parent_id"":""urn:uuid:99ce65c8-bf06-51e7-b2ca-236875df3150"",""prerequisite_ids"":[],""record_type"":""unit"",""recorded_at"":""2026-08-24T00:00:00Z"",""resource_id"":""urn:uuid:884aba97-efd2-550c-a975-a98df314c5d8"",""rights_id"":""urn:uuid:a0273f1c-6fad-54c7-a75a-32a5161da656"",""schema_name"":""lebl.backend.record"",""schema_version"":""0.3.0"",""semantic_aliases"":[],""semantic_key"":""lebl.ra.unit.o001.ra.v2.fourier-series.exercise.piecewise-smooth-convergence"",""source_binding"":{""content_sha256"":""sha256:506975f495f979aad4477024a78bcdfb4b8d756121017d6505222badd0105dc0"",""edition_id"":""urn:uuid:d8876a3c-8cdf-5076-b243-9f9de1f2d514"",""locator"":""raw lines 5324-5329"",""source_path"":""source/ra-v6.3/ch-approximate.tex""},""source_local_id"":""ra.v2.fourier-series.exercise.piecewise-smooth-convergence"",""status"":""active"",""supersedes_id"":null,""title"":""Prove the referenced local piecewise-smooth Fourier-convergence corollary. ADV-0268 restores the corollary's omitted Riemann-integrability hypothesis and binds the function to f. The source hint to use the preceding exercise is preserved; no answer, proof, or solution is invented."",""unit_kind"":""exercise"",""workflow_id"":""01a01f57-a34b-7740-9717-596b8116910c/backend-production-v0.4-live""},""$support"":{""answer_ids"":[],""hint_ids"":[""urn:uuid:92bca663-4267-5391-9fa2-2f972a92ca8e""],""solution_ids"":[]}}"
"urn:uuid:287723d6-f22b-5d2d-8c60-0e3d9b5ef93d","lebl.ra.unit.o001.ra.v2.fourier-series.exercise.weierstrass-nowhere-differentiable-series","urn:uuid:884aba97-efd2-550c-a975-a98df314c5d8","exercise:fsweierser","none","[]","[]","[]","{""$exercise"":{""concept_ids"":[],""edition_id"":""urn:uuid:d8876a3c-8cdf-5076-b243-9f9de1f2d514"",""exercise_metadata"":{""answer_format"":""proof"",""response_expected"":true,""solution_status"":""none"",""source_number"":""exercise:fsweierser""},""id"":""urn:uuid:287723d6-f22b-5d2d-8c60-0e3d9b5ef93d"",""label"":""Latihan O001 22"",""locale_states"":[{""edition_id"":""urn:uuid:d8876a3c-8cdf-5076-b243-9f9de1f2d514"",""locale"":""en"",""state"":""source_frozen""},{""edition_id"":""urn:uuid:2985f369-c946-5392-be8c-902d3c9215b2"",""locale"":""id-ID"",""state"":""structurally_verified""}],""manifest_binding"":{""edition_key"":""lebl.ra.edition.id-id-volume1-complete-2026-08-21"",""input_schema"":""lebl-translation-unit-v1"",""locale"":""id-ID"",""notes"":""{\""edition_id\"":\""ra.v6.3.00f5a863\"",\""exercise_id\"":\""ra.v2.fourier-series.exercise.weierstrass-nowhere-differentiable-series\"",\""gap_id\"":\""LEBL-O001-R006-0022\"",\""hint_present\"":false,\""mapping_target\"":\""O001\"",\""notes\"":\""Prove uniform and absolute convergence of the lacunary Fourier series to a continuous function; the source explicitly excludes proof of nowhere differentiability and supplies neither hint nor solution; the translation invents neither.\"",\""resource_id\"":\""R006\"",\""schema\"":\""lebl-o001-solution-gap-v1\"",\""source_label\"":\""exercise:fsweierser\"",\""source_path\"":\""source/ra-v6.3/ch-approximate.tex\"",\""source_selector\"":\""raw lines 5292-5315\"",\""source_solution_present\"":false,\""status\"":\""open_solution_gap\"",\""target_path\"":\""translation/ra/ch-approximate.tex\"",\""target_selector\"":\""raw lines 5306-5329\""}"",""qa"":""Exact O001 source/target slice binding; no answer or solution invented."",""resource_key"":""R006"",""rights_key"":""rights.ra.book.cc-by-sa-4.0"",""source_components"":[{""path"":""source/ra-v6.3/ch-approximate.tex"",""selector"":""raw lines 5292-5315"",""sha256"":""af3fcb1303c97b3784e5e7e1ca301f648a0d65d28d49776527cbd33cbddc5a82""}],""state"":""structurally_verified"",""target_components"":[{""path"":""translation/ra/ch-approximate.tex"",""selector"":""raw lines 5306-5329"",""sha256"":""d816fee99cb8e21352ec2e2ddc1ee344ef1a114efdc7cbac1ec5b987f31fcb69""}],""title_target"":""Latihan O001 22"",""translated_at"":""2026-08-24""},""order_key"":""8022"",""parent_id"":""urn:uuid:060802cf-192e-5394-a994-9583dfcbde94"",""prerequisite_ids"":[],""record_type"":""unit"",""recorded_at"":""2026-08-24T00:00:00Z"",""resource_id"":""urn:uuid:884aba97-efd2-550c-a975-a98df314c5d8"",""rights_id"":""urn:uuid:a0273f1c-6fad-54c7-a75a-32a5161da656"",""schema_name"":""lebl.backend.record"",""schema_version"":""0.3.0"",""semantic_aliases"":[],""semantic_key"":""lebl.ra.unit.o001.ra.v2.fourier-series.exercise.weierstrass-nowhere-differentiable-series"",""source_binding"":{""content_sha256"":""sha256:af3fcb1303c97b3784e5e7e1ca301f648a0d65d28d49776527cbd33cbddc5a82"",""edition_id"":""urn:uuid:d8876a3c-8cdf-5076-b243-9f9de1f2d514"",""locator"":""raw lines 5292-5315"",""source_path"":""source/ra-v6.3/ch-approximate.tex""},""source_local_id"":""ra.v2.fourier-series.exercise.weierstrass-nowhere-differentiable-series"",""status"":""active"",""supersedes_id"":null,""title"":""Prove uniform and absolute convergence of the lacunary Fourier series to a continuous function; the source explicitly excludes proof of nowhere differentiability and supplies neither hint nor solution; the translation invents neither."",""unit_kind"":""exercise"",""workflow_id"":""01a01f57-a34b-7740-9717-596b8116910c/backend-production-v0.4-live""},""$support"":{""answer_ids"":[],""hint_ids"":[],""solution_ids"":[]}}"
"urn:uuid:ca301f28-d64c-583d-ac49-ee48873392f6","lebl.ra.unit.o001.ra.v2.functions-as-limits.maximum-principle-fundamental-algebra.exercise.finite-zeros-singularities","urn:uuid:884aba97-efd2-550c-a975-a98df314c5d8","LEBL-O001-R006-0004","hint_only","[""urn:uuid:a8e79056-ec6e-5f65-817d-97cc0a1b884c""]","[]","[]","{""$exercise"":{""concept_ids"":[],""edition_id"":""urn:uuid:d8876a3c-8cdf-5076-b243-9f9de1f2d514"",""exercise_metadata"":{""answer_format"":""proof"",""response_expected"":true,""solution_status"":""hint_only"",""source_number"":""LEBL-O001-R006-0004""},""id"":""urn:uuid:ca301f28-d64c-583d-ac49-ee48873392f6"",""label"":""Latihan O001 04"",""locale_states"":[{""edition_id"":""urn:uuid:d8876a3c-8cdf-5076-b243-9f9de1f2d514"",""locale"":""en"",""state"":""source_frozen""},{""edition_id"":""urn:uuid:2985f369-c946-5392-be8c-902d3c9215b2"",""locale"":""id-ID"",""state"":""structurally_verified""}],""manifest_binding"":{""edition_key"":""lebl.ra.edition.id-id-volume1-complete-2026-08-21"",""input_schema"":""lebl-translation-unit-v1"",""locale"":""id-ID"",""notes"":""{\""edition_id\"":\""ra.v6.3.00f5a863\"",\""exercise_id\"":\""ra.v2.functions-as-limits.maximum-principle-fundamental-algebra.exercise.finite-zeros-singularities\"",\""gap_id\"":\""LEBL-O001-R006-0004\"",\""hint_present\"":true,\""mapping_target\"":\""O001\"",\""notes\"":\""Bound zeros and singularities; source hint says translate a zero to the origin and use induction.\"",\""resource_id\"":\""R006\"",\""schema\"":\""lebl-o001-solution-gap-v1\"",\""source_label\"":null,\""source_path\"":\""source/ra-v6.3/ch-approximate.tex\"",\""source_selector\"":\""raw lines 2501-2509\"",\""source_solution_present\"":false,\""status\"":\""open_solution_gap\"",\""target_path\"":\""translation/ra/ch-approximate.tex\"",\""target_selector\"":\""raw lines 2511-2519\""}"",""qa"":""Exact O001 source/target slice binding; no answer or solution invented."",""resource_key"":""R006"",""rights_key"":""rights.ra.book.cc-by-sa-4.0"",""source_components"":[{""path"":""source/ra-v6.3/ch-approximate.tex"",""selector"":""raw lines 2501-2509"",""sha256"":""8bcb072cc3833ac853a5a1aee3705f035c3ef61c693e7404035d228c848c9246""}],""state"":""structurally_verified"",""target_components"":[{""path"":""translation/ra/ch-approximate.tex"",""selector"":""raw lines 2511-2519"",""sha256"":""bd7d43349dea79dbbc021c33d83e296592aae04878c2e0520507346c72d6a8fd""}],""title_target"":""Latihan O001 04"",""translated_at"":""2026-08-24""},""order_key"":""8004"",""parent_id"":""urn:uuid:bde7e59e-3795-56e8-9ddb-4aa196c50483"",""prerequisite_ids"":[],""record_type"":""unit"",""recorded_at"":""2026-08-24T00:00:00Z"",""resource_id"":""urn:uuid:884aba97-efd2-550c-a975-a98df314c5d8"",""rights_id"":""urn:uuid:a0273f1c-6fad-54c7-a75a-32a5161da656"",""schema_name"":""lebl.backend.record"",""schema_version"":""0.3.0"",""semantic_aliases"":[],""semantic_key"":""lebl.ra.unit.o001.ra.v2.functions-as-limits.maximum-principle-fundamental-algebra.exercise.finite-zeros-singularities"",""source_binding"":{""content_sha256"":""sha256:8bcb072cc3833ac853a5a1aee3705f035c3ef61c693e7404035d228c848c9246"",""edition_id"":""urn:uuid:d8876a3c-8cdf-5076-b243-9f9de1f2d514"",""locator"":""raw lines 2501-2509"",""source_path"":""source/ra-v6.3/ch-approximate.tex""},""source_local_id"":""ra.v2.functions-as-limits.maximum-principle-fundamental-algebra.exercise.finite-zeros-singularities"",""status"":""active"",""supersedes_id"":null,""title"":""Bound zeros and singularities; source hint says translate a zero to the origin and use induction."",""unit_kind"":""exercise"",""workflow_id"":""01a01f57-a34b-7740-9717-596b8116910c/backend-production-v0.4-live""},""$support"":{""answer_ids"":[],""hint_ids"":[""urn:uuid:a8e79056-ec6e-5f65-817d-97cc0a1b884c""],""solution_ids"":[]}}"
"urn:uuid:7751fa37-6c1a-5ba5-a8e4-e271a475398f","lebl.ra.unit.o001.ra.v2.functions-as-limits.maximum-principle-fundamental-algebra.exercise.isolated-zeros","urn:uuid:884aba97-efd2-550c-a975-a98df314c5d8","LEBL-O001-R006-0003","none","[]","[]","[]","{""$exercise"":{""concept_ids"":[],""edition_id"":""urn:uuid:d8876a3c-8cdf-5076-b243-9f9de1f2d514"",""exercise_metadata"":{""answer_format"":""proof"",""response_expected"":true,""solution_status"":""none"",""source_number"":""LEBL-O001-R006-0003""},""id"":""urn:uuid:7751fa37-6c1a-5ba5-a8e4-e271a475398f"",""label"":""Latihan O001 03"",""locale_states"":[{""edition_id"":""urn:uuid:d8876a3c-8cdf-5076-b243-9f9de1f2d514"",""locale"":""en"",""state"":""source_frozen""},{""edition_id"":""urn:uuid:2985f369-c946-5392-be8c-902d3c9215b2"",""locale"":""id-ID"",""state"":""structurally_verified""}],""manifest_binding"":{""edition_key"":""lebl.ra.edition.id-id-volume1-complete-2026-08-21"",""input_schema"":""lebl-translation-unit-v1"",""locale"":""id-ID"",""notes"":""{\""edition_id\"":\""ra.v6.3.00f5a863\"",\""exercise_id\"":\""ra.v2.functions-as-limits.maximum-principle-fundamental-algebra.exercise.isolated-zeros\"",\""gap_id\"":\""LEBL-O001-R006-0003\"",\""hint_present\"":false,\""mapping_target\"":\""O001\"",\""notes\"":\""Prove the isolated-zero alternative. Target applies the recorded LEBL-ID-ADV-0240 center correction; translation does not invent a solution.\"",\""resource_id\"":\""R006\"",\""schema\"":\""lebl-o001-solution-gap-v1\"",\""source_label\"":null,\""source_path\"":\""source/ra-v6.3/ch-approximate.tex\"",\""source_selector\"":\""raw lines 2466-2474\"",\""source_solution_present\"":false,\""status\"":\""open_solution_gap\"",\""target_path\"":\""translation/ra/ch-approximate.tex\"",\""target_selector\"":\""raw lines 2476-2484\""}"",""qa"":""Exact O001 source/target slice binding; no answer or solution invented."",""resource_key"":""R006"",""rights_key"":""rights.ra.book.cc-by-sa-4.0"",""source_components"":[{""path"":""source/ra-v6.3/ch-approximate.tex"",""selector"":""raw lines 2466-2474"",""sha256"":""8b2ad7acf44bdea9f4993694ecec23ef7dabbb42b28fccf9bb03e81e02496585""}],""state"":""structurally_verified_source_corrected"",""target_components"":[{""path"":""translation/ra/ch-approximate.tex"",""selector"":""raw lines 2476-2484"",""sha256"":""75948851cc85416cf872a3489922e77334ab49e22ea332016d0957ad2796d479""}],""title_target"":""Latihan O001 03"",""translated_at"":""2026-08-24""},""order_key"":""8003"",""parent_id"":""urn:uuid:bde7e59e-3795-56e8-9ddb-4aa196c50483"",""prerequisite_ids"":[],""record_type"":""unit"",""recorded_at"":""2026-08-24T00:00:00Z"",""resource_id"":""urn:uuid:884aba97-efd2-550c-a975-a98df314c5d8"",""rights_id"":""urn:uuid:a0273f1c-6fad-54c7-a75a-32a5161da656"",""schema_name"":""lebl.backend.record"",""schema_version"":""0.3.0"",""semantic_aliases"":[],""semantic_key"":""lebl.ra.unit.o001.ra.v2.functions-as-limits.maximum-principle-fundamental-algebra.exercise.isolated-zeros"",""source_binding"":{""content_sha256"":""sha256:8b2ad7acf44bdea9f4993694ecec23ef7dabbb42b28fccf9bb03e81e02496585"",""edition_id"":""urn:uuid:d8876a3c-8cdf-5076-b243-9f9de1f2d514"",""locator"":""raw lines 2466-2474"",""source_path"":""source/ra-v6.3/ch-approximate.tex""},""source_local_id"":""ra.v2.functions-as-limits.maximum-principle-fundamental-algebra.exercise.isolated-zeros"",""status"":""active"",""supersedes_id"":null,""title"":""Prove the isolated-zero alternative. Target applies the recorded LEBL-ID-ADV-0240 center correction; translation does not invent a solution."",""unit_kind"":""exercise"",""workflow_id"":""01a01f57-a34b-7740-9717-596b8116910c/backend-production-v0.4-live""},""$support"":{""answer_ids"":[],""hint_ids"":[],""solution_ids"":[]}}"
"urn:uuid:60548989-6321-514a-8bf3-4a2c9aa47134","lebl.ra.unit.o001.ra.v2.functions-as-limits.maximum-principle-fundamental-algebra.exercise.maximum-modulus-principle","urn:uuid:884aba97-efd2-550c-a975-a98df314c5d8","exercise:maxprinciple","none","[]","[]","[]","{""$exercise"":{""concept_ids"":[],""edition_id"":""urn:uuid:d8876a3c-8cdf-5076-b243-9f9de1f2d514"",""exercise_metadata"":{""answer_format"":""proof"",""response_expected"":true,""solution_status"":""none"",""source_number"":""exercise:maxprinciple""},""id"":""urn:uuid:60548989-6321-514a-8bf3-4a2c9aa47134"",""label"":""Latihan O001 02"",""locale_states"":[{""edition_id"":""urn:uuid:d8876a3c-8cdf-5076-b243-9f9de1f2d514"",""locale"":""en"",""state"":""source_frozen""},{""edition_id"":""urn:uuid:2985f369-c946-5392-be8c-902d3c9215b2"",""locale"":""id-ID"",""state"":""structurally_verified""}],""manifest_binding"":{""edition_key"":""lebl.ra.edition.id-id-volume1-complete-2026-08-21"",""input_schema"":""lebl-translation-unit-v1"",""locale"":""id-ID"",""notes"":""{\""edition_id\"":\""ra.v6.3.00f5a863\"",\""exercise_id\"":\""ra.v2.functions-as-limits.maximum-principle-fundamental-algebra.exercise.maximum-modulus-principle\"",\""gap_id\"":\""LEBL-O001-R006-0002\"",\""hint_present\"":false,\""mapping_target\"":\""O001\"",\""notes\"":\""Derive the maximum-modulus theorem from the analytic minimum-modulus lemma; translation does not invent a solution.\"",\""resource_id\"":\""R006\"",\""schema\"":\""lebl-o001-solution-gap-v1\"",\""source_label\"":\""exercise:maxprinciple\"",\""source_path\"":\""source/ra-v6.3/ch-approximate.tex\"",\""source_selector\"":\""raw lines 2462-2464\"",\""source_solution_present\"":false,\""status\"":\""open_solution_gap\"",\""target_path\"":\""translation/ra/ch-approximate.tex\"",\""target_selector\"":\""raw lines 2472-2474\""}"",""qa"":""Exact O001 source/target slice binding; no answer or solution invented."",""resource_key"":""R006"",""rights_key"":""rights.ra.book.cc-by-sa-4.0"",""source_components"":[{""path"":""source/ra-v6.3/ch-approximate.tex"",""selector"":""raw lines 2462-2464"",""sha256"":""160c28820b7c7bafaef914b85665fd85fe2338de4bdfca175ac0aea0eace66e5""}],""state"":""structurally_verified"",""target_components"":[{""path"":""translation/ra/ch-approximate.tex"",""selector"":""raw lines 2472-2474"",""sha256"":""5e0bd15fa44111e12db846deca9146cc9f29c661b5da7e80a42954727242ca30""}],""title_target"":""Latihan O001 02"",""translated_at"":""2026-08-24""},""order_key"":""8002"",""parent_id"":""urn:uuid:bde7e59e-3795-56e8-9ddb-4aa196c50483"",""prerequisite_ids"":[],""record_type"":""unit"",""recorded_at"":""2026-08-24T00:00:00Z"",""resource_id"":""urn:uuid:884aba97-efd2-550c-a975-a98df314c5d8"",""rights_id"":""urn:uuid:a0273f1c-6fad-54c7-a75a-32a5161da656"",""schema_name"":""lebl.backend.record"",""schema_version"":""0.3.0"",""semantic_aliases"":[],""semantic_key"":""lebl.ra.unit.o001.ra.v2.functions-as-limits.maximum-principle-fundamental-algebra.exercise.maximum-modulus-principle"",""source_binding"":{""content_sha256"":""sha256:160c28820b7c7bafaef914b85665fd85fe2338de4bdfca175ac0aea0eace66e5"",""edition_id"":""urn:uuid:d8876a3c-8cdf-5076-b243-9f9de1f2d514"",""locator"":""raw lines 2462-2464"",""source_path"":""source/ra-v6.3/ch-approximate.tex""},""source_local_id"":""ra.v2.functions-as-limits.maximum-principle-fundamental-algebra.exercise.maximum-modulus-principle"",""status"":""active"",""supersedes_id"":null,""title"":""Derive the maximum-modulus theorem from the analytic minimum-modulus lemma; translation does not invent a solution."",""unit_kind"":""exercise"",""workflow_id"":""01a01f57-a34b-7740-9717-596b8116910c/backend-production-v0.4-live""},""$support"":{""answer_ids"":[],""hint_ids"":[],""solution_ids"":[]}}"
"urn:uuid:bc7b0a77-9195-5396-a647-db1b3cf4a538","lebl.ra.unit.o001.ra.v2.functions-as-limits.maximum-principle-fundamental-algebra.exercise.minimum-modulus-analytic","urn:uuid:884aba97-efd2-550c-a975-a98df314c5d8","exercise:minprinciple","none","[]","[]","[]","{""$exercise"":{""concept_ids"":[],""edition_id"":""urn:uuid:d8876a3c-8cdf-5076-b243-9f9de1f2d514"",""exercise_metadata"":{""answer_format"":""proof"",""response_expected"":true,""solution_status"":""none"",""source_number"":""exercise:minprinciple""},""id"":""urn:uuid:bc7b0a77-9195-5396-a647-db1b3cf4a538"",""label"":""Latihan O001 01"",""locale_states"":[{""edition_id"":""urn:uuid:d8876a3c-8cdf-5076-b243-9f9de1f2d514"",""locale"":""en"",""state"":""source_frozen""},{""edition_id"":""urn:uuid:2985f369-c946-5392-be8c-902d3c9215b2"",""locale"":""id-ID"",""state"":""structurally_verified""}],""manifest_binding"":{""edition_key"":""lebl.ra.edition.id-id-volume1-complete-2026-08-21"",""input_schema"":""lebl-translation-unit-v1"",""locale"":""id-ID"",""notes"":""{\""edition_id\"":\""ra.v6.3.00f5a863\"",\""exercise_id\"":\""ra.v2.functions-as-limits.maximum-principle-fundamental-algebra.exercise.minimum-modulus-analytic\"",\""gap_id\"":\""LEBL-O001-R006-0001\"",\""hint_present\"":false,\""mapping_target\"":\""O001\"",\""notes\"":\""Prove the minimum-modulus lemma for a nonconstant analytic power series; translation does not invent a solution.\"",\""resource_id\"":\""R006\"",\""schema\"":\""lebl-o001-solution-gap-v1\"",\""source_label\"":\""exercise:minprinciple\"",\""source_path\"":\""source/ra-v6.3/ch-approximate.tex\"",\""source_selector\"":\""raw lines 2456-2460\"",\""source_solution_present\"":false,\""status\"":\""open_solution_gap\"",\""target_path\"":\""translation/ra/ch-approximate.tex\"",\""target_selector\"":\""raw lines 2466-2470\""}"",""qa"":""Exact O001 source/target slice binding; no answer or solution invented."",""resource_key"":""R006"",""rights_key"":""rights.ra.book.cc-by-sa-4.0"",""source_components"":[{""path"":""source/ra-v6.3/ch-approximate.tex"",""selector"":""raw lines 2456-2460"",""sha256"":""104bdce486b5d298ccd5e55905aedb135da63556c9c99ef4eabb5631996edbec""}],""state"":""structurally_verified"",""target_components"":[{""path"":""translation/ra/ch-approximate.tex"",""selector"":""raw lines 2466-2470"",""sha256"":""f8cc3f6d973d20c4fcc65f1f0f3600c50d0c262bff87c1693fafee1685e15986""}],""title_target"":""Latihan O001 01"",""translated_at"":""2026-08-24""},""order_key"":""8001"",""parent_id"":""urn:uuid:bde7e59e-3795-56e8-9ddb-4aa196c50483"",""prerequisite_ids"":[],""record_type"":""unit"",""recorded_at"":""2026-08-24T00:00:00Z"",""resource_id"":""urn:uuid:884aba97-efd2-550c-a975-a98df314c5d8"",""rights_id"":""urn:uuid:a0273f1c-6fad-54c7-a75a-32a5161da656"",""schema_name"":""lebl.backend.record"",""schema_version"":""0.3.0"",""semantic_aliases"":[],""semantic_key"":""lebl.ra.unit.o001.ra.v2.functions-as-limits.maximum-principle-fundamental-algebra.exercise.minimum-modulus-analytic"",""source_binding"":{""content_sha256"":""sha256:104bdce486b5d298ccd5e55905aedb135da63556c9c99ef4eabb5631996edbec"",""edition_id"":""urn:uuid:d8876a3c-8cdf-5076-b243-9f9de1f2d514"",""locator"":""raw lines 2456-2460"",""source_path"":""source/ra-v6.3/ch-approximate.tex""},""source_local_id"":""ra.v2.functions-as-limits.maximum-principle-fundamental-algebra.exercise.minimum-modulus-analytic"",""status"":""active"",""supersedes_id"":null,""title"":""Prove the minimum-modulus lemma for a nonconstant analytic power series; translation does not invent a solution."",""unit_kind"":""exercise"",""workflow_id"":""01a01f57-a34b-7740-9717-596b8116910c/backend-production-v0.4-live""},""$support"":{""answer_ids"":[],""hint_ids"":[],""solution_ids"":[]}}"
"urn:uuid:516806e8-360c-5157-864a-e6a744733c5f","lebl.ra.unit.o001.ra.v2.functions-as-limits.maximum-principle-fundamental-algebra.exercise.polynomial-iff-pole-infinity-removable","urn:uuid:884aba97-efd2-550c-a975-a98df314c5d8","LEBL-O001-R006-0007","hint_only","[""urn:uuid:001bce73-63af-578c-8bcf-0ca67506d3d6""]","[]","[]","{""$exercise"":{""concept_ids"":[],""edition_id"":""urn:uuid:d8876a3c-8cdf-5076-b243-9f9de1f2d514"",""exercise_metadata"":{""answer_format"":""proof"",""response_expected"":true,""solution_status"":""hint_only"",""source_number"":""LEBL-O001-R006-0007""},""id"":""urn:uuid:516806e8-360c-5157-864a-e6a744733c5f"",""label"":""Latihan O001 07"",""locale_states"":[{""edition_id"":""urn:uuid:d8876a3c-8cdf-5076-b243-9f9de1f2d514"",""locale"":""en"",""state"":""source_frozen""},{""edition_id"":""urn:uuid:2985f369-c946-5392-be8c-902d3c9215b2"",""locale"":""id-ID"",""state"":""structurally_verified""}],""manifest_binding"":{""edition_key"":""lebl.ra.edition.id-id-volume1-complete-2026-08-21"",""input_schema"":""lebl-translation-unit-v1"",""locale"":""id-ID"",""notes"":""{\""edition_id\"":\""ra.v6.3.00f5a863\"",\""exercise_id\"":\""ra.v2.functions-as-limits.maximum-principle-fundamental-algebra.exercise.polynomial-iff-pole-infinity-removable\"",\""gap_id\"":\""LEBL-O001-R006-0007\"",\""hint_present\"":true,\""mapping_target\"":\""O001\"",\""notes\"":\""Characterize when a rational function equals a nonconstant polynomial off its singular set; source points to the preceding exercises.\"",\""resource_id\"":\""R006\"",\""schema\"":\""lebl-o001-solution-gap-v1\"",\""source_label\"":null,\""source_path\"":\""source/ra-v6.3/ch-approximate.tex\"",\""source_selector\"":\""raw lines 2528-2536\"",\""source_solution_present\"":false,\""status\"":\""open_solution_gap\"",\""target_path\"":\""translation/ra/ch-approximate.tex\"",\""target_selector\"":\""raw lines 2538-2546\""}"",""qa"":""Exact O001 source/target slice binding; no answer or solution invented."",""resource_key"":""R006"",""rights_key"":""rights.ra.book.cc-by-sa-4.0"",""source_components"":[{""path"":""source/ra-v6.3/ch-approximate.tex"",""selector"":""raw lines 2528-2536"",""sha256"":""20c80a96fc955f473b081752008c64642d148900921d82a64118248d148a1de0""}],""state"":""structurally_verified"",""target_components"":[{""path"":""translation/ra/ch-approximate.tex"",""selector"":""raw lines 2538-2546"",""sha256"":""816448bdfc289afc862b71161ee5353efe3211962252b81dd94b7d8bbd22d5d4""}],""title_target"":""Latihan O001 07"",""translated_at"":""2026-08-24""},""order_key"":""8007"",""parent_id"":""urn:uuid:bde7e59e-3795-56e8-9ddb-4aa196c50483"",""prerequisite_ids"":[],""record_type"":""unit"",""recorded_at"":""2026-08-24T00:00:00Z"",""resource_id"":""urn:uuid:884aba97-efd2-550c-a975-a98df314c5d8"",""rights_id"":""urn:uuid:a0273f1c-6fad-54c7-a75a-32a5161da656"",""schema_name"":""lebl.backend.record"",""schema_version"":""0.3.0"",""semantic_aliases"":[],""semantic_key"":""lebl.ra.unit.o001.ra.v2.functions-as-limits.maximum-principle-fundamental-algebra.exercise.polynomial-iff-pole-infinity-removable"",""source_binding"":{""content_sha256"":""sha256:20c80a96fc955f473b081752008c64642d148900921d82a64118248d148a1de0"",""edition_id"":""urn:uuid:d8876a3c-8cdf-5076-b243-9f9de1f2d514"",""locator"":""raw lines 2528-2536"",""source_path"":""source/ra-v6.3/ch-approximate.tex""},""source_local_id"":""ra.v2.functions-as-limits.maximum-principle-fundamental-algebra.exercise.polynomial-iff-pole-infinity-removable"",""status"":""active"",""supersedes_id"":null,""title"":""Characterize when a rational function equals a nonconstant polynomial off its singular set; source points to the preceding exercises."",""unit_kind"":""exercise"",""workflow_id"":""01a01f57-a34b-7740-9717-596b8116910c/backend-production-v0.4-live""},""$support"":{""answer_ids"":[],""hint_ids"":[""urn:uuid:001bce73-63af-578c-8bcf-0ca67506d3d6""],""solution_ids"":[]}}"
"urn:uuid:f9148ead-7437-5e63-8902-e0f4af0af47d","lebl.ra.unit.o001.ra.v2.functions-as-limits.maximum-principle-fundamental-algebra.exercise.removable-or-pole","urn:uuid:884aba97-efd2-550c-a975-a98df314c5d8","LEBL-O001-R006-0006","hint_only","[""urn:uuid:0ea4bfa7-2939-59f6-b25e-e894a686ea59""]","[]","[]","{""$exercise"":{""concept_ids"":[],""edition_id"":""urn:uuid:d8876a3c-8cdf-5076-b243-9f9de1f2d514"",""exercise_metadata"":{""answer_format"":""proof"",""response_expected"":true,""solution_status"":""hint_only"",""source_number"":""LEBL-O001-R006-0006""},""id"":""urn:uuid:f9148ead-7437-5e63-8902-e0f4af0af47d"",""label"":""Latihan O001 06"",""locale_states"":[{""edition_id"":""urn:uuid:d8876a3c-8cdf-5076-b243-9f9de1f2d514"",""locale"":""en"",""state"":""source_frozen""},{""edition_id"":""urn:uuid:2985f369-c946-5392-be8c-902d3c9215b2"",""locale"":""id-ID"",""state"":""structurally_verified""}],""manifest_binding"":{""edition_key"":""lebl.ra.edition.id-id-volume1-complete-2026-08-21"",""input_schema"":""lebl-translation-unit-v1"",""locale"":""id-ID"",""notes"":""{\""edition_id\"":\""ra.v6.3.00f5a863\"",\""exercise_id\"":\""ra.v2.functions-as-limits.maximum-principle-fundamental-algebra.exercise.removable-or-pole\"",\""gap_id\"":\""LEBL-O001-R006-0006\"",\""hint_present\"":true,\""mapping_target\"":\""O001\"",\""notes\"":\""Classify an isolated singularity of a rational function as removable or a pole; source points to the previous exercise.\"",\""resource_id\"":\""R006\"",\""schema\"":\""lebl-o001-solution-gap-v1\"",\""source_label\"":null,\""source_path\"":\""source/ra-v6.3/ch-approximate.tex\"",\""source_selector\"":\""raw lines 2521-2526\"",\""source_solution_present\"":false,\""status\"":\""open_solution_gap\"",\""target_path\"":\""translation/ra/ch-approximate.tex\"",\""target_selector\"":\""raw lines 2531-2536\""}"",""qa"":""Exact O001 source/target slice binding; no answer or solution invented."",""resource_key"":""R006"",""rights_key"":""rights.ra.book.cc-by-sa-4.0"",""source_components"":[{""path"":""source/ra-v6.3/ch-approximate.tex"",""selector"":""raw lines 2521-2526"",""sha256"":""7210e9966a084aad740034c7584bdc879fad7af2aef6e10869be8f56d5d210a0""}],""state"":""structurally_verified"",""target_components"":[{""path"":""translation/ra/ch-approximate.tex"",""selector"":""raw lines 2531-2536"",""sha256"":""fe6029a39d9bffe89b96bc5a49a0743d351bf7bfeb2bb385830bca4b58dc2b5c""}],""title_target"":""Latihan O001 06"",""translated_at"":""2026-08-24""},""order_key"":""8006"",""parent_id"":""urn:uuid:bde7e59e-3795-56e8-9ddb-4aa196c50483"",""prerequisite_ids"":[],""record_type"":""unit"",""recorded_at"":""2026-08-24T00:00:00Z"",""resource_id"":""urn:uuid:884aba97-efd2-550c-a975-a98df314c5d8"",""rights_id"":""urn:uuid:a0273f1c-6fad-54c7-a75a-32a5161da656"",""schema_name"":""lebl.backend.record"",""schema_version"":""0.3.0"",""semantic_aliases"":[],""semantic_key"":""lebl.ra.unit.o001.ra.v2.functions-as-limits.maximum-principle-fundamental-algebra.exercise.removable-or-pole"",""source_binding"":{""content_sha256"":""sha256:7210e9966a084aad740034c7584bdc879fad7af2aef6e10869be8f56d5d210a0"",""edition_id"":""urn:uuid:d8876a3c-8cdf-5076-b243-9f9de1f2d514"",""locator"":""raw lines 2521-2526"",""source_path"":""source/ra-v6.3/ch-approximate.tex""},""source_local_id"":""ra.v2.functions-as-limits.maximum-principle-fundamental-algebra.exercise.removable-or-pole"",""status"":""active"",""supersedes_id"":null,""title"":""Classify an isolated singularity of a rational function as removable or a pole; source points to the previous exercise."",""unit_kind"":""exercise"",""workflow_id"":""01a01f57-a34b-7740-9717-596b8116910c/backend-production-v0.4-live""},""$support"":{""answer_ids"":[],""hint_ids"":[""urn:uuid:0ea4bfa7-2939-59f6-b25e-e894a686ea59""],""solution_ids"":[]}}"
"urn:uuid:98b1eafa-9036-5ed5-9ddb-51d6a94ac9ac","lebl.ra.unit.o001.ra.v2.functions-as-limits.maximum-principle-fundamental-algebra.exercise.removable-singularity-cancellation","urn:uuid:884aba97-efd2-550c-a975-a98df314c5d8","LEBL-O001-R006-0005","hint_only","[""urn:uuid:860d331f-aa20-589a-8d32-2c71e532a2df""]","[]","[]","{""$exercise"":{""concept_ids"":[],""edition_id"":""urn:uuid:d8876a3c-8cdf-5076-b243-9f9de1f2d514"",""exercise_metadata"":{""answer_format"":""proof"",""response_expected"":true,""solution_status"":""hint_only"",""source_number"":""LEBL-O001-R006-0005""},""id"":""urn:uuid:98b1eafa-9036-5ed5-9ddb-51d6a94ac9ac"",""label"":""Latihan O001 05"",""locale_states"":[{""edition_id"":""urn:uuid:d8876a3c-8cdf-5076-b243-9f9de1f2d514"",""locale"":""en"",""state"":""source_frozen""},{""edition_id"":""urn:uuid:2985f369-c946-5392-be8c-902d3c9215b2"",""locale"":""id-ID"",""state"":""structurally_verified""}],""manifest_binding"":{""edition_key"":""lebl.ra.edition.id-id-volume1-complete-2026-08-21"",""input_schema"":""lebl-translation-unit-v1"",""locale"":""id-ID"",""notes"":""{\""edition_id\"":\""ra.v6.3.00f5a863\"",\""exercise_id\"":\""ra.v2.functions-as-limits.maximum-principle-fundamental-algebra.exercise.removable-singularity-cancellation\"",\""gap_id\"":\""LEBL-O001-R006-0005\"",\""hint_present\"":true,\""mapping_target\"":\""O001\"",\""notes\"":\""Cancel a removable rational singularity; source hint reduces to z_0=0.\"",\""resource_id\"":\""R006\"",\""schema\"":\""lebl-o001-solution-gap-v1\"",\""source_label\"":null,\""source_path\"":\""source/ra-v6.3/ch-approximate.tex\"",\""source_selector\"":\""raw lines 2511-2519\"",\""source_solution_present\"":false,\""status\"":\""open_solution_gap\"",\""target_path\"":\""translation/ra/ch-approximate.tex\"",\""target_selector\"":\""raw lines 2521-2529\""}"",""qa"":""Exact O001 source/target slice binding; no answer or solution invented."",""resource_key"":""R006"",""rights_key"":""rights.ra.book.cc-by-sa-4.0"",""source_components"":[{""path"":""source/ra-v6.3/ch-approximate.tex"",""selector"":""raw lines 2511-2519"",""sha256"":""09e7978d38405c665f0a3fc9b4ca589cb43c31e74a39bc1e2fef311b33f451a7""}],""state"":""structurally_verified"",""target_components"":[{""path"":""translation/ra/ch-approximate.tex"",""selector"":""raw lines 2521-2529"",""sha256"":""317442a4aedec5b646182a3b2d52c480b30ffeb270a7f0ea0b7629630c041999""}],""title_target"":""Latihan O001 05"",""translated_at"":""2026-08-24""},""order_key"":""8005"",""parent_id"":""urn:uuid:bde7e59e-3795-56e8-9ddb-4aa196c50483"",""prerequisite_ids"":[],""record_type"":""unit"",""recorded_at"":""2026-08-24T00:00:00Z"",""resource_id"":""urn:uuid:884aba97-efd2-550c-a975-a98df314c5d8"",""rights_id"":""urn:uuid:a0273f1c-6fad-54c7-a75a-32a5161da656"",""schema_name"":""lebl.backend.record"",""schema_version"":""0.3.0"",""semantic_aliases"":[],""semantic_key"":""lebl.ra.unit.o001.ra.v2.functions-as-limits.maximum-principle-fundamental-algebra.exercise.removable-singularity-cancellation"",""source_binding"":{""content_sha256"":""sha256:09e7978d38405c665f0a3fc9b4ca589cb43c31e74a39bc1e2fef311b33f451a7"",""edition_id"":""urn:uuid:d8876a3c-8cdf-5076-b243-9f9de1f2d514"",""locator"":""raw lines 2511-2519"",""source_path"":""source/ra-v6.3/ch-approximate.tex""},""source_local_id"":""ra.v2.functions-as-limits.maximum-principle-fundamental-algebra.exercise.removable-singularity-cancellation"",""status"":""active"",""supersedes_id"":null,""title"":""Cancel a removable rational singularity; source hint reduces to z_0=0."",""unit_kind"":""exercise"",""workflow_id"":""01a01f57-a34b-7740-9717-596b8116910c/backend-production-v0.4-live""},""$support"":{""answer_ids"":[],""hint_ids"":[""urn:uuid:860d331f-aa20-589a-8d32-2c71e532a2df""],""solution_ids"":[]}}"
"urn:uuid:9c80ea90-b216-5c67-8034-a0b61caffbc6","lebl.ra.unit.o001.ra.v2.stone-weierstrass.exercise.bounded-degree-polynomial-limit","urn:uuid:884aba97-efd2-550c-a975-a98df314c5d8","LEBL-O001-R006-0010","hint_only","[""urn:uuid:0f661015-4eba-5079-92f3-82c05f2dcebe""]","[]","[]","{""$exercise"":{""concept_ids"":[],""edition_id"":""urn:uuid:d8876a3c-8cdf-5076-b243-9f9de1f2d514"",""exercise_metadata"":{""answer_format"":""proof"",""response_expected"":true,""solution_status"":""hint_only"",""source_number"":""LEBL-O001-R006-0010""},""id"":""urn:uuid:9c80ea90-b216-5c67-8034-a0b61caffbc6"",""label"":""Latihan O001 10"",""locale_states"":[{""edition_id"":""urn:uuid:d8876a3c-8cdf-5076-b243-9f9de1f2d514"",""locale"":""en"",""state"":""source_frozen""},{""edition_id"":""urn:uuid:2985f369-c946-5392-be8c-902d3c9215b2"",""locale"":""id-ID"",""state"":""structurally_verified""}],""manifest_binding"":{""edition_key"":""lebl.ra.edition.id-id-volume1-complete-2026-08-21"",""input_schema"":""lebl-translation-unit-v1"",""locale"":""id-ID"",""notes"":""{\""edition_id\"":\""ra.v6.3.00f5a863\"",\""exercise_id\"":\""ra.v2.stone-weierstrass.exercise.bounded-degree-polynomial-limit\"",\""gap_id\"":\""LEBL-O001-R006-0010\"",\""hint_present\"":true,\""mapping_target\"":\""O001\"",\""notes\"":\""Prove that a uniform limit of complex polynomials of degree at most d still has degree at most d; target applies the recorded ADV-0255 scalar-field repair in the linear-algebra hint and invents no solution.\"",\""resource_id\"":\""R006\"",\""schema\"":\""lebl-o001-solution-gap-v1\"",\""source_label\"":null,\""source_path\"":\""source/ra-v6.3/ch-approximate.tex\"",\""source_selector\"":\""raw lines 4007-4020\"",\""source_solution_present\"":false,\""status\"":\""open_solution_gap\"",\""target_path\"":\""translation/ra/ch-approximate.tex\"",\""target_selector\"":\""raw lines 4016-4026\""}"",""qa"":""Exact O001 source/target slice binding; no answer or solution invented."",""resource_key"":""R006"",""rights_key"":""rights.ra.book.cc-by-sa-4.0"",""source_components"":[{""path"":""source/ra-v6.3/ch-approximate.tex"",""selector"":""raw lines 4007-4020"",""sha256"":""aa10d88c66f63c28dd1dce38a8cb626d92ce7f72e96c5f12f28b85ef33ffbc68""}],""state"":""structurally_verified"",""target_components"":[{""path"":""translation/ra/ch-approximate.tex"",""selector"":""raw lines 4016-4026"",""sha256"":""10c59ca1ee62260d31795dde2b8abe643896fe26fc27ab1812176ca5e4251bcb""}],""title_target"":""Latihan O001 10"",""translated_at"":""2026-08-24""},""order_key"":""8010"",""parent_id"":""urn:uuid:93a6ee61-5523-56c1-ba00-55320a3c8ba2"",""prerequisite_ids"":[],""record_type"":""unit"",""recorded_at"":""2026-08-24T00:00:00Z"",""resource_id"":""urn:uuid:884aba97-efd2-550c-a975-a98df314c5d8"",""rights_id"":""urn:uuid:a0273f1c-6fad-54c7-a75a-32a5161da656"",""schema_name"":""lebl.backend.record"",""schema_version"":""0.3.0"",""semantic_aliases"":[],""semantic_key"":""lebl.ra.unit.o001.ra.v2.stone-weierstrass.exercise.bounded-degree-polynomial-limit"",""source_binding"":{""content_sha256"":""sha256:aa10d88c66f63c28dd1dce38a8cb626d92ce7f72e96c5f12f28b85ef33ffbc68"",""edition_id"":""urn:uuid:d8876a3c-8cdf-5076-b243-9f9de1f2d514"",""locator"":""raw lines 4007-4020"",""source_path"":""source/ra-v6.3/ch-approximate.tex""},""source_local_id"":""ra.v2.stone-weierstrass.exercise.bounded-degree-polynomial-limit"",""status"":""active"",""supersedes_id"":null,""title"":""Prove that a uniform limit of complex polynomials of degree at most d still has degree at most d; target applies the recorded ADV-0255 scalar-field repair in the linear-algebra hint and invents no solution."",""unit_kind"":""exercise"",""workflow_id"":""01a01f57-a34b-7740-9717-596b8116910c/backend-production-v0.4-live""},""$support"":{""answer_ids"":[],""hint_ids"":[""urn:uuid:0f661015-4eba-5079-92f3-82c05f2dcebe""],""solution_ids"":[]}}"
"urn:uuid:1f1c9b6b-0e98-55fe-9384-38161ebb0f3a","lebl.ra.unit.o001.ra.v2.stone-weierstrass.exercise.closure-of-algebra","urn:uuid:884aba97-efd2-550c-a975-a98df314c5d8","LEBL-O001-R006-0008","hint_only","[""urn:uuid:4ae4721c-90bf-542d-bce5-f67e6140c329""]","[]","[]","{""$exercise"":{""concept_ids"":[],""edition_id"":""urn:uuid:d8876a3c-8cdf-5076-b243-9f9de1f2d514"",""exercise_metadata"":{""answer_format"":""proof"",""response_expected"":true,""solution_status"":""hint_only"",""source_number"":""LEBL-O001-R006-0008""},""id"":""urn:uuid:1f1c9b6b-0e98-55fe-9384-38161ebb0f3a"",""label"":""Latihan O001 08"",""locale_states"":[{""edition_id"":""urn:uuid:d8876a3c-8cdf-5076-b243-9f9de1f2d514"",""locale"":""en"",""state"":""source_frozen""},{""edition_id"":""urn:uuid:2985f369-c946-5392-be8c-902d3c9215b2"",""locale"":""id-ID"",""state"":""structurally_verified""}],""manifest_binding"":{""edition_key"":""lebl.ra.edition.id-id-volume1-complete-2026-08-21"",""input_schema"":""lebl-translation-unit-v1"",""locale"":""id-ID"",""notes"":""{\""edition_id\"":\""ra.v6.3.00f5a863\"",\""exercise_id\"":\""ra.v2.stone-weierstrass.exercise.closure-of-algebra\"",\""gap_id\"":\""LEBL-O001-R006-0008\"",\""hint_present\"":true,\""mapping_target\"":\""O001\"",\""notes\"":\""Prove that the closure of a complex or real function algebra is again an algebra; source supplies a uniform-boundedness hint and the translation invents no solution.\"",\""resource_id\"":\""R006\"",\""schema\"":\""lebl-o001-solution-gap-v1\"",\""source_label\"":null,\""source_path\"":\""source/ra-v6.3/ch-approximate.tex\"",\""source_selector\"":\""raw lines 3992-3998\"",\""source_solution_present\"":false,\""status\"":\""open_solution_gap\"",\""target_path\"":\""translation/ra/ch-approximate.tex\"",\""target_selector\"":\""raw lines 4001-4007\""}"",""qa"":""Exact O001 source/target slice binding; no answer or solution invented."",""resource_key"":""R006"",""rights_key"":""rights.ra.book.cc-by-sa-4.0"",""source_components"":[{""path"":""source/ra-v6.3/ch-approximate.tex"",""selector"":""raw lines 3992-3998"",""sha256"":""86ffd82873cefb81f24861aa520cd75703bc05ec47e61016e3c2e912ad6182d8""}],""state"":""structurally_verified"",""target_components"":[{""path"":""translation/ra/ch-approximate.tex"",""selector"":""raw lines 4001-4007"",""sha256"":""d440aa4f67260b8184888065bc082fe4eaf4a2c99629e20c7dc2e14dc63135de""}],""title_target"":""Latihan O001 08"",""translated_at"":""2026-08-24""},""order_key"":""8008"",""parent_id"":""urn:uuid:93a6ee61-5523-56c1-ba00-55320a3c8ba2"",""prerequisite_ids"":[],""record_type"":""unit"",""recorded_at"":""2026-08-24T00:00:00Z"",""resource_id"":""urn:uuid:884aba97-efd2-550c-a975-a98df314c5d8"",""rights_id"":""urn:uuid:a0273f1c-6fad-54c7-a75a-32a5161da656"",""schema_name"":""lebl.backend.record"",""schema_version"":""0.3.0"",""semantic_aliases"":[],""semantic_key"":""lebl.ra.unit.o001.ra.v2.stone-weierstrass.exercise.closure-of-algebra"",""source_binding"":{""content_sha256"":""sha256:86ffd82873cefb81f24861aa520cd75703bc05ec47e61016e3c2e912ad6182d8"",""edition_id"":""urn:uuid:d8876a3c-8cdf-5076-b243-9f9de1f2d514"",""locator"":""raw lines 3992-3998"",""source_path"":""source/ra-v6.3/ch-approximate.tex""},""source_local_id"":""ra.v2.stone-weierstrass.exercise.closure-of-algebra"",""status"":""active"",""supersedes_id"":null,""title"":""Prove that the closure of a complex or real function algebra is again an algebra; source supplies a uniform-boundedness hint and the translation invents no solution."",""unit_kind"":""exercise"",""workflow_id"":""01a01f57-a34b-7740-9717-596b8116910c/backend-production-v0.4-live""},""$support"":{""answer_ids"":[],""hint_ids"":[""urn:uuid:4ae4721c-90bf-542d-bce5-f67e6140c329""],""solution_ids"":[]}}"
"urn:uuid:1985a2a4-0a6e-5d7a-8b89-49b7445535a8","lebl.ra.unit.o001.ra.v2.stone-weierstrass.exercise.continuous-linear-functional-moments","urn:uuid:884aba97-efd2-550c-a975-a98df314c5d8","LEBL-O001-R006-0012","none","[]","[]","[]","{""$exercise"":{""concept_ids"":[],""edition_id"":""urn:uuid:d8876a3c-8cdf-5076-b243-9f9de1f2d514"",""exercise_metadata"":{""answer_format"":""proof"",""response_expected"":true,""solution_status"":""none"",""source_number"":""LEBL-O001-R006-0012""},""id"":""urn:uuid:1985a2a4-0a6e-5d7a-8b89-49b7445535a8"",""label"":""Latihan O001 12"",""locale_states"":[{""edition_id"":""urn:uuid:d8876a3c-8cdf-5076-b243-9f9de1f2d514"",""locale"":""en"",""state"":""source_frozen""},{""edition_id"":""urn:uuid:2985f369-c946-5392-be8c-902d3c9215b2"",""locale"":""id-ID"",""state"":""structurally_verified""}],""manifest_binding"":{""edition_key"":""lebl.ra.edition.id-id-volume1-complete-2026-08-21"",""input_schema"":""lebl-translation-unit-v1"",""locale"":""id-ID"",""notes"":""{\""edition_id\"":\""ra.v6.3.00f5a863\"",\""exercise_id\"":\""ra.v2.stone-weierstrass.exercise.continuous-linear-functional-moments\"",\""gap_id\"":\""LEBL-O001-R006-0012\"",\""hint_present\"":false,\""mapping_target\"":\""O001\"",\""notes\"":\""Identify a continuous linear functional from its values on monomials using polynomial density; source supplies no hint or solution and the translation invents neither.\"",\""resource_id\"":\""R006\"",\""schema\"":\""lebl-o001-solution-gap-v1\"",\""source_label\"":null,\""source_path\"":\""source/ra-v6.3/ch-approximate.tex\"",\""source_selector\"":\""raw lines 4030-4036\"",\""source_solution_present\"":false,\""status\"":\""open_solution_gap\"",\""target_path\"":\""translation/ra/ch-approximate.tex\"",\""target_selector\"":\""raw lines 4036-4043\""}"",""qa"":""Exact O001 source/target slice binding; no answer or solution invented."",""resource_key"":""R006"",""rights_key"":""rights.ra.book.cc-by-sa-4.0"",""source_components"":[{""path"":""source/ra-v6.3/ch-approximate.tex"",""selector"":""raw lines 4030-4036"",""sha256"":""7843e7232dff85417c4bb3f81c8dd1d43eb401e5e7a4e0eff005909ba205a117""}],""state"":""structurally_verified"",""target_components"":[{""path"":""translation/ra/ch-approximate.tex"",""selector"":""raw lines 4036-4043"",""sha256"":""8a2e53d2f18a286e2a7a1198632b854630a8829d334399454787c2faf9cdbd68""}],""title_target"":""Latihan O001 12"",""translated_at"":""2026-08-24""},""order_key"":""8012"",""parent_id"":""urn:uuid:93a6ee61-5523-56c1-ba00-55320a3c8ba2"",""prerequisite_ids"":[],""record_type"":""unit"",""recorded_at"":""2026-08-24T00:00:00Z"",""resource_id"":""urn:uuid:884aba97-efd2-550c-a975-a98df314c5d8"",""rights_id"":""urn:uuid:a0273f1c-6fad-54c7-a75a-32a5161da656"",""schema_name"":""lebl.backend.record"",""schema_version"":""0.3.0"",""semantic_aliases"":[],""semantic_key"":""lebl.ra.unit.o001.ra.v2.stone-weierstrass.exercise.continuous-linear-functional-moments"",""source_binding"":{""content_sha256"":""sha256:7843e7232dff85417c4bb3f81c8dd1d43eb401e5e7a4e0eff005909ba205a117"",""edition_id"":""urn:uuid:d8876a3c-8cdf-5076-b243-9f9de1f2d514"",""locator"":""raw lines 4030-4036"",""source_path"":""source/ra-v6.3/ch-approximate.tex""},""source_local_id"":""ra.v2.stone-weierstrass.exercise.continuous-linear-functional-moments"",""status"":""active"",""supersedes_id"":null,""title"":""Identify a continuous linear functional from its values on monomials using polynomial density; source supplies no hint or solution and the translation invents neither."",""unit_kind"":""exercise"",""workflow_id"":""01a01f57-a34b-7740-9717-596b8116910c/backend-production-v0.4-live""},""$support"":{""answer_ids"":[],""hint_ids"":[],""solution_ids"":[]}}"
"urn:uuid:72a8940a-e50a-5e72-8624-d611680e367a","lebl.ra.unit.o001.ra.v2.stone-weierstrass.exercise.distance-functions-in-closure-imply-density","urn:uuid:884aba97-efd2-550c-a975-a98df314c5d8","LEBL-O001-R006-0018","none","[]","[]","[]","{""$exercise"":{""concept_ids"":[],""edition_id"":""urn:uuid:d8876a3c-8cdf-5076-b243-9f9de1f2d514"",""exercise_metadata"":{""answer_format"":""proof"",""response_expected"":true,""solution_status"":""none"",""source_number"":""LEBL-O001-R006-0018""},""id"":""urn:uuid:72a8940a-e50a-5e72-8624-d611680e367a"",""label"":""Latihan O001 18"",""locale_states"":[{""edition_id"":""urn:uuid:d8876a3c-8cdf-5076-b243-9f9de1f2d514"",""locale"":""en"",""state"":""source_frozen""},{""edition_id"":""urn:uuid:2985f369-c946-5392-be8c-902d3c9215b2"",""locale"":""id-ID"",""state"":""structurally_verified""}],""manifest_binding"":{""edition_key"":""lebl.ra.edition.id-id-volume1-complete-2026-08-21"",""input_schema"":""lebl-translation-unit-v1"",""locale"":""id-ID"",""notes"":""{\""edition_id\"":\""ra.v6.3.00f5a863\"",\""exercise_id\"":\""ra.v2.stone-weierstrass.exercise.distance-functions-in-closure-imply-density\"",\""gap_id\"":\""LEBL-O001-R006-0018\"",\""hint_present\"":false,\""mapping_target\"":\""O001\"",\""notes\"":\""Deduce full density of a real algebra from the presence, in its closure, of every distance-to-y function on a compact metric space; source supplies no hint or solution and the translation invents neither.\"",\""resource_id\"":\""R006\"",\""schema\"":\""lebl-o001-solution-gap-v1\"",\""source_label\"":null,\""source_path\"":\""source/ra-v6.3/ch-approximate.tex\"",\""source_selector\"":\""raw lines 4133-4139\"",\""source_solution_present\"":false,\""status\"":\""open_solution_gap\"",\""target_path\"":\""translation/ra/ch-approximate.tex\"",\""target_selector\"":\""raw lines 4140-4146\""}"",""qa"":""Exact O001 source/target slice binding; no answer or solution invented."",""resource_key"":""R006"",""rights_key"":""rights.ra.book.cc-by-sa-4.0"",""source_components"":[{""path"":""source/ra-v6.3/ch-approximate.tex"",""selector"":""raw lines 4133-4139"",""sha256"":""d7797303820c3963151c1805a56c86f4e58e60e5a597975c88a19a6d9e36d69d""}],""state"":""structurally_verified"",""target_components"":[{""path"":""translation/ra/ch-approximate.tex"",""selector"":""raw lines 4140-4146"",""sha256"":""bf642a667f4f4bcd4a93c0e8c5b464513a8f56f91430fe801bdfdbd3d6b1ef77""}],""title_target"":""Latihan O001 18"",""translated_at"":""2026-08-24""},""order_key"":""8018"",""parent_id"":""urn:uuid:1195f8ce-201b-527d-a22b-5ef88a45ed3f"",""prerequisite_ids"":[],""record_type"":""unit"",""recorded_at"":""2026-08-24T00:00:00Z"",""resource_id"":""urn:uuid:884aba97-efd2-550c-a975-a98df314c5d8"",""rights_id"":""urn:uuid:a0273f1c-6fad-54c7-a75a-32a5161da656"",""schema_name"":""lebl.backend.record"",""schema_version"":""0.3.0"",""semantic_aliases"":[],""semantic_key"":""lebl.ra.unit.o001.ra.v2.stone-weierstrass.exercise.distance-functions-in-closure-imply-density"",""source_binding"":{""content_sha256"":""sha256:d7797303820c3963151c1805a56c86f4e58e60e5a597975c88a19a6d9e36d69d"",""edition_id"":""urn:uuid:d8876a3c-8cdf-5076-b243-9f9de1f2d514"",""locator"":""raw lines 4133-4139"",""source_path"":""source/ra-v6.3/ch-approximate.tex""},""source_local_id"":""ra.v2.stone-weierstrass.exercise.distance-functions-in-closure-imply-density"",""status"":""active"",""supersedes_id"":null,""title"":""Deduce full density of a real algebra from the presence, in its closure, of every distance-to-y function on a compact metric space; source supplies no hint or solution and the translation invents neither."",""unit_kind"":""exercise"",""workflow_id"":""01a01f57-a34b-7740-9717-596b8116910c/backend-production-v0.4-live""},""$support"":{""answer_ids"":[],""hint_ids"":[],""solution_ids"":[]}}"
"urn:uuid:11b1ab2b-b081-51fa-b532-816e55e8a918","lebl.ra.unit.o001.ra.v2.stone-weierstrass.exercise.even-polynomial-algebra-domain-separation","urn:uuid:884aba97-efd2-550c-a975-a98df314c5d8","LEBL-O001-R006-0013","none","[]","[]","[]","{""$exercise"":{""concept_ids"":[],""edition_id"":""urn:uuid:d8876a3c-8cdf-5076-b243-9f9de1f2d514"",""exercise_metadata"":{""answer_format"":""proof"",""response_expected"":true,""solution_status"":""none"",""source_number"":""LEBL-O001-R006-0013""},""id"":""urn:uuid:11b1ab2b-b081-51fa-b532-816e55e8a918"",""label"":""Latihan O001 13"",""locale_states"":[{""edition_id"":""urn:uuid:d8876a3c-8cdf-5076-b243-9f9de1f2d514"",""locale"":""en"",""state"":""source_frozen""},{""edition_id"":""urn:uuid:2985f369-c946-5392-be8c-902d3c9215b2"",""locale"":""id-ID"",""state"":""structurally_verified""}],""manifest_binding"":{""edition_key"":""lebl.ra.edition.id-id-volume1-complete-2026-08-21"",""input_schema"":""lebl-translation-unit-v1"",""locale"":""id-ID"",""notes"":""{\""edition_id\"":\""ra.v6.3.00f5a863\"",\""exercise_id\"":\""ra.v2.stone-weierstrass.exercise.even-polynomial-algebra-domain-separation\"",\""gap_id\"":\""LEBL-O001-R006-0013\"",\""hint_present\"":false,\""mapping_target\"":\""O001\"",\""notes\"":\""Establish uniform density of even-power polynomials on [0,1], exhibit failure on [-1,1], and identify the failed real Stone--Weierstrass hypothesis; source supplies no hint or solution and the translation invents neither.\"",\""resource_id\"":\""R006\"",\""schema\"":\""lebl-o001-solution-gap-v1\"",\""source_label\"":null,\""source_path\"":\""source/ra-v6.3/ch-approximate.tex\"",\""source_selector\"":\""raw lines 4038-4054\"",\""source_solution_present\"":false,\""status\"":\""open_solution_gap\"",\""target_path\"":\""translation/ra/ch-approximate.tex\"",\""target_selector\"":\""raw lines 4045-4060\""}"",""qa"":""Exact O001 source/target slice binding; no answer or solution invented."",""resource_key"":""R006"",""rights_key"":""rights.ra.book.cc-by-sa-4.0"",""source_components"":[{""path"":""source/ra-v6.3/ch-approximate.tex"",""selector"":""raw lines 4038-4054"",""sha256"":""031868a4014e1df6dd1c72e29d018b66300d5d5ef3e2bdcfb0ba1d0400554a2f""}],""state"":""structurally_verified"",""target_components"":[{""path"":""translation/ra/ch-approximate.tex"",""selector"":""raw lines 4045-4060"",""sha256"":""59d3e0f58f44804a31e4c0d4958587173aeb44e70efb6d226039cd5dd204adb1""}],""title_target"":""Latihan O001 13"",""translated_at"":""2026-08-24""},""order_key"":""8013"",""parent_id"":""urn:uuid:12d15fbe-66e6-56b2-a728-c5039ab3ed8a"",""prerequisite_ids"":[],""record_type"":""unit"",""recorded_at"":""2026-08-24T00:00:00Z"",""resource_id"":""urn:uuid:884aba97-efd2-550c-a975-a98df314c5d8"",""rights_id"":""urn:uuid:a0273f1c-6fad-54c7-a75a-32a5161da656"",""schema_name"":""lebl.backend.record"",""schema_version"":""0.3.0"",""semantic_aliases"":[],""semantic_key"":""lebl.ra.unit.o001.ra.v2.stone-weierstrass.exercise.even-polynomial-algebra-domain-separation"",""source_binding"":{""content_sha256"":""sha256:031868a4014e1df6dd1c72e29d018b66300d5d5ef3e2bdcfb0ba1d0400554a2f"",""edition_id"":""urn:uuid:d8876a3c-8cdf-5076-b243-9f9de1f2d514"",""locator"":""raw lines 4038-4054"",""source_path"":""source/ra-v6.3/ch-approximate.tex""},""source_local_id"":""ra.v2.stone-weierstrass.exercise.even-polynomial-algebra-domain-separation"",""status"":""active"",""supersedes_id"":null,""title"":""Establish uniform density of even-power polynomials on [0,1], exhibit failure on [-1,1], and identify the failed real Stone--Weierstrass hypothesis; source supplies no hint or solution and the translation invents neither."",""unit_kind"":""exercise"",""workflow_id"":""01a01f57-a34b-7740-9717-596b8116910c/backend-production-v0.4-live""},""$support"":{""answer_ids"":[],""hint_ids"":[],""solution_ids"":[]}}"
"urn:uuid:b082c174-b301-5a48-9c25-079889c7fc0d","lebl.ra.unit.o001.ra.v2.stone-weierstrass.exercise.finite-point-interpolation","urn:uuid:884aba97-efd2-550c-a975-a98df314c5d8","exercise:finitelymanyweierequal","hint_only","[""urn:uuid:233461ae-981a-5fa2-b09c-72f152b50b31""]","[]","[]","{""$exercise"":{""concept_ids"":[],""edition_id"":""urn:uuid:d8876a3c-8cdf-5076-b243-9f9de1f2d514"",""exercise_metadata"":{""answer_format"":""proof"",""response_expected"":true,""solution_status"":""hint_only"",""source_number"":""exercise:finitelymanyweierequal""},""id"":""urn:uuid:b082c174-b301-5a48-9c25-079889c7fc0d"",""label"":""Latihan O001 21"",""locale_states"":[{""edition_id"":""urn:uuid:d8876a3c-8cdf-5076-b243-9f9de1f2d514"",""locale"":""en"",""state"":""source_frozen""},{""edition_id"":""urn:uuid:2985f369-c946-5392-be8c-902d3c9215b2"",""locale"":""id-ID"",""state"":""structurally_verified""}],""manifest_binding"":{""edition_key"":""lebl.ra.edition.id-id-volume1-complete-2026-08-21"",""input_schema"":""lebl-translation-unit-v1"",""locale"":""id-ID"",""notes"":""{\""edition_id\"":\""ra.v6.3.00f5a863\"",\""exercise_id\"":\""ra.v2.stone-weierstrass.exercise.finite-point-interpolation\"",\""gap_id\"":\""LEBL-O001-R006-0021\"",\""hint_present\"":true,\""mapping_target\"":\""O001\"",\""notes\"":\""Construct real polynomial sequences interpolating a continuous function at two and at finitely many points, using the source's product hint; the target adds the source-backed pairwise-distinctness qualification ADV-0256 and invents no solution.\"",\""resource_id\"":\""R006\"",\""schema\"":\""lebl-o001-solution-gap-v1\"",\""source_label\"":\""exercise:finitelymanyweierequal\"",\""source_path\"":\""source/ra-v6.3/ch-approximate.tex\"",\""source_selector\"":\""raw lines 4178-4197\"",\""source_solution_present\"":false,\""status\"":\""open_solution_gap\"",\""target_path\"":\""translation/ra/ch-approximate.tex\"",\""target_selector\"":\""raw lines 4185-4205\""}"",""qa"":""Exact O001 source/target slice binding; no answer or solution invented."",""resource_key"":""R006"",""rights_key"":""rights.ra.book.cc-by-sa-4.0"",""source_components"":[{""path"":""source/ra-v6.3/ch-approximate.tex"",""selector"":""raw lines 4178-4197"",""sha256"":""6800527510a6193254939334c8957f869ae7158bbb419478554a6db4de19e462""}],""state"":""structurally_verified"",""target_components"":[{""path"":""translation/ra/ch-approximate.tex"",""selector"":""raw lines 4185-4205"",""sha256"":""bffb3bef2a4162831f6c7aa8975c511230e2f021a20500f4efda8553b240f855""}],""title_target"":""Latihan O001 21"",""translated_at"":""2026-08-24""},""order_key"":""8021"",""parent_id"":""urn:uuid:b93e938d-9e01-504c-b130-a4945e453175"",""prerequisite_ids"":[],""record_type"":""unit"",""recorded_at"":""2026-08-24T00:00:00Z"",""resource_id"":""urn:uuid:884aba97-efd2-550c-a975-a98df314c5d8"",""rights_id"":""urn:uuid:a0273f1c-6fad-54c7-a75a-32a5161da656"",""schema_name"":""lebl.backend.record"",""schema_version"":""0.3.0"",""semantic_aliases"":[],""semantic_key"":""lebl.ra.unit.o001.ra.v2.stone-weierstrass.exercise.finite-point-interpolation"",""source_binding"":{""content_sha256"":""sha256:6800527510a6193254939334c8957f869ae7158bbb419478554a6db4de19e462"",""edition_id"":""urn:uuid:d8876a3c-8cdf-5076-b243-9f9de1f2d514"",""locator"":""raw lines 4178-4197"",""source_path"":""source/ra-v6.3/ch-approximate.tex""},""source_local_id"":""ra.v2.stone-weierstrass.exercise.finite-point-interpolation"",""status"":""active"",""supersedes_id"":null,""title"":""Construct real polynomial sequences interpolating a continuous function at two and at finitely many points, using the source's product hint; the target adds the source-backed pairwise-distinctness qualification ADV-0256 and invents no solution."",""unit_kind"":""exercise"",""workflow_id"":""01a01f57-a34b-7740-9717-596b8116910c/backend-production-v0.4-live""},""$support"":{""answer_ids"":[],""hint_ids"":[""urn:uuid:233461ae-981a-5fa2-b09c-72f152b50b31""],""solution_ids"":[]}}"
"urn:uuid:2424c71d-5062-580a-8414-f8e8848a4623","lebl.ra.unit.o001.ra.v2.stone-weierstrass.exercise.noncompact-exponential-not-polynomial-approximable","urn:uuid:884aba97-efd2-550c-a975-a98df314c5d8","LEBL-O001-R006-0009","hint_only","[""urn:uuid:7a0cf469-127c-5862-992d-dfd97b7629d2""]","[]","[]","{""$exercise"":{""concept_ids"":[],""edition_id"":""urn:uuid:d8876a3c-8cdf-5076-b243-9f9de1f2d514"",""exercise_metadata"":{""answer_format"":""proof"",""response_expected"":true,""solution_status"":""hint_only"",""source_number"":""LEBL-O001-R006-0009""},""id"":""urn:uuid:2424c71d-5062-580a-8414-f8e8848a4623"",""label"":""Latihan O001 09"",""locale_states"":[{""edition_id"":""urn:uuid:d8876a3c-8cdf-5076-b243-9f9de1f2d514"",""locale"":""en"",""state"":""source_frozen""},{""edition_id"":""urn:uuid:2985f369-c946-5392-be8c-902d3c9215b2"",""locale"":""id-ID"",""state"":""structurally_verified""}],""manifest_binding"":{""edition_key"":""lebl.ra.edition.id-id-volume1-complete-2026-08-21"",""input_schema"":""lebl-translation-unit-v1"",""locale"":""id-ID"",""notes"":""{\""edition_id\"":\""ra.v6.3.00f5a863\"",\""exercise_id\"":\""ra.v2.stone-weierstrass.exercise.noncompact-exponential-not-polynomial-approximable\"",\""gap_id\"":\""LEBL-O001-R006-0009\"",\""hint_present\"":true,\""mapping_target\"":\""O001\"",\""notes\"":\""Show that e^t cannot be uniformly approximated by polynomials on noncompact R; source hints at e^t/t^n as t tends to infinity and the translation invents no solution.\"",\""resource_id\"":\""R006\"",\""schema\"":\""lebl-o001-solution-gap-v1\"",\""source_label\"":null,\""source_path\"":\""source/ra-v6.3/ch-approximate.tex\"",\""source_selector\"":\""raw lines 4000-4005\"",\""source_solution_present\"":false,\""status\"":\""open_solution_gap\"",\""target_path\"":\""translation/ra/ch-approximate.tex\"",\""target_selector\"":\""raw lines 4009-4014\""}"",""qa"":""Exact O001 source/target slice binding; no answer or solution invented."",""resource_key"":""R006"",""rights_key"":""rights.ra.book.cc-by-sa-4.0"",""source_components"":[{""path"":""source/ra-v6.3/ch-approximate.tex"",""selector"":""raw lines 4000-4005"",""sha256"":""2b33a33f3dfa308ce6fc8d9713e8a1cf8e6ae90a1797333f0749a3c2f1dbe192""}],""state"":""structurally_verified"",""target_components"":[{""path"":""translation/ra/ch-approximate.tex"",""selector"":""raw lines 4009-4014"",""sha256"":""26c2cbdbc977bc5ed8cd3bc08d019277be930e61f5eb29149679202284d5f3a4""}],""title_target"":""Latihan O001 09"",""translated_at"":""2026-08-24""},""order_key"":""8009"",""parent_id"":""urn:uuid:93a6ee61-5523-56c1-ba00-55320a3c8ba2"",""prerequisite_ids"":[],""record_type"":""unit"",""recorded_at"":""2026-08-24T00:00:00Z"",""resource_id"":""urn:uuid:884aba97-efd2-550c-a975-a98df314c5d8"",""rights_id"":""urn:uuid:a0273f1c-6fad-54c7-a75a-32a5161da656"",""schema_name"":""lebl.backend.record"",""schema_version"":""0.3.0"",""semantic_aliases"":[],""semantic_key"":""lebl.ra.unit.o001.ra.v2.stone-weierstrass.exercise.noncompact-exponential-not-polynomial-approximable"",""source_binding"":{""content_sha256"":""sha256:2b33a33f3dfa308ce6fc8d9713e8a1cf8e6ae90a1797333f0749a3c2f1dbe192"",""edition_id"":""urn:uuid:d8876a3c-8cdf-5076-b243-9f9de1f2d514"",""locator"":""raw lines 4000-4005"",""source_path"":""source/ra-v6.3/ch-approximate.tex""},""source_local_id"":""ra.v2.stone-weierstrass.exercise.noncompact-exponential-not-polynomial-approximable"",""status"":""active"",""supersedes_id"":null,""title"":""Show that e^t cannot be uniformly approximated by polynomials on noncompact R; source hints at e^t/t^n as t tends to infinity and the translation invents no solution."",""unit_kind"":""exercise"",""workflow_id"":""01a01f57-a34b-7740-9717-596b8116910c/backend-production-v0.4-live""},""$support"":{""answer_ids"":[],""hint_ids"":[""urn:uuid:7a0cf469-127c-5862-992d-dfd97b7629d2""],""solution_ids"":[]}}"
"urn:uuid:41b69d23-1d05-5e24-a8f2-f5ac55b989c9","lebl.ra.unit.o001.ra.v2.stone-weierstrass.exercise.one-point-vanishing-algebra-density","urn:uuid:884aba97-efd2-550c-a975-a98df314c5d8","LEBL-O001-R006-0017","none","[]","[]","[]","{""$exercise"":{""concept_ids"":[],""edition_id"":""urn:uuid:d8876a3c-8cdf-5076-b243-9f9de1f2d514"",""exercise_metadata"":{""answer_format"":""proof"",""response_expected"":true,""solution_status"":""none"",""source_number"":""LEBL-O001-R006-0017""},""id"":""urn:uuid:41b69d23-1d05-5e24-a8f2-f5ac55b989c9"",""label"":""Latihan O001 17"",""locale_states"":[{""edition_id"":""urn:uuid:d8876a3c-8cdf-5076-b243-9f9de1f2d514"",""locale"":""en"",""state"":""source_frozen""},{""edition_id"":""urn:uuid:2985f369-c946-5392-be8c-902d3c9215b2"",""locale"":""id-ID"",""state"":""structurally_verified""}],""manifest_binding"":{""edition_key"":""lebl.ra.edition.id-id-volume1-complete-2026-08-21"",""input_schema"":""lebl-translation-unit-v1"",""locale"":""id-ID"",""notes"":""{\""edition_id\"":\""ra.v6.3.00f5a863\"",\""exercise_id\"":\""ra.v2.stone-weierstrass.exercise.one-point-vanishing-algebra-density\"",\""gap_id\"":\""LEBL-O001-R006-0017\"",\""hint_present\"":false,\""mapping_target\"":\""O001\"",\""notes\"":\""Prove uniform density, on the subspace of continuous real-valued functions vanishing at x_0, for a point-separating real algebra whose members have exactly that one common zero; source supplies no hint or solution and the translation invents neither.\"",\""resource_id\"":\""R006\"",\""schema\"":\""lebl-o001-solution-gap-v1\"",\""source_label\"":null,\""source_path\"":\""source/ra-v6.3/ch-approximate.tex\"",\""source_selector\"":\""raw lines 4122-4131\"",\""source_solution_present\"":false,\""status\"":\""open_solution_gap\"",\""target_path\"":\""translation/ra/ch-approximate.tex\"",\""target_selector\"":\""raw lines 4129-4138\""}"",""qa"":""Exact O001 source/target slice binding; no answer or solution invented."",""resource_key"":""R006"",""rights_key"":""rights.ra.book.cc-by-sa-4.0"",""source_components"":[{""path"":""source/ra-v6.3/ch-approximate.tex"",""selector"":""raw lines 4122-4131"",""sha256"":""ca040b3df79788014a0ebbb49d4a9dd5cec336668fb2573dc0d4fca977586959""}],""state"":""structurally_verified"",""target_components"":[{""path"":""translation/ra/ch-approximate.tex"",""selector"":""raw lines 4129-4138"",""sha256"":""3e9e3ab0ca7e323c368765bc4f1d02de6856fb237a4a5a1e87b6769e9fc3bbf4""}],""title_target"":""Latihan O001 17"",""translated_at"":""2026-08-24""},""order_key"":""8017"",""parent_id"":""urn:uuid:a3089351-8b47-50bf-8f79-2a0f1dd0c231"",""prerequisite_ids"":[],""record_type"":""unit"",""recorded_at"":""2026-08-24T00:00:00Z"",""resource_id"":""urn:uuid:884aba97-efd2-550c-a975-a98df314c5d8"",""rights_id"":""urn:uuid:a0273f1c-6fad-54c7-a75a-32a5161da656"",""schema_name"":""lebl.backend.record"",""schema_version"":""0.3.0"",""semantic_aliases"":[],""semantic_key"":""lebl.ra.unit.o001.ra.v2.stone-weierstrass.exercise.one-point-vanishing-algebra-density"",""source_binding"":{""content_sha256"":""sha256:ca040b3df79788014a0ebbb49d4a9dd5cec336668fb2573dc0d4fca977586959"",""edition_id"":""urn:uuid:d8876a3c-8cdf-5076-b243-9f9de1f2d514"",""locator"":""raw lines 4122-4131"",""source_path"":""source/ra-v6.3/ch-approximate.tex""},""source_local_id"":""ra.v2.stone-weierstrass.exercise.one-point-vanishing-algebra-density"",""status"":""active"",""supersedes_id"":null,""title"":""Prove uniform density, on the subspace of continuous real-valued functions vanishing at x_0, for a point-separating real algebra whose members have exactly that one common zero; source supplies no hint or solution and the translation invents neither."",""unit_kind"":""exercise"",""workflow_id"":""01a01f57-a34b-7740-9717-596b8116910c/backend-production-v0.4-live""},""$support"":{""answer_ids"":[],""hint_ids"":[],""solution_ids"":[]}}"
"urn:uuid:fbc39f89-a182-5cc8-b1c3-694c5ec8fc1f","lebl.ra.unit.o001.ra.v2.stone-weierstrass.exercise.parity-preserving-polynomial-approximation","urn:uuid:884aba97-efd2-550c-a975-a98df314c5d8","LEBL-O001-R006-0020","none","[]","[]","[]","{""$exercise"":{""concept_ids"":[],""edition_id"":""urn:uuid:d8876a3c-8cdf-5076-b243-9f9de1f2d514"",""exercise_metadata"":{""answer_format"":""proof"",""response_expected"":true,""solution_status"":""none"",""source_number"":""LEBL-O001-R006-0020""},""id"":""urn:uuid:fbc39f89-a182-5cc8-b1c3-694c5ec8fc1f"",""label"":""Latihan O001 20"",""locale_states"":[{""edition_id"":""urn:uuid:d8876a3c-8cdf-5076-b243-9f9de1f2d514"",""locale"":""en"",""state"":""source_frozen""},{""edition_id"":""urn:uuid:2985f369-c946-5392-be8c-902d3c9215b2"",""locale"":""id-ID"",""state"":""structurally_verified""}],""manifest_binding"":{""edition_key"":""lebl.ra.edition.id-id-volume1-complete-2026-08-21"",""input_schema"":""lebl-translation-unit-v1"",""locale"":""id-ID"",""notes"":""{\""edition_id\"":\""ra.v6.3.00f5a863\"",\""exercise_id\"":\""ra.v2.stone-weierstrass.exercise.parity-preserving-polynomial-approximation\"",\""gap_id\"":\""LEBL-O001-R006-0020\"",\""hint_present\"":false,\""mapping_target\"":\""O001\"",\""notes\"":\""Prove uniform approximation of even and odd functions by polynomials containing only powers of matching parity; source supplies no hint or solution and the translation invents neither.\"",\""resource_id\"":\""R006\"",\""schema\"":\""lebl-o001-solution-gap-v1\"",\""source_label\"":null,\""source_path\"":\""source/ra-v6.3/ch-approximate.tex\"",\""source_selector\"":\""raw lines 4163-4176\"",\""source_solution_present\"":false,\""status\"":\""open_solution_gap\"",\""target_path\"":\""translation/ra/ch-approximate.tex\"",\""target_selector\"":\""raw lines 4170-4183\""}"",""qa"":""Exact O001 source/target slice binding; no answer or solution invented."",""resource_key"":""R006"",""rights_key"":""rights.ra.book.cc-by-sa-4.0"",""source_components"":[{""path"":""source/ra-v6.3/ch-approximate.tex"",""selector"":""raw lines 4163-4176"",""sha256"":""2e802d0c96f6ec88c31b4b6668c7330bc8c1fd9e2224d277fc2abfd4a74afab9""}],""state"":""structurally_verified"",""target_components"":[{""path"":""translation/ra/ch-approximate.tex"",""selector"":""raw lines 4170-4183"",""sha256"":""eaf2f7ac102cc614fe73b506c4ab648479b52f3dec176f5abd87249b8dd7e00e""}],""title_target"":""Latihan O001 20"",""translated_at"":""2026-08-24""},""order_key"":""8020"",""parent_id"":""urn:uuid:6e8a41f0-764f-5c24-a522-b8568fb2879d"",""prerequisite_ids"":[],""record_type"":""unit"",""recorded_at"":""2026-08-24T00:00:00Z"",""resource_id"":""urn:uuid:884aba97-efd2-550c-a975-a98df314c5d8"",""rights_id"":""urn:uuid:a0273f1c-6fad-54c7-a75a-32a5161da656"",""schema_name"":""lebl.backend.record"",""schema_version"":""0.3.0"",""semantic_aliases"":[],""semantic_key"":""lebl.ra.unit.o001.ra.v2.stone-weierstrass.exercise.parity-preserving-polynomial-approximation"",""source_binding"":{""content_sha256"":""sha256:2e802d0c96f6ec88c31b4b6668c7330bc8c1fd9e2224d277fc2abfd4a74afab9"",""edition_id"":""urn:uuid:d8876a3c-8cdf-5076-b243-9f9de1f2d514"",""locator"":""raw lines 4163-4176"",""source_path"":""source/ra-v6.3/ch-approximate.tex""},""source_local_id"":""ra.v2.stone-weierstrass.exercise.parity-preserving-polynomial-approximation"",""status"":""active"",""supersedes_id"":null,""title"":""Prove uniform approximation of even and odd functions by polynomials containing only powers of matching parity; source supplies no hint or solution and the translation invents neither."",""unit_kind"":""exercise"",""workflow_id"":""01a01f57-a34b-7740-9717-596b8116910c/backend-production-v0.4-live""},""$support"":{""answer_ids"":[],""hint_ids"":[],""solution_ids"":[]}}"
"urn:uuid:50a7be22-ba24-5c55-a6e3-5b5955919079","lebl.ra.unit.o001.ra.v2.stone-weierstrass.exercise.polynomial-approximation-in-c-k-norm","urn:uuid:884aba97-efd2-550c-a975-a98df314c5d8","LEBL-O001-R006-0019","none","[]","[]","[]","{""$exercise"":{""concept_ids"":[],""edition_id"":""urn:uuid:d8876a3c-8cdf-5076-b243-9f9de1f2d514"",""exercise_metadata"":{""answer_format"":""proof"",""response_expected"":true,""solution_status"":""none"",""source_number"":""LEBL-O001-R006-0019""},""id"":""urn:uuid:50a7be22-ba24-5c55-a6e3-5b5955919079"",""label"":""Latihan O001 19"",""locale_states"":[{""edition_id"":""urn:uuid:d8876a3c-8cdf-5076-b243-9f9de1f2d514"",""locale"":""en"",""state"":""source_frozen""},{""edition_id"":""urn:uuid:2985f369-c946-5392-be8c-902d3c9215b2"",""locale"":""id-ID"",""state"":""structurally_verified""}],""manifest_binding"":{""edition_key"":""lebl.ra.edition.id-id-volume1-complete-2026-08-21"",""input_schema"":""lebl-translation-unit-v1"",""locale"":""id-ID"",""notes"":""{\""edition_id\"":\""ra.v6.3.00f5a863\"",\""exercise_id\"":\""ra.v2.stone-weierstrass.exercise.polynomial-approximation-in-c-k-norm\"",\""gap_id\"":\""LEBL-O001-R006-0019\"",\""hint_present\"":false,\""mapping_target\"":\""O001\"",\""notes\"":\""Prove polynomial approximation of continuously differentiable and k-times continuously differentiable functions in the C^1 and C^k norms; source supplies no hint or solution and the translation invents neither.\"",\""resource_id\"":\""R006\"",\""schema\"":\""lebl-o001-solution-gap-v1\"",\""source_label\"":null,\""source_path\"":\""source/ra-v6.3/ch-approximate.tex\"",\""source_selector\"":\""raw lines 4141-4161\"",\""source_solution_present\"":false,\""status\"":\""open_solution_gap\"",\""target_path\"":\""translation/ra/ch-approximate.tex\"",\""target_selector\"":\""raw lines 4148-4168\""}"",""qa"":""Exact O001 source/target slice binding; no answer or solution invented."",""resource_key"":""R006"",""rights_key"":""rights.ra.book.cc-by-sa-4.0"",""source_components"":[{""path"":""source/ra-v6.3/ch-approximate.tex"",""selector"":""raw lines 4141-4161"",""sha256"":""57513aab0a4ea4bf34dd6b75deb825ecef9006b76ed554afc290477d4db98909""}],""state"":""structurally_verified"",""target_components"":[{""path"":""translation/ra/ch-approximate.tex"",""selector"":""raw lines 4148-4168"",""sha256"":""645e63faeb096756e388cd32503e8d7b16ddb4041d563fa50031067b5fa06b7d""}],""title_target"":""Latihan O001 19"",""translated_at"":""2026-08-24""},""order_key"":""8019"",""parent_id"":""urn:uuid:4ed5ab7b-0e1a-52f9-901f-6960ac0a8e9c"",""prerequisite_ids"":[],""record_type"":""unit"",""recorded_at"":""2026-08-24T00:00:00Z"",""resource_id"":""urn:uuid:884aba97-efd2-550c-a975-a98df314c5d8"",""rights_id"":""urn:uuid:a0273f1c-6fad-54c7-a75a-32a5161da656"",""schema_name"":""lebl.backend.record"",""schema_version"":""0.3.0"",""semantic_aliases"":[],""semantic_key"":""lebl.ra.unit.o001.ra.v2.stone-weierstrass.exercise.polynomial-approximation-in-c-k-norm"",""source_binding"":{""content_sha256"":""sha256:57513aab0a4ea4bf34dd6b75deb825ecef9006b76ed554afc290477d4db98909"",""edition_id"":""urn:uuid:d8876a3c-8cdf-5076-b243-9f9de1f2d514"",""locator"":""raw lines 4141-4161"",""source_path"":""source/ra-v6.3/ch-approximate.tex""},""source_local_id"":""ra.v2.stone-weierstrass.exercise.polynomial-approximation-in-c-k-norm"",""status"":""active"",""supersedes_id"":null,""title"":""Prove polynomial approximation of continuously differentiable and k-times continuously differentiable functions in the C^1 and C^k norms; source supplies no hint or solution and the translation invents neither."",""unit_kind"":""exercise"",""workflow_id"":""01a01f57-a34b-7740-9717-596b8116910c/backend-production-v0.4-live""},""$support"":{""answer_ids"":[],""hint_ids"":[],""solution_ids"":[]}}"
"urn:uuid:f768b7a2-6cdf-5e75-b530-078c32f1383a","lebl.ra.unit.o001.ra.v2.stone-weierstrass.exercise.self-adjointness-unit-circle-integral-obstruction","urn:uuid:884aba97-efd2-550c-a975-a98df314c5d8","exercise:selfadjointSW","none","[]","[]","[]","{""$exercise"":{""concept_ids"":[],""edition_id"":""urn:uuid:d8876a3c-8cdf-5076-b243-9f9de1f2d514"",""exercise_metadata"":{""answer_format"":""proof"",""response_expected"":true,""solution_status"":""none"",""source_number"":""exercise:selfadjointSW""},""id"":""urn:uuid:f768b7a2-6cdf-5e75-b530-078c32f1383a"",""label"":""Latihan O001 16"",""locale_states"":[{""edition_id"":""urn:uuid:d8876a3c-8cdf-5076-b243-9f9de1f2d514"",""locale"":""en"",""state"":""source_frozen""},{""edition_id"":""urn:uuid:2985f369-c946-5392-be8c-902d3c9215b2"",""locale"":""id-ID"",""state"":""structurally_verified""}],""manifest_binding"":{""edition_key"":""lebl.ra.edition.id-id-volume1-complete-2026-08-21"",""input_schema"":""lebl-translation-unit-v1"",""locale"":""id-ID"",""notes"":""{\""edition_id\"":\""ra.v6.3.00f5a863\"",\""exercise_id\"":\""ra.v2.stone-weierstrass.exercise.self-adjointness-unit-circle-integral-obstruction\"",\""gap_id\"":\""LEBL-O001-R006-0016\"",\""hint_present\"":false,\""mapping_target\"":\""O001\"",\""notes\"":\""Use oriented unit-circle integrals to show the polynomial algebra in z is not self-adjoint and not dense in the continuous complex-valued functions; source supplies no hint or solution and the translation invents neither.\"",\""resource_id\"":\""R006\"",\""schema\"":\""lebl-o001-solution-gap-v1\"",\""source_label\"":\""exercise:selfadjointSW\"",\""source_path\"":\""source/ra-v6.3/ch-approximate.tex\"",\""source_selector\"":\""raw lines 4093-4120\"",\""source_solution_present\"":false,\""status\"":\""open_solution_gap\"",\""target_path\"":\""translation/ra/ch-approximate.tex\"",\""target_selector\"":\""raw lines 4100-4127\""}"",""qa"":""Exact O001 source/target slice binding; no answer or solution invented."",""resource_key"":""R006"",""rights_key"":""rights.ra.book.cc-by-sa-4.0"",""source_components"":[{""path"":""source/ra-v6.3/ch-approximate.tex"",""selector"":""raw lines 4093-4120"",""sha256"":""2607a455cb11ebd8dc9d2a56270a4c4ee739e8198c963cf074d85349e145a5ca""}],""state"":""structurally_verified"",""target_components"":[{""path"":""translation/ra/ch-approximate.tex"",""selector"":""raw lines 4100-4127"",""sha256"":""ccc15e1f475c7793b0b82f1192ea34aee0befd24def366ab560e197f0ee528c2""}],""title_target"":""Latihan O001 16"",""translated_at"":""2026-08-24""},""order_key"":""8016"",""parent_id"":""urn:uuid:f83a6fba-be4b-579d-9cda-2edfe66a2ef0"",""prerequisite_ids"":[],""record_type"":""unit"",""recorded_at"":""2026-08-24T00:00:00Z"",""resource_id"":""urn:uuid:884aba97-efd2-550c-a975-a98df314c5d8"",""rights_id"":""urn:uuid:a0273f1c-6fad-54c7-a75a-32a5161da656"",""schema_name"":""lebl.backend.record"",""schema_version"":""0.3.0"",""semantic_aliases"":[],""semantic_key"":""lebl.ra.unit.o001.ra.v2.stone-weierstrass.exercise.self-adjointness-unit-circle-integral-obstruction"",""source_binding"":{""content_sha256"":""sha256:2607a455cb11ebd8dc9d2a56270a4c4ee739e8198c963cf074d85349e145a5ca"",""edition_id"":""urn:uuid:d8876a3c-8cdf-5076-b243-9f9de1f2d514"",""locator"":""raw lines 4093-4120"",""source_path"":""source/ra-v6.3/ch-approximate.tex""},""source_local_id"":""ra.v2.stone-weierstrass.exercise.self-adjointness-unit-circle-integral-obstruction"",""status"":""active"",""supersedes_id"":null,""title"":""Use oriented unit-circle integrals to show the polynomial algebra in z is not self-adjoint and not dense in the continuous complex-valued functions; source supplies no hint or solution and the translation invents neither."",""unit_kind"":""exercise"",""workflow_id"":""01a01f57-a34b-7740-9717-596b8116910c/backend-production-v0.4-live""},""$support"":{""answer_ids"":[],""hint_ids"":[],""solution_ids"":[]}}"
"urn:uuid:ccef20e1-392a-5b86-89cf-5a2abcbe317f","lebl.ra.unit.o001.ra.v2.stone-weierstrass.exercise.trigonometric-polynomial-density","urn:uuid:884aba97-efd2-550c-a975-a98df314c5d8","exercise:trigpolydense","none","[]","[]","[]","{""$exercise"":{""concept_ids"":[],""edition_id"":""urn:uuid:d8876a3c-8cdf-5076-b243-9f9de1f2d514"",""exercise_metadata"":{""answer_format"":""proof"",""response_expected"":true,""solution_status"":""none"",""source_number"":""exercise:trigpolydense""},""id"":""urn:uuid:ccef20e1-392a-5b86-89cf-5a2abcbe317f"",""label"":""Latihan O001 15"",""locale_states"":[{""edition_id"":""urn:uuid:d8876a3c-8cdf-5076-b243-9f9de1f2d514"",""locale"":""en"",""state"":""source_frozen""},{""edition_id"":""urn:uuid:2985f369-c946-5392-be8c-902d3c9215b2"",""locale"":""id-ID"",""state"":""structurally_verified""}],""manifest_binding"":{""edition_key"":""lebl.ra.edition.id-id-volume1-complete-2026-08-21"",""input_schema"":""lebl-translation-unit-v1"",""locale"":""id-ID"",""notes"":""{\""edition_id\"":\""ra.v6.3.00f5a863\"",\""exercise_id\"":\""ra.v2.stone-weierstrass.exercise.trigonometric-polynomial-density\"",\""gap_id\"":\""LEBL-O001-R006-0015\"",\""hint_present\"":false,\""mapping_target\"":\""O001\"",\""notes\"":\""Prove uniform approximation of continuous endpoint-matched functions by finite complex exponential sums; source supplies no hint or solution and the translation invents neither.\"",\""resource_id\"":\""R006\"",\""schema\"":\""lebl-o001-solution-gap-v1\"",\""source_label\"":\""exercise:trigpolydense\"",\""source_path\"":\""source/ra-v6.3/ch-approximate.tex\"",\""source_selector\"":\""raw lines 4083-4091\"",\""source_solution_present\"":false,\""status\"":\""open_solution_gap\"",\""target_path\"":\""translation/ra/ch-approximate.tex\"",\""target_selector\"":\""raw lines 4090-4098\""}"",""qa"":""Exact O001 source/target slice binding; no answer or solution invented."",""resource_key"":""R006"",""rights_key"":""rights.ra.book.cc-by-sa-4.0"",""source_components"":[{""path"":""source/ra-v6.3/ch-approximate.tex"",""selector"":""raw lines 4083-4091"",""sha256"":""19ccdb94767f38ea17542697818833f3203d67d53c956a207e3e23270c30126a""}],""state"":""structurally_verified"",""target_components"":[{""path"":""translation/ra/ch-approximate.tex"",""selector"":""raw lines 4090-4098"",""sha256"":""de3fc453079d2f686e463310f75674d6ee7c29706f58755bcbf37a63d75d17b2""}],""title_target"":""Latihan O001 15"",""translated_at"":""2026-08-24""},""order_key"":""8015"",""parent_id"":""urn:uuid:06049b89-58f7-5a92-a6d9-2b1ea90ed46b"",""prerequisite_ids"":[],""record_type"":""unit"",""recorded_at"":""2026-08-24T00:00:00Z"",""resource_id"":""urn:uuid:884aba97-efd2-550c-a975-a98df314c5d8"",""rights_id"":""urn:uuid:a0273f1c-6fad-54c7-a75a-32a5161da656"",""schema_name"":""lebl.backend.record"",""schema_version"":""0.3.0"",""semantic_aliases"":[],""semantic_key"":""lebl.ra.unit.o001.ra.v2.stone-weierstrass.exercise.trigonometric-polynomial-density"",""source_binding"":{""content_sha256"":""sha256:19ccdb94767f38ea17542697818833f3203d67d53c956a207e3e23270c30126a"",""edition_id"":""urn:uuid:d8876a3c-8cdf-5076-b243-9f9de1f2d514"",""locator"":""raw lines 4083-4091"",""source_path"":""source/ra-v6.3/ch-approximate.tex""},""source_local_id"":""ra.v2.stone-weierstrass.exercise.trigonometric-polynomial-density"",""status"":""active"",""supersedes_id"":null,""title"":""Prove uniform approximation of continuous endpoint-matched functions by finite complex exponential sums; source supplies no hint or solution and the translation invents neither."",""unit_kind"":""exercise"",""workflow_id"":""01a01f57-a34b-7740-9717-596b8116910c/backend-production-v0.4-live""},""$support"":{""answer_ids"":[],""hint_ids"":[],""solution_ids"":[]}}"
"urn:uuid:da1c6214-0c7f-50a0-b6f8-6a489bbd2cc4","lebl.ra.unit.o001.ra.v2.stone-weierstrass.exercise.unit-circle-laurent-harmonic-polynomials","urn:uuid:884aba97-efd2-550c-a975-a98df314c5d8","LEBL-O001-R006-0014","hint_only","[""urn:uuid:5fbe09ff-7e10-5020-9210-b703c39d43e3""]","[]","[]","{""$exercise"":{""concept_ids"":[],""edition_id"":""urn:uuid:d8876a3c-8cdf-5076-b243-9f9de1f2d514"",""exercise_metadata"":{""answer_format"":""proof"",""response_expected"":true,""solution_status"":""hint_only"",""source_number"":""LEBL-O001-R006-0014""},""id"":""urn:uuid:da1c6214-0c7f-50a0-b6f8-6a489bbd2cc4"",""label"":""Latihan O001 14"",""locale_states"":[{""edition_id"":""urn:uuid:d8876a3c-8cdf-5076-b243-9f9de1f2d514"",""locale"":""en"",""state"":""source_frozen""},{""edition_id"":""urn:uuid:2985f369-c946-5392-be8c-902d3c9215b2"",""locale"":""id-ID"",""state"":""structurally_verified""}],""manifest_binding"":{""edition_key"":""lebl.ra.edition.id-id-volume1-complete-2026-08-21"",""input_schema"":""lebl-translation-unit-v1"",""locale"":""id-ID"",""notes"":""{\""edition_id\"":\""ra.v6.3.00f5a863\"",\""exercise_id\"":\""ra.v2.stone-weierstrass.exercise.unit-circle-laurent-harmonic-polynomials\"",\""gap_id\"":\""LEBL-O001-R006-0014\"",\""hint_present\"":true,\""mapping_target\"":\""O001\"",\""notes\"":\""Prove density of Laurent polynomials and their harmonic-polynomial form on the unit circle; preserve the source hint z times conjugate z equals 1 and invent no solution.\"",\""resource_id\"":\""R006\"",\""schema\"":\""lebl-o001-solution-gap-v1\"",\""source_label\"":null,\""source_path\"":\""source/ra-v6.3/ch-approximate.tex\"",\""source_selector\"":\""raw lines 4056-4081\"",\""source_solution_present\"":false,\""status\"":\""open_solution_gap\"",\""target_path\"":\""translation/ra/ch-approximate.tex\"",\""target_selector\"":\""raw lines 4062-4088\""}"",""qa"":""Exact O001 source/target slice binding; no answer or solution invented."",""resource_key"":""R006"",""rights_key"":""rights.ra.book.cc-by-sa-4.0"",""source_components"":[{""path"":""source/ra-v6.3/ch-approximate.tex"",""selector"":""raw lines 4056-4081"",""sha256"":""268f867182fdcefa6d5370dd470954f8e4d4f9ee0adb254afbadee09c29cd732""}],""state"":""structurally_verified"",""target_components"":[{""path"":""translation/ra/ch-approximate.tex"",""selector"":""raw lines 4062-4088"",""sha256"":""4b98ede88d772643cd43da0c548d4dcba33bf8d13bff2fc7ff89385d81a4f667""}],""title_target"":""Latihan O001 14"",""translated_at"":""2026-08-24""},""order_key"":""8014"",""parent_id"":""urn:uuid:4346b1c5-e3a4-52d9-a6d0-2d0fc301cae4"",""prerequisite_ids"":[],""record_type"":""unit"",""recorded_at"":""2026-08-24T00:00:00Z"",""resource_id"":""urn:uuid:884aba97-efd2-550c-a975-a98df314c5d8"",""rights_id"":""urn:uuid:a0273f1c-6fad-54c7-a75a-32a5161da656"",""schema_name"":""lebl.backend.record"",""schema_version"":""0.3.0"",""semantic_aliases"":[],""semantic_key"":""lebl.ra.unit.o001.ra.v2.stone-weierstrass.exercise.unit-circle-laurent-harmonic-polynomials"",""source_binding"":{""content_sha256"":""sha256:268f867182fdcefa6d5370dd470954f8e4d4f9ee0adb254afbadee09c29cd732"",""edition_id"":""urn:uuid:d8876a3c-8cdf-5076-b243-9f9de1f2d514"",""locator"":""raw lines 4056-4081"",""source_path"":""source/ra-v6.3/ch-approximate.tex""},""source_local_id"":""ra.v2.stone-weierstrass.exercise.unit-circle-laurent-harmonic-polynomials"",""status"":""active"",""supersedes_id"":null,""title"":""Prove density of Laurent polynomials and their harmonic-polynomial form on the unit circle; preserve the source hint z times conjugate z equals 1 and invent no solution."",""unit_kind"":""exercise"",""workflow_id"":""01a01f57-a34b-7740-9717-596b8116910c/backend-production-v0.4-live""},""$support"":{""answer_ids"":[],""hint_ids"":[""urn:uuid:5fbe09ff-7e10-5020-9210-b703c39d43e3""],""solution_ids"":[]}}"
"urn:uuid:76e04cde-0883-5f7b-aaa9-1ce51205bfbf","lebl.ra.unit.o001.ra.v2.stone-weierstrass.exercise.vanishing-moments-zero-function","urn:uuid:884aba97-efd2-550c-a975-a98df314c5d8","LEBL-O001-R006-0011","hint_only","[""urn:uuid:a895ffe1-d83a-550e-8a34-50ef52cdfc2a""]","[]","[]","{""$exercise"":{""concept_ids"":[],""edition_id"":""urn:uuid:d8876a3c-8cdf-5076-b243-9f9de1f2d514"",""exercise_metadata"":{""answer_format"":""proof"",""response_expected"":true,""solution_status"":""hint_only"",""source_number"":""LEBL-O001-R006-0011""},""id"":""urn:uuid:76e04cde-0883-5f7b-aaa9-1ce51205bfbf"",""label"":""Latihan O001 11"",""locale_states"":[{""edition_id"":""urn:uuid:d8876a3c-8cdf-5076-b243-9f9de1f2d514"",""locale"":""en"",""state"":""source_frozen""},{""edition_id"":""urn:uuid:2985f369-c946-5392-be8c-902d3c9215b2"",""locale"":""id-ID"",""state"":""structurally_verified""}],""manifest_binding"":{""edition_key"":""lebl.ra.edition.id-id-volume1-complete-2026-08-21"",""input_schema"":""lebl-translation-unit-v1"",""locale"":""id-ID"",""notes"":""{\""edition_id\"":\""ra.v6.3.00f5a863\"",\""exercise_id\"":\""ra.v2.stone-weierstrass.exercise.vanishing-moments-zero-function\"",\""gap_id\"":\""LEBL-O001-R006-0011\"",\""hint_present\"":true,\""mapping_target\"":\""O001\"",\""notes\"":\""Deduce a continuous real function is zero from all vanishing polynomial moments; source hints at polynomial approximation of f and the translation invents no solution.\"",\""resource_id\"":\""R006\"",\""schema\"":\""lebl-o001-solution-gap-v1\"",\""source_label\"":null,\""source_path\"":\""source/ra-v6.3/ch-approximate.tex\"",\""source_selector\"":\""raw lines 4022-4028\"",\""source_solution_present\"":false,\""status\"":\""open_solution_gap\"",\""target_path\"":\""translation/ra/ch-approximate.tex\"",\""target_selector\"":\""raw lines 4028-4034\""}"",""qa"":""Exact O001 source/target slice binding; no answer or solution invented."",""resource_key"":""R006"",""rights_key"":""rights.ra.book.cc-by-sa-4.0"",""source_components"":[{""path"":""source/ra-v6.3/ch-approximate.tex"",""selector"":""raw lines 4022-4028"",""sha256"":""4d715d902a99ee06dec1915e0fbc59646d5445ce741e976720987984d989f5e8""}],""state"":""structurally_verified"",""target_components"":[{""path"":""translation/ra/ch-approximate.tex"",""selector"":""raw lines 4028-4034"",""sha256"":""08dd5b305e9839cf411b864ad79b0cf7bb13d05ca7c09960716c641479c02283""}],""title_target"":""Latihan O001 11"",""translated_at"":""2026-08-24""},""order_key"":""8011"",""parent_id"":""urn:uuid:93a6ee61-5523-56c1-ba00-55320a3c8ba2"",""prerequisite_ids"":[],""record_type"":""unit"",""recorded_at"":""2026-08-24T00:00:00Z"",""resource_id"":""urn:uuid:884aba97-efd2-550c-a975-a98df314c5d8"",""rights_id"":""urn:uuid:a0273f1c-6fad-54c7-a75a-32a5161da656"",""schema_name"":""lebl.backend.record"",""schema_version"":""0.3.0"",""semantic_aliases"":[],""semantic_key"":""lebl.ra.unit.o001.ra.v2.stone-weierstrass.exercise.vanishing-moments-zero-function"",""source_binding"":{""content_sha256"":""sha256:4d715d902a99ee06dec1915e0fbc59646d5445ce741e976720987984d989f5e8"",""edition_id"":""urn:uuid:d8876a3c-8cdf-5076-b243-9f9de1f2d514"",""locator"":""raw lines 4022-4028"",""source_path"":""source/ra-v6.3/ch-approximate.tex""},""source_local_id"":""ra.v2.stone-weierstrass.exercise.vanishing-moments-zero-function"",""status"":""active"",""supersedes_id"":null,""title"":""Deduce a continuous real function is zero from all vanishing polynomial moments; source hints at polynomial approximation of f and the translation invents no solution."",""unit_kind"":""exercise"",""workflow_id"":""01a01f57-a34b-7740-9717-596b8116910c/backend-production-v0.4-live""},""$support"":{""answer_ids"":[],""hint_ids"":[""urn:uuid:a895ffe1-d83a-550e-8a34-50ef52cdfc2a""],""solution_ids"":[]}}"
