"id","semantic_key","label","definition","notation_json","source_bindings_json","rights_id","status","record_json"
"urn:uuid:001a64cc-b78d-547b-a67c-444d14e93576","lebl.ra.concept.ledger.coordinate.polar","polar coordinates","","[]","[]","urn:uuid:a0273f1c-6fad-54c7-a75a-32a5161da656","active","{""definition"":"""",""id"":""urn:uuid:001a64cc-b78d-547b-a67c-444d14e93576"",""label"":""polar coordinates"",""notation"":[],""record_type"":""concept"",""recorded_at"":""2026-08-24T00:00:00Z"",""rights_id"":""urn:uuid:a0273f1c-6fad-54c7-a75a-32a5161da656"",""schema_name"":""lebl.backend.record"",""schema_version"":""0.3.0"",""semantic_aliases"":[],""semantic_key"":""lebl.ra.concept.ledger.coordinate.polar"",""source_bindings"":[],""status"":""active"",""supersedes_id"":null,""workflow_id"":""01a01f57-a34b-7740-9717-596b8116910c/backend-production-v0.4-live""}"
"urn:uuid:00205b8c-aff2-55b0-9fa8-8ea73e7e6b4f","lebl.ra.concept.ledger.function.continuous-extension","continuous extension","","[]","[]","urn:uuid:a0273f1c-6fad-54c7-a75a-32a5161da656","active","{""definition"":"""",""id"":""urn:uuid:00205b8c-aff2-55b0-9fa8-8ea73e7e6b4f"",""label"":""continuous extension"",""notation"":[],""record_type"":""concept"",""recorded_at"":""2026-08-21T00:00:00Z"",""rights_id"":""urn:uuid:a0273f1c-6fad-54c7-a75a-32a5161da656"",""schema_name"":""lebl.backend.record"",""schema_version"":""0.3.0"",""semantic_aliases"":[],""semantic_key"":""lebl.ra.concept.ledger.function.continuous-extension"",""source_bindings"":[],""status"":""active"",""supersedes_id"":null,""workflow_id"":""01a01f57-a34b-7740-9717-596b8116910c/backend-production-v0.3-r006-live""}"
"urn:uuid:016bb06d-e722-5d3a-96ee-52ce5df0906c","lebl.ra.concept.ledger.map.complex-conjugation","complex conjugation map","","[]","[]","urn:uuid:a0273f1c-6fad-54c7-a75a-32a5161da656","active","{""definition"":"""",""id"":""urn:uuid:016bb06d-e722-5d3a-96ee-52ce5df0906c"",""label"":""complex conjugation map"",""notation"":[],""record_type"":""concept"",""recorded_at"":""2026-08-24T00:00:00Z"",""rights_id"":""urn:uuid:a0273f1c-6fad-54c7-a75a-32a5161da656"",""schema_name"":""lebl.backend.record"",""schema_version"":""0.3.0"",""semantic_aliases"":[],""semantic_key"":""lebl.ra.concept.ledger.map.complex-conjugation"",""source_bindings"":[],""status"":""active"",""supersedes_id"":null,""workflow_id"":""01a01f57-a34b-7740-9717-596b8116910c/backend-production-v0.4-live""}"
"urn:uuid:0184b2c4-b2a7-5559-b251-51ee2622622f","lebl.ra.concept.ledger.series.cauchy","Cauchy series","","[]","[]","urn:uuid:a0273f1c-6fad-54c7-a75a-32a5161da656","active","{""definition"":"""",""id"":""urn:uuid:0184b2c4-b2a7-5559-b251-51ee2622622f"",""label"":""Cauchy series"",""notation"":[],""record_type"":""concept"",""recorded_at"":""2026-08-21T00:00:00Z"",""rights_id"":""urn:uuid:a0273f1c-6fad-54c7-a75a-32a5161da656"",""schema_name"":""lebl.backend.record"",""schema_version"":""0.3.0"",""semantic_aliases"":[],""semantic_key"":""lebl.ra.concept.ledger.series.cauchy"",""source_bindings"":[],""status"":""active"",""supersedes_id"":null,""workflow_id"":""01a01f57-a34b-7740-9717-596b8116910c/backend-production-v0.3-r006-live""}"
"urn:uuid:01a9c4ab-35f2-5338-98db-56f22c1b2ce1","lebl.ra.concept.ledger.geometry.curve.figure-eight","figure-eight curve","","[]","[]","urn:uuid:a0273f1c-6fad-54c7-a75a-32a5161da656","active","{""definition"":"""",""id"":""urn:uuid:01a9c4ab-35f2-5338-98db-56f22c1b2ce1"",""label"":""figure-eight curve"",""notation"":[],""record_type"":""concept"",""recorded_at"":""2026-08-24T00:00:00Z"",""rights_id"":""urn:uuid:a0273f1c-6fad-54c7-a75a-32a5161da656"",""schema_name"":""lebl.backend.record"",""schema_version"":""0.3.0"",""semantic_aliases"":[],""semantic_key"":""lebl.ra.concept.ledger.geometry.curve.figure-eight"",""source_bindings"":[],""status"":""active"",""supersedes_id"":null,""workflow_id"":""01a01f57-a34b-7740-9717-596b8116910c/backend-production-v0.4-live""}"
"urn:uuid:032924c5-be07-5b94-bb77-aa1a367693ff","lebl.ra.concept.ledger.continuity.uniform-equicontinuity","uniform equicontinuity","","[]","[]","urn:uuid:a0273f1c-6fad-54c7-a75a-32a5161da656","active","{""definition"":"""",""id"":""urn:uuid:032924c5-be07-5b94-bb77-aa1a367693ff"",""label"":""uniform equicontinuity"",""notation"":[],""record_type"":""concept"",""recorded_at"":""2026-08-24T00:00:00Z"",""rights_id"":""urn:uuid:a0273f1c-6fad-54c7-a75a-32a5161da656"",""schema_name"":""lebl.backend.record"",""schema_version"":""0.3.0"",""semantic_aliases"":[],""semantic_key"":""lebl.ra.concept.ledger.continuity.uniform-equicontinuity"",""source_bindings"":[],""status"":""active"",""supersedes_id"":null,""workflow_id"":""01a01f57-a34b-7740-9717-596b8116910c/backend-production-v0.4-live""}"
"urn:uuid:03d8b547-82e8-52b7-a94c-fe2da3dd55a2","lebl.ra.concept.ledger.function.lipschitz-continuous","Lipschitz continuous","","[]","[]","urn:uuid:a0273f1c-6fad-54c7-a75a-32a5161da656","active","{""definition"":"""",""id"":""urn:uuid:03d8b547-82e8-52b7-a94c-fe2da3dd55a2"",""label"":""Lipschitz continuous"",""notation"":[],""record_type"":""concept"",""recorded_at"":""2026-08-21T00:00:00Z"",""rights_id"":""urn:uuid:a0273f1c-6fad-54c7-a75a-32a5161da656"",""schema_name"":""lebl.backend.record"",""schema_version"":""0.3.0"",""semantic_aliases"":[],""semantic_key"":""lebl.ra.concept.ledger.function.lipschitz-continuous"",""source_bindings"":[],""status"":""active"",""supersedes_id"":null,""workflow_id"":""01a01f57-a34b-7740-9717-596b8116910c/backend-production-v0.3-r006-live""}"
"urn:uuid:03ef783d-a9c9-5ec0-a399-9e66d9a320ea","lebl.ra.concept.ledger.metric.inherited","inherited metric","","[]","[]","urn:uuid:a0273f1c-6fad-54c7-a75a-32a5161da656","active","{""definition"":"""",""id"":""urn:uuid:03ef783d-a9c9-5ec0-a399-9e66d9a320ea"",""label"":""inherited metric"",""notation"":[],""record_type"":""concept"",""recorded_at"":""2026-08-24T00:00:00Z"",""rights_id"":""urn:uuid:a0273f1c-6fad-54c7-a75a-32a5161da656"",""schema_name"":""lebl.backend.record"",""schema_version"":""0.3.0"",""semantic_aliases"":[],""semantic_key"":""lebl.ra.concept.ledger.metric.inherited"",""source_bindings"":[],""status"":""active"",""supersedes_id"":null,""workflow_id"":""01a01f57-a34b-7740-9717-596b8116910c/backend-production-v0.4-live""}"
"urn:uuid:0417937c-137e-59da-a46a-437a22faa486","lebl.ra.concept.ledger.set.null","null set","","[]","[]","urn:uuid:a0273f1c-6fad-54c7-a75a-32a5161da656","active","{""definition"":"""",""id"":""urn:uuid:0417937c-137e-59da-a46a-437a22faa486"",""label"":""null set"",""notation"":[],""record_type"":""concept"",""recorded_at"":""2026-08-24T00:00:00Z"",""rights_id"":""urn:uuid:a0273f1c-6fad-54c7-a75a-32a5161da656"",""schema_name"":""lebl.backend.record"",""schema_version"":""0.3.0"",""semantic_aliases"":[],""semantic_key"":""lebl.ra.concept.ledger.set.null"",""source_bindings"":[],""status"":""active"",""supersedes_id"":null,""workflow_id"":""01a01f57-a34b-7740-9717-596b8116910c/backend-production-v0.4-live""}"
"urn:uuid:045957c0-a13f-560b-8d4f-fcc6fb59a1ca","lebl.ra.concept.ledger.permutation","permutation","","[]","[]","urn:uuid:a0273f1c-6fad-54c7-a75a-32a5161da656","active","{""definition"":"""",""id"":""urn:uuid:045957c0-a13f-560b-8d4f-fcc6fb59a1ca"",""label"":""permutation"",""notation"":[],""record_type"":""concept"",""recorded_at"":""2026-08-21T00:00:00Z"",""rights_id"":""urn:uuid:a0273f1c-6fad-54c7-a75a-32a5161da656"",""schema_name"":""lebl.backend.record"",""schema_version"":""0.3.0"",""semantic_aliases"":[],""semantic_key"":""lebl.ra.concept.ledger.permutation"",""source_bindings"":[],""status"":""active"",""supersedes_id"":null,""workflow_id"":""01a01f57-a34b-7740-9717-596b8116910c/backend-production-v0.3-r006-live""}"
"urn:uuid:04c31221-00d7-59ac-b14a-25fa90f91a1c","lebl.ra.concept.ledger.geometry.horizontal-line","horizontal line","","[]","[]","urn:uuid:a0273f1c-6fad-54c7-a75a-32a5161da656","active","{""definition"":"""",""id"":""urn:uuid:04c31221-00d7-59ac-b14a-25fa90f91a1c"",""label"":""horizontal line"",""notation"":[],""record_type"":""concept"",""recorded_at"":""2026-08-24T00:00:00Z"",""rights_id"":""urn:uuid:a0273f1c-6fad-54c7-a75a-32a5161da656"",""schema_name"":""lebl.backend.record"",""schema_version"":""0.3.0"",""semantic_aliases"":[],""semantic_key"":""lebl.ra.concept.ledger.geometry.horizontal-line"",""source_bindings"":[],""status"":""active"",""supersedes_id"":null,""workflow_id"":""01a01f57-a34b-7740-9717-596b8116910c/backend-production-v0.4-live""}"
"urn:uuid:057ce473-9fff-55b3-a138-e4ddce7e0541","lebl.ra.concept.ledger.principle.maximum-analytic","maximum principle","","[]","[]","urn:uuid:a0273f1c-6fad-54c7-a75a-32a5161da656","active","{""definition"":"""",""id"":""urn:uuid:057ce473-9fff-55b3-a138-e4ddce7e0541"",""label"":""maximum principle"",""notation"":[],""record_type"":""concept"",""recorded_at"":""2026-08-24T00:00:00Z"",""rights_id"":""urn:uuid:a0273f1c-6fad-54c7-a75a-32a5161da656"",""schema_name"":""lebl.backend.record"",""schema_version"":""0.3.0"",""semantic_aliases"":[],""semantic_key"":""lebl.ra.concept.ledger.principle.maximum-analytic"",""source_bindings"":[],""status"":""active"",""supersedes_id"":null,""workflow_id"":""01a01f57-a34b-7740-9717-596b8116910c/backend-production-v0.4-live""}"
"urn:uuid:061d8ed5-1e01-5407-b120-27faf2011263","lebl.ra.concept.ledger.geometry.sphere.unit","unit sphere","","[]","[]","urn:uuid:a0273f1c-6fad-54c7-a75a-32a5161da656","active","{""definition"":"""",""id"":""urn:uuid:061d8ed5-1e01-5407-b120-27faf2011263"",""label"":""unit sphere"",""notation"":[],""record_type"":""concept"",""recorded_at"":""2026-08-21T00:00:00Z"",""rights_id"":""urn:uuid:a0273f1c-6fad-54c7-a75a-32a5161da656"",""schema_name"":""lebl.backend.record"",""schema_version"":""0.3.0"",""semantic_aliases"":[],""semantic_key"":""lebl.ra.concept.ledger.geometry.sphere.unit"",""source_bindings"":[],""status"":""active"",""supersedes_id"":null,""workflow_id"":""01a01f57-a34b-7740-9717-596b8116910c/backend-production-v0.3-r006-live""}"
"urn:uuid:06330fb1-d158-567c-8b17-668589e06b0d","lebl.ra.concept.ledger.discontinuity.removable","removable discontinuity","","[]","[]","urn:uuid:a0273f1c-6fad-54c7-a75a-32a5161da656","active","{""definition"":"""",""id"":""urn:uuid:06330fb1-d158-567c-8b17-668589e06b0d"",""label"":""removable discontinuity"",""notation"":[],""record_type"":""concept"",""recorded_at"":""2026-08-21T00:00:00Z"",""rights_id"":""urn:uuid:a0273f1c-6fad-54c7-a75a-32a5161da656"",""schema_name"":""lebl.backend.record"",""schema_version"":""0.3.0"",""semantic_aliases"":[],""semantic_key"":""lebl.ra.concept.ledger.discontinuity.removable"",""source_bindings"":[],""status"":""active"",""supersedes_id"":null,""workflow_id"":""01a01f57-a34b-7740-9717-596b8116910c/backend-production-v0.3-r006-live""}"
"urn:uuid:0689c405-96be-5d8c-8260-8da9b1675db3","lebl.ra.concept.ledger.geometry.origin","origin","","[]","[]","urn:uuid:a0273f1c-6fad-54c7-a75a-32a5161da656","active","{""definition"":"""",""id"":""urn:uuid:0689c405-96be-5d8c-8260-8da9b1675db3"",""label"":""origin"",""notation"":[],""record_type"":""concept"",""recorded_at"":""2026-08-24T00:00:00Z"",""rights_id"":""urn:uuid:a0273f1c-6fad-54c7-a75a-32a5161da656"",""schema_name"":""lebl.backend.record"",""schema_version"":""0.3.0"",""semantic_aliases"":[],""semantic_key"":""lebl.ra.concept.ledger.geometry.origin"",""source_bindings"":[],""status"":""active"",""supersedes_id"":null,""workflow_id"":""01a01f57-a34b-7740-9717-596b8116910c/backend-production-v0.4-live""}"
"urn:uuid:06b72289-2e20-5eb9-ab0a-9a2c68cf614e","lebl.ra.concept.ledger.function.intermediate","intermediate function","","[]","[]","urn:uuid:a0273f1c-6fad-54c7-a75a-32a5161da656","active","{""definition"":"""",""id"":""urn:uuid:06b72289-2e20-5eb9-ab0a-9a2c68cf614e"",""label"":""intermediate function"",""notation"":[],""record_type"":""concept"",""recorded_at"":""2026-08-24T00:00:00Z"",""rights_id"":""urn:uuid:a0273f1c-6fad-54c7-a75a-32a5161da656"",""schema_name"":""lebl.backend.record"",""schema_version"":""0.3.0"",""semantic_aliases"":[],""semantic_key"":""lebl.ra.concept.ledger.function.intermediate"",""source_bindings"":[],""status"":""active"",""supersedes_id"":null,""workflow_id"":""01a01f57-a34b-7740-9717-596b8116910c/backend-production-v0.4-live""}"
"urn:uuid:0741ae13-7763-5481-9c79-8f4b7a7b3927","lebl.ra.concept.ledger.extremum.relative-maximum","relative maximum","","[]","[]","urn:uuid:a0273f1c-6fad-54c7-a75a-32a5161da656","active","{""definition"":"""",""id"":""urn:uuid:0741ae13-7763-5481-9c79-8f4b7a7b3927"",""label"":""relative maximum"",""notation"":[],""record_type"":""concept"",""recorded_at"":""2026-08-21T00:00:00Z"",""rights_id"":""urn:uuid:a0273f1c-6fad-54c7-a75a-32a5161da656"",""schema_name"":""lebl.backend.record"",""schema_version"":""0.3.0"",""semantic_aliases"":[],""semantic_key"":""lebl.ra.concept.ledger.extremum.relative-maximum"",""source_bindings"":[],""status"":""active"",""supersedes_id"":null,""workflow_id"":""01a01f57-a34b-7740-9717-596b8116910c/backend-production-v0.3-r006-live""}"
"urn:uuid:084b31a9-3515-56ef-9754-4682dddbea59","lebl.ra.concept.ledger.norm.supremum","supremum norm","","[]","[]","urn:uuid:a0273f1c-6fad-54c7-a75a-32a5161da656","active","{""definition"":"""",""id"":""urn:uuid:084b31a9-3515-56ef-9754-4682dddbea59"",""label"":""supremum norm"",""notation"":[],""record_type"":""concept"",""recorded_at"":""2026-08-21T00:00:00Z"",""rights_id"":""urn:uuid:a0273f1c-6fad-54c7-a75a-32a5161da656"",""schema_name"":""lebl.backend.record"",""schema_version"":""0.3.0"",""semantic_aliases"":[],""semantic_key"":""lebl.ra.concept.ledger.norm.supremum"",""source_bindings"":[],""status"":""active"",""supersedes_id"":null,""workflow_id"":""01a01f57-a34b-7740-9717-596b8116910c/backend-production-v0.3-r006-live""}"
"urn:uuid:087d1eec-3c74-5593-8d46-1352b0ddff44","lebl.ra.concept.ledger.orientation.negative","negatively oriented","","[]","[]","urn:uuid:a0273f1c-6fad-54c7-a75a-32a5161da656","active","{""definition"":"""",""id"":""urn:uuid:087d1eec-3c74-5593-8d46-1352b0ddff44"",""label"":""negatively oriented"",""notation"":[],""record_type"":""concept"",""recorded_at"":""2026-08-24T00:00:00Z"",""rights_id"":""urn:uuid:a0273f1c-6fad-54c7-a75a-32a5161da656"",""schema_name"":""lebl.backend.record"",""schema_version"":""0.3.0"",""semantic_aliases"":[],""semantic_key"":""lebl.ra.concept.ledger.orientation.negative"",""source_bindings"":[],""status"":""active"",""supersedes_id"":null,""workflow_id"":""01a01f57-a34b-7740-9717-596b8116910c/backend-production-v0.4-live""}"
"urn:uuid:08975ee2-c16a-5607-b880-f3902720e0df","lebl.ra.concept.ledger.order.maximum","maximum","","[]","[]","urn:uuid:a0273f1c-6fad-54c7-a75a-32a5161da656","active","{""definition"":"""",""id"":""urn:uuid:08975ee2-c16a-5607-b880-f3902720e0df"",""label"":""maximum"",""notation"":[],""record_type"":""concept"",""recorded_at"":""2026-08-21T00:00:00Z"",""rights_id"":""urn:uuid:a0273f1c-6fad-54c7-a75a-32a5161da656"",""schema_name"":""lebl.backend.record"",""schema_version"":""0.3.0"",""semantic_aliases"":[],""semantic_key"":""lebl.ra.concept.ledger.order.maximum"",""source_bindings"":[],""status"":""active"",""supersedes_id"":null,""workflow_id"":""01a01f57-a34b-7740-9717-596b8116910c/backend-production-v0.3-r006-live""}"
"urn:uuid:08c56f45-b0ea-56c8-85fd-bc2fa147c8b8","lebl.ra.concept.ledger.theorem.stone-weierstrass.real-version","real Stone--Weierstrass theorem","","[]","[]","urn:uuid:a0273f1c-6fad-54c7-a75a-32a5161da656","active","{""definition"":"""",""id"":""urn:uuid:08c56f45-b0ea-56c8-85fd-bc2fa147c8b8"",""label"":""real Stone--Weierstrass theorem"",""notation"":[],""record_type"":""concept"",""recorded_at"":""2026-08-24T00:00:00Z"",""rights_id"":""urn:uuid:a0273f1c-6fad-54c7-a75a-32a5161da656"",""schema_name"":""lebl.backend.record"",""schema_version"":""0.3.0"",""semantic_aliases"":[],""semantic_key"":""lebl.ra.concept.ledger.theorem.stone-weierstrass.real-version"",""source_bindings"":[],""status"":""active"",""supersedes_id"":null,""workflow_id"":""01a01f57-a34b-7740-9717-596b8116910c/backend-production-v0.4-live""}"
"urn:uuid:091575c7-f2a1-5b20-b1c2-722bf6accfd9","lebl.ra.concept.ledger.theorem.stone-weierstrass","Stone--Weierstrass theorem","","[]","[]","urn:uuid:a0273f1c-6fad-54c7-a75a-32a5161da656","active","{""definition"":"""",""id"":""urn:uuid:091575c7-f2a1-5b20-b1c2-722bf6accfd9"",""label"":""Stone--Weierstrass theorem"",""notation"":[],""record_type"":""concept"",""recorded_at"":""2026-08-24T00:00:00Z"",""rights_id"":""urn:uuid:a0273f1c-6fad-54c7-a75a-32a5161da656"",""schema_name"":""lebl.backend.record"",""schema_version"":""0.3.0"",""semantic_aliases"":[],""semantic_key"":""lebl.ra.concept.ledger.theorem.stone-weierstrass"",""source_bindings"":[],""status"":""active"",""supersedes_id"":null,""workflow_id"":""01a01f57-a34b-7740-9717-596b8116910c/backend-production-v0.4-live""}"
"urn:uuid:092c2184-cc1a-52e1-ad51-d1d6fb3e540a","lebl.ra.concept.ledger.set.diameter","diameter","","[]","[]","urn:uuid:a0273f1c-6fad-54c7-a75a-32a5161da656","active","{""definition"":"""",""id"":""urn:uuid:092c2184-cc1a-52e1-ad51-d1d6fb3e540a"",""label"":""diameter"",""notation"":[],""record_type"":""concept"",""recorded_at"":""2026-08-21T00:00:00Z"",""rights_id"":""urn:uuid:a0273f1c-6fad-54c7-a75a-32a5161da656"",""schema_name"":""lebl.backend.record"",""schema_version"":""0.3.0"",""semantic_aliases"":[],""semantic_key"":""lebl.ra.concept.ledger.set.diameter"",""source_bindings"":[],""status"":""active"",""supersedes_id"":null,""workflow_id"":""01a01f57-a34b-7740-9717-596b8116910c/backend-production-v0.3-r006-live""}"
"urn:uuid:0992da6a-5c0c-5c8c-b98b-43a1059400cb","lebl.ra.concept.ledger.integration.riemann-integral","Riemann integral","","[]","[]","urn:uuid:a0273f1c-6fad-54c7-a75a-32a5161da656","active","{""definition"":"""",""id"":""urn:uuid:0992da6a-5c0c-5c8c-b98b-43a1059400cb"",""label"":""Riemann integral"",""notation"":[],""record_type"":""concept"",""recorded_at"":""2026-08-21T00:00:00Z"",""rights_id"":""urn:uuid:a0273f1c-6fad-54c7-a75a-32a5161da656"",""schema_name"":""lebl.backend.record"",""schema_version"":""0.3.0"",""semantic_aliases"":[],""semantic_key"":""lebl.ra.concept.ledger.integration.riemann-integral"",""source_bindings"":[],""status"":""active"",""supersedes_id"":null,""workflow_id"":""01a01f57-a34b-7740-9717-596b8116910c/backend-production-v0.3-r006-live""}"
"urn:uuid:0995379f-0e5c-55d3-a30d-66a0eb674d61","lebl.ra.concept.ledger.matrix.diagonalizable","diagonalizable matrix","","[]","[]","urn:uuid:a0273f1c-6fad-54c7-a75a-32a5161da656","active","{""definition"":"""",""id"":""urn:uuid:0995379f-0e5c-55d3-a30d-66a0eb674d61"",""label"":""diagonalizable matrix"",""notation"":[],""record_type"":""concept"",""recorded_at"":""2026-08-21T00:00:00Z"",""rights_id"":""urn:uuid:a0273f1c-6fad-54c7-a75a-32a5161da656"",""schema_name"":""lebl.backend.record"",""schema_version"":""0.3.0"",""semantic_aliases"":[],""semantic_key"":""lebl.ra.concept.ledger.matrix.diagonalizable"",""source_bindings"":[],""status"":""active"",""supersedes_id"":null,""workflow_id"":""01a01f57-a34b-7740-9717-596b8116910c/backend-production-v0.3-r006-live""}"
"urn:uuid:099f4b93-9ab0-56b1-b8e2-659c9bfee35f","lebl.ra.concept.ledger.series.order-of-summation","order of summation","","[]","[]","urn:uuid:a0273f1c-6fad-54c7-a75a-32a5161da656","active","{""definition"":"""",""id"":""urn:uuid:099f4b93-9ab0-56b1-b8e2-659c9bfee35f"",""label"":""order of summation"",""notation"":[],""record_type"":""concept"",""recorded_at"":""2026-08-24T00:00:00Z"",""rights_id"":""urn:uuid:a0273f1c-6fad-54c7-a75a-32a5161da656"",""schema_name"":""lebl.backend.record"",""schema_version"":""0.3.0"",""semantic_aliases"":[],""semantic_key"":""lebl.ra.concept.ledger.series.order-of-summation"",""source_bindings"":[],""status"":""active"",""supersedes_id"":null,""workflow_id"":""01a01f57-a34b-7740-9717-596b8116910c/backend-production-v0.4-live""}"
"urn:uuid:0a3e532e-d295-5218-800a-cd13ebb82aa5","lebl.ra.concept.ledger.geometry.regular-curve","regular curve","","[]","[]","urn:uuid:a0273f1c-6fad-54c7-a75a-32a5161da656","active","{""definition"":"""",""id"":""urn:uuid:0a3e532e-d295-5218-800a-cd13ebb82aa5"",""label"":""regular curve"",""notation"":[],""record_type"":""concept"",""recorded_at"":""2026-08-24T00:00:00Z"",""rights_id"":""urn:uuid:a0273f1c-6fad-54c7-a75a-32a5161da656"",""schema_name"":""lebl.backend.record"",""schema_version"":""0.3.0"",""semantic_aliases"":[],""semantic_key"":""lebl.ra.concept.ledger.geometry.regular-curve"",""source_bindings"":[],""status"":""active"",""supersedes_id"":null,""workflow_id"":""01a01f57-a34b-7740-9717-596b8116910c/backend-production-v0.4-live""}"
"urn:uuid:0a6e7695-1711-55d8-aeda-64b182af4386","lebl.ra.concept.ledger.series.fourier-coefficient","Fourier coefficient","","[]","[]","urn:uuid:a0273f1c-6fad-54c7-a75a-32a5161da656","active","{""definition"":"""",""id"":""urn:uuid:0a6e7695-1711-55d8-aeda-64b182af4386"",""label"":""Fourier coefficient"",""notation"":[],""record_type"":""concept"",""recorded_at"":""2026-08-24T00:00:00Z"",""rights_id"":""urn:uuid:a0273f1c-6fad-54c7-a75a-32a5161da656"",""schema_name"":""lebl.backend.record"",""schema_version"":""0.3.0"",""semantic_aliases"":[],""semantic_key"":""lebl.ra.concept.ledger.series.fourier-coefficient"",""source_bindings"":[],""status"":""active"",""supersedes_id"":null,""workflow_id"":""01a01f57-a34b-7740-9717-596b8116910c/backend-production-v0.4-live""}"
"urn:uuid:0aa8a9e6-9517-5683-bb4e-2de3bab5f8b1","lebl.ra.concept.ledger.matrix.diagonal","diagonal matrix","","[]","[]","urn:uuid:a0273f1c-6fad-54c7-a75a-32a5161da656","active","{""definition"":"""",""id"":""urn:uuid:0aa8a9e6-9517-5683-bb4e-2de3bab5f8b1"",""label"":""diagonal matrix"",""notation"":[],""record_type"":""concept"",""recorded_at"":""2026-08-21T00:00:00Z"",""rights_id"":""urn:uuid:a0273f1c-6fad-54c7-a75a-32a5161da656"",""schema_name"":""lebl.backend.record"",""schema_version"":""0.3.0"",""semantic_aliases"":[],""semantic_key"":""lebl.ra.concept.ledger.matrix.diagonal"",""source_bindings"":[],""status"":""active"",""supersedes_id"":null,""workflow_id"":""01a01f57-a34b-7740-9717-596b8116910c/backend-production-v0.3-r006-live""}"
"urn:uuid:0b4cec82-e62d-5e08-a737-6b5daf96d906","lebl.ra.concept.ledger.number.lebesgue","Lebesgue number","","[]","[]","urn:uuid:a0273f1c-6fad-54c7-a75a-32a5161da656","active","{""definition"":"""",""id"":""urn:uuid:0b4cec82-e62d-5e08-a737-6b5daf96d906"",""label"":""Lebesgue number"",""notation"":[],""record_type"":""concept"",""recorded_at"":""2026-08-21T00:00:00Z"",""rights_id"":""urn:uuid:a0273f1c-6fad-54c7-a75a-32a5161da656"",""schema_name"":""lebl.backend.record"",""schema_version"":""0.3.0"",""semantic_aliases"":[],""semantic_key"":""lebl.ra.concept.ledger.number.lebesgue"",""source_bindings"":[],""status"":""active"",""supersedes_id"":null,""workflow_id"":""01a01f57-a34b-7740-9717-596b8116910c/backend-production-v0.3-r006-live""}"
"urn:uuid:0bb75f6a-d677-56bd-8a7c-e9287b4c5614","lebl.ra.concept.ledger.independence.linear","linearly independent","","[]","[]","urn:uuid:a0273f1c-6fad-54c7-a75a-32a5161da656","active","{""definition"":"""",""id"":""urn:uuid:0bb75f6a-d677-56bd-8a7c-e9287b4c5614"",""label"":""linearly independent"",""notation"":[],""record_type"":""concept"",""recorded_at"":""2026-08-21T00:00:00Z"",""rights_id"":""urn:uuid:a0273f1c-6fad-54c7-a75a-32a5161da656"",""schema_name"":""lebl.backend.record"",""schema_version"":""0.3.0"",""semantic_aliases"":[],""semantic_key"":""lebl.ra.concept.ledger.independence.linear"",""source_bindings"":[],""status"":""active"",""supersedes_id"":null,""workflow_id"":""01a01f57-a34b-7740-9717-596b8116910c/backend-production-v0.3-r006-live""}"
"urn:uuid:0be2747d-0bf6-5236-b50b-88e2cf1da04c","lebl.ra.concept.ledger.proof.induction-step","induction step","","[]","[]","urn:uuid:a0273f1c-6fad-54c7-a75a-32a5161da656","active","{""definition"":"""",""id"":""urn:uuid:0be2747d-0bf6-5236-b50b-88e2cf1da04c"",""label"":""induction step"",""notation"":[],""record_type"":""concept"",""recorded_at"":""2026-08-21T00:00:00Z"",""rights_id"":""urn:uuid:a0273f1c-6fad-54c7-a75a-32a5161da656"",""schema_name"":""lebl.backend.record"",""schema_version"":""0.3.0"",""semantic_aliases"":[],""semantic_key"":""lebl.ra.concept.ledger.proof.induction-step"",""source_bindings"":[],""status"":""active"",""supersedes_id"":null,""workflow_id"":""01a01f57-a34b-7740-9717-596b8116910c/backend-production-v0.3-r006-live""}"
"urn:uuid:0c63d847-9377-5f47-87df-90214120cc92","lebl.ra.concept.ledger.order.lower-bound","lower bound","","[]","[]","urn:uuid:a0273f1c-6fad-54c7-a75a-32a5161da656","active","{""definition"":"""",""id"":""urn:uuid:0c63d847-9377-5f47-87df-90214120cc92"",""label"":""lower bound"",""notation"":[],""record_type"":""concept"",""recorded_at"":""2026-08-21T00:00:00Z"",""rights_id"":""urn:uuid:a0273f1c-6fad-54c7-a75a-32a5161da656"",""schema_name"":""lebl.backend.record"",""schema_version"":""0.3.0"",""semantic_aliases"":[],""semantic_key"":""lebl.ra.concept.ledger.order.lower-bound"",""source_bindings"":[],""status"":""active"",""supersedes_id"":null,""workflow_id"":""01a01f57-a34b-7740-9717-596b8116910c/backend-production-v0.3-r006-live""}"
"urn:uuid:0d1bf7ad-9225-5ad2-a338-47d9fbb2fb7e","lebl.ra.concept.ledger.function.period","period","","[]","[]","urn:uuid:a0273f1c-6fad-54c7-a75a-32a5161da656","active","{""definition"":"""",""id"":""urn:uuid:0d1bf7ad-9225-5ad2-a338-47d9fbb2fb7e"",""label"":""period"",""notation"":[],""record_type"":""concept"",""recorded_at"":""2026-08-24T00:00:00Z"",""rights_id"":""urn:uuid:a0273f1c-6fad-54c7-a75a-32a5161da656"",""schema_name"":""lebl.backend.record"",""schema_version"":""0.3.0"",""semantic_aliases"":[],""semantic_key"":""lebl.ra.concept.ledger.function.period"",""source_bindings"":[],""status"":""active"",""supersedes_id"":null,""workflow_id"":""01a01f57-a34b-7740-9717-596b8116910c/backend-production-v0.4-live""}"
"urn:uuid:0d49be3e-7236-54d2-9205-d602ba61bf30","lebl.ra.concept.ledger.set.closed","closed set","","[]","[]","urn:uuid:a0273f1c-6fad-54c7-a75a-32a5161da656","active","{""definition"":"""",""id"":""urn:uuid:0d49be3e-7236-54d2-9205-d602ba61bf30"",""label"":""closed set"",""notation"":[],""record_type"":""concept"",""recorded_at"":""2026-08-21T00:00:00Z"",""rights_id"":""urn:uuid:a0273f1c-6fad-54c7-a75a-32a5161da656"",""schema_name"":""lebl.backend.record"",""schema_version"":""0.3.0"",""semantic_aliases"":[],""semantic_key"":""lebl.ra.concept.ledger.set.closed"",""source_bindings"":[],""status"":""active"",""supersedes_id"":null,""workflow_id"":""01a01f57-a34b-7740-9717-596b8116910c/backend-production-v0.3-r006-live""}"
"urn:uuid:0dabe698-17e2-50d7-aaf4-e944461a47d3","lebl.ra.concept.ledger.polynomial.degree","degree of a polynomial","","[]","[]","urn:uuid:a0273f1c-6fad-54c7-a75a-32a5161da656","active","{""definition"":"""",""id"":""urn:uuid:0dabe698-17e2-50d7-aaf4-e944461a47d3"",""label"":""degree of a polynomial"",""notation"":[],""record_type"":""concept"",""recorded_at"":""2026-08-24T00:00:00Z"",""rights_id"":""urn:uuid:a0273f1c-6fad-54c7-a75a-32a5161da656"",""schema_name"":""lebl.backend.record"",""schema_version"":""0.3.0"",""semantic_aliases"":[],""semantic_key"":""lebl.ra.concept.ledger.polynomial.degree"",""source_bindings"":[],""status"":""active"",""supersedes_id"":null,""workflow_id"":""01a01f57-a34b-7740-9717-596b8116910c/backend-production-v0.4-live""}"
"urn:uuid:0dbe8dc8-70ee-5e94-ba87-5d7df7e8b272","lebl.ra.concept.ledger.function.invertible.global","globally invertible","","[]","[]","urn:uuid:a0273f1c-6fad-54c7-a75a-32a5161da656","active","{""definition"":"""",""id"":""urn:uuid:0dbe8dc8-70ee-5e94-ba87-5d7df7e8b272"",""label"":""globally invertible"",""notation"":[],""record_type"":""concept"",""recorded_at"":""2026-08-24T00:00:00Z"",""rights_id"":""urn:uuid:a0273f1c-6fad-54c7-a75a-32a5161da656"",""schema_name"":""lebl.backend.record"",""schema_version"":""0.3.0"",""semantic_aliases"":[],""semantic_key"":""lebl.ra.concept.ledger.function.invertible.global"",""source_bindings"":[],""status"":""active"",""supersedes_id"":null,""workflow_id"":""01a01f57-a34b-7740-9717-596b8116910c/backend-production-v0.4-live""}"
"urn:uuid:0de16b63-0d61-550e-9445-d3b1b5886ac6","lebl.ra.concept.ledger.limit.function-at-infinity","limit of a function at infinity","","[]","[]","urn:uuid:a0273f1c-6fad-54c7-a75a-32a5161da656","active","{""definition"":"""",""id"":""urn:uuid:0de16b63-0d61-550e-9445-d3b1b5886ac6"",""label"":""limit of a function at infinity"",""notation"":[],""record_type"":""concept"",""recorded_at"":""2026-08-21T00:00:00Z"",""rights_id"":""urn:uuid:a0273f1c-6fad-54c7-a75a-32a5161da656"",""schema_name"":""lebl.backend.record"",""schema_version"":""0.3.0"",""semantic_aliases"":[],""semantic_key"":""lebl.ra.concept.ledger.limit.function-at-infinity"",""source_bindings"":[],""status"":""active"",""supersedes_id"":null,""workflow_id"":""01a01f57-a34b-7740-9717-596b8116910c/backend-production-v0.3-r006-live""}"
"urn:uuid:0ec453a9-5223-5413-98d6-4010a0a4f0b4","lebl.ra.concept.ledger.set.zero-set","zero set","","[]","[]","urn:uuid:a0273f1c-6fad-54c7-a75a-32a5161da656","active","{""definition"":"""",""id"":""urn:uuid:0ec453a9-5223-5413-98d6-4010a0a4f0b4"",""label"":""zero set"",""notation"":[],""record_type"":""concept"",""recorded_at"":""2026-08-21T00:00:00Z"",""rights_id"":""urn:uuid:a0273f1c-6fad-54c7-a75a-32a5161da656"",""schema_name"":""lebl.backend.record"",""schema_version"":""0.3.0"",""semantic_aliases"":[],""semantic_key"":""lebl.ra.concept.ledger.set.zero-set"",""source_bindings"":[],""status"":""active"",""supersedes_id"":null,""workflow_id"":""01a01f57-a34b-7740-9717-596b8116910c/backend-production-v0.3-r006-live""}"
"urn:uuid:103d51c4-145e-54cb-bf62-de3b3f8ef99a","lebl.ra.concept.ledger.calculus.chain-rule","chain rule","","[]","[]","urn:uuid:a0273f1c-6fad-54c7-a75a-32a5161da656","active","{""definition"":"""",""id"":""urn:uuid:103d51c4-145e-54cb-bf62-de3b3f8ef99a"",""label"":""chain rule"",""notation"":[],""record_type"":""concept"",""recorded_at"":""2026-08-21T00:00:00Z"",""rights_id"":""urn:uuid:a0273f1c-6fad-54c7-a75a-32a5161da656"",""schema_name"":""lebl.backend.record"",""schema_version"":""0.3.0"",""semantic_aliases"":[],""semantic_key"":""lebl.ra.concept.ledger.calculus.chain-rule"",""source_bindings"":[],""status"":""active"",""supersedes_id"":null,""workflow_id"":""01a01f57-a34b-7740-9717-596b8116910c/backend-production-v0.3-r006-live""}"
"urn:uuid:10a67951-f6e5-50fc-836b-5b426e9832d3","lebl.ra.concept.ledger.function.rational","rational function","","[]","[]","urn:uuid:a0273f1c-6fad-54c7-a75a-32a5161da656","active","{""definition"":"""",""id"":""urn:uuid:10a67951-f6e5-50fc-836b-5b426e9832d3"",""label"":""rational function"",""notation"":[],""record_type"":""concept"",""recorded_at"":""2026-08-21T00:00:00Z"",""rights_id"":""urn:uuid:a0273f1c-6fad-54c7-a75a-32a5161da656"",""schema_name"":""lebl.backend.record"",""schema_version"":""0.3.0"",""semantic_aliases"":[],""semantic_key"":""lebl.ra.concept.ledger.function.rational"",""source_bindings"":[],""status"":""active"",""supersedes_id"":null,""workflow_id"":""01a01f57-a34b-7740-9717-596b8116910c/backend-production-v0.3-r006-live""}"
"urn:uuid:1143ccec-7ba7-54db-b119-b5924cb8ef63","lebl.ra.concept.ledger.representation.unique","unique representation","","[]","[]","urn:uuid:a0273f1c-6fad-54c7-a75a-32a5161da656","active","{""definition"":"""",""id"":""urn:uuid:1143ccec-7ba7-54db-b119-b5924cb8ef63"",""label"":""unique representation"",""notation"":[],""record_type"":""concept"",""recorded_at"":""2026-08-21T00:00:00Z"",""rights_id"":""urn:uuid:a0273f1c-6fad-54c7-a75a-32a5161da656"",""schema_name"":""lebl.backend.record"",""schema_version"":""0.3.0"",""semantic_aliases"":[],""semantic_key"":""lebl.ra.concept.ledger.representation.unique"",""source_bindings"":[],""status"":""active"",""supersedes_id"":null,""workflow_id"":""01a01f57-a34b-7740-9717-596b8116910c/backend-production-v0.3-r006-live""}"
"urn:uuid:114b6c15-292a-5930-81a9-59137f50f3d8","lebl.ra.concept.ledger.calculus.jacobian.matrix","Jacobian matrix","","[]","[]","urn:uuid:a0273f1c-6fad-54c7-a75a-32a5161da656","active","{""definition"":"""",""id"":""urn:uuid:114b6c15-292a-5930-81a9-59137f50f3d8"",""label"":""Jacobian matrix"",""notation"":[],""record_type"":""concept"",""recorded_at"":""2026-08-21T00:00:00Z"",""rights_id"":""urn:uuid:a0273f1c-6fad-54c7-a75a-32a5161da656"",""schema_name"":""lebl.backend.record"",""schema_version"":""0.3.0"",""semantic_aliases"":[],""semantic_key"":""lebl.ra.concept.ledger.calculus.jacobian.matrix"",""source_bindings"":[],""status"":""active"",""supersedes_id"":null,""workflow_id"":""01a01f57-a34b-7740-9717-596b8116910c/backend-production-v0.3-r006-live""}"
"urn:uuid:11b48565-83eb-5241-9622-b94dc99f4dc1","lebl.ra.concept.ledger.lemma.squeeze","squeeze lemma","","[]","[]","urn:uuid:a0273f1c-6fad-54c7-a75a-32a5161da656","active","{""definition"":"""",""id"":""urn:uuid:11b48565-83eb-5241-9622-b94dc99f4dc1"",""label"":""squeeze lemma"",""notation"":[],""record_type"":""concept"",""recorded_at"":""2026-08-21T00:00:00Z"",""rights_id"":""urn:uuid:a0273f1c-6fad-54c7-a75a-32a5161da656"",""schema_name"":""lebl.backend.record"",""schema_version"":""0.3.0"",""semantic_aliases"":[],""semantic_key"":""lebl.ra.concept.ledger.lemma.squeeze"",""source_bindings"":[],""status"":""active"",""supersedes_id"":null,""workflow_id"":""01a01f57-a34b-7740-9717-596b8116910c/backend-production-v0.3-r006-live""}"
"urn:uuid:128dde11-546e-5d76-bd57-d73c729041ef","lebl.ra.concept.ledger.calculus.remainder-term","remainder term","","[]","[]","urn:uuid:a0273f1c-6fad-54c7-a75a-32a5161da656","active","{""definition"":"""",""id"":""urn:uuid:128dde11-546e-5d76-bd57-d73c729041ef"",""label"":""remainder term"",""notation"":[],""record_type"":""concept"",""recorded_at"":""2026-08-21T00:00:00Z"",""rights_id"":""urn:uuid:a0273f1c-6fad-54c7-a75a-32a5161da656"",""schema_name"":""lebl.backend.record"",""schema_version"":""0.3.0"",""semantic_aliases"":[],""semantic_key"":""lebl.ra.concept.ledger.calculus.remainder-term"",""source_bindings"":[],""status"":""active"",""supersedes_id"":null,""workflow_id"":""01a01f57-a34b-7740-9717-596b8116910c/backend-production-v0.3-r006-live""}"
"urn:uuid:12acd7e4-8fae-5953-91d1-0414ff5cfe3f","lebl.ra.concept.ledger.matrix.row","row","","[]","[]","urn:uuid:a0273f1c-6fad-54c7-a75a-32a5161da656","active","{""definition"":"""",""id"":""urn:uuid:12acd7e4-8fae-5953-91d1-0414ff5cfe3f"",""label"":""row"",""notation"":[],""record_type"":""concept"",""recorded_at"":""2026-08-21T00:00:00Z"",""rights_id"":""urn:uuid:a0273f1c-6fad-54c7-a75a-32a5161da656"",""schema_name"":""lebl.backend.record"",""schema_version"":""0.3.0"",""semantic_aliases"":[],""semantic_key"":""lebl.ra.concept.ledger.matrix.row"",""source_bindings"":[],""status"":""active"",""supersedes_id"":null,""workflow_id"":""01a01f57-a34b-7740-9717-596b8116910c/backend-production-v0.3-r006-live""}"
"urn:uuid:12c81838-8c5f-5425-a80b-4f61ac8cda3e","lebl.ra.concept.ledger.metric.standard","standard metric","","[]","[]","urn:uuid:a0273f1c-6fad-54c7-a75a-32a5161da656","active","{""definition"":"""",""id"":""urn:uuid:12c81838-8c5f-5425-a80b-4f61ac8cda3e"",""label"":""standard metric"",""notation"":[],""record_type"":""concept"",""recorded_at"":""2026-08-21T00:00:00Z"",""rights_id"":""urn:uuid:a0273f1c-6fad-54c7-a75a-32a5161da656"",""schema_name"":""lebl.backend.record"",""schema_version"":""0.3.0"",""semantic_aliases"":[],""semantic_key"":""lebl.ra.concept.ledger.metric.standard"",""source_bindings"":[],""status"":""active"",""supersedes_id"":null,""workflow_id"":""01a01f57-a34b-7740-9717-596b8116910c/backend-production-v0.3-r006-live""}"
"urn:uuid:12dd1c2a-d0ef-52f3-9a0d-25f8b333d9ad","lebl.ra.concept.ledger.calculus.partial-derivative.order-k","partial derivative of order k","","[]","[]","urn:uuid:a0273f1c-6fad-54c7-a75a-32a5161da656","active","{""definition"":"""",""id"":""urn:uuid:12dd1c2a-d0ef-52f3-9a0d-25f8b333d9ad"",""label"":""partial derivative of order k"",""notation"":[],""record_type"":""concept"",""recorded_at"":""2026-08-24T00:00:00Z"",""rights_id"":""urn:uuid:a0273f1c-6fad-54c7-a75a-32a5161da656"",""schema_name"":""lebl.backend.record"",""schema_version"":""0.3.0"",""semantic_aliases"":[],""semantic_key"":""lebl.ra.concept.ledger.calculus.partial-derivative.order-k"",""source_bindings"":[],""status"":""active"",""supersedes_id"":null,""workflow_id"":""01a01f57-a34b-7740-9717-596b8116910c/backend-production-v0.4-live""}"
"urn:uuid:12f20139-ecac-57dc-bdd5-c552fdd33b78","lebl.ra.concept.ledger.operation.algebraic","algebraic operations","","[]","[]","urn:uuid:a0273f1c-6fad-54c7-a75a-32a5161da656","active","{""definition"":"""",""id"":""urn:uuid:12f20139-ecac-57dc-bdd5-c552fdd33b78"",""label"":""algebraic operations"",""notation"":[],""record_type"":""concept"",""recorded_at"":""2026-08-21T00:00:00Z"",""rights_id"":""urn:uuid:a0273f1c-6fad-54c7-a75a-32a5161da656"",""schema_name"":""lebl.backend.record"",""schema_version"":""0.3.0"",""semantic_aliases"":[],""semantic_key"":""lebl.ra.concept.ledger.operation.algebraic"",""source_bindings"":[],""status"":""active"",""supersedes_id"":null,""workflow_id"":""01a01f57-a34b-7740-9717-596b8116910c/backend-production-v0.3-r006-live""}"
"urn:uuid:130a7d8e-3d29-583d-8eb6-11791432bd2d","lebl.ra.concept.ledger.set-theory.singleton","singleton","","[]","[]","urn:uuid:a0273f1c-6fad-54c7-a75a-32a5161da656","active","{""definition"":"""",""id"":""urn:uuid:130a7d8e-3d29-583d-8eb6-11791432bd2d"",""label"":""singleton"",""notation"":[],""record_type"":""concept"",""recorded_at"":""2026-08-21T00:00:00Z"",""rights_id"":""urn:uuid:a0273f1c-6fad-54c7-a75a-32a5161da656"",""schema_name"":""lebl.backend.record"",""schema_version"":""0.3.0"",""semantic_aliases"":[],""semantic_key"":""lebl.ra.concept.ledger.set-theory.singleton"",""source_bindings"":[],""status"":""active"",""supersedes_id"":null,""workflow_id"":""01a01f57-a34b-7740-9717-596b8116910c/backend-production-v0.3-r006-live""}"
"urn:uuid:13643692-d9e4-5130-b8d2-49b252fd0d71","lebl.ra.concept.ledger.equation.solve-dependent-variable","solve for y in terms of x","","[]","[]","urn:uuid:a0273f1c-6fad-54c7-a75a-32a5161da656","active","{""definition"":"""",""id"":""urn:uuid:13643692-d9e4-5130-b8d2-49b252fd0d71"",""label"":""solve for y in terms of x"",""notation"":[],""record_type"":""concept"",""recorded_at"":""2026-08-24T00:00:00Z"",""rights_id"":""urn:uuid:a0273f1c-6fad-54c7-a75a-32a5161da656"",""schema_name"":""lebl.backend.record"",""schema_version"":""0.3.0"",""semantic_aliases"":[],""semantic_key"":""lebl.ra.concept.ledger.equation.solve-dependent-variable"",""source_bindings"":[],""status"":""active"",""supersedes_id"":null,""workflow_id"":""01a01f57-a34b-7740-9717-596b8116910c/backend-production-v0.4-live""}"
"urn:uuid:13d8bebd-1cc6-5905-8de9-8d912a3507c2","lebl.ra.concept.ledger.topology.winding-number","winding number","","[]","[]","urn:uuid:a0273f1c-6fad-54c7-a75a-32a5161da656","active","{""definition"":"""",""id"":""urn:uuid:13d8bebd-1cc6-5905-8de9-8d912a3507c2"",""label"":""winding number"",""notation"":[],""record_type"":""concept"",""recorded_at"":""2026-08-24T00:00:00Z"",""rights_id"":""urn:uuid:a0273f1c-6fad-54c7-a75a-32a5161da656"",""schema_name"":""lebl.backend.record"",""schema_version"":""0.3.0"",""semantic_aliases"":[],""semantic_key"":""lebl.ra.concept.ledger.topology.winding-number"",""source_bindings"":[],""status"":""active"",""supersedes_id"":null,""workflow_id"":""01a01f57-a34b-7740-9717-596b8116910c/backend-production-v0.4-live""}"
"urn:uuid:13f39a7f-4265-5372-b3c1-d631ac1ac64c","lebl.ra.concept.ledger.theorem.arzela-ascoli","Arzela--Ascoli theorem","","[]","[]","urn:uuid:a0273f1c-6fad-54c7-a75a-32a5161da656","active","{""definition"":"""",""id"":""urn:uuid:13f39a7f-4265-5372-b3c1-d631ac1ac64c"",""label"":""Arzela--Ascoli theorem"",""notation"":[],""record_type"":""concept"",""recorded_at"":""2026-08-24T00:00:00Z"",""rights_id"":""urn:uuid:a0273f1c-6fad-54c7-a75a-32a5161da656"",""schema_name"":""lebl.backend.record"",""schema_version"":""0.3.0"",""semantic_aliases"":[],""semantic_key"":""lebl.ra.concept.ledger.theorem.arzela-ascoli"",""source_bindings"":[],""status"":""active"",""supersedes_id"":null,""workflow_id"":""01a01f57-a34b-7740-9717-596b8116910c/backend-production-v0.4-live""}"
"urn:uuid:141b5e26-8c2b-57a3-8dc1-ca3a0929158e","lebl.ra.concept.ledger.set.boundary","boundary","","[]","[]","urn:uuid:a0273f1c-6fad-54c7-a75a-32a5161da656","active","{""definition"":"""",""id"":""urn:uuid:141b5e26-8c2b-57a3-8dc1-ca3a0929158e"",""label"":""boundary"",""notation"":[],""record_type"":""concept"",""recorded_at"":""2026-08-21T00:00:00Z"",""rights_id"":""urn:uuid:a0273f1c-6fad-54c7-a75a-32a5161da656"",""schema_name"":""lebl.backend.record"",""schema_version"":""0.3.0"",""semantic_aliases"":[],""semantic_key"":""lebl.ra.concept.ledger.set.boundary"",""source_bindings"":[],""status"":""active"",""supersedes_id"":null,""workflow_id"":""01a01f57-a34b-7740-9717-596b8116910c/backend-production-v0.3-r006-live""}"
"urn:uuid:143e36d6-5e01-5592-9272-b16f3e7bfa10","lebl.ra.concept.ledger.set-theory.countable-union","countable union","","[]","[]","urn:uuid:a0273f1c-6fad-54c7-a75a-32a5161da656","active","{""definition"":"""",""id"":""urn:uuid:143e36d6-5e01-5592-9272-b16f3e7bfa10"",""label"":""countable union"",""notation"":[],""record_type"":""concept"",""recorded_at"":""2026-08-21T00:00:00Z"",""rights_id"":""urn:uuid:a0273f1c-6fad-54c7-a75a-32a5161da656"",""schema_name"":""lebl.backend.record"",""schema_version"":""0.3.0"",""semantic_aliases"":[],""semantic_key"":""lebl.ra.concept.ledger.set-theory.countable-union"",""source_bindings"":[],""status"":""active"",""supersedes_id"":null,""workflow_id"":""01a01f57-a34b-7740-9717-596b8116910c/backend-production-v0.3-r006-live""}"
"urn:uuid:14552ad8-7013-57b2-843f-14a20410c827","lebl.ra.concept.ledger.function.affine","affine function","","[]","[]","urn:uuid:a0273f1c-6fad-54c7-a75a-32a5161da656","active","{""definition"":"""",""id"":""urn:uuid:14552ad8-7013-57b2-843f-14a20410c827"",""label"":""affine function"",""notation"":[],""record_type"":""concept"",""recorded_at"":""2026-08-21T00:00:00Z"",""rights_id"":""urn:uuid:a0273f1c-6fad-54c7-a75a-32a5161da656"",""schema_name"":""lebl.backend.record"",""schema_version"":""0.3.0"",""semantic_aliases"":[],""semantic_key"":""lebl.ra.concept.ledger.function.affine"",""source_bindings"":[],""status"":""active"",""supersedes_id"":null,""workflow_id"":""01a01f57-a34b-7740-9717-596b8116910c/backend-production-v0.3-r006-live""}"
"urn:uuid:14ec3a54-104e-5b0f-a9a7-626d03a179bd","lebl.ra.concept.ledger.function.matrix-valued","matrix-valued function","","[]","[]","urn:uuid:a0273f1c-6fad-54c7-a75a-32a5161da656","active","{""definition"":"""",""id"":""urn:uuid:14ec3a54-104e-5b0f-a9a7-626d03a179bd"",""label"":""matrix-valued function"",""notation"":[],""record_type"":""concept"",""recorded_at"":""2026-08-24T00:00:00Z"",""rights_id"":""urn:uuid:a0273f1c-6fad-54c7-a75a-32a5161da656"",""schema_name"":""lebl.backend.record"",""schema_version"":""0.3.0"",""semantic_aliases"":[],""semantic_key"":""lebl.ra.concept.ledger.function.matrix-valued"",""source_bindings"":[],""status"":""active"",""supersedes_id"":null,""workflow_id"":""01a01f57-a34b-7740-9717-596b8116910c/backend-production-v0.4-live""}"
"urn:uuid:1516aacb-5a31-5870-b72f-217f34847f0b","lebl.ra.concept.ledger.basis.linear","basis","","[]","[]","urn:uuid:a0273f1c-6fad-54c7-a75a-32a5161da656","active","{""definition"":"""",""id"":""urn:uuid:1516aacb-5a31-5870-b72f-217f34847f0b"",""label"":""basis"",""notation"":[],""record_type"":""concept"",""recorded_at"":""2026-08-21T00:00:00Z"",""rights_id"":""urn:uuid:a0273f1c-6fad-54c7-a75a-32a5161da656"",""schema_name"":""lebl.backend.record"",""schema_version"":""0.3.0"",""semantic_aliases"":[],""semantic_key"":""lebl.ra.concept.ledger.basis.linear"",""source_bindings"":[],""status"":""active"",""supersedes_id"":null,""workflow_id"":""01a01f57-a34b-7740-9717-596b8116910c/backend-production-v0.3-r006-live""}"
"urn:uuid:154cb46d-f337-5284-9ef2-628493b1983f","lebl.ra.concept.ledger.transform.fourier-cosine","Fourier cosine transform","","[]","[]","urn:uuid:a0273f1c-6fad-54c7-a75a-32a5161da656","active","{""definition"":"""",""id"":""urn:uuid:154cb46d-f337-5284-9ef2-628493b1983f"",""label"":""Fourier cosine transform"",""notation"":[],""record_type"":""concept"",""recorded_at"":""2026-08-21T00:00:00Z"",""rights_id"":""urn:uuid:a0273f1c-6fad-54c7-a75a-32a5161da656"",""schema_name"":""lebl.backend.record"",""schema_version"":""0.3.0"",""semantic_aliases"":[],""semantic_key"":""lebl.ra.concept.ledger.transform.fourier-cosine"",""source_bindings"":[],""status"":""active"",""supersedes_id"":null,""workflow_id"":""01a01f57-a34b-7740-9717-596b8116910c/backend-production-v0.3-r006-live""}"
"urn:uuid:1556c69e-27bb-544e-a320-ba319e158f9f","lebl.ra.concept.ledger.series.tail","tail of a series","","[]","[]","urn:uuid:a0273f1c-6fad-54c7-a75a-32a5161da656","active","{""definition"":"""",""id"":""urn:uuid:1556c69e-27bb-544e-a320-ba319e158f9f"",""label"":""tail of a series"",""notation"":[],""record_type"":""concept"",""recorded_at"":""2026-08-21T00:00:00Z"",""rights_id"":""urn:uuid:a0273f1c-6fad-54c7-a75a-32a5161da656"",""schema_name"":""lebl.backend.record"",""schema_version"":""0.3.0"",""semantic_aliases"":[],""semantic_key"":""lebl.ra.concept.ledger.series.tail"",""source_bindings"":[],""status"":""active"",""supersedes_id"":null,""workflow_id"":""01a01f57-a34b-7740-9717-596b8116910c/backend-production-v0.3-r006-live""}"
"urn:uuid:1589d14b-dffb-56d5-a9d3-dc8ed7f45f15","lebl.ra.concept.ledger.neighborhood.open","open neighborhood","","[]","[]","urn:uuid:a0273f1c-6fad-54c7-a75a-32a5161da656","active","{""definition"":"""",""id"":""urn:uuid:1589d14b-dffb-56d5-a9d3-dc8ed7f45f15"",""label"":""open neighborhood"",""notation"":[],""record_type"":""concept"",""recorded_at"":""2026-08-21T00:00:00Z"",""rights_id"":""urn:uuid:a0273f1c-6fad-54c7-a75a-32a5161da656"",""schema_name"":""lebl.backend.record"",""schema_version"":""0.3.0"",""semantic_aliases"":[],""semantic_key"":""lebl.ra.concept.ledger.neighborhood.open"",""source_bindings"":[],""status"":""active"",""supersedes_id"":null,""workflow_id"":""01a01f57-a34b-7740-9717-596b8116910c/backend-production-v0.3-r006-live""}"
"urn:uuid:15e8a16e-afa2-5941-9443-11fab499f6ba","lebl.ra.concept.ledger.set.level","level set","","[]","[]","urn:uuid:a0273f1c-6fad-54c7-a75a-32a5161da656","active","{""definition"":"""",""id"":""urn:uuid:15e8a16e-afa2-5941-9443-11fab499f6ba"",""label"":""level set"",""notation"":[],""record_type"":""concept"",""recorded_at"":""2026-08-24T00:00:00Z"",""rights_id"":""urn:uuid:a0273f1c-6fad-54c7-a75a-32a5161da656"",""schema_name"":""lebl.backend.record"",""schema_version"":""0.3.0"",""semantic_aliases"":[],""semantic_key"":""lebl.ra.concept.ledger.set.level"",""source_bindings"":[],""status"":""active"",""supersedes_id"":null,""workflow_id"":""01a01f57-a34b-7740-9717-596b8116910c/backend-production-v0.4-live""}"
"urn:uuid:16133106-ec93-5d20-9dac-86a5d6c88a36","lebl.ra.concept.ledger.geometry.orientation.counterclockwise","counterclockwise","","[]","[]","urn:uuid:a0273f1c-6fad-54c7-a75a-32a5161da656","active","{""definition"":"""",""id"":""urn:uuid:16133106-ec93-5d20-9dac-86a5d6c88a36"",""label"":""counterclockwise"",""notation"":[],""record_type"":""concept"",""recorded_at"":""2026-08-24T00:00:00Z"",""rights_id"":""urn:uuid:a0273f1c-6fad-54c7-a75a-32a5161da656"",""schema_name"":""lebl.backend.record"",""schema_version"":""0.3.0"",""semantic_aliases"":[],""semantic_key"":""lebl.ra.concept.ledger.geometry.orientation.counterclockwise"",""source_bindings"":[],""status"":""active"",""supersedes_id"":null,""workflow_id"":""01a01f57-a34b-7740-9717-596b8116910c/backend-production-v0.4-live""}"
"urn:uuid:1627fa4f-95e2-57ac-b993-0efaa7edde9e","lebl.ra.concept.ledger.function.support","support","","[]","[]","urn:uuid:a0273f1c-6fad-54c7-a75a-32a5161da656","active","{""definition"":"""",""id"":""urn:uuid:1627fa4f-95e2-57ac-b993-0efaa7edde9e"",""label"":""support"",""notation"":[],""record_type"":""concept"",""recorded_at"":""2026-08-24T00:00:00Z"",""rights_id"":""urn:uuid:a0273f1c-6fad-54c7-a75a-32a5161da656"",""schema_name"":""lebl.backend.record"",""schema_version"":""0.3.0"",""semantic_aliases"":[],""semantic_key"":""lebl.ra.concept.ledger.function.support"",""source_bindings"":[],""status"":""active"",""supersedes_id"":null,""workflow_id"":""01a01f57-a34b-7740-9717-596b8116910c/backend-production-v0.4-live""}"
"urn:uuid:164c51ec-453e-5a60-9364-78be914999ff","lebl.diffyqs.concept.ledger.ode.conservative-equation","conservative equation","","[]","[]","urn:uuid:55f5bc5b-fcc2-55bd-8bcb-65ab31cc4e0f","active","{""definition"":"""",""id"":""urn:uuid:164c51ec-453e-5a60-9364-78be914999ff"",""label"":""conservative equation"",""notation"":[],""record_type"":""concept"",""recorded_at"":""2026-08-24T00:00:00Z"",""rights_id"":""urn:uuid:55f5bc5b-fcc2-55bd-8bcb-65ab31cc4e0f"",""schema_name"":""lebl.backend.record"",""schema_version"":""0.3.0"",""semantic_aliases"":[],""semantic_key"":""lebl.diffyqs.concept.ledger.ode.conservative-equation"",""source_bindings"":[],""status"":""active"",""supersedes_id"":null,""workflow_id"":""01a01f57-a34b-7740-9717-596b8116910c/backend-production-v0.4-live""}"
"urn:uuid:18161830-b6a0-5ff4-9d48-8a17edf38ee4","lebl.ra.concept.ledger.set-theory.cartesian-product","Cartesian product","","[]","[]","urn:uuid:a0273f1c-6fad-54c7-a75a-32a5161da656","active","{""definition"":"""",""id"":""urn:uuid:18161830-b6a0-5ff4-9d48-8a17edf38ee4"",""label"":""Cartesian product"",""notation"":[],""record_type"":""concept"",""recorded_at"":""2026-08-21T00:00:00Z"",""rights_id"":""urn:uuid:a0273f1c-6fad-54c7-a75a-32a5161da656"",""schema_name"":""lebl.backend.record"",""schema_version"":""0.3.0"",""semantic_aliases"":[],""semantic_key"":""lebl.ra.concept.ledger.set-theory.cartesian-product"",""source_bindings"":[],""status"":""active"",""supersedes_id"":null,""workflow_id"":""01a01f57-a34b-7740-9717-596b8116910c/backend-production-v0.3-r006-live""}"
"urn:uuid:1853e45a-f1d4-57ce-9d6c-a03556b1a48d","lebl.ra.concept.ledger.cauchy.uniform","uniformly Cauchy","","[]","[]","urn:uuid:a0273f1c-6fad-54c7-a75a-32a5161da656","active","{""definition"":"""",""id"":""urn:uuid:1853e45a-f1d4-57ce-9d6c-a03556b1a48d"",""label"":""uniformly Cauchy"",""notation"":[],""record_type"":""concept"",""recorded_at"":""2026-08-21T00:00:00Z"",""rights_id"":""urn:uuid:a0273f1c-6fad-54c7-a75a-32a5161da656"",""schema_name"":""lebl.backend.record"",""schema_version"":""0.3.0"",""semantic_aliases"":[],""semantic_key"":""lebl.ra.concept.ledger.cauchy.uniform"",""source_bindings"":[],""status"":""active"",""supersedes_id"":null,""workflow_id"":""01a01f57-a34b-7740-9717-596b8116910c/backend-production-v0.3-r006-live""}"
"urn:uuid:199aa17b-59c6-5a6b-b8e2-cb871cd832a3","lebl.ra.concept.ledger.test.alternating-series","alternating series test","","[]","[]","urn:uuid:a0273f1c-6fad-54c7-a75a-32a5161da656","active","{""definition"":"""",""id"":""urn:uuid:199aa17b-59c6-5a6b-b8e2-cb871cd832a3"",""label"":""alternating series test"",""notation"":[],""record_type"":""concept"",""recorded_at"":""2026-08-21T00:00:00Z"",""rights_id"":""urn:uuid:a0273f1c-6fad-54c7-a75a-32a5161da656"",""schema_name"":""lebl.backend.record"",""schema_version"":""0.3.0"",""semantic_aliases"":[],""semantic_key"":""lebl.ra.concept.ledger.test.alternating-series"",""source_bindings"":[],""status"":""active"",""supersedes_id"":null,""workflow_id"":""01a01f57-a34b-7740-9717-596b8116910c/backend-production-v0.3-r006-live""}"
"urn:uuid:19a5c05e-507f-59a0-9e35-b6e824505058","lebl.ra.concept.ledger.geometry.disc","disc","","[]","[]","urn:uuid:a0273f1c-6fad-54c7-a75a-32a5161da656","active","{""definition"":"""",""id"":""urn:uuid:19a5c05e-507f-59a0-9e35-b6e824505058"",""label"":""disc"",""notation"":[],""record_type"":""concept"",""recorded_at"":""2026-08-24T00:00:00Z"",""rights_id"":""urn:uuid:a0273f1c-6fad-54c7-a75a-32a5161da656"",""schema_name"":""lebl.backend.record"",""schema_version"":""0.3.0"",""semantic_aliases"":[],""semantic_key"":""lebl.ra.concept.ledger.geometry.disc"",""source_bindings"":[],""status"":""active"",""supersedes_id"":null,""workflow_id"":""01a01f57-a34b-7740-9717-596b8116910c/backend-production-v0.4-live""}"
"urn:uuid:19df702c-5fb0-50ba-a7f4-d37202d7be0d","lebl.ra.concept.ledger.set.preimage","preimage","","[]","[]","urn:uuid:a0273f1c-6fad-54c7-a75a-32a5161da656","active","{""definition"":"""",""id"":""urn:uuid:19df702c-5fb0-50ba-a7f4-d37202d7be0d"",""label"":""preimage"",""notation"":[],""record_type"":""concept"",""recorded_at"":""2026-08-24T00:00:00Z"",""rights_id"":""urn:uuid:a0273f1c-6fad-54c7-a75a-32a5161da656"",""schema_name"":""lebl.backend.record"",""schema_version"":""0.3.0"",""semantic_aliases"":[],""semantic_key"":""lebl.ra.concept.ledger.set.preimage"",""source_bindings"":[],""status"":""active"",""supersedes_id"":null,""workflow_id"":""01a01f57-a34b-7740-9717-596b8116910c/backend-production-v0.4-live""}"
"urn:uuid:19fdefe3-d98a-5d72-842e-368182ded5f3","lebl.ra.concept.ledger.function.zero","zero function","","[]","[]","urn:uuid:a0273f1c-6fad-54c7-a75a-32a5161da656","active","{""definition"":"""",""id"":""urn:uuid:19fdefe3-d98a-5d72-842e-368182ded5f3"",""label"":""zero function"",""notation"":[],""record_type"":""concept"",""recorded_at"":""2026-08-24T00:00:00Z"",""rights_id"":""urn:uuid:a0273f1c-6fad-54c7-a75a-32a5161da656"",""schema_name"":""lebl.backend.record"",""schema_version"":""0.3.0"",""semantic_aliases"":[],""semantic_key"":""lebl.ra.concept.ledger.function.zero"",""source_bindings"":[],""status"":""active"",""supersedes_id"":null,""workflow_id"":""01a01f57-a34b-7740-9717-596b8116910c/backend-production-v0.4-live""}"
"urn:uuid:1a2adce8-e852-55ee-99e9-42bda0530fd7","lebl.ra.concept.ledger.function.eigenfunction","eigenfunction","","[]","[]","urn:uuid:a0273f1c-6fad-54c7-a75a-32a5161da656","active","{""definition"":"""",""id"":""urn:uuid:1a2adce8-e852-55ee-99e9-42bda0530fd7"",""label"":""eigenfunction"",""notation"":[],""record_type"":""concept"",""recorded_at"":""2026-08-24T00:00:00Z"",""rights_id"":""urn:uuid:a0273f1c-6fad-54c7-a75a-32a5161da656"",""schema_name"":""lebl.backend.record"",""schema_version"":""0.3.0"",""semantic_aliases"":[],""semantic_key"":""lebl.ra.concept.ledger.function.eigenfunction"",""source_bindings"":[],""status"":""active"",""supersedes_id"":null,""workflow_id"":""01a01f57-a34b-7740-9717-596b8116910c/backend-production-v0.4-live""}"
"urn:uuid:1a39fb16-5524-5b1a-96fe-d5bab56d0141","lebl.ra.concept.ledger.principle.minimum-modulus","minimum modulus principle","","[]","[]","urn:uuid:a0273f1c-6fad-54c7-a75a-32a5161da656","active","{""definition"":"""",""id"":""urn:uuid:1a39fb16-5524-5b1a-96fe-d5bab56d0141"",""label"":""minimum modulus principle"",""notation"":[],""record_type"":""concept"",""recorded_at"":""2026-08-24T00:00:00Z"",""rights_id"":""urn:uuid:a0273f1c-6fad-54c7-a75a-32a5161da656"",""schema_name"":""lebl.backend.record"",""schema_version"":""0.3.0"",""semantic_aliases"":[],""semantic_key"":""lebl.ra.concept.ledger.principle.minimum-modulus"",""source_bindings"":[],""status"":""active"",""supersedes_id"":null,""workflow_id"":""01a01f57-a34b-7740-9717-596b8116910c/backend-production-v0.4-live""}"
"urn:uuid:1a91c029-2041-5be3-aca9-34b778804021","lebl.ra.concept.ledger.limit.one-sided","one-sided limit","","[]","[]","urn:uuid:a0273f1c-6fad-54c7-a75a-32a5161da656","active","{""definition"":"""",""id"":""urn:uuid:1a91c029-2041-5be3-aca9-34b778804021"",""label"":""one-sided limit"",""notation"":[],""record_type"":""concept"",""recorded_at"":""2026-08-21T00:00:00Z"",""rights_id"":""urn:uuid:a0273f1c-6fad-54c7-a75a-32a5161da656"",""schema_name"":""lebl.backend.record"",""schema_version"":""0.3.0"",""semantic_aliases"":[],""semantic_key"":""lebl.ra.concept.ledger.limit.one-sided"",""source_bindings"":[],""status"":""active"",""supersedes_id"":null,""workflow_id"":""01a01f57-a34b-7740-9717-596b8116910c/backend-production-v0.3-r006-live""}"
"urn:uuid:1a9a092b-f122-5f93-aae3-aee4bb05a949","lebl.ra.concept.ledger.polynomial.rational-coefficients","polynomial with rational coefficients","","[]","[]","urn:uuid:a0273f1c-6fad-54c7-a75a-32a5161da656","active","{""definition"":"""",""id"":""urn:uuid:1a9a092b-f122-5f93-aae3-aee4bb05a949"",""label"":""polynomial with rational coefficients"",""notation"":[],""record_type"":""concept"",""recorded_at"":""2026-08-24T00:00:00Z"",""rights_id"":""urn:uuid:a0273f1c-6fad-54c7-a75a-32a5161da656"",""schema_name"":""lebl.backend.record"",""schema_version"":""0.3.0"",""semantic_aliases"":[],""semantic_key"":""lebl.ra.concept.ledger.polynomial.rational-coefficients"",""source_bindings"":[],""status"":""active"",""supersedes_id"":null,""workflow_id"":""01a01f57-a34b-7740-9717-596b8116910c/backend-production-v0.4-live""}"
"urn:uuid:1ad2513c-5b65-5816-9e47-27d6f668332f","lebl.ra.concept.ledger.geometry.rectangle.longest-side","longest side","","[]","[]","urn:uuid:a0273f1c-6fad-54c7-a75a-32a5161da656","active","{""definition"":"""",""id"":""urn:uuid:1ad2513c-5b65-5816-9e47-27d6f668332f"",""label"":""longest side"",""notation"":[],""record_type"":""concept"",""recorded_at"":""2026-08-24T00:00:00Z"",""rights_id"":""urn:uuid:a0273f1c-6fad-54c7-a75a-32a5161da656"",""schema_name"":""lebl.backend.record"",""schema_version"":""0.3.0"",""semantic_aliases"":[],""semantic_key"":""lebl.ra.concept.ledger.geometry.rectangle.longest-side"",""source_bindings"":[],""status"":""active"",""supersedes_id"":null,""workflow_id"":""01a01f57-a34b-7740-9717-596b8116910c/backend-production-v0.4-live""}"
"urn:uuid:1add07e3-adf6-5fea-95be-b9c773398d60","lebl.ra.concept.ledger.algebra.self-adjoint","self-adjoint","","[]","[]","urn:uuid:a0273f1c-6fad-54c7-a75a-32a5161da656","active","{""definition"":"""",""id"":""urn:uuid:1add07e3-adf6-5fea-95be-b9c773398d60"",""label"":""self-adjoint"",""notation"":[],""record_type"":""concept"",""recorded_at"":""2026-08-24T00:00:00Z"",""rights_id"":""urn:uuid:a0273f1c-6fad-54c7-a75a-32a5161da656"",""schema_name"":""lebl.backend.record"",""schema_version"":""0.3.0"",""semantic_aliases"":[],""semantic_key"":""lebl.ra.concept.ledger.algebra.self-adjoint"",""source_bindings"":[],""status"":""active"",""supersedes_id"":null,""workflow_id"":""01a01f57-a34b-7740-9717-596b8116910c/backend-production-v0.4-live""}"
"urn:uuid:1b3e57e2-a904-5e24-9ce1-898220e3cd26","lebl.ra.concept.ledger.integration.path-integral.function","path integral of a function","","[]","[]","urn:uuid:a0273f1c-6fad-54c7-a75a-32a5161da656","active","{""definition"":"""",""id"":""urn:uuid:1b3e57e2-a904-5e24-9ce1-898220e3cd26"",""label"":""path integral of a function"",""notation"":[],""record_type"":""concept"",""recorded_at"":""2026-08-24T00:00:00Z"",""rights_id"":""urn:uuid:a0273f1c-6fad-54c7-a75a-32a5161da656"",""schema_name"":""lebl.backend.record"",""schema_version"":""0.3.0"",""semantic_aliases"":[],""semantic_key"":""lebl.ra.concept.ledger.integration.path-integral.function"",""source_bindings"":[],""status"":""active"",""supersedes_id"":null,""workflow_id"":""01a01f57-a34b-7740-9717-596b8116910c/backend-production-v0.4-live""}"
"urn:uuid:1b45db6c-114d-50fd-a305-a0f11a3a485f","lebl.ra.concept.ledger.function.range","range","","[]","[]","urn:uuid:a0273f1c-6fad-54c7-a75a-32a5161da656","active","{""definition"":"""",""id"":""urn:uuid:1b45db6c-114d-50fd-a305-a0f11a3a485f"",""label"":""range"",""notation"":[],""record_type"":""concept"",""recorded_at"":""2026-08-21T00:00:00Z"",""rights_id"":""urn:uuid:a0273f1c-6fad-54c7-a75a-32a5161da656"",""schema_name"":""lebl.backend.record"",""schema_version"":""0.3.0"",""semantic_aliases"":[],""semantic_key"":""lebl.ra.concept.ledger.function.range"",""source_bindings"":[],""status"":""active"",""supersedes_id"":null,""workflow_id"":""01a01f57-a34b-7740-9717-596b8116910c/backend-production-v0.3-r006-live""}"
"urn:uuid:1ba9143f-0392-5d48-94d5-55770e9204c4","lebl.ra.concept.ledger.proof.induction-principle","principle of induction","","[]","[]","urn:uuid:a0273f1c-6fad-54c7-a75a-32a5161da656","active","{""definition"":"""",""id"":""urn:uuid:1ba9143f-0392-5d48-94d5-55770e9204c4"",""label"":""principle of induction"",""notation"":[],""record_type"":""concept"",""recorded_at"":""2026-08-21T00:00:00Z"",""rights_id"":""urn:uuid:a0273f1c-6fad-54c7-a75a-32a5161da656"",""schema_name"":""lebl.backend.record"",""schema_version"":""0.3.0"",""semantic_aliases"":[],""semantic_key"":""lebl.ra.concept.ledger.proof.induction-principle"",""source_bindings"":[],""status"":""active"",""supersedes_id"":null,""workflow_id"":""01a01f57-a34b-7740-9717-596b8116910c/backend-production-v0.3-r006-live""}"
"urn:uuid:1c44d724-59b9-5ae2-8944-cd5e4c07780f","lebl.ra.concept.ledger.set.interior","interior","","[]","[]","urn:uuid:a0273f1c-6fad-54c7-a75a-32a5161da656","active","{""definition"":"""",""id"":""urn:uuid:1c44d724-59b9-5ae2-8944-cd5e4c07780f"",""label"":""interior"",""notation"":[],""record_type"":""concept"",""recorded_at"":""2026-08-21T00:00:00Z"",""rights_id"":""urn:uuid:a0273f1c-6fad-54c7-a75a-32a5161da656"",""schema_name"":""lebl.backend.record"",""schema_version"":""0.3.0"",""semantic_aliases"":[],""semantic_key"":""lebl.ra.concept.ledger.set.interior"",""source_bindings"":[],""status"":""active"",""supersedes_id"":null,""workflow_id"":""01a01f57-a34b-7740-9717-596b8116910c/backend-production-v0.3-r006-live""}"
"urn:uuid:1e5aed53-0835-5f7d-b8c1-0bff82b223b0","lebl.ra.concept.ledger.number.transcendental","transcendental number","","[]","[]","urn:uuid:a0273f1c-6fad-54c7-a75a-32a5161da656","active","{""definition"":"""",""id"":""urn:uuid:1e5aed53-0835-5f7d-b8c1-0bff82b223b0"",""label"":""transcendental number"",""notation"":[],""record_type"":""concept"",""recorded_at"":""2026-08-21T00:00:00Z"",""rights_id"":""urn:uuid:a0273f1c-6fad-54c7-a75a-32a5161da656"",""schema_name"":""lebl.backend.record"",""schema_version"":""0.3.0"",""semantic_aliases"":[],""semantic_key"":""lebl.ra.concept.ledger.number.transcendental"",""source_bindings"":[],""status"":""active"",""supersedes_id"":null,""workflow_id"":""01a01f57-a34b-7740-9717-596b8116910c/backend-production-v0.3-r006-live""}"
"urn:uuid:1eed5e37-cf12-541d-afd6-c22eb5e8efa4","lebl.ra.concept.ledger.theorem.identity-analytic","identity theorem","","[]","[]","urn:uuid:a0273f1c-6fad-54c7-a75a-32a5161da656","active","{""definition"":"""",""id"":""urn:uuid:1eed5e37-cf12-541d-afd6-c22eb5e8efa4"",""label"":""identity theorem"",""notation"":[],""record_type"":""concept"",""recorded_at"":""2026-08-24T00:00:00Z"",""rights_id"":""urn:uuid:a0273f1c-6fad-54c7-a75a-32a5161da656"",""schema_name"":""lebl.backend.record"",""schema_version"":""0.3.0"",""semantic_aliases"":[],""semantic_key"":""lebl.ra.concept.ledger.theorem.identity-analytic"",""source_bindings"":[],""status"":""active"",""supersedes_id"":null,""workflow_id"":""01a01f57-a34b-7740-9717-596b8116910c/backend-production-v0.4-live""}"
"urn:uuid:1f77ab6e-cc9e-57ab-8c36-fe7121a35df1","lebl.ra.concept.ledger.conjecture.jacobian","Jacobian conjecture","","[]","[]","urn:uuid:a0273f1c-6fad-54c7-a75a-32a5161da656","active","{""definition"":"""",""id"":""urn:uuid:1f77ab6e-cc9e-57ab-8c36-fe7121a35df1"",""label"":""Jacobian conjecture"",""notation"":[],""record_type"":""concept"",""recorded_at"":""2026-08-24T00:00:00Z"",""rights_id"":""urn:uuid:a0273f1c-6fad-54c7-a75a-32a5161da656"",""schema_name"":""lebl.backend.record"",""schema_version"":""0.3.0"",""semantic_aliases"":[],""semantic_key"":""lebl.ra.concept.ledger.conjecture.jacobian"",""source_bindings"":[],""status"":""active"",""supersedes_id"":null,""workflow_id"":""01a01f57-a34b-7740-9717-596b8116910c/backend-production-v0.4-live""}"
"urn:uuid:1f7c80c5-b7bc-55a7-bb47-dc6e54581506","lebl.ra.concept.ledger.function.bijective-mapping","bijective mapping","","[]","[]","urn:uuid:a0273f1c-6fad-54c7-a75a-32a5161da656","active","{""definition"":"""",""id"":""urn:uuid:1f7c80c5-b7bc-55a7-bb47-dc6e54581506"",""label"":""bijective mapping"",""notation"":[],""record_type"":""concept"",""recorded_at"":""2026-08-21T00:00:00Z"",""rights_id"":""urn:uuid:a0273f1c-6fad-54c7-a75a-32a5161da656"",""schema_name"":""lebl.backend.record"",""schema_version"":""0.3.0"",""semantic_aliases"":[],""semantic_key"":""lebl.ra.concept.ledger.function.bijective-mapping"",""source_bindings"":[],""status"":""active"",""supersedes_id"":null,""workflow_id"":""01a01f57-a34b-7740-9717-596b8116910c/backend-production-v0.3-r006-live""}"
"urn:uuid:20192335-360c-5223-82eb-12ac4c475620","lebl.ra.concept.ledger.mapping.contraction","contraction mapping","","[]","[]","urn:uuid:a0273f1c-6fad-54c7-a75a-32a5161da656","active","{""definition"":"""",""id"":""urn:uuid:20192335-360c-5223-82eb-12ac4c475620"",""label"":""contraction mapping"",""notation"":[],""record_type"":""concept"",""recorded_at"":""2026-08-21T00:00:00Z"",""rights_id"":""urn:uuid:a0273f1c-6fad-54c7-a75a-32a5161da656"",""schema_name"":""lebl.backend.record"",""schema_version"":""0.3.0"",""semantic_aliases"":[],""semantic_key"":""lebl.ra.concept.ledger.mapping.contraction"",""source_bindings"":[],""status"":""active"",""supersedes_id"":null,""workflow_id"":""01a01f57-a34b-7740-9717-596b8116910c/backend-production-v0.3-r006-live""}"
"urn:uuid:205814c2-0a05-5b50-997e-570cdbc67821","lebl.ra.concept.ledger.function.strictly-decreasing","strictly decreasing","","[]","[]","urn:uuid:a0273f1c-6fad-54c7-a75a-32a5161da656","active","{""definition"":"""",""id"":""urn:uuid:205814c2-0a05-5b50-997e-570cdbc67821"",""label"":""strictly decreasing"",""notation"":[],""record_type"":""concept"",""recorded_at"":""2026-08-21T00:00:00Z"",""rights_id"":""urn:uuid:a0273f1c-6fad-54c7-a75a-32a5161da656"",""schema_name"":""lebl.backend.record"",""schema_version"":""0.3.0"",""semantic_aliases"":[],""semantic_key"":""lebl.ra.concept.ledger.function.strictly-decreasing"",""source_bindings"":[],""status"":""active"",""supersedes_id"":null,""workflow_id"":""01a01f57-a34b-7740-9717-596b8116910c/backend-production-v0.3-r006-live""}"
"urn:uuid:20cf55c1-7132-5ffb-aa03-932972603840","lebl.ra.concept.ledger.permutation.even","even permutation","","[]","[]","urn:uuid:a0273f1c-6fad-54c7-a75a-32a5161da656","active","{""definition"":"""",""id"":""urn:uuid:20cf55c1-7132-5ffb-aa03-932972603840"",""label"":""even permutation"",""notation"":[],""record_type"":""concept"",""recorded_at"":""2026-08-21T00:00:00Z"",""rights_id"":""urn:uuid:a0273f1c-6fad-54c7-a75a-32a5161da656"",""schema_name"":""lebl.backend.record"",""schema_version"":""0.3.0"",""semantic_aliases"":[],""semantic_key"":""lebl.ra.concept.ledger.permutation.even"",""source_bindings"":[],""status"":""active"",""supersedes_id"":null,""workflow_id"":""01a01f57-a34b-7740-9717-596b8116910c/backend-production-v0.3-r006-live""}"
"urn:uuid:210c1718-2d75-50da-8b9f-3761187b26bd","lebl.ra.concept.ledger.proof.diagonal-argument","diagonal argument","","[]","[]","urn:uuid:a0273f1c-6fad-54c7-a75a-32a5161da656","active","{""definition"":"""",""id"":""urn:uuid:210c1718-2d75-50da-8b9f-3761187b26bd"",""label"":""diagonal argument"",""notation"":[],""record_type"":""concept"",""recorded_at"":""2026-08-24T00:00:00Z"",""rights_id"":""urn:uuid:a0273f1c-6fad-54c7-a75a-32a5161da656"",""schema_name"":""lebl.backend.record"",""schema_version"":""0.3.0"",""semantic_aliases"":[],""semantic_key"":""lebl.ra.concept.ledger.proof.diagonal-argument"",""source_bindings"":[],""status"":""active"",""supersedes_id"":null,""workflow_id"":""01a01f57-a34b-7740-9717-596b8116910c/backend-production-v0.4-live""}"
"urn:uuid:210d25cd-3433-5283-a75f-717258a9170b","lebl.ra.concept.ledger.iteration.picard","Picard iteration","","[]","[]","urn:uuid:a0273f1c-6fad-54c7-a75a-32a5161da656","active","{""definition"":"""",""id"":""urn:uuid:210d25cd-3433-5283-a75f-717258a9170b"",""label"":""Picard iteration"",""notation"":[],""record_type"":""concept"",""recorded_at"":""2026-08-21T00:00:00Z"",""rights_id"":""urn:uuid:a0273f1c-6fad-54c7-a75a-32a5161da656"",""schema_name"":""lebl.backend.record"",""schema_version"":""0.3.0"",""semantic_aliases"":[],""semantic_key"":""lebl.ra.concept.ledger.iteration.picard"",""source_bindings"":[],""status"":""active"",""supersedes_id"":null,""workflow_id"":""01a01f57-a34b-7740-9717-596b8116910c/backend-production-v0.3-r006-live""}"
"urn:uuid:211f7616-f081-5d60-b321-a3c848b9eed8","lebl.ra.concept.ledger.function.bounded","bounded function","","[]","[]","urn:uuid:a0273f1c-6fad-54c7-a75a-32a5161da656","active","{""definition"":"""",""id"":""urn:uuid:211f7616-f081-5d60-b321-a3c848b9eed8"",""label"":""bounded function"",""notation"":[],""record_type"":""concept"",""recorded_at"":""2026-08-21T00:00:00Z"",""rights_id"":""urn:uuid:a0273f1c-6fad-54c7-a75a-32a5161da656"",""schema_name"":""lebl.backend.record"",""schema_version"":""0.3.0"",""semantic_aliases"":[],""semantic_key"":""lebl.ra.concept.ledger.function.bounded"",""source_bindings"":[],""status"":""active"",""supersedes_id"":null,""workflow_id"":""01a01f57-a34b-7740-9717-596b8116910c/backend-production-v0.3-r006-live""}"
"urn:uuid:214fbdef-29cb-58ba-bcb8-2af87cc44439","lebl.ra.concept.ledger.geometry.path.traversal-orientation","orientation of traversal","","[]","[]","urn:uuid:a0273f1c-6fad-54c7-a75a-32a5161da656","active","{""definition"":"""",""id"":""urn:uuid:214fbdef-29cb-58ba-bcb8-2af87cc44439"",""label"":""orientation of traversal"",""notation"":[],""record_type"":""concept"",""recorded_at"":""2026-08-24T00:00:00Z"",""rights_id"":""urn:uuid:a0273f1c-6fad-54c7-a75a-32a5161da656"",""schema_name"":""lebl.backend.record"",""schema_version"":""0.3.0"",""semantic_aliases"":[],""semantic_key"":""lebl.ra.concept.ledger.geometry.path.traversal-orientation"",""source_bindings"":[],""status"":""active"",""supersedes_id"":null,""workflow_id"":""01a01f57-a34b-7740-9717-596b8116910c/backend-production-v0.4-live""}"
"urn:uuid:21c391a7-3332-5de2-82b7-4a49113c6255","lebl.diffyqs.concept.ledger.dynamical-system.limit-cycle","limit cycle","","[]","[]","urn:uuid:55f5bc5b-fcc2-55bd-8bcb-65ab31cc4e0f","active","{""definition"":"""",""id"":""urn:uuid:21c391a7-3332-5de2-82b7-4a49113c6255"",""label"":""limit cycle"",""notation"":[],""record_type"":""concept"",""recorded_at"":""2026-08-24T00:00:00Z"",""rights_id"":""urn:uuid:55f5bc5b-fcc2-55bd-8bcb-65ab31cc4e0f"",""schema_name"":""lebl.backend.record"",""schema_version"":""0.3.0"",""semantic_aliases"":[],""semantic_key"":""lebl.diffyqs.concept.ledger.dynamical-system.limit-cycle"",""source_bindings"":[],""status"":""active"",""supersedes_id"":null,""workflow_id"":""01a01f57-a34b-7740-9717-596b8116910c/backend-production-v0.4-live""}"
"urn:uuid:221686a7-a1fb-57df-a9ec-90c47f0e67aa","lebl.ra.concept.ledger.number-representation.ternary-expansion","ternary expansion","","[]","[]","urn:uuid:a0273f1c-6fad-54c7-a75a-32a5161da656","active","{""definition"":"""",""id"":""urn:uuid:221686a7-a1fb-57df-a9ec-90c47f0e67aa"",""label"":""ternary expansion"",""notation"":[],""record_type"":""concept"",""recorded_at"":""2026-08-24T00:00:00Z"",""rights_id"":""urn:uuid:a0273f1c-6fad-54c7-a75a-32a5161da656"",""schema_name"":""lebl.backend.record"",""schema_version"":""0.3.0"",""semantic_aliases"":[],""semantic_key"":""lebl.ra.concept.ledger.number-representation.ternary-expansion"",""source_bindings"":[],""status"":""active"",""supersedes_id"":null,""workflow_id"":""01a01f57-a34b-7740-9717-596b8116910c/backend-production-v0.4-live""}"
"urn:uuid:233214e6-5e62-5880-a52a-c3337d3effaf","lebl.ra.concept.ledger.function.decreasing","decreasing","","[]","[]","urn:uuid:a0273f1c-6fad-54c7-a75a-32a5161da656","active","{""definition"":"""",""id"":""urn:uuid:233214e6-5e62-5880-a52a-c3337d3effaf"",""label"":""decreasing"",""notation"":[],""record_type"":""concept"",""recorded_at"":""2026-08-21T00:00:00Z"",""rights_id"":""urn:uuid:a0273f1c-6fad-54c7-a75a-32a5161da656"",""schema_name"":""lebl.backend.record"",""schema_version"":""0.3.0"",""semantic_aliases"":[],""semantic_key"":""lebl.ra.concept.ledger.function.decreasing"",""source_bindings"":[],""status"":""active"",""supersedes_id"":null,""workflow_id"":""01a01f57-a34b-7740-9717-596b8116910c/backend-production-v0.3-r006-live""}"
"urn:uuid:23679b19-84b5-59d7-9d2a-e436c4909070","lebl.ra.concept.ledger.limit.function","limit of a function","","[]","[]","urn:uuid:a0273f1c-6fad-54c7-a75a-32a5161da656","active","{""definition"":"""",""id"":""urn:uuid:23679b19-84b5-59d7-9d2a-e436c4909070"",""label"":""limit of a function"",""notation"":[],""record_type"":""concept"",""recorded_at"":""2026-08-21T00:00:00Z"",""rights_id"":""urn:uuid:a0273f1c-6fad-54c7-a75a-32a5161da656"",""schema_name"":""lebl.backend.record"",""schema_version"":""0.3.0"",""semantic_aliases"":[],""semantic_key"":""lebl.ra.concept.ledger.limit.function"",""source_bindings"":[],""status"":""active"",""supersedes_id"":null,""workflow_id"":""01a01f57-a34b-7740-9717-596b8116910c/backend-production-v0.3-r006-live""}"
"urn:uuid:23ce2306-2116-5b5b-b0e5-b57ea323b60c","lebl.ra.concept.ledger.number.complex","complex number","","[]","[]","urn:uuid:a0273f1c-6fad-54c7-a75a-32a5161da656","active","{""definition"":"""",""id"":""urn:uuid:23ce2306-2116-5b5b-b0e5-b57ea323b60c"",""label"":""complex number"",""notation"":[],""record_type"":""concept"",""recorded_at"":""2026-08-24T00:00:00Z"",""rights_id"":""urn:uuid:a0273f1c-6fad-54c7-a75a-32a5161da656"",""schema_name"":""lebl.backend.record"",""schema_version"":""0.3.0"",""semantic_aliases"":[],""semantic_key"":""lebl.ra.concept.ledger.number.complex"",""source_bindings"":[],""status"":""active"",""supersedes_id"":null,""workflow_id"":""01a01f57-a34b-7740-9717-596b8116910c/backend-production-v0.4-live""}"
"urn:uuid:23d2125e-88cd-5fc3-83c9-05d8fa8fe13c","lebl.ra.concept.ledger.set-theory.complement","complement","","[]","[]","urn:uuid:a0273f1c-6fad-54c7-a75a-32a5161da656","active","{""definition"":"""",""id"":""urn:uuid:23d2125e-88cd-5fc3-83c9-05d8fa8fe13c"",""label"":""complement"",""notation"":[],""record_type"":""concept"",""recorded_at"":""2026-08-21T00:00:00Z"",""rights_id"":""urn:uuid:a0273f1c-6fad-54c7-a75a-32a5161da656"",""schema_name"":""lebl.backend.record"",""schema_version"":""0.3.0"",""semantic_aliases"":[],""semantic_key"":""lebl.ra.concept.ledger.set-theory.complement"",""source_bindings"":[],""status"":""active"",""supersedes_id"":null,""workflow_id"":""01a01f57-a34b-7740-9717-596b8116910c/backend-production-v0.3-r006-live""}"
"urn:uuid:24721097-e5b0-527d-b2fd-b27212ab869b","lebl.ra.concept.ledger.calculus.derivative.total","total derivative","","[]","[]","urn:uuid:a0273f1c-6fad-54c7-a75a-32a5161da656","active","{""definition"":"""",""id"":""urn:uuid:24721097-e5b0-527d-b2fd-b27212ab869b"",""label"":""total derivative"",""notation"":[],""record_type"":""concept"",""recorded_at"":""2026-08-24T00:00:00Z"",""rights_id"":""urn:uuid:a0273f1c-6fad-54c7-a75a-32a5161da656"",""schema_name"":""lebl.backend.record"",""schema_version"":""0.3.0"",""semantic_aliases"":[],""semantic_key"":""lebl.ra.concept.ledger.calculus.derivative.total"",""source_bindings"":[],""status"":""active"",""supersedes_id"":null,""workflow_id"":""01a01f57-a34b-7740-9717-596b8116910c/backend-production-v0.4-live""}"
"urn:uuid:24a04aa9-fb62-5eb8-9b94-7069fc318dc0","lebl.ra.concept.ledger.domain.type-iii","type III domain","","[]","[]","urn:uuid:a0273f1c-6fad-54c7-a75a-32a5161da656","active","{""definition"":"""",""id"":""urn:uuid:24a04aa9-fb62-5eb8-9b94-7069fc318dc0"",""label"":""type III domain"",""notation"":[],""record_type"":""concept"",""recorded_at"":""2026-08-24T00:00:00Z"",""rights_id"":""urn:uuid:a0273f1c-6fad-54c7-a75a-32a5161da656"",""schema_name"":""lebl.backend.record"",""schema_version"":""0.3.0"",""semantic_aliases"":[],""semantic_key"":""lebl.ra.concept.ledger.domain.type-iii"",""source_bindings"":[],""status"":""active"",""supersedes_id"":null,""workflow_id"":""01a01f57-a34b-7740-9717-596b8116910c/backend-production-v0.4-live""}"
"urn:uuid:254eef9a-55db-56ac-8090-bd7b3c921ccc","lebl.ra.concept.ledger.integration.p-test","integral p-test","","[]","[]","urn:uuid:a0273f1c-6fad-54c7-a75a-32a5161da656","active","{""definition"":"""",""id"":""urn:uuid:254eef9a-55db-56ac-8090-bd7b3c921ccc"",""label"":""integral p-test"",""notation"":[],""record_type"":""concept"",""recorded_at"":""2026-08-21T00:00:00Z"",""rights_id"":""urn:uuid:a0273f1c-6fad-54c7-a75a-32a5161da656"",""schema_name"":""lebl.backend.record"",""schema_version"":""0.3.0"",""semantic_aliases"":[],""semantic_key"":""lebl.ra.concept.ledger.integration.p-test"",""source_bindings"":[],""status"":""active"",""supersedes_id"":null,""workflow_id"":""01a01f57-a34b-7740-9717-596b8116910c/backend-production-v0.3-r006-live""}"
"urn:uuid:256c338c-2cb1-5da5-9b90-364e41608631","lebl.ra.concept.ledger.calculus.lagrange-form","Lagrange form","","[]","[]","urn:uuid:a0273f1c-6fad-54c7-a75a-32a5161da656","active","{""definition"":"""",""id"":""urn:uuid:256c338c-2cb1-5da5-9b90-364e41608631"",""label"":""Lagrange form"",""notation"":[],""record_type"":""concept"",""recorded_at"":""2026-08-21T00:00:00Z"",""rights_id"":""urn:uuid:a0273f1c-6fad-54c7-a75a-32a5161da656"",""schema_name"":""lebl.backend.record"",""schema_version"":""0.3.0"",""semantic_aliases"":[],""semantic_key"":""lebl.ra.concept.ledger.calculus.lagrange-form"",""source_bindings"":[],""status"":""active"",""supersedes_id"":null,""workflow_id"":""01a01f57-a34b-7740-9717-596b8116910c/backend-production-v0.3-r006-live""}"
"urn:uuid:258dd099-13f5-5698-9008-18794d2a9b24","lebl.ra.concept.ledger.function.strictly-monotone","strictly monotone function","","[]","[]","urn:uuid:a0273f1c-6fad-54c7-a75a-32a5161da656","active","{""definition"":"""",""id"":""urn:uuid:258dd099-13f5-5698-9008-18794d2a9b24"",""label"":""strictly monotone function"",""notation"":[],""record_type"":""concept"",""recorded_at"":""2026-08-21T00:00:00Z"",""rights_id"":""urn:uuid:a0273f1c-6fad-54c7-a75a-32a5161da656"",""schema_name"":""lebl.backend.record"",""schema_version"":""0.3.0"",""semantic_aliases"":[],""semantic_key"":""lebl.ra.concept.ledger.function.strictly-monotone"",""source_bindings"":[],""status"":""active"",""supersedes_id"":null,""workflow_id"":""01a01f57-a34b-7740-9717-596b8116910c/backend-production-v0.3-r006-live""}"
"urn:uuid:25c035f1-e8e5-5e92-982e-81d647af9332","lebl.ra.concept.ledger.boundedness.pointwise","pointwise bounded","","[]","[]","urn:uuid:a0273f1c-6fad-54c7-a75a-32a5161da656","active","{""definition"":"""",""id"":""urn:uuid:25c035f1-e8e5-5e92-982e-81d647af9332"",""label"":""pointwise bounded"",""notation"":[],""record_type"":""concept"",""recorded_at"":""2026-08-24T00:00:00Z"",""rights_id"":""urn:uuid:a0273f1c-6fad-54c7-a75a-32a5161da656"",""schema_name"":""lebl.backend.record"",""schema_version"":""0.3.0"",""semantic_aliases"":[],""semantic_key"":""lebl.ra.concept.ledger.boundedness.pointwise"",""source_bindings"":[],""status"":""active"",""supersedes_id"":null,""workflow_id"":""01a01f57-a34b-7740-9717-596b8116910c/backend-production-v0.4-live""}"
"urn:uuid:25f0042f-c40d-546e-9545-2c329cfe2f55","lebl.ra.concept.ledger.polynomial.constant-term","constant term","","[]","[]","urn:uuid:a0273f1c-6fad-54c7-a75a-32a5161da656","active","{""definition"":"""",""id"":""urn:uuid:25f0042f-c40d-546e-9545-2c329cfe2f55"",""label"":""constant term"",""notation"":[],""record_type"":""concept"",""recorded_at"":""2026-08-24T00:00:00Z"",""rights_id"":""urn:uuid:a0273f1c-6fad-54c7-a75a-32a5161da656"",""schema_name"":""lebl.backend.record"",""schema_version"":""0.3.0"",""semantic_aliases"":[],""semantic_key"":""lebl.ra.concept.ledger.polynomial.constant-term"",""source_bindings"":[],""status"":""active"",""supersedes_id"":null,""workflow_id"":""01a01f57-a34b-7740-9717-596b8116910c/backend-production-v0.4-live""}"
"urn:uuid:2628d3cc-c4a3-58b6-844d-8f54a5b2ec94","lebl.ra.concept.ledger.test.root","root test","","[]","[]","urn:uuid:a0273f1c-6fad-54c7-a75a-32a5161da656","active","{""definition"":"""",""id"":""urn:uuid:2628d3cc-c4a3-58b6-844d-8f54a5b2ec94"",""label"":""root test"",""notation"":[],""record_type"":""concept"",""recorded_at"":""2026-08-21T00:00:00Z"",""rights_id"":""urn:uuid:a0273f1c-6fad-54c7-a75a-32a5161da656"",""schema_name"":""lebl.backend.record"",""schema_version"":""0.3.0"",""semantic_aliases"":[],""semantic_key"":""lebl.ra.concept.ledger.test.root"",""source_bindings"":[],""status"":""active"",""supersedes_id"":null,""workflow_id"":""01a01f57-a34b-7740-9717-596b8116910c/backend-production-v0.3-r006-live""}"
"urn:uuid:26c717c6-b2f4-5feb-8dc4-aff63ab478d4","lebl.ra.concept.ledger.function.domain","domain","","[]","[]","urn:uuid:a0273f1c-6fad-54c7-a75a-32a5161da656","active","{""definition"":"""",""id"":""urn:uuid:26c717c6-b2f4-5feb-8dc4-aff63ab478d4"",""label"":""domain"",""notation"":[],""record_type"":""concept"",""recorded_at"":""2026-08-21T00:00:00Z"",""rights_id"":""urn:uuid:a0273f1c-6fad-54c7-a75a-32a5161da656"",""schema_name"":""lebl.backend.record"",""schema_version"":""0.3.0"",""semantic_aliases"":[],""semantic_key"":""lebl.ra.concept.ledger.function.domain"",""source_bindings"":[],""status"":""active"",""supersedes_id"":null,""workflow_id"":""01a01f57-a34b-7740-9717-596b8116910c/backend-production-v0.3-r006-live""}"
"urn:uuid:276c5bf0-59a3-5920-b242-93f13f0a2689","lebl.ra.concept.ledger.series.harmonic","harmonic series","","[]","[]","urn:uuid:a0273f1c-6fad-54c7-a75a-32a5161da656","active","{""definition"":"""",""id"":""urn:uuid:276c5bf0-59a3-5920-b242-93f13f0a2689"",""label"":""harmonic series"",""notation"":[],""record_type"":""concept"",""recorded_at"":""2026-08-21T00:00:00Z"",""rights_id"":""urn:uuid:a0273f1c-6fad-54c7-a75a-32a5161da656"",""schema_name"":""lebl.backend.record"",""schema_version"":""0.3.0"",""semantic_aliases"":[],""semantic_key"":""lebl.ra.concept.ledger.series.harmonic"",""source_bindings"":[],""status"":""active"",""supersedes_id"":null,""workflow_id"":""01a01f57-a34b-7740-9717-596b8116910c/backend-production-v0.3-r006-live""}"
"urn:uuid:276df1e3-10cc-5279-8cb0-8ff20afd8fc6","lebl.shared.concept.ledger.geometry.path.closed","closed path","","[]","[]","urn:uuid:2d8dd580-22d9-5cfe-b865-6ed6b59af68e","active","{""definition"":"""",""id"":""urn:uuid:276df1e3-10cc-5279-8cb0-8ff20afd8fc6"",""label"":""closed path"",""notation"":[],""record_type"":""concept"",""recorded_at"":""2026-08-24T00:00:00Z"",""rights_id"":""urn:uuid:2d8dd580-22d9-5cfe-b865-6ed6b59af68e"",""schema_name"":""lebl.backend.record"",""schema_version"":""0.3.0"",""semantic_aliases"":[],""semantic_key"":""lebl.shared.concept.ledger.geometry.path.closed"",""source_bindings"":[],""status"":""active"",""supersedes_id"":null,""workflow_id"":""01a01f57-a34b-7740-9717-596b8116910c/backend-production-v0.4-live""}"
"urn:uuid:28709cc3-68b1-54b5-9b82-7c2e663e0740","lebl.ra.concept.ledger.relation.transitive","transitive","","[]","[]","urn:uuid:a0273f1c-6fad-54c7-a75a-32a5161da656","active","{""definition"":"""",""id"":""urn:uuid:28709cc3-68b1-54b5-9b82-7c2e663e0740"",""label"":""transitive"",""notation"":[],""record_type"":""concept"",""recorded_at"":""2026-08-21T00:00:00Z"",""rights_id"":""urn:uuid:a0273f1c-6fad-54c7-a75a-32a5161da656"",""schema_name"":""lebl.backend.record"",""schema_version"":""0.3.0"",""semantic_aliases"":[],""semantic_key"":""lebl.ra.concept.ledger.relation.transitive"",""source_bindings"":[],""status"":""active"",""supersedes_id"":null,""workflow_id"":""01a01f57-a34b-7740-9717-596b8116910c/backend-production-v0.3-r006-live""}"
"urn:uuid:2878e848-379c-5ea0-9577-0b2770566432","lebl.ra.concept.ledger.calculus.termwise-differentiation","term-by-term differentiation","","[]","[]","urn:uuid:a0273f1c-6fad-54c7-a75a-32a5161da656","active","{""definition"":"""",""id"":""urn:uuid:2878e848-379c-5ea0-9577-0b2770566432"",""label"":""term-by-term differentiation"",""notation"":[],""record_type"":""concept"",""recorded_at"":""2026-08-24T00:00:00Z"",""rights_id"":""urn:uuid:a0273f1c-6fad-54c7-a75a-32a5161da656"",""schema_name"":""lebl.backend.record"",""schema_version"":""0.3.0"",""semantic_aliases"":[],""semantic_key"":""lebl.ra.concept.ledger.calculus.termwise-differentiation"",""source_bindings"":[],""status"":""active"",""supersedes_id"":null,""workflow_id"":""01a01f57-a34b-7740-9717-596b8116910c/backend-production-v0.4-live""}"
"urn:uuid:289b278d-b4b1-553e-a3ca-df764e4db568","lebl.diffyqs.concept.ledger.dynamical-system.chaos","chaos","","[]","[]","urn:uuid:55f5bc5b-fcc2-55bd-8bcb-65ab31cc4e0f","active","{""definition"":"""",""id"":""urn:uuid:289b278d-b4b1-553e-a3ca-df764e4db568"",""label"":""chaos"",""notation"":[],""record_type"":""concept"",""recorded_at"":""2026-08-24T00:00:00Z"",""rights_id"":""urn:uuid:55f5bc5b-fcc2-55bd-8bcb-65ab31cc4e0f"",""schema_name"":""lebl.backend.record"",""schema_version"":""0.3.0"",""semantic_aliases"":[],""semantic_key"":""lebl.diffyqs.concept.ledger.dynamical-system.chaos"",""source_bindings"":[],""status"":""active"",""supersedes_id"":null,""workflow_id"":""01a01f57-a34b-7740-9717-596b8116910c/backend-production-v0.4-live""}"
"urn:uuid:29528103-e134-5df3-a78a-abae6f48a33b","lebl.ra.concept.ledger.function.smallest-positive-period","smallest positive period","","[]","[]","urn:uuid:a0273f1c-6fad-54c7-a75a-32a5161da656","active","{""definition"":"""",""id"":""urn:uuid:29528103-e134-5df3-a78a-abae6f48a33b"",""label"":""smallest positive period"",""notation"":[],""record_type"":""concept"",""recorded_at"":""2026-08-24T00:00:00Z"",""rights_id"":""urn:uuid:a0273f1c-6fad-54c7-a75a-32a5161da656"",""schema_name"":""lebl.backend.record"",""schema_version"":""0.3.0"",""semantic_aliases"":[],""semantic_key"":""lebl.ra.concept.ledger.function.smallest-positive-period"",""source_bindings"":[],""status"":""active"",""supersedes_id"":null,""workflow_id"":""01a01f57-a34b-7740-9717-596b8116910c/backend-production-v0.4-live""}"
"urn:uuid:2968c1d9-397f-52b4-9a43-f036ce798671","lebl.ra.concept.ledger.integrating-factor","integrating factor","","[]","[]","urn:uuid:a0273f1c-6fad-54c7-a75a-32a5161da656","active","{""definition"":"""",""id"":""urn:uuid:2968c1d9-397f-52b4-9a43-f036ce798671"",""label"":""integrating factor"",""notation"":[],""record_type"":""concept"",""recorded_at"":""2026-08-21T00:00:00Z"",""rights_id"":""urn:uuid:a0273f1c-6fad-54c7-a75a-32a5161da656"",""schema_name"":""lebl.backend.record"",""schema_version"":""0.3.0"",""semantic_aliases"":[],""semantic_key"":""lebl.ra.concept.ledger.integrating-factor"",""source_bindings"":[],""status"":""active"",""supersedes_id"":null,""workflow_id"":""01a01f57-a34b-7740-9717-596b8116910c/backend-production-v0.3-r006-live""}"
"urn:uuid:2a5687ec-c27e-521c-bab7-92dcf1b33dd1","lebl.ra.concept.ledger.calculus.differentiation.interchange-order","interchange the order of partial differentiation","","[]","[]","urn:uuid:a0273f1c-6fad-54c7-a75a-32a5161da656","active","{""definition"":"""",""id"":""urn:uuid:2a5687ec-c27e-521c-bab7-92dcf1b33dd1"",""label"":""interchange the order of partial differentiation"",""notation"":[],""record_type"":""concept"",""recorded_at"":""2026-08-24T00:00:00Z"",""rights_id"":""urn:uuid:a0273f1c-6fad-54c7-a75a-32a5161da656"",""schema_name"":""lebl.backend.record"",""schema_version"":""0.3.0"",""semantic_aliases"":[],""semantic_key"":""lebl.ra.concept.ledger.calculus.differentiation.interchange-order"",""source_bindings"":[],""status"":""active"",""supersedes_id"":null,""workflow_id"":""01a01f57-a34b-7740-9717-596b8116910c/backend-production-v0.4-live""}"
"urn:uuid:2b3e2d86-3731-5db9-bb08-b3e959648378","lebl.ra.concept.ledger.sequence.decay-rate","rate of decay","","[]","[]","urn:uuid:a0273f1c-6fad-54c7-a75a-32a5161da656","active","{""definition"":"""",""id"":""urn:uuid:2b3e2d86-3731-5db9-bb08-b3e959648378"",""label"":""rate of decay"",""notation"":[],""record_type"":""concept"",""recorded_at"":""2026-08-24T00:00:00Z"",""rights_id"":""urn:uuid:a0273f1c-6fad-54c7-a75a-32a5161da656"",""schema_name"":""lebl.backend.record"",""schema_version"":""0.3.0"",""semantic_aliases"":[],""semantic_key"":""lebl.ra.concept.ledger.sequence.decay-rate"",""source_bindings"":[],""status"":""active"",""supersedes_id"":null,""workflow_id"":""01a01f57-a34b-7740-9717-596b8116910c/backend-production-v0.4-live""}"
"urn:uuid:2b47fe83-c04c-5961-9aea-fe7846f0c302","lebl.ra.concept.ledger.calculus.several-variables","several variables","","[]","[]","urn:uuid:a0273f1c-6fad-54c7-a75a-32a5161da656","active","{""definition"":"""",""id"":""urn:uuid:2b47fe83-c04c-5961-9aea-fe7846f0c302"",""label"":""several variables"",""notation"":[],""record_type"":""concept"",""recorded_at"":""2026-08-21T00:00:00Z"",""rights_id"":""urn:uuid:a0273f1c-6fad-54c7-a75a-32a5161da656"",""schema_name"":""lebl.backend.record"",""schema_version"":""0.3.0"",""semantic_aliases"":[],""semantic_key"":""lebl.ra.concept.ledger.calculus.several-variables"",""source_bindings"":[],""status"":""active"",""supersedes_id"":null,""workflow_id"":""01a01f57-a34b-7740-9717-596b8116910c/backend-production-v0.3-r006-live""}"
"urn:uuid:2b5bbc3c-5eca-5577-a146-e4223a8e0712","lebl.ra.concept.ledger.path.out-and-back","out-and-back path","","[]","[]","urn:uuid:a0273f1c-6fad-54c7-a75a-32a5161da656","active","{""definition"":"""",""id"":""urn:uuid:2b5bbc3c-5eca-5577-a146-e4223a8e0712"",""label"":""out-and-back path"",""notation"":[],""record_type"":""concept"",""recorded_at"":""2026-08-24T00:00:00Z"",""rights_id"":""urn:uuid:a0273f1c-6fad-54c7-a75a-32a5161da656"",""schema_name"":""lebl.backend.record"",""schema_version"":""0.3.0"",""semantic_aliases"":[],""semantic_key"":""lebl.ra.concept.ledger.path.out-and-back"",""source_bindings"":[],""status"":""active"",""supersedes_id"":null,""workflow_id"":""01a01f57-a34b-7740-9717-596b8116910c/backend-production-v0.4-live""}"
"urn:uuid:2bc21e5e-0700-54be-b9fa-5e551a9e9a1a","lebl.ra.concept.ledger.set-theory.uncountable","uncountable","","[]","[]","urn:uuid:a0273f1c-6fad-54c7-a75a-32a5161da656","active","{""definition"":"""",""id"":""urn:uuid:2bc21e5e-0700-54be-b9fa-5e551a9e9a1a"",""label"":""uncountable"",""notation"":[],""record_type"":""concept"",""recorded_at"":""2026-08-21T00:00:00Z"",""rights_id"":""urn:uuid:a0273f1c-6fad-54c7-a75a-32a5161da656"",""schema_name"":""lebl.backend.record"",""schema_version"":""0.3.0"",""semantic_aliases"":[],""semantic_key"":""lebl.ra.concept.ledger.set-theory.uncountable"",""source_bindings"":[],""status"":""active"",""supersedes_id"":null,""workflow_id"":""01a01f57-a34b-7740-9717-596b8116910c/backend-production-v0.3-r006-live""}"
"urn:uuid:2bc608ef-98e6-5ee0-934a-8ba85e4f776e","lebl.ra.concept.ledger.function.identically-one","identically one","","[]","[]","urn:uuid:a0273f1c-6fad-54c7-a75a-32a5161da656","active","{""definition"":"""",""id"":""urn:uuid:2bc608ef-98e6-5ee0-934a-8ba85e4f776e"",""label"":""identically one"",""notation"":[],""record_type"":""concept"",""recorded_at"":""2026-08-24T00:00:00Z"",""rights_id"":""urn:uuid:a0273f1c-6fad-54c7-a75a-32a5161da656"",""schema_name"":""lebl.backend.record"",""schema_version"":""0.3.0"",""semantic_aliases"":[],""semantic_key"":""lebl.ra.concept.ledger.function.identically-one"",""source_bindings"":[],""status"":""active"",""supersedes_id"":null,""workflow_id"":""01a01f57-a34b-7740-9717-596b8116910c/backend-production-v0.4-live""}"
"urn:uuid:2bf52c4c-84af-538b-96c1-76c531dc9c61","lebl.ra.concept.ledger.differential-form.one-form","one-form","","[]","[]","urn:uuid:a0273f1c-6fad-54c7-a75a-32a5161da656","active","{""definition"":"""",""id"":""urn:uuid:2bf52c4c-84af-538b-96c1-76c531dc9c61"",""label"":""one-form"",""notation"":[],""record_type"":""concept"",""recorded_at"":""2026-08-24T00:00:00Z"",""rights_id"":""urn:uuid:a0273f1c-6fad-54c7-a75a-32a5161da656"",""schema_name"":""lebl.backend.record"",""schema_version"":""0.3.0"",""semantic_aliases"":[],""semantic_key"":""lebl.ra.concept.ledger.differential-form.one-form"",""source_bindings"":[],""status"":""active"",""supersedes_id"":null,""workflow_id"":""01a01f57-a34b-7740-9717-596b8116910c/backend-production-v0.4-live""}"
"urn:uuid:2bf76caf-5bca-542c-a899-46a62d01f272","lebl.ra.concept.ledger.analysis.harmonic-function","harmonic function","","[]","[]","urn:uuid:a0273f1c-6fad-54c7-a75a-32a5161da656","active","{""definition"":"""",""id"":""urn:uuid:2bf76caf-5bca-542c-a899-46a62d01f272"",""label"":""harmonic function"",""notation"":[],""record_type"":""concept"",""recorded_at"":""2026-08-24T00:00:00Z"",""rights_id"":""urn:uuid:a0273f1c-6fad-54c7-a75a-32a5161da656"",""schema_name"":""lebl.backend.record"",""schema_version"":""0.3.0"",""semantic_aliases"":[],""semantic_key"":""lebl.ra.concept.ledger.analysis.harmonic-function"",""source_bindings"":[],""status"":""active"",""supersedes_id"":null,""workflow_id"":""01a01f57-a34b-7740-9717-596b8116910c/backend-production-v0.4-live""}"
"urn:uuid:2cb783a1-b28d-5aaf-b906-22350fc954d9","lebl.ra.concept.ledger.function.strictly-increasing","strictly increasing","","[]","[]","urn:uuid:a0273f1c-6fad-54c7-a75a-32a5161da656","active","{""definition"":"""",""id"":""urn:uuid:2cb783a1-b28d-5aaf-b906-22350fc954d9"",""label"":""strictly increasing"",""notation"":[],""record_type"":""concept"",""recorded_at"":""2026-08-21T00:00:00Z"",""rights_id"":""urn:uuid:a0273f1c-6fad-54c7-a75a-32a5161da656"",""schema_name"":""lebl.backend.record"",""schema_version"":""0.3.0"",""semantic_aliases"":[],""semantic_key"":""lebl.ra.concept.ledger.function.strictly-increasing"",""source_bindings"":[],""status"":""active"",""supersedes_id"":null,""workflow_id"":""01a01f57-a34b-7740-9717-596b8116910c/backend-production-v0.3-r006-live""}"
"urn:uuid:2d0efa1e-1023-5bbe-a68d-998a3e99c5d6","lebl.ra.concept.ledger.integration.inner","inner integral","","[]","[]","urn:uuid:a0273f1c-6fad-54c7-a75a-32a5161da656","active","{""definition"":"""",""id"":""urn:uuid:2d0efa1e-1023-5bbe-a68d-998a3e99c5d6"",""label"":""inner integral"",""notation"":[],""record_type"":""concept"",""recorded_at"":""2026-08-24T00:00:00Z"",""rights_id"":""urn:uuid:a0273f1c-6fad-54c7-a75a-32a5161da656"",""schema_name"":""lebl.backend.record"",""schema_version"":""0.3.0"",""semantic_aliases"":[],""semantic_key"":""lebl.ra.concept.ledger.integration.inner"",""source_bindings"":[],""status"":""active"",""supersedes_id"":null,""workflow_id"":""01a01f57-a34b-7740-9717-596b8116910c/backend-production-v0.4-live""}"
"urn:uuid:2d2bb56f-fee5-5f7b-bf2d-df53b7ba3740","lebl.ra.concept.ledger.vector","vector","","[]","[]","urn:uuid:a0273f1c-6fad-54c7-a75a-32a5161da656","active","{""definition"":"""",""id"":""urn:uuid:2d2bb56f-fee5-5f7b-bf2d-df53b7ba3740"",""label"":""vector"",""notation"":[],""record_type"":""concept"",""recorded_at"":""2026-08-21T00:00:00Z"",""rights_id"":""urn:uuid:a0273f1c-6fad-54c7-a75a-32a5161da656"",""schema_name"":""lebl.backend.record"",""schema_version"":""0.3.0"",""semantic_aliases"":[],""semantic_key"":""lebl.ra.concept.ledger.vector"",""source_bindings"":[],""status"":""active"",""supersedes_id"":null,""workflow_id"":""01a01f57-a34b-7740-9717-596b8116910c/backend-production-v0.3-r006-live""}"
"urn:uuid:2e243ec8-e0a6-5249-822f-b8d07440a1df","lebl.ra.concept.ledger.geometry.path.simple","simple path","","[]","[]","urn:uuid:a0273f1c-6fad-54c7-a75a-32a5161da656","active","{""definition"":"""",""id"":""urn:uuid:2e243ec8-e0a6-5249-822f-b8d07440a1df"",""label"":""simple path"",""notation"":[],""record_type"":""concept"",""recorded_at"":""2026-08-24T00:00:00Z"",""rights_id"":""urn:uuid:a0273f1c-6fad-54c7-a75a-32a5161da656"",""schema_name"":""lebl.backend.record"",""schema_version"":""0.3.0"",""semantic_aliases"":[],""semantic_key"":""lebl.ra.concept.ledger.geometry.path.simple"",""source_bindings"":[],""status"":""active"",""supersedes_id"":null,""workflow_id"":""01a01f57-a34b-7740-9717-596b8116910c/backend-production-v0.4-live""}"
"urn:uuid:2e7d5ba8-42e2-5ba1-bdb1-4ca830b49c9f","lebl.ra.concept.ledger.set.connected","connected set","","[]","[]","urn:uuid:a0273f1c-6fad-54c7-a75a-32a5161da656","active","{""definition"":"""",""id"":""urn:uuid:2e7d5ba8-42e2-5ba1-bdb1-4ca830b49c9f"",""label"":""connected set"",""notation"":[],""record_type"":""concept"",""recorded_at"":""2026-08-21T00:00:00Z"",""rights_id"":""urn:uuid:a0273f1c-6fad-54c7-a75a-32a5161da656"",""schema_name"":""lebl.backend.record"",""schema_version"":""0.3.0"",""semantic_aliases"":[],""semantic_key"":""lebl.ra.concept.ledger.set.connected"",""source_bindings"":[],""status"":""active"",""supersedes_id"":null,""workflow_id"":""01a01f57-a34b-7740-9717-596b8116910c/backend-production-v0.3-r006-live""}"
"urn:uuid:2e9272f8-aa03-5651-8af7-00c80c96900c","lebl.ra.concept.ledger.singularity.pole","pole","","[]","[]","urn:uuid:a0273f1c-6fad-54c7-a75a-32a5161da656","active","{""definition"":"""",""id"":""urn:uuid:2e9272f8-aa03-5651-8af7-00c80c96900c"",""label"":""pole"",""notation"":[],""record_type"":""concept"",""recorded_at"":""2026-08-24T00:00:00Z"",""rights_id"":""urn:uuid:a0273f1c-6fad-54c7-a75a-32a5161da656"",""schema_name"":""lebl.backend.record"",""schema_version"":""0.3.0"",""semantic_aliases"":[],""semantic_key"":""lebl.ra.concept.ledger.singularity.pole"",""source_bindings"":[],""status"":""active"",""supersedes_id"":null,""workflow_id"":""01a01f57-a34b-7740-9717-596b8116910c/backend-production-v0.4-live""}"
"urn:uuid:2eb0bb13-5209-50e1-80b9-10416e0f9d4d","lebl.ra.concept.ledger.radius.spectral","spectral radius","","[]","[]","urn:uuid:a0273f1c-6fad-54c7-a75a-32a5161da656","active","{""definition"":"""",""id"":""urn:uuid:2eb0bb13-5209-50e1-80b9-10416e0f9d4d"",""label"":""spectral radius"",""notation"":[],""record_type"":""concept"",""recorded_at"":""2026-08-21T00:00:00Z"",""rights_id"":""urn:uuid:a0273f1c-6fad-54c7-a75a-32a5161da656"",""schema_name"":""lebl.backend.record"",""schema_version"":""0.3.0"",""semantic_aliases"":[],""semantic_key"":""lebl.ra.concept.ledger.radius.spectral"",""source_bindings"":[],""status"":""active"",""supersedes_id"":null,""workflow_id"":""01a01f57-a34b-7740-9717-596b8116910c/backend-production-v0.3-r006-live""}"
"urn:uuid:2f059965-7612-5d59-a09a-29eb7e6cff61","lebl.ra.concept.ledger.set-theory.element","element","","[]","[]","urn:uuid:a0273f1c-6fad-54c7-a75a-32a5161da656","active","{""definition"":"""",""id"":""urn:uuid:2f059965-7612-5d59-a09a-29eb7e6cff61"",""label"":""element"",""notation"":[],""record_type"":""concept"",""recorded_at"":""2026-08-21T00:00:00Z"",""rights_id"":""urn:uuid:a0273f1c-6fad-54c7-a75a-32a5161da656"",""schema_name"":""lebl.backend.record"",""schema_version"":""0.3.0"",""semantic_aliases"":[],""semantic_key"":""lebl.ra.concept.ledger.set-theory.element"",""source_bindings"":[],""status"":""active"",""supersedes_id"":null,""workflow_id"":""01a01f57-a34b-7740-9717-596b8116910c/backend-production-v0.3-r006-live""}"
"urn:uuid:2f0fae35-035f-564c-bc03-f108196efc8b","lebl.ra.concept.ledger.basis.change","change of basis","","[]","[]","urn:uuid:a0273f1c-6fad-54c7-a75a-32a5161da656","active","{""definition"":"""",""id"":""urn:uuid:2f0fae35-035f-564c-bc03-f108196efc8b"",""label"":""change of basis"",""notation"":[],""record_type"":""concept"",""recorded_at"":""2026-08-21T00:00:00Z"",""rights_id"":""urn:uuid:a0273f1c-6fad-54c7-a75a-32a5161da656"",""schema_name"":""lebl.backend.record"",""schema_version"":""0.3.0"",""semantic_aliases"":[],""semantic_key"":""lebl.ra.concept.ledger.basis.change"",""source_bindings"":[],""status"":""active"",""supersedes_id"":null,""workflow_id"":""01a01f57-a34b-7740-9717-596b8116910c/backend-production-v0.3-r006-live""}"
"urn:uuid:2f42a407-c6d0-5c08-ba82-dec53b161549","lebl.ra.concept.ledger.geometry.level-curve","level curve","","[]","[]","urn:uuid:a0273f1c-6fad-54c7-a75a-32a5161da656","active","{""definition"":"""",""id"":""urn:uuid:2f42a407-c6d0-5c08-ba82-dec53b161549"",""label"":""level curve"",""notation"":[],""record_type"":""concept"",""recorded_at"":""2026-08-24T00:00:00Z"",""rights_id"":""urn:uuid:a0273f1c-6fad-54c7-a75a-32a5161da656"",""schema_name"":""lebl.backend.record"",""schema_version"":""0.3.0"",""semantic_aliases"":[],""semantic_key"":""lebl.ra.concept.ledger.geometry.level-curve"",""source_bindings"":[],""status"":""active"",""supersedes_id"":null,""workflow_id"":""01a01f57-a34b-7740-9717-596b8116910c/backend-production-v0.4-live""}"
"urn:uuid:2fb01db9-fae9-5c6a-ad8e-92cab56befdd","lebl.ra.concept.ledger.norm.euclidean","Euclidean norm","","[]","[]","urn:uuid:a0273f1c-6fad-54c7-a75a-32a5161da656","active","{""definition"":"""",""id"":""urn:uuid:2fb01db9-fae9-5c6a-ad8e-92cab56befdd"",""label"":""Euclidean norm"",""notation"":[],""record_type"":""concept"",""recorded_at"":""2026-08-21T00:00:00Z"",""rights_id"":""urn:uuid:a0273f1c-6fad-54c7-a75a-32a5161da656"",""schema_name"":""lebl.backend.record"",""schema_version"":""0.3.0"",""semantic_aliases"":[],""semantic_key"":""lebl.ra.concept.ledger.norm.euclidean"",""source_bindings"":[],""status"":""active"",""supersedes_id"":null,""workflow_id"":""01a01f57-a34b-7740-9717-596b8116910c/backend-production-v0.3-r006-live""}"
"urn:uuid:2fb4c753-2232-5bf5-bd65-c57c586d8b37","lebl.ra.concept.ledger.compactness","compactness","","[]","[]","urn:uuid:a0273f1c-6fad-54c7-a75a-32a5161da656","active","{""definition"":"""",""id"":""urn:uuid:2fb4c753-2232-5bf5-bd65-c57c586d8b37"",""label"":""compactness"",""notation"":[],""record_type"":""concept"",""recorded_at"":""2026-08-21T00:00:00Z"",""rights_id"":""urn:uuid:a0273f1c-6fad-54c7-a75a-32a5161da656"",""schema_name"":""lebl.backend.record"",""schema_version"":""0.3.0"",""semantic_aliases"":[],""semantic_key"":""lebl.ra.concept.ledger.compactness"",""source_bindings"":[],""status"":""active"",""supersedes_id"":null,""workflow_id"":""01a01f57-a34b-7740-9717-596b8116910c/backend-production-v0.3-r006-live""}"
"urn:uuid:2fd2aa4d-1aeb-5de2-925e-408635d9c32b","lebl.ra.concept.ledger.set.closure","closure","","[]","[]","urn:uuid:a0273f1c-6fad-54c7-a75a-32a5161da656","active","{""definition"":"""",""id"":""urn:uuid:2fd2aa4d-1aeb-5de2-925e-408635d9c32b"",""label"":""closure"",""notation"":[],""record_type"":""concept"",""recorded_at"":""2026-08-21T00:00:00Z"",""rights_id"":""urn:uuid:a0273f1c-6fad-54c7-a75a-32a5161da656"",""schema_name"":""lebl.backend.record"",""schema_version"":""0.3.0"",""semantic_aliases"":[],""semantic_key"":""lebl.ra.concept.ledger.set.closure"",""source_bindings"":[],""status"":""active"",""supersedes_id"":null,""workflow_id"":""01a01f57-a34b-7740-9717-596b8116910c/backend-production-v0.3-r006-live""}"
"urn:uuid:2feae475-791c-5664-b583-32768c68bb14","lebl.ra.concept.ledger.function.direct-image","direct image","","[]","[]","urn:uuid:a0273f1c-6fad-54c7-a75a-32a5161da656","active","{""definition"":"""",""id"":""urn:uuid:2feae475-791c-5664-b583-32768c68bb14"",""label"":""direct image"",""notation"":[],""record_type"":""concept"",""recorded_at"":""2026-08-21T00:00:00Z"",""rights_id"":""urn:uuid:a0273f1c-6fad-54c7-a75a-32a5161da656"",""schema_name"":""lebl.backend.record"",""schema_version"":""0.3.0"",""semantic_aliases"":[],""semantic_key"":""lebl.ra.concept.ledger.function.direct-image"",""source_bindings"":[],""status"":""active"",""supersedes_id"":null,""workflow_id"":""01a01f57-a34b-7740-9717-596b8116910c/backend-production-v0.3-r006-live""}"
"urn:uuid:30ed97dc-2fc4-51f0-b1eb-892f6097739f","lebl.ra.concept.ledger.order.least-element","least element","","[]","[]","urn:uuid:a0273f1c-6fad-54c7-a75a-32a5161da656","active","{""definition"":"""",""id"":""urn:uuid:30ed97dc-2fc4-51f0-b1eb-892f6097739f"",""label"":""least element"",""notation"":[],""record_type"":""concept"",""recorded_at"":""2026-08-21T00:00:00Z"",""rights_id"":""urn:uuid:a0273f1c-6fad-54c7-a75a-32a5161da656"",""schema_name"":""lebl.backend.record"",""schema_version"":""0.3.0"",""semantic_aliases"":[],""semantic_key"":""lebl.ra.concept.ledger.order.least-element"",""source_bindings"":[],""status"":""active"",""supersedes_id"":null,""workflow_id"":""01a01f57-a34b-7740-9717-596b8116910c/backend-production-v0.3-r006-live""}"
"urn:uuid:315c3192-667e-5e25-89d5-0245f23e860c","lebl.ra.concept.ledger.equation.linear-first-order-differential","linear first-order differential equation","","[]","[]","urn:uuid:a0273f1c-6fad-54c7-a75a-32a5161da656","active","{""definition"":"""",""id"":""urn:uuid:315c3192-667e-5e25-89d5-0245f23e860c"",""label"":""linear first-order differential equation"",""notation"":[],""record_type"":""concept"",""recorded_at"":""2026-08-21T00:00:00Z"",""rights_id"":""urn:uuid:a0273f1c-6fad-54c7-a75a-32a5161da656"",""schema_name"":""lebl.backend.record"",""schema_version"":""0.3.0"",""semantic_aliases"":[],""semantic_key"":""lebl.ra.concept.ledger.equation.linear-first-order-differential"",""source_bindings"":[],""status"":""active"",""supersedes_id"":null,""workflow_id"":""01a01f57-a34b-7740-9717-596b8116910c/backend-production-v0.3-r006-live""}"
"urn:uuid:319058c0-b3a4-531e-82aa-68ac9f9b47a5","lebl.ra.concept.ledger.function.restriction","restriction","","[]","[]","urn:uuid:a0273f1c-6fad-54c7-a75a-32a5161da656","active","{""definition"":"""",""id"":""urn:uuid:319058c0-b3a4-531e-82aa-68ac9f9b47a5"",""label"":""restriction"",""notation"":[],""record_type"":""concept"",""recorded_at"":""2026-08-21T00:00:00Z"",""rights_id"":""urn:uuid:a0273f1c-6fad-54c7-a75a-32a5161da656"",""schema_name"":""lebl.backend.record"",""schema_version"":""0.3.0"",""semantic_aliases"":[],""semantic_key"":""lebl.ra.concept.ledger.function.restriction"",""source_bindings"":[],""status"":""active"",""supersedes_id"":null,""workflow_id"":""01a01f57-a34b-7740-9717-596b8116910c/backend-production-v0.3-r006-live""}"
"urn:uuid:31f8e109-dc4e-5128-b154-46c07dbf325b","lebl.ra.concept.ledger.integration.convolution","convolution","","[]","[]","urn:uuid:a0273f1c-6fad-54c7-a75a-32a5161da656","active","{""definition"":"""",""id"":""urn:uuid:31f8e109-dc4e-5128-b154-46c07dbf325b"",""label"":""convolution"",""notation"":[],""record_type"":""concept"",""recorded_at"":""2026-08-21T00:00:00Z"",""rights_id"":""urn:uuid:a0273f1c-6fad-54c7-a75a-32a5161da656"",""schema_name"":""lebl.backend.record"",""schema_version"":""0.3.0"",""semantic_aliases"":[],""semantic_key"":""lebl.ra.concept.ledger.integration.convolution"",""source_bindings"":[],""status"":""active"",""supersedes_id"":null,""workflow_id"":""01a01f57-a34b-7740-9717-596b8116910c/backend-production-v0.3-r006-live""}"
"urn:uuid:3264b084-c1c3-5b05-a39c-790a48cf1573","lebl.ra.concept.ledger.solution.weak","weak solution","","[]","[]","urn:uuid:a0273f1c-6fad-54c7-a75a-32a5161da656","active","{""definition"":"""",""id"":""urn:uuid:3264b084-c1c3-5b05-a39c-790a48cf1573"",""label"":""weak solution"",""notation"":[],""record_type"":""concept"",""recorded_at"":""2026-08-21T00:00:00Z"",""rights_id"":""urn:uuid:a0273f1c-6fad-54c7-a75a-32a5161da656"",""schema_name"":""lebl.backend.record"",""schema_version"":""0.3.0"",""semantic_aliases"":[],""semantic_key"":""lebl.ra.concept.ledger.solution.weak"",""source_bindings"":[],""status"":""active"",""supersedes_id"":null,""workflow_id"":""01a01f57-a34b-7740-9717-596b8116910c/backend-production-v0.3-r006-live""}"
"urn:uuid:32ca2ff9-80c4-5aab-94ac-780013cf4568","lebl.ra.concept.ledger.number.decimal-expansion","decimal expansion","","[]","[]","urn:uuid:a0273f1c-6fad-54c7-a75a-32a5161da656","active","{""definition"":"""",""id"":""urn:uuid:32ca2ff9-80c4-5aab-94ac-780013cf4568"",""label"":""decimal expansion"",""notation"":[],""record_type"":""concept"",""recorded_at"":""2026-08-21T00:00:00Z"",""rights_id"":""urn:uuid:a0273f1c-6fad-54c7-a75a-32a5161da656"",""schema_name"":""lebl.backend.record"",""schema_version"":""0.3.0"",""semantic_aliases"":[],""semantic_key"":""lebl.ra.concept.ledger.number.decimal-expansion"",""source_bindings"":[],""status"":""active"",""supersedes_id"":null,""workflow_id"":""01a01f57-a34b-7740-9717-596b8116910c/backend-production-v0.3-r006-live""}"
"urn:uuid:32d4e13f-6e33-5b7c-a704-f67dbae5b717","lebl.ra.concept.ledger.metric-space","metric space","","[]","[]","urn:uuid:a0273f1c-6fad-54c7-a75a-32a5161da656","active","{""definition"":"""",""id"":""urn:uuid:32d4e13f-6e33-5b7c-a704-f67dbae5b717"",""label"":""metric space"",""notation"":[],""record_type"":""concept"",""recorded_at"":""2026-08-21T00:00:00Z"",""rights_id"":""urn:uuid:a0273f1c-6fad-54c7-a75a-32a5161da656"",""schema_name"":""lebl.backend.record"",""schema_version"":""0.3.0"",""semantic_aliases"":[],""semantic_key"":""lebl.ra.concept.ledger.metric-space"",""source_bindings"":[],""status"":""active"",""supersedes_id"":null,""workflow_id"":""01a01f57-a34b-7740-9717-596b8116910c/backend-production-v0.3-r006-live""}"
"urn:uuid:32f80897-f9bb-52c9-a166-97d8fc37ba39","lebl.ra.concept.ledger.theorem.existence-uniqueness","existence and uniqueness theorem","","[]","[]","urn:uuid:a0273f1c-6fad-54c7-a75a-32a5161da656","active","{""definition"":"""",""id"":""urn:uuid:32f80897-f9bb-52c9-a166-97d8fc37ba39"",""label"":""existence and uniqueness theorem"",""notation"":[],""record_type"":""concept"",""recorded_at"":""2026-08-21T00:00:00Z"",""rights_id"":""urn:uuid:a0273f1c-6fad-54c7-a75a-32a5161da656"",""schema_name"":""lebl.backend.record"",""schema_version"":""0.3.0"",""semantic_aliases"":[],""semantic_key"":""lebl.ra.concept.ledger.theorem.existence-uniqueness"",""source_bindings"":[],""status"":""active"",""supersedes_id"":null,""workflow_id"":""01a01f57-a34b-7740-9717-596b8116910c/backend-production-v0.3-r006-live""}"
"urn:uuid:3302cd85-0394-5eae-96af-35d6823be1f5","lebl.ra.concept.ledger.slope-field","slope field","","[]","[]","urn:uuid:a0273f1c-6fad-54c7-a75a-32a5161da656","active","{""definition"":"""",""id"":""urn:uuid:3302cd85-0394-5eae-96af-35d6823be1f5"",""label"":""slope field"",""notation"":[],""record_type"":""concept"",""recorded_at"":""2026-08-21T00:00:00Z"",""rights_id"":""urn:uuid:a0273f1c-6fad-54c7-a75a-32a5161da656"",""schema_name"":""lebl.backend.record"",""schema_version"":""0.3.0"",""semantic_aliases"":[],""semantic_key"":""lebl.ra.concept.ledger.slope-field"",""source_bindings"":[],""status"":""active"",""supersedes_id"":null,""workflow_id"":""01a01f57-a34b-7740-9717-596b8116910c/backend-production-v0.3-r006-live""}"
"urn:uuid:33a47bf1-de91-5f88-8b1c-aa95dcd7a724","lebl.ra.concept.ledger.integration.integration-by-parts","integration by parts","","[]","[]","urn:uuid:a0273f1c-6fad-54c7-a75a-32a5161da656","active","{""definition"":"""",""id"":""urn:uuid:33a47bf1-de91-5f88-8b1c-aa95dcd7a724"",""label"":""integration by parts"",""notation"":[],""record_type"":""concept"",""recorded_at"":""2026-08-21T00:00:00Z"",""rights_id"":""urn:uuid:a0273f1c-6fad-54c7-a75a-32a5161da656"",""schema_name"":""lebl.backend.record"",""schema_version"":""0.3.0"",""semantic_aliases"":[],""semantic_key"":""lebl.ra.concept.ledger.integration.integration-by-parts"",""source_bindings"":[],""status"":""active"",""supersedes_id"":null,""workflow_id"":""01a01f57-a34b-7740-9717-596b8116910c/backend-production-v0.3-r006-live""}"
"urn:uuid:3440fa20-c845-5005-accd-b6627a4eaff5","lebl.ra.concept.ledger.calculus.taylor-series","Taylor series","","[]","[]","urn:uuid:a0273f1c-6fad-54c7-a75a-32a5161da656","active","{""definition"":"""",""id"":""urn:uuid:3440fa20-c845-5005-accd-b6627a4eaff5"",""label"":""Taylor series"",""notation"":[],""record_type"":""concept"",""recorded_at"":""2026-08-21T00:00:00Z"",""rights_id"":""urn:uuid:a0273f1c-6fad-54c7-a75a-32a5161da656"",""schema_name"":""lebl.backend.record"",""schema_version"":""0.3.0"",""semantic_aliases"":[],""semantic_key"":""lebl.ra.concept.ledger.calculus.taylor-series"",""source_bindings"":[],""status"":""active"",""supersedes_id"":null,""workflow_id"":""01a01f57-a34b-7740-9717-596b8116910c/backend-production-v0.3-r006-live""}"
"urn:uuid:344cbb32-1646-5686-a409-fe4396bb6657","lebl.ra.concept.ledger.relation.reflexive","reflexive","","[]","[]","urn:uuid:a0273f1c-6fad-54c7-a75a-32a5161da656","active","{""definition"":"""",""id"":""urn:uuid:344cbb32-1646-5686-a409-fe4396bb6657"",""label"":""reflexive"",""notation"":[],""record_type"":""concept"",""recorded_at"":""2026-08-21T00:00:00Z"",""rights_id"":""urn:uuid:a0273f1c-6fad-54c7-a75a-32a5161da656"",""schema_name"":""lebl.backend.record"",""schema_version"":""0.3.0"",""semantic_aliases"":[],""semantic_key"":""lebl.ra.concept.ledger.relation.reflexive"",""source_bindings"":[],""status"":""active"",""supersedes_id"":null,""workflow_id"":""01a01f57-a34b-7740-9717-596b8116910c/backend-production-v0.3-r006-live""}"
"urn:uuid:34d8bc54-36d4-5f88-9e2a-e5db01cbe3e9","lebl.ra.concept.ledger.map.proper","proper map","","[]","[]","urn:uuid:a0273f1c-6fad-54c7-a75a-32a5161da656","active","{""definition"":"""",""id"":""urn:uuid:34d8bc54-36d4-5f88-9e2a-e5db01cbe3e9"",""label"":""proper map"",""notation"":[],""record_type"":""concept"",""recorded_at"":""2026-08-21T00:00:00Z"",""rights_id"":""urn:uuid:a0273f1c-6fad-54c7-a75a-32a5161da656"",""schema_name"":""lebl.backend.record"",""schema_version"":""0.3.0"",""semantic_aliases"":[],""semantic_key"":""lebl.ra.concept.ledger.map.proper"",""source_bindings"":[],""status"":""active"",""supersedes_id"":null,""workflow_id"":""01a01f57-a34b-7740-9717-596b8116910c/backend-production-v0.3-r006-live""}"
"urn:uuid:35ae6591-5623-5edf-9ea5-cfafc32f4ece","lebl.ra.concept.ledger.geometry.annulus","annulus","","[]","[]","urn:uuid:a0273f1c-6fad-54c7-a75a-32a5161da656","active","{""definition"":"""",""id"":""urn:uuid:35ae6591-5623-5edf-9ea5-cfafc32f4ece"",""label"":""annulus"",""notation"":[],""record_type"":""concept"",""recorded_at"":""2026-08-24T00:00:00Z"",""rights_id"":""urn:uuid:a0273f1c-6fad-54c7-a75a-32a5161da656"",""schema_name"":""lebl.backend.record"",""schema_version"":""0.3.0"",""semantic_aliases"":[],""semantic_key"":""lebl.ra.concept.ledger.geometry.annulus"",""source_bindings"":[],""status"":""active"",""supersedes_id"":null,""workflow_id"":""01a01f57-a34b-7740-9717-596b8116910c/backend-production-v0.4-live""}"
"urn:uuid:3645a52a-46e9-5230-abda-852922738bc9","lebl.ra.concept.ledger.physics.force-field","force field","","[]","[]","urn:uuid:a0273f1c-6fad-54c7-a75a-32a5161da656","active","{""definition"":"""",""id"":""urn:uuid:3645a52a-46e9-5230-abda-852922738bc9"",""label"":""force field"",""notation"":[],""record_type"":""concept"",""recorded_at"":""2026-08-24T00:00:00Z"",""rights_id"":""urn:uuid:a0273f1c-6fad-54c7-a75a-32a5161da656"",""schema_name"":""lebl.backend.record"",""schema_version"":""0.3.0"",""semantic_aliases"":[],""semantic_key"":""lebl.ra.concept.ledger.physics.force-field"",""source_bindings"":[],""status"":""active"",""supersedes_id"":null,""workflow_id"":""01a01f57-a34b-7740-9717-596b8116910c/backend-production-v0.4-live""}"
"urn:uuid:3677318e-27b5-5a03-a986-fac483caed1f","lebl.ra.concept.ledger.function.invertible.local","locally invertible","","[]","[]","urn:uuid:a0273f1c-6fad-54c7-a75a-32a5161da656","active","{""definition"":"""",""id"":""urn:uuid:3677318e-27b5-5a03-a986-fac483caed1f"",""label"":""locally invertible"",""notation"":[],""record_type"":""concept"",""recorded_at"":""2026-08-24T00:00:00Z"",""rights_id"":""urn:uuid:a0273f1c-6fad-54c7-a75a-32a5161da656"",""schema_name"":""lebl.backend.record"",""schema_version"":""0.3.0"",""semantic_aliases"":[],""semantic_key"":""lebl.ra.concept.ledger.function.invertible.local"",""source_bindings"":[],""status"":""active"",""supersedes_id"":null,""workflow_id"":""01a01f57-a34b-7740-9717-596b8116910c/backend-production-v0.4-live""}"
"urn:uuid:36b6ac10-8a07-551d-9752-de5a18737d29","lebl.ra.concept.ledger.test.convergence","convergence test","","[]","[]","urn:uuid:a0273f1c-6fad-54c7-a75a-32a5161da656","active","{""definition"":"""",""id"":""urn:uuid:36b6ac10-8a07-551d-9752-de5a18737d29"",""label"":""convergence test"",""notation"":[],""record_type"":""concept"",""recorded_at"":""2026-08-21T00:00:00Z"",""rights_id"":""urn:uuid:a0273f1c-6fad-54c7-a75a-32a5161da656"",""schema_name"":""lebl.backend.record"",""schema_version"":""0.3.0"",""semantic_aliases"":[],""semantic_key"":""lebl.ra.concept.ledger.test.convergence"",""source_bindings"":[],""status"":""active"",""supersedes_id"":null,""workflow_id"":""01a01f57-a34b-7740-9717-596b8116910c/backend-production-v0.3-r006-live""}"
"urn:uuid:3714ceb3-4876-58a6-baf5-e8e49dd4782b","lebl.ra.concept.ledger.function.continuity","continuity","","[]","[]","urn:uuid:a0273f1c-6fad-54c7-a75a-32a5161da656","active","{""definition"":"""",""id"":""urn:uuid:3714ceb3-4876-58a6-baf5-e8e49dd4782b"",""label"":""continuity"",""notation"":[],""record_type"":""concept"",""recorded_at"":""2026-08-21T00:00:00Z"",""rights_id"":""urn:uuid:a0273f1c-6fad-54c7-a75a-32a5161da656"",""schema_name"":""lebl.backend.record"",""schema_version"":""0.3.0"",""semantic_aliases"":[],""semantic_key"":""lebl.ra.concept.ledger.function.continuity"",""source_bindings"":[],""status"":""active"",""supersedes_id"":null,""workflow_id"":""01a01f57-a34b-7740-9717-596b8116910c/backend-production-v0.3-r006-live""}"
"urn:uuid:37ab645e-1cb2-54f2-bd03-e80a35bf4097","lebl.ra.concept.ledger.geometry.orientation.reverse","reverse orientation","","[]","[]","urn:uuid:a0273f1c-6fad-54c7-a75a-32a5161da656","active","{""definition"":"""",""id"":""urn:uuid:37ab645e-1cb2-54f2-bd03-e80a35bf4097"",""label"":""reverse orientation"",""notation"":[],""record_type"":""concept"",""recorded_at"":""2026-08-24T00:00:00Z"",""rights_id"":""urn:uuid:a0273f1c-6fad-54c7-a75a-32a5161da656"",""schema_name"":""lebl.backend.record"",""schema_version"":""0.3.0"",""semantic_aliases"":[],""semantic_key"":""lebl.ra.concept.ledger.geometry.orientation.reverse"",""source_bindings"":[],""status"":""active"",""supersedes_id"":null,""workflow_id"":""01a01f57-a34b-7740-9717-596b8116910c/backend-production-v0.4-live""}"
"urn:uuid:37ac62fc-1a06-59db-933f-714351332fea","lebl.ra.concept.ledger.distance.taxicab","taxicab distance","","[]","[]","urn:uuid:a0273f1c-6fad-54c7-a75a-32a5161da656","active","{""definition"":"""",""id"":""urn:uuid:37ac62fc-1a06-59db-933f-714351332fea"",""label"":""taxicab distance"",""notation"":[],""record_type"":""concept"",""recorded_at"":""2026-08-21T00:00:00Z"",""rights_id"":""urn:uuid:a0273f1c-6fad-54c7-a75a-32a5161da656"",""schema_name"":""lebl.backend.record"",""schema_version"":""0.3.0"",""semantic_aliases"":[],""semantic_key"":""lebl.ra.concept.ledger.distance.taxicab"",""source_bindings"":[],""status"":""active"",""supersedes_id"":null,""workflow_id"":""01a01f57-a34b-7740-9717-596b8116910c/backend-production-v0.3-r006-live""}"
"urn:uuid:38657363-fa4a-52d3-9559-7c8ede480d89","lebl.ra.concept.ledger.transform.fourier-sine","Fourier sine transform","","[]","[]","urn:uuid:a0273f1c-6fad-54c7-a75a-32a5161da656","active","{""definition"":"""",""id"":""urn:uuid:38657363-fa4a-52d3-9559-7c8ede480d89"",""label"":""Fourier sine transform"",""notation"":[],""record_type"":""concept"",""recorded_at"":""2026-08-21T00:00:00Z"",""rights_id"":""urn:uuid:a0273f1c-6fad-54c7-a75a-32a5161da656"",""schema_name"":""lebl.backend.record"",""schema_version"":""0.3.0"",""semantic_aliases"":[],""semantic_key"":""lebl.ra.concept.ledger.transform.fourier-sine"",""source_bindings"":[],""status"":""active"",""supersedes_id"":null,""workflow_id"":""01a01f57-a34b-7740-9717-596b8116910c/backend-production-v0.3-r006-live""}"
"urn:uuid:386881dd-165a-548e-ad0a-360846e2469f","lebl.ra.concept.ledger.mapping.bilinear","bilinear","","[]","[]","urn:uuid:a0273f1c-6fad-54c7-a75a-32a5161da656","active","{""definition"":"""",""id"":""urn:uuid:386881dd-165a-548e-ad0a-360846e2469f"",""label"":""bilinear"",""notation"":[],""record_type"":""concept"",""recorded_at"":""2026-08-21T00:00:00Z"",""rights_id"":""urn:uuid:a0273f1c-6fad-54c7-a75a-32a5161da656"",""schema_name"":""lebl.backend.record"",""schema_version"":""0.3.0"",""semantic_aliases"":[],""semantic_key"":""lebl.ra.concept.ledger.mapping.bilinear"",""source_bindings"":[],""status"":""active"",""supersedes_id"":null,""workflow_id"":""01a01f57-a34b-7740-9717-596b8116910c/backend-production-v0.3-r006-live""}"
"urn:uuid:38ee5a16-5265-54a4-be53-88ae2f5ee404","lebl.ra.concept.ledger.series.fourier-trigonometric","trigonometric Fourier series","","[]","[]","urn:uuid:a0273f1c-6fad-54c7-a75a-32a5161da656","active","{""definition"":"""",""id"":""urn:uuid:38ee5a16-5265-54a4-be53-88ae2f5ee404"",""label"":""trigonometric Fourier series"",""notation"":[],""record_type"":""concept"",""recorded_at"":""2026-08-24T00:00:00Z"",""rights_id"":""urn:uuid:a0273f1c-6fad-54c7-a75a-32a5161da656"",""schema_name"":""lebl.backend.record"",""schema_version"":""0.3.0"",""semantic_aliases"":[],""semantic_key"":""lebl.ra.concept.ledger.series.fourier-trigonometric"",""source_bindings"":[],""status"":""active"",""supersedes_id"":null,""workflow_id"":""01a01f57-a34b-7740-9717-596b8116910c/backend-production-v0.4-live""}"
"urn:uuid:38fd9e7b-a53a-53e6-a0ab-5baa79ea21f0","lebl.ra.concept.ledger.axis.real","real axis","","[]","[]","urn:uuid:a0273f1c-6fad-54c7-a75a-32a5161da656","active","{""definition"":"""",""id"":""urn:uuid:38fd9e7b-a53a-53e6-a0ab-5baa79ea21f0"",""label"":""real axis"",""notation"":[],""record_type"":""concept"",""recorded_at"":""2026-08-24T00:00:00Z"",""rights_id"":""urn:uuid:a0273f1c-6fad-54c7-a75a-32a5161da656"",""schema_name"":""lebl.backend.record"",""schema_version"":""0.3.0"",""semantic_aliases"":[],""semantic_key"":""lebl.ra.concept.ledger.axis.real"",""source_bindings"":[],""status"":""active"",""supersedes_id"":null,""workflow_id"":""01a01f57-a34b-7740-9717-596b8116910c/backend-production-v0.4-live""}"
"urn:uuid:390cd01a-e5d8-54ea-a120-f1fb17687b9a","lebl.ra.concept.ledger.function.graph","graph","","[]","[]","urn:uuid:a0273f1c-6fad-54c7-a75a-32a5161da656","active","{""definition"":"""",""id"":""urn:uuid:390cd01a-e5d8-54ea-a120-f1fb17687b9a"",""label"":""graph"",""notation"":[],""record_type"":""concept"",""recorded_at"":""2026-08-21T00:00:00Z"",""rights_id"":""urn:uuid:a0273f1c-6fad-54c7-a75a-32a5161da656"",""schema_name"":""lebl.backend.record"",""schema_version"":""0.3.0"",""semantic_aliases"":[],""semantic_key"":""lebl.ra.concept.ledger.function.graph"",""source_bindings"":[],""status"":""active"",""supersedes_id"":null,""workflow_id"":""01a01f57-a34b-7740-9717-596b8116910c/backend-production-v0.3-r006-live""}"
"urn:uuid:39248704-2a62-52b3-9dc3-0c97af3377a0","lebl.ra.concept.ledger.calculus.integrability","integrability","","[]","[]","urn:uuid:a0273f1c-6fad-54c7-a75a-32a5161da656","active","{""definition"":"""",""id"":""urn:uuid:39248704-2a62-52b3-9dc3-0c97af3377a0"",""label"":""integrability"",""notation"":[],""record_type"":""concept"",""recorded_at"":""2026-08-24T00:00:00Z"",""rights_id"":""urn:uuid:a0273f1c-6fad-54c7-a75a-32a5161da656"",""schema_name"":""lebl.backend.record"",""schema_version"":""0.3.0"",""semantic_aliases"":[],""semantic_key"":""lebl.ra.concept.ledger.calculus.integrability"",""source_bindings"":[],""status"":""active"",""supersedes_id"":null,""workflow_id"":""01a01f57-a34b-7740-9717-596b8116910c/backend-production-v0.4-live""}"
"urn:uuid:393e17b1-9ad2-5d38-a909-6e86649f5234","lebl.ra.concept.ledger.algebra.complex","complex algebra","","[]","[]","urn:uuid:a0273f1c-6fad-54c7-a75a-32a5161da656","active","{""definition"":"""",""id"":""urn:uuid:393e17b1-9ad2-5d38-a909-6e86649f5234"",""label"":""complex algebra"",""notation"":[],""record_type"":""concept"",""recorded_at"":""2026-08-24T00:00:00Z"",""rights_id"":""urn:uuid:a0273f1c-6fad-54c7-a75a-32a5161da656"",""schema_name"":""lebl.backend.record"",""schema_version"":""0.3.0"",""semantic_aliases"":[],""semantic_key"":""lebl.ra.concept.ledger.algebra.complex"",""source_bindings"":[],""status"":""active"",""supersedes_id"":null,""workflow_id"":""01a01f57-a34b-7740-9717-596b8116910c/backend-production-v0.4-live""}"
"urn:uuid:396ae065-d5cb-575a-822e-91d9d23ebd54","lebl.ra.concept.ledger.order.ordered-set","ordered set","","[]","[]","urn:uuid:a0273f1c-6fad-54c7-a75a-32a5161da656","active","{""definition"":"""",""id"":""urn:uuid:396ae065-d5cb-575a-822e-91d9d23ebd54"",""label"":""ordered set"",""notation"":[],""record_type"":""concept"",""recorded_at"":""2026-08-21T00:00:00Z"",""rights_id"":""urn:uuid:a0273f1c-6fad-54c7-a75a-32a5161da656"",""schema_name"":""lebl.backend.record"",""schema_version"":""0.3.0"",""semantic_aliases"":[],""semantic_key"":""lebl.ra.concept.ledger.order.ordered-set"",""source_bindings"":[],""status"":""active"",""supersedes_id"":null,""workflow_id"":""01a01f57-a34b-7740-9717-596b8116910c/backend-production-v0.3-r006-live""}"
"urn:uuid:399fe83e-e77f-5d8b-a2f5-fe6ad4a5b607","lebl.ra.concept.ledger.average.weighted","weighted average","","[]","[]","urn:uuid:a0273f1c-6fad-54c7-a75a-32a5161da656","active","{""definition"":"""",""id"":""urn:uuid:399fe83e-e77f-5d8b-a2f5-fe6ad4a5b607"",""label"":""weighted average"",""notation"":[],""record_type"":""concept"",""recorded_at"":""2026-08-24T00:00:00Z"",""rights_id"":""urn:uuid:a0273f1c-6fad-54c7-a75a-32a5161da656"",""schema_name"":""lebl.backend.record"",""schema_version"":""0.3.0"",""semantic_aliases"":[],""semantic_key"":""lebl.ra.concept.ledger.average.weighted"",""source_bindings"":[],""status"":""active"",""supersedes_id"":null,""workflow_id"":""01a01f57-a34b-7740-9717-596b8116910c/backend-production-v0.4-live""}"
"urn:uuid:39a9f3d5-c883-50a9-80bf-4a8dbda9be07","lebl.ra.concept.ledger.test.comparison-series","comparison test","","[]","[]","urn:uuid:a0273f1c-6fad-54c7-a75a-32a5161da656","active","{""definition"":"""",""id"":""urn:uuid:39a9f3d5-c883-50a9-80bf-4a8dbda9be07"",""label"":""comparison test"",""notation"":[],""record_type"":""concept"",""recorded_at"":""2026-08-21T00:00:00Z"",""rights_id"":""urn:uuid:a0273f1c-6fad-54c7-a75a-32a5161da656"",""schema_name"":""lebl.backend.record"",""schema_version"":""0.3.0"",""semantic_aliases"":[],""semantic_key"":""lebl.ra.concept.ledger.test.comparison-series"",""source_bindings"":[],""status"":""active"",""supersedes_id"":null,""workflow_id"":""01a01f57-a34b-7740-9717-596b8116910c/backend-production-v0.3-r006-live""}"
"urn:uuid:3ae6829c-bafc-5496-9bf4-738eb20d6b08","lebl.diffyqs.concept.ledger.dynamical-system.equilibrium","equilibrium","","[]","[]","urn:uuid:55f5bc5b-fcc2-55bd-8bcb-65ab31cc4e0f","active","{""definition"":"""",""id"":""urn:uuid:3ae6829c-bafc-5496-9bf4-738eb20d6b08"",""label"":""equilibrium"",""notation"":[],""record_type"":""concept"",""recorded_at"":""2026-08-24T00:00:00Z"",""rights_id"":""urn:uuid:55f5bc5b-fcc2-55bd-8bcb-65ab31cc4e0f"",""schema_name"":""lebl.backend.record"",""schema_version"":""0.3.0"",""semantic_aliases"":[],""semantic_key"":""lebl.diffyqs.concept.ledger.dynamical-system.equilibrium"",""source_bindings"":[],""status"":""active"",""supersedes_id"":null,""workflow_id"":""01a01f57-a34b-7740-9717-596b8116910c/backend-production-v0.4-live""}"
"urn:uuid:3b4fdf83-1b02-52b9-a5d9-83ae70fc33ea","lebl.ra.concept.ledger.analysis.harmonic.maximum-principle","maximum principle","","[]","[]","urn:uuid:a0273f1c-6fad-54c7-a75a-32a5161da656","active","{""definition"":"""",""id"":""urn:uuid:3b4fdf83-1b02-52b9-a5d9-83ae70fc33ea"",""label"":""maximum principle"",""notation"":[],""record_type"":""concept"",""recorded_at"":""2026-08-24T00:00:00Z"",""rights_id"":""urn:uuid:a0273f1c-6fad-54c7-a75a-32a5161da656"",""schema_name"":""lebl.backend.record"",""schema_version"":""0.3.0"",""semantic_aliases"":[],""semantic_key"":""lebl.ra.concept.ledger.analysis.harmonic.maximum-principle"",""source_bindings"":[],""status"":""active"",""supersedes_id"":null,""workflow_id"":""01a01f57-a34b-7740-9717-596b8116910c/backend-production-v0.4-live""}"
"urn:uuid:3b86a995-5b62-5296-9839-e92d7d8fb33e","lebl.ra.concept.ledger.limit.infinite","infinite limit","","[]","[]","urn:uuid:a0273f1c-6fad-54c7-a75a-32a5161da656","active","{""definition"":"""",""id"":""urn:uuid:3b86a995-5b62-5296-9839-e92d7d8fb33e"",""label"":""infinite limit"",""notation"":[],""record_type"":""concept"",""recorded_at"":""2026-08-21T00:00:00Z"",""rights_id"":""urn:uuid:a0273f1c-6fad-54c7-a75a-32a5161da656"",""schema_name"":""lebl.backend.record"",""schema_version"":""0.3.0"",""semantic_aliases"":[],""semantic_key"":""lebl.ra.concept.ledger.limit.infinite"",""source_bindings"":[],""status"":""active"",""supersedes_id"":null,""workflow_id"":""01a01f57-a34b-7740-9717-596b8116910c/backend-production-v0.3-r006-live""}"
"urn:uuid:3b9a2f3e-831d-5f2c-bc0f-2e8b0a0e52c0","lebl.ra.concept.ledger.calculus.partial-derivative","partial derivative","","[]","[]","urn:uuid:a0273f1c-6fad-54c7-a75a-32a5161da656","active","{""definition"":"""",""id"":""urn:uuid:3b9a2f3e-831d-5f2c-bc0f-2e8b0a0e52c0"",""label"":""partial derivative"",""notation"":[],""record_type"":""concept"",""recorded_at"":""2026-08-21T00:00:00Z"",""rights_id"":""urn:uuid:a0273f1c-6fad-54c7-a75a-32a5161da656"",""schema_name"":""lebl.backend.record"",""schema_version"":""0.3.0"",""semantic_aliases"":[],""semantic_key"":""lebl.ra.concept.ledger.calculus.partial-derivative"",""source_bindings"":[],""status"":""active"",""supersedes_id"":null,""workflow_id"":""01a01f57-a34b-7740-9717-596b8116910c/backend-production-v0.3-r006-live""}"
"urn:uuid:3bc4de73-40e8-5745-90af-cb09e3368250","lebl.ra.concept.ledger.set.cluster-point","cluster point","","[]","[]","urn:uuid:a0273f1c-6fad-54c7-a75a-32a5161da656","active","{""definition"":"""",""id"":""urn:uuid:3bc4de73-40e8-5745-90af-cb09e3368250"",""label"":""cluster point"",""notation"":[],""record_type"":""concept"",""recorded_at"":""2026-08-21T00:00:00Z"",""rights_id"":""urn:uuid:a0273f1c-6fad-54c7-a75a-32a5161da656"",""schema_name"":""lebl.backend.record"",""schema_version"":""0.3.0"",""semantic_aliases"":[],""semantic_key"":""lebl.ra.concept.ledger.set.cluster-point"",""source_bindings"":[],""status"":""active"",""supersedes_id"":null,""workflow_id"":""01a01f57-a34b-7740-9717-596b8116910c/backend-production-v0.3-r006-live""}"
"urn:uuid:3c37da86-3cc6-5885-a80f-c1c01ba4191f","lebl.ra.concept.ledger.surface.peano","Peano surface","","[]","[]","urn:uuid:a0273f1c-6fad-54c7-a75a-32a5161da656","active","{""definition"":"""",""id"":""urn:uuid:3c37da86-3cc6-5885-a80f-c1c01ba4191f"",""label"":""Peano surface"",""notation"":[],""record_type"":""concept"",""recorded_at"":""2026-08-21T00:00:00Z"",""rights_id"":""urn:uuid:a0273f1c-6fad-54c7-a75a-32a5161da656"",""schema_name"":""lebl.backend.record"",""schema_version"":""0.3.0"",""semantic_aliases"":[],""semantic_key"":""lebl.ra.concept.ledger.surface.peano"",""source_bindings"":[],""status"":""active"",""supersedes_id"":null,""workflow_id"":""01a01f57-a34b-7740-9717-596b8116910c/backend-production-v0.3-r006-live""}"
"urn:uuid:3c3dc5f0-7bdf-5e4f-9308-e677a45b7adc","lebl.ra.concept.ledger.integration.partition-refinement.common","common refinement","","[]","[]","urn:uuid:a0273f1c-6fad-54c7-a75a-32a5161da656","active","{""definition"":"""",""id"":""urn:uuid:3c3dc5f0-7bdf-5e4f-9308-e677a45b7adc"",""label"":""common refinement"",""notation"":[],""record_type"":""concept"",""recorded_at"":""2026-08-24T00:00:00Z"",""rights_id"":""urn:uuid:a0273f1c-6fad-54c7-a75a-32a5161da656"",""schema_name"":""lebl.backend.record"",""schema_version"":""0.3.0"",""semantic_aliases"":[],""semantic_key"":""lebl.ra.concept.ledger.integration.partition-refinement.common"",""source_bindings"":[],""status"":""active"",""supersedes_id"":null,""workflow_id"":""01a01f57-a34b-7740-9717-596b8116910c/backend-production-v0.4-live""}"
"urn:uuid:3c914546-5ca7-5139-a4e9-c6b0d34bfee1","lebl.ra.concept.ledger.orientation.positive","positively oriented","","[]","[]","urn:uuid:a0273f1c-6fad-54c7-a75a-32a5161da656","active","{""definition"":"""",""id"":""urn:uuid:3c914546-5ca7-5139-a4e9-c6b0d34bfee1"",""label"":""positively oriented"",""notation"":[],""record_type"":""concept"",""recorded_at"":""2026-08-24T00:00:00Z"",""rights_id"":""urn:uuid:a0273f1c-6fad-54c7-a75a-32a5161da656"",""schema_name"":""lebl.backend.record"",""schema_version"":""0.3.0"",""semantic_aliases"":[],""semantic_key"":""lebl.ra.concept.ledger.orientation.positive"",""source_bindings"":[],""status"":""active"",""supersedes_id"":null,""workflow_id"":""01a01f57-a34b-7740-9717-596b8116910c/backend-production-v0.4-live""}"
"urn:uuid:3ccc1c7d-d627-595f-abd8-e544024bb83d","lebl.ra.concept.ledger.geometry.rectangle.subrectangle","subrectangle","","[]","[]","urn:uuid:a0273f1c-6fad-54c7-a75a-32a5161da656","active","{""definition"":"""",""id"":""urn:uuid:3ccc1c7d-d627-595f-abd8-e544024bb83d"",""label"":""subrectangle"",""notation"":[],""record_type"":""concept"",""recorded_at"":""2026-08-24T00:00:00Z"",""rights_id"":""urn:uuid:a0273f1c-6fad-54c7-a75a-32a5161da656"",""schema_name"":""lebl.backend.record"",""schema_version"":""0.3.0"",""semantic_aliases"":[],""semantic_key"":""lebl.ra.concept.ledger.geometry.rectangle.subrectangle"",""source_bindings"":[],""status"":""active"",""supersedes_id"":null,""workflow_id"":""01a01f57-a34b-7740-9717-596b8116910c/backend-production-v0.4-live""}"
"urn:uuid:3ceab3b8-b435-5f59-882f-1a333d29685a","lebl.ra.concept.ledger.axis.imaginary","imaginary axis","","[]","[]","urn:uuid:a0273f1c-6fad-54c7-a75a-32a5161da656","active","{""definition"":"""",""id"":""urn:uuid:3ceab3b8-b435-5f59-882f-1a333d29685a"",""label"":""imaginary axis"",""notation"":[],""record_type"":""concept"",""recorded_at"":""2026-08-24T00:00:00Z"",""rights_id"":""urn:uuid:a0273f1c-6fad-54c7-a75a-32a5161da656"",""schema_name"":""lebl.backend.record"",""schema_version"":""0.3.0"",""semantic_aliases"":[],""semantic_key"":""lebl.ra.concept.ledger.axis.imaginary"",""source_bindings"":[],""status"":""active"",""supersedes_id"":null,""workflow_id"":""01a01f57-a34b-7740-9717-596b8116910c/backend-production-v0.4-live""}"
"urn:uuid:3d15f83a-c3d3-5cad-8383-2098e2296ab3","lebl.ra.concept.ledger.series","series","","[]","[]","urn:uuid:a0273f1c-6fad-54c7-a75a-32a5161da656","active","{""definition"":"""",""id"":""urn:uuid:3d15f83a-c3d3-5cad-8383-2098e2296ab3"",""label"":""series"",""notation"":[],""record_type"":""concept"",""recorded_at"":""2026-08-21T00:00:00Z"",""rights_id"":""urn:uuid:a0273f1c-6fad-54c7-a75a-32a5161da656"",""schema_name"":""lebl.backend.record"",""schema_version"":""0.3.0"",""semantic_aliases"":[],""semantic_key"":""lebl.ra.concept.ledger.series"",""source_bindings"":[],""status"":""active"",""supersedes_id"":null,""workflow_id"":""01a01f57-a34b-7740-9717-596b8116910c/backend-production-v0.3-r006-live""}"
"urn:uuid:3e8144b3-6c7f-5512-90bb-72a7bc6ca43f","lebl.ra.concept.ledger.theorem.picard","Picard theorem","","[]","[]","urn:uuid:a0273f1c-6fad-54c7-a75a-32a5161da656","active","{""definition"":"""",""id"":""urn:uuid:3e8144b3-6c7f-5512-90bb-72a7bc6ca43f"",""label"":""Picard theorem"",""notation"":[],""record_type"":""concept"",""recorded_at"":""2026-08-21T00:00:00Z"",""rights_id"":""urn:uuid:a0273f1c-6fad-54c7-a75a-32a5161da656"",""schema_name"":""lebl.backend.record"",""schema_version"":""0.3.0"",""semantic_aliases"":[],""semantic_key"":""lebl.ra.concept.ledger.theorem.picard"",""source_bindings"":[],""status"":""active"",""supersedes_id"":null,""workflow_id"":""01a01f57-a34b-7740-9717-596b8116910c/backend-production-v0.3-r006-live""}"
"urn:uuid:3ee94fe1-7db8-5499-a9f1-cb4f5e8e6bb8","lebl.ra.concept.ledger.geometry.chain.polygonal","polygonal chain","","[]","[]","urn:uuid:a0273f1c-6fad-54c7-a75a-32a5161da656","active","{""definition"":"""",""id"":""urn:uuid:3ee94fe1-7db8-5499-a9f1-cb4f5e8e6bb8"",""label"":""polygonal chain"",""notation"":[],""record_type"":""concept"",""recorded_at"":""2026-08-24T00:00:00Z"",""rights_id"":""urn:uuid:a0273f1c-6fad-54c7-a75a-32a5161da656"",""schema_name"":""lebl.backend.record"",""schema_version"":""0.3.0"",""semantic_aliases"":[],""semantic_key"":""lebl.ra.concept.ledger.geometry.chain.polygonal"",""source_bindings"":[],""status"":""active"",""supersedes_id"":null,""workflow_id"":""01a01f57-a34b-7740-9717-596b8116910c/backend-production-v0.4-live""}"
"urn:uuid:3f40b439-8b50-5b4b-b561-5c86a1e3beb0","lebl.ra.concept.ledger.integration.riemann.rectangle","Riemann integral over rectangles","","[]","[]","urn:uuid:a0273f1c-6fad-54c7-a75a-32a5161da656","active","{""definition"":"""",""id"":""urn:uuid:3f40b439-8b50-5b4b-b561-5c86a1e3beb0"",""label"":""Riemann integral over rectangles"",""notation"":[],""record_type"":""concept"",""recorded_at"":""2026-08-24T00:00:00Z"",""rights_id"":""urn:uuid:a0273f1c-6fad-54c7-a75a-32a5161da656"",""schema_name"":""lebl.backend.record"",""schema_version"":""0.3.0"",""semantic_aliases"":[],""semantic_key"":""lebl.ra.concept.ledger.integration.riemann.rectangle"",""source_bindings"":[],""status"":""active"",""supersedes_id"":null,""workflow_id"":""01a01f57-a34b-7740-9717-596b8116910c/backend-production-v0.4-live""}"
"urn:uuid:3f68a252-d987-5fb0-8396-07d09d51974c","lebl.ra.concept.ledger.arithmetic.remainder","remainder","","[]","[]","urn:uuid:a0273f1c-6fad-54c7-a75a-32a5161da656","active","{""definition"":"""",""id"":""urn:uuid:3f68a252-d987-5fb0-8396-07d09d51974c"",""label"":""remainder"",""notation"":[],""record_type"":""concept"",""recorded_at"":""2026-08-21T00:00:00Z"",""rights_id"":""urn:uuid:a0273f1c-6fad-54c7-a75a-32a5161da656"",""schema_name"":""lebl.backend.record"",""schema_version"":""0.3.0"",""semantic_aliases"":[],""semantic_key"":""lebl.ra.concept.ledger.arithmetic.remainder"",""source_bindings"":[],""status"":""active"",""supersedes_id"":null,""workflow_id"":""01a01f57-a34b-7740-9717-596b8116910c/backend-production-v0.3-r006-live""}"
"urn:uuid:3f7a19e1-e4e2-589a-817f-8c22e1ceb412","lebl.ra.concept.ledger.discontinuity.jump","jump discontinuity","","[]","[]","urn:uuid:a0273f1c-6fad-54c7-a75a-32a5161da656","active","{""definition"":"""",""id"":""urn:uuid:3f7a19e1-e4e2-589a-817f-8c22e1ceb412"",""label"":""jump discontinuity"",""notation"":[],""record_type"":""concept"",""recorded_at"":""2026-08-24T00:00:00Z"",""rights_id"":""urn:uuid:a0273f1c-6fad-54c7-a75a-32a5161da656"",""schema_name"":""lebl.backend.record"",""schema_version"":""0.3.0"",""semantic_aliases"":[],""semantic_key"":""lebl.ra.concept.ledger.discontinuity.jump"",""source_bindings"":[],""status"":""active"",""supersedes_id"":null,""workflow_id"":""01a01f57-a34b-7740-9717-596b8116910c/backend-production-v0.4-live""}"
"urn:uuid:3fa2565f-4a37-5728-b52d-4ad7a63614d6","lebl.ra.concept.ledger.metric","metric","","[]","[]","urn:uuid:a0273f1c-6fad-54c7-a75a-32a5161da656","active","{""definition"":"""",""id"":""urn:uuid:3fa2565f-4a37-5728-b52d-4ad7a63614d6"",""label"":""metric"",""notation"":[],""record_type"":""concept"",""recorded_at"":""2026-08-21T00:00:00Z"",""rights_id"":""urn:uuid:a0273f1c-6fad-54c7-a75a-32a5161da656"",""schema_name"":""lebl.backend.record"",""schema_version"":""0.3.0"",""semantic_aliases"":[],""semantic_key"":""lebl.ra.concept.ledger.metric"",""source_bindings"":[],""status"":""active"",""supersedes_id"":null,""workflow_id"":""01a01f57-a34b-7740-9717-596b8116910c/backend-production-v0.3-r006-live""}"
"urn:uuid:3fc44635-f723-5029-95b0-d13a0add3c6f","lebl.ra.concept.ledger.integration.change-of-variables","change of variables","","[]","[]","urn:uuid:a0273f1c-6fad-54c7-a75a-32a5161da656","active","{""definition"":"""",""id"":""urn:uuid:3fc44635-f723-5029-95b0-d13a0add3c6f"",""label"":""change of variables"",""notation"":[],""record_type"":""concept"",""recorded_at"":""2026-08-21T00:00:00Z"",""rights_id"":""urn:uuid:a0273f1c-6fad-54c7-a75a-32a5161da656"",""schema_name"":""lebl.backend.record"",""schema_version"":""0.3.0"",""semantic_aliases"":[],""semantic_key"":""lebl.ra.concept.ledger.integration.change-of-variables"",""source_bindings"":[],""status"":""active"",""supersedes_id"":null,""workflow_id"":""01a01f57-a34b-7740-9717-596b8116910c/backend-production-v0.3-r006-live""}"
"urn:uuid:4036f106-fbbb-5a46-bab4-0d3831136f2e","lebl.ra.concept.ledger.function.periodicity","periodicity","","[]","[]","urn:uuid:a0273f1c-6fad-54c7-a75a-32a5161da656","active","{""definition"":"""",""id"":""urn:uuid:4036f106-fbbb-5a46-bab4-0d3831136f2e"",""label"":""periodicity"",""notation"":[],""record_type"":""concept"",""recorded_at"":""2026-08-24T00:00:00Z"",""rights_id"":""urn:uuid:a0273f1c-6fad-54c7-a75a-32a5161da656"",""schema_name"":""lebl.backend.record"",""schema_version"":""0.3.0"",""semantic_aliases"":[],""semantic_key"":""lebl.ra.concept.ledger.function.periodicity"",""source_bindings"":[],""status"":""active"",""supersedes_id"":null,""workflow_id"":""01a01f57-a34b-7740-9717-596b8116910c/backend-production-v0.4-live""}"
"urn:uuid:405cb16f-282d-5fb1-a965-160aa88680a4","lebl.ra.concept.ledger.number.negative","negative","","[]","[]","urn:uuid:a0273f1c-6fad-54c7-a75a-32a5161da656","active","{""definition"":"""",""id"":""urn:uuid:405cb16f-282d-5fb1-a965-160aa88680a4"",""label"":""negative"",""notation"":[],""record_type"":""concept"",""recorded_at"":""2026-08-21T00:00:00Z"",""rights_id"":""urn:uuid:a0273f1c-6fad-54c7-a75a-32a5161da656"",""schema_name"":""lebl.backend.record"",""schema_version"":""0.3.0"",""semantic_aliases"":[],""semantic_key"":""lebl.ra.concept.ledger.number.negative"",""source_bindings"":[],""status"":""active"",""supersedes_id"":null,""workflow_id"":""01a01f57-a34b-7740-9717-596b8116910c/backend-production-v0.3-r006-live""}"
"urn:uuid:409996b7-f813-5e3f-a66c-5d86073e38b9","lebl.ra.concept.ledger.sequence.enumeration","enumeration","","[]","[]","urn:uuid:a0273f1c-6fad-54c7-a75a-32a5161da656","active","{""definition"":"""",""id"":""urn:uuid:409996b7-f813-5e3f-a66c-5d86073e38b9"",""label"":""enumeration"",""notation"":[],""record_type"":""concept"",""recorded_at"":""2026-08-24T00:00:00Z"",""rights_id"":""urn:uuid:a0273f1c-6fad-54c7-a75a-32a5161da656"",""schema_name"":""lebl.backend.record"",""schema_version"":""0.3.0"",""semantic_aliases"":[],""semantic_key"":""lebl.ra.concept.ledger.sequence.enumeration"",""source_bindings"":[],""status"":""active"",""supersedes_id"":null,""workflow_id"":""01a01f57-a34b-7740-9717-596b8116910c/backend-production-v0.4-live""}"
"urn:uuid:40e4064c-579f-5e55-9d67-94540a6b9f02","lebl.ra.concept.ledger.line.secant","secant line","","[]","[]","urn:uuid:a0273f1c-6fad-54c7-a75a-32a5161da656","active","{""definition"":"""",""id"":""urn:uuid:40e4064c-579f-5e55-9d67-94540a6b9f02"",""label"":""secant line"",""notation"":[],""record_type"":""concept"",""recorded_at"":""2026-08-21T00:00:00Z"",""rights_id"":""urn:uuid:a0273f1c-6fad-54c7-a75a-32a5161da656"",""schema_name"":""lebl.backend.record"",""schema_version"":""0.3.0"",""semantic_aliases"":[],""semantic_key"":""lebl.ra.concept.ledger.line.secant"",""source_bindings"":[],""status"":""active"",""supersedes_id"":null,""workflow_id"":""01a01f57-a34b-7740-9717-596b8116910c/backend-production-v0.3-r006-live""}"
"urn:uuid:40e6e6fd-a367-5bd9-969d-8fb19f6d69d3","lebl.ra.concept.ledger.sequence.tail","tail of a sequence","","[]","[]","urn:uuid:a0273f1c-6fad-54c7-a75a-32a5161da656","active","{""definition"":"""",""id"":""urn:uuid:40e6e6fd-a367-5bd9-969d-8fb19f6d69d3"",""label"":""tail of a sequence"",""notation"":[],""record_type"":""concept"",""recorded_at"":""2026-08-21T00:00:00Z"",""rights_id"":""urn:uuid:a0273f1c-6fad-54c7-a75a-32a5161da656"",""schema_name"":""lebl.backend.record"",""schema_version"":""0.3.0"",""semantic_aliases"":[],""semantic_key"":""lebl.ra.concept.ledger.sequence.tail"",""source_bindings"":[],""status"":""active"",""supersedes_id"":null,""workflow_id"":""01a01f57-a34b-7740-9717-596b8116910c/backend-production-v0.3-r006-live""}"
"urn:uuid:40e85bdf-074f-5e27-a862-72e36d4e50a5","lebl.ra.concept.ledger.equation.differential","differential equation","","[]","[]","urn:uuid:a0273f1c-6fad-54c7-a75a-32a5161da656","active","{""definition"":"""",""id"":""urn:uuid:40e85bdf-074f-5e27-a862-72e36d4e50a5"",""label"":""differential equation"",""notation"":[],""record_type"":""concept"",""recorded_at"":""2026-08-21T00:00:00Z"",""rights_id"":""urn:uuid:a0273f1c-6fad-54c7-a75a-32a5161da656"",""schema_name"":""lebl.backend.record"",""schema_version"":""0.3.0"",""semantic_aliases"":[],""semantic_key"":""lebl.ra.concept.ledger.equation.differential"",""source_bindings"":[],""status"":""active"",""supersedes_id"":null,""workflow_id"":""01a01f57-a34b-7740-9717-596b8116910c/backend-production-v0.3-r006-live""}"
"urn:uuid:41146917-00a6-542e-8f6b-6f34d1c1e9b5","lebl.ra.concept.ledger.series.power-series-representation","power series representation","","[]","[]","urn:uuid:a0273f1c-6fad-54c7-a75a-32a5161da656","active","{""definition"":"""",""id"":""urn:uuid:41146917-00a6-542e-8f6b-6f34d1c1e9b5"",""label"":""power series representation"",""notation"":[],""record_type"":""concept"",""recorded_at"":""2026-08-24T00:00:00Z"",""rights_id"":""urn:uuid:a0273f1c-6fad-54c7-a75a-32a5161da656"",""schema_name"":""lebl.backend.record"",""schema_version"":""0.3.0"",""semantic_aliases"":[],""semantic_key"":""lebl.ra.concept.ledger.series.power-series-representation"",""source_bindings"":[],""status"":""active"",""supersedes_id"":null,""workflow_id"":""01a01f57-a34b-7740-9717-596b8116910c/backend-production-v0.4-live""}"
"urn:uuid:41d7307e-9387-5e94-b509-4e0004b49026","lebl.diffyqs.concept.ledger.dynamical-system.almost-linear","almost linear","","[]","[]","urn:uuid:55f5bc5b-fcc2-55bd-8bcb-65ab31cc4e0f","active","{""definition"":"""",""id"":""urn:uuid:41d7307e-9387-5e94-b509-4e0004b49026"",""label"":""almost linear"",""notation"":[],""record_type"":""concept"",""recorded_at"":""2026-08-24T00:00:00Z"",""rights_id"":""urn:uuid:55f5bc5b-fcc2-55bd-8bcb-65ab31cc4e0f"",""schema_name"":""lebl.backend.record"",""schema_version"":""0.3.0"",""semantic_aliases"":[],""semantic_key"":""lebl.diffyqs.concept.ledger.dynamical-system.almost-linear"",""source_bindings"":[],""status"":""active"",""supersedes_id"":null,""workflow_id"":""01a01f57-a34b-7740-9717-596b8116910c/backend-production-v0.4-live""}"
"urn:uuid:41ec1c92-dc70-519d-a8ce-d8292f7894d7","lebl.ra.concept.ledger.pde.laplace-equation","Laplace equation","","[]","[]","urn:uuid:a0273f1c-6fad-54c7-a75a-32a5161da656","active","{""definition"":"""",""id"":""urn:uuid:41ec1c92-dc70-519d-a8ce-d8292f7894d7"",""label"":""Laplace equation"",""notation"":[],""record_type"":""concept"",""recorded_at"":""2026-08-24T00:00:00Z"",""rights_id"":""urn:uuid:a0273f1c-6fad-54c7-a75a-32a5161da656"",""schema_name"":""lebl.backend.record"",""schema_version"":""0.3.0"",""semantic_aliases"":[],""semantic_key"":""lebl.ra.concept.ledger.pde.laplace-equation"",""source_bindings"":[],""status"":""active"",""supersedes_id"":null,""workflow_id"":""01a01f57-a34b-7740-9717-596b8116910c/backend-production-v0.4-live""}"
"urn:uuid:42030625-5772-570b-b59f-2105b4e8bd75","lebl.ra.concept.ledger.metric.subspace","subspace metric","","[]","[]","urn:uuid:a0273f1c-6fad-54c7-a75a-32a5161da656","active","{""definition"":"""",""id"":""urn:uuid:42030625-5772-570b-b59f-2105b4e8bd75"",""label"":""subspace metric"",""notation"":[],""record_type"":""concept"",""recorded_at"":""2026-08-21T00:00:00Z"",""rights_id"":""urn:uuid:a0273f1c-6fad-54c7-a75a-32a5161da656"",""schema_name"":""lebl.backend.record"",""schema_version"":""0.3.0"",""semantic_aliases"":[],""semantic_key"":""lebl.ra.concept.ledger.metric.subspace"",""source_bindings"":[],""status"":""active"",""supersedes_id"":null,""workflow_id"":""01a01f57-a34b-7740-9717-596b8116910c/backend-production-v0.3-r006-live""}"
"urn:uuid:4261092d-a130-5f27-a2ef-aa4584298e7e","lebl.ra.concept.ledger.function.locally-lipschitz","locally Lipschitz","","[]","[]","urn:uuid:a0273f1c-6fad-54c7-a75a-32a5161da656","active","{""definition"":"""",""id"":""urn:uuid:4261092d-a130-5f27-a2ef-aa4584298e7e"",""label"":""locally Lipschitz"",""notation"":[],""record_type"":""concept"",""recorded_at"":""2026-08-21T00:00:00Z"",""rights_id"":""urn:uuid:a0273f1c-6fad-54c7-a75a-32a5161da656"",""schema_name"":""lebl.backend.record"",""schema_version"":""0.3.0"",""semantic_aliases"":[],""semantic_key"":""lebl.ra.concept.ledger.function.locally-lipschitz"",""source_bindings"":[],""status"":""active"",""supersedes_id"":null,""workflow_id"":""01a01f57-a34b-7740-9717-596b8116910c/backend-production-v0.3-r006-live""}"
"urn:uuid:428f1382-b327-5e60-bcf6-4531544c5c04","lebl.ra.concept.ledger.topology.compact-rectangle","compact rectangle","","[]","[]","urn:uuid:a0273f1c-6fad-54c7-a75a-32a5161da656","active","{""definition"":"""",""id"":""urn:uuid:428f1382-b327-5e60-bcf6-4531544c5c04"",""label"":""compact rectangle"",""notation"":[],""record_type"":""concept"",""recorded_at"":""2026-08-24T00:00:00Z"",""rights_id"":""urn:uuid:a0273f1c-6fad-54c7-a75a-32a5161da656"",""schema_name"":""lebl.backend.record"",""schema_version"":""0.3.0"",""semantic_aliases"":[],""semantic_key"":""lebl.ra.concept.ledger.topology.compact-rectangle"",""source_bindings"":[],""status"":""active"",""supersedes_id"":null,""workflow_id"":""01a01f57-a34b-7740-9717-596b8116910c/backend-production-v0.4-live""}"
"urn:uuid:4302d576-442c-5c38-8dee-6c657b88eb48","lebl.ra.concept.ledger.inequality.strict","strict inequality","","[]","[]","urn:uuid:a0273f1c-6fad-54c7-a75a-32a5161da656","active","{""definition"":"""",""id"":""urn:uuid:4302d576-442c-5c38-8dee-6c657b88eb48"",""label"":""strict inequality"",""notation"":[],""record_type"":""concept"",""recorded_at"":""2026-08-21T00:00:00Z"",""rights_id"":""urn:uuid:a0273f1c-6fad-54c7-a75a-32a5161da656"",""schema_name"":""lebl.backend.record"",""schema_version"":""0.3.0"",""semantic_aliases"":[],""semantic_key"":""lebl.ra.concept.ledger.inequality.strict"",""source_bindings"":[],""status"":""active"",""supersedes_id"":null,""workflow_id"":""01a01f57-a34b-7740-9717-596b8116910c/backend-production-v0.3-r006-live""}"
"urn:uuid:431ff8ff-da12-538b-83a2-ecece19a4d24","lebl.ra.concept.ledger.theorem.inverse-function","inverse function theorem","","[]","[]","urn:uuid:a0273f1c-6fad-54c7-a75a-32a5161da656","active","{""definition"":"""",""id"":""urn:uuid:431ff8ff-da12-538b-83a2-ecece19a4d24"",""label"":""inverse function theorem"",""notation"":[],""record_type"":""concept"",""recorded_at"":""2026-08-21T00:00:00Z"",""rights_id"":""urn:uuid:a0273f1c-6fad-54c7-a75a-32a5161da656"",""schema_name"":""lebl.backend.record"",""schema_version"":""0.3.0"",""semantic_aliases"":[],""semantic_key"":""lebl.ra.concept.ledger.theorem.inverse-function"",""source_bindings"":[],""status"":""active"",""supersedes_id"":null,""workflow_id"":""01a01f57-a34b-7740-9717-596b8116910c/backend-production-v0.3-r006-live""}"
"urn:uuid:43389454-2316-5f27-aa46-3af87f096195","lebl.ra.concept.ledger.theorem.lebesgue-vitali","Lebesgue--Vitali theorem","","[]","[]","urn:uuid:a0273f1c-6fad-54c7-a75a-32a5161da656","active","{""definition"":"""",""id"":""urn:uuid:43389454-2316-5f27-aa46-3af87f096195"",""label"":""Lebesgue--Vitali theorem"",""notation"":[],""record_type"":""concept"",""recorded_at"":""2026-08-24T00:00:00Z"",""rights_id"":""urn:uuid:a0273f1c-6fad-54c7-a75a-32a5161da656"",""schema_name"":""lebl.backend.record"",""schema_version"":""0.3.0"",""semantic_aliases"":[],""semantic_key"":""lebl.ra.concept.ledger.theorem.lebesgue-vitali"",""source_bindings"":[],""status"":""active"",""supersedes_id"":null,""workflow_id"":""01a01f57-a34b-7740-9717-596b8116910c/backend-production-v0.4-live""}"
"urn:uuid:433a715b-ef46-507f-b400-4730200909ab","lebl.ra.concept.ledger.series.fourier-cosine","Fourier cosine series","","[]","[]","urn:uuid:a0273f1c-6fad-54c7-a75a-32a5161da656","active","{""definition"":"""",""id"":""urn:uuid:433a715b-ef46-507f-b400-4730200909ab"",""label"":""Fourier cosine series"",""notation"":[],""record_type"":""concept"",""recorded_at"":""2026-08-24T00:00:00Z"",""rights_id"":""urn:uuid:a0273f1c-6fad-54c7-a75a-32a5161da656"",""schema_name"":""lebl.backend.record"",""schema_version"":""0.3.0"",""semantic_aliases"":[],""semantic_key"":""lebl.ra.concept.ledger.series.fourier-cosine"",""source_bindings"":[],""status"":""active"",""supersedes_id"":null,""workflow_id"":""01a01f57-a34b-7740-9717-596b8116910c/backend-production-v0.4-live""}"
"urn:uuid:4457c0d1-4938-5092-9169-980e08d3a066","lebl.ra.concept.ledger.geometry.cube.open","open cube","","[]","[]","urn:uuid:a0273f1c-6fad-54c7-a75a-32a5161da656","active","{""definition"":"""",""id"":""urn:uuid:4457c0d1-4938-5092-9169-980e08d3a066"",""label"":""open cube"",""notation"":[],""record_type"":""concept"",""recorded_at"":""2026-08-24T00:00:00Z"",""rights_id"":""urn:uuid:a0273f1c-6fad-54c7-a75a-32a5161da656"",""schema_name"":""lebl.backend.record"",""schema_version"":""0.3.0"",""semantic_aliases"":[],""semantic_key"":""lebl.ra.concept.ledger.geometry.cube.open"",""source_bindings"":[],""status"":""active"",""supersedes_id"":null,""workflow_id"":""01a01f57-a34b-7740-9717-596b8116910c/backend-production-v0.4-live""}"
"urn:uuid:446325db-e0d2-5463-af96-d0dfdfbc88eb","lebl.ra.concept.ledger.set.convex","convex","","[]","[]","urn:uuid:a0273f1c-6fad-54c7-a75a-32a5161da656","active","{""definition"":"""",""id"":""urn:uuid:446325db-e0d2-5463-af96-d0dfdfbc88eb"",""label"":""convex"",""notation"":[],""record_type"":""concept"",""recorded_at"":""2026-08-21T00:00:00Z"",""rights_id"":""urn:uuid:a0273f1c-6fad-54c7-a75a-32a5161da656"",""schema_name"":""lebl.backend.record"",""schema_version"":""0.3.0"",""semantic_aliases"":[],""semantic_key"":""lebl.ra.concept.ledger.set.convex"",""source_bindings"":[],""status"":""active"",""supersedes_id"":null,""workflow_id"":""01a01f57-a34b-7740-9717-596b8116910c/backend-production-v0.3-r006-live""}"
"urn:uuid:448de826-ab92-535b-ad48-60743e3f3658","lebl.ra.concept.ledger.dimension.linear","dimension","","[]","[]","urn:uuid:a0273f1c-6fad-54c7-a75a-32a5161da656","active","{""definition"":"""",""id"":""urn:uuid:448de826-ab92-535b-ad48-60743e3f3658"",""label"":""dimension"",""notation"":[],""record_type"":""concept"",""recorded_at"":""2026-08-21T00:00:00Z"",""rights_id"":""urn:uuid:a0273f1c-6fad-54c7-a75a-32a5161da656"",""schema_name"":""lebl.backend.record"",""schema_version"":""0.3.0"",""semantic_aliases"":[],""semantic_key"":""lebl.ra.concept.ledger.dimension.linear"",""source_bindings"":[],""status"":""active"",""supersedes_id"":null,""workflow_id"":""01a01f57-a34b-7740-9717-596b8116910c/backend-production-v0.3-r006-live""}"
"urn:uuid:44e216a0-aac7-519a-a612-1758da71750a","lebl.ra.concept.ledger.analysis.c-k-norm","C^k norm","","[]","[]","urn:uuid:a0273f1c-6fad-54c7-a75a-32a5161da656","active","{""definition"":"""",""id"":""urn:uuid:44e216a0-aac7-519a-a612-1758da71750a"",""label"":""C^k norm"",""notation"":[],""record_type"":""concept"",""recorded_at"":""2026-08-24T00:00:00Z"",""rights_id"":""urn:uuid:a0273f1c-6fad-54c7-a75a-32a5161da656"",""schema_name"":""lebl.backend.record"",""schema_version"":""0.3.0"",""semantic_aliases"":[],""semantic_key"":""lebl.ra.concept.ledger.analysis.c-k-norm"",""source_bindings"":[],""status"":""active"",""supersedes_id"":null,""workflow_id"":""01a01f57-a34b-7740-9717-596b8116910c/backend-production-v0.4-live""}"
"urn:uuid:4522803b-4965-5805-b1da-4d17c02395b6","lebl.ra.concept.ledger.set-theory.union","union","","[]","[]","urn:uuid:a0273f1c-6fad-54c7-a75a-32a5161da656","active","{""definition"":"""",""id"":""urn:uuid:4522803b-4965-5805-b1da-4d17c02395b6"",""label"":""union"",""notation"":[],""record_type"":""concept"",""recorded_at"":""2026-08-21T00:00:00Z"",""rights_id"":""urn:uuid:a0273f1c-6fad-54c7-a75a-32a5161da656"",""schema_name"":""lebl.backend.record"",""schema_version"":""0.3.0"",""semantic_aliases"":[],""semantic_key"":""lebl.ra.concept.ledger.set-theory.union"",""source_bindings"":[],""status"":""active"",""supersedes_id"":null,""workflow_id"":""01a01f57-a34b-7740-9717-596b8116910c/backend-production-v0.3-r006-live""}"
"urn:uuid:459b3864-4569-596e-8398-7400f95e75f4","lebl.diffyqs.concept.ledger.dynamical-system.sink.spiral","spiral sink","","[]","[]","urn:uuid:55f5bc5b-fcc2-55bd-8bcb-65ab31cc4e0f","active","{""definition"":"""",""id"":""urn:uuid:459b3864-4569-596e-8398-7400f95e75f4"",""label"":""spiral sink"",""notation"":[],""record_type"":""concept"",""recorded_at"":""2026-08-24T00:00:00Z"",""rights_id"":""urn:uuid:55f5bc5b-fcc2-55bd-8bcb-65ab31cc4e0f"",""schema_name"":""lebl.backend.record"",""schema_version"":""0.3.0"",""semantic_aliases"":[],""semantic_key"":""lebl.diffyqs.concept.ledger.dynamical-system.sink.spiral"",""source_bindings"":[],""status"":""active"",""supersedes_id"":null,""workflow_id"":""01a01f57-a34b-7740-9717-596b8116910c/backend-production-v0.4-live""}"
"urn:uuid:45e70797-96ff-5087-ad85-b111b8ddb059","lebl.ra.concept.ledger.number.binary","binary","","[]","[]","urn:uuid:a0273f1c-6fad-54c7-a75a-32a5161da656","active","{""definition"":"""",""id"":""urn:uuid:45e70797-96ff-5087-ad85-b111b8ddb059"",""label"":""binary"",""notation"":[],""record_type"":""concept"",""recorded_at"":""2026-08-21T00:00:00Z"",""rights_id"":""urn:uuid:a0273f1c-6fad-54c7-a75a-32a5161da656"",""schema_name"":""lebl.backend.record"",""schema_version"":""0.3.0"",""semantic_aliases"":[],""semantic_key"":""lebl.ra.concept.ledger.number.binary"",""source_bindings"":[],""status"":""active"",""supersedes_id"":null,""workflow_id"":""01a01f57-a34b-7740-9717-596b8116910c/backend-production-v0.3-r006-live""}"
"urn:uuid:46082b0f-7f95-59f6-8f56-5306309f1dc1","lebl.ra.concept.ledger.function.nowhere-continuous","nowhere continuous","","[]","[]","urn:uuid:a0273f1c-6fad-54c7-a75a-32a5161da656","active","{""definition"":"""",""id"":""urn:uuid:46082b0f-7f95-59f6-8f56-5306309f1dc1"",""label"":""nowhere continuous"",""notation"":[],""record_type"":""concept"",""recorded_at"":""2026-08-24T00:00:00Z"",""rights_id"":""urn:uuid:a0273f1c-6fad-54c7-a75a-32a5161da656"",""schema_name"":""lebl.backend.record"",""schema_version"":""0.3.0"",""semantic_aliases"":[],""semantic_key"":""lebl.ra.concept.ledger.function.nowhere-continuous"",""source_bindings"":[],""status"":""active"",""supersedes_id"":null,""workflow_id"":""01a01f57-a34b-7740-9717-596b8116910c/backend-production-v0.4-live""}"
"urn:uuid:460e4729-35de-5a72-9686-acaf866e75c6","lebl.ra.concept.ledger.norm.l2","L2 norm","","[]","[]","urn:uuid:a0273f1c-6fad-54c7-a75a-32a5161da656","active","{""definition"":"""",""id"":""urn:uuid:460e4729-35de-5a72-9686-acaf866e75c6"",""label"":""L2 norm"",""notation"":[],""record_type"":""concept"",""recorded_at"":""2026-08-24T00:00:00Z"",""rights_id"":""urn:uuid:a0273f1c-6fad-54c7-a75a-32a5161da656"",""schema_name"":""lebl.backend.record"",""schema_version"":""0.3.0"",""semantic_aliases"":[],""semantic_key"":""lebl.ra.concept.ledger.norm.l2"",""source_bindings"":[],""status"":""active"",""supersedes_id"":null,""workflow_id"":""01a01f57-a34b-7740-9717-596b8116910c/backend-production-v0.4-live""}"
"urn:uuid:461be690-2456-5629-b25f-a608a33b9a3c","lebl.ra.concept.ledger.geometry.ray.x-axis-nonpositive","nonpositive x-axis ray","","[]","[]","urn:uuid:a0273f1c-6fad-54c7-a75a-32a5161da656","active","{""definition"":"""",""id"":""urn:uuid:461be690-2456-5629-b25f-a608a33b9a3c"",""label"":""nonpositive x-axis ray"",""notation"":[],""record_type"":""concept"",""recorded_at"":""2026-08-24T00:00:00Z"",""rights_id"":""urn:uuid:a0273f1c-6fad-54c7-a75a-32a5161da656"",""schema_name"":""lebl.backend.record"",""schema_version"":""0.3.0"",""semantic_aliases"":[],""semantic_key"":""lebl.ra.concept.ledger.geometry.ray.x-axis-nonpositive"",""source_bindings"":[],""status"":""active"",""supersedes_id"":null,""workflow_id"":""01a01f57-a34b-7740-9717-596b8116910c/backend-production-v0.4-live""}"
"urn:uuid:467d0d49-453c-583f-896b-2fd9c0a4d172","lebl.ra.concept.ledger.subspace","subspace","","[]","[]","urn:uuid:a0273f1c-6fad-54c7-a75a-32a5161da656","active","{""definition"":"""",""id"":""urn:uuid:467d0d49-453c-583f-896b-2fd9c0a4d172"",""label"":""subspace"",""notation"":[],""record_type"":""concept"",""recorded_at"":""2026-08-21T00:00:00Z"",""rights_id"":""urn:uuid:a0273f1c-6fad-54c7-a75a-32a5161da656"",""schema_name"":""lebl.backend.record"",""schema_version"":""0.3.0"",""semantic_aliases"":[],""semantic_key"":""lebl.ra.concept.ledger.subspace"",""source_bindings"":[],""status"":""active"",""supersedes_id"":null,""workflow_id"":""01a01f57-a34b-7740-9717-596b8116910c/backend-production-v0.3-r006-live""}"
"urn:uuid:46900069-1090-5ba5-a4a0-823465a5be28","lebl.ra.concept.ledger.limit.series-interchange","swapping limits of series","","[]","[]","urn:uuid:a0273f1c-6fad-54c7-a75a-32a5161da656","active","{""definition"":"""",""id"":""urn:uuid:46900069-1090-5ba5-a4a0-823465a5be28"",""label"":""swapping limits of series"",""notation"":[],""record_type"":""concept"",""recorded_at"":""2026-08-24T00:00:00Z"",""rights_id"":""urn:uuid:a0273f1c-6fad-54c7-a75a-32a5161da656"",""schema_name"":""lebl.backend.record"",""schema_version"":""0.3.0"",""semantic_aliases"":[],""semantic_key"":""lebl.ra.concept.ledger.limit.series-interchange"",""source_bindings"":[],""status"":""active"",""supersedes_id"":null,""workflow_id"":""01a01f57-a34b-7740-9717-596b8116910c/backend-production-v0.4-live""}"
"urn:uuid:46e2a11e-f6c9-515b-9791-c191351b0bd0","lebl.ra.concept.ledger.series.fourier","Fourier series","","[]","[]","urn:uuid:a0273f1c-6fad-54c7-a75a-32a5161da656","active","{""definition"":"""",""id"":""urn:uuid:46e2a11e-f6c9-515b-9791-c191351b0bd0"",""label"":""Fourier series"",""notation"":[],""record_type"":""concept"",""recorded_at"":""2026-08-24T00:00:00Z"",""rights_id"":""urn:uuid:a0273f1c-6fad-54c7-a75a-32a5161da656"",""schema_name"":""lebl.backend.record"",""schema_version"":""0.3.0"",""semantic_aliases"":[],""semantic_key"":""lebl.ra.concept.ledger.series.fourier"",""source_bindings"":[],""status"":""active"",""supersedes_id"":null,""workflow_id"":""01a01f57-a34b-7740-9717-596b8116910c/backend-production-v0.4-live""}"
"urn:uuid:47224a22-68cf-5fef-8d2e-0ff394aea031","lebl.ra.concept.ledger.geometry.path.unit-speed-parametrization","unit-speed parametrization","","[]","[]","urn:uuid:a0273f1c-6fad-54c7-a75a-32a5161da656","active","{""definition"":"""",""id"":""urn:uuid:47224a22-68cf-5fef-8d2e-0ff394aea031"",""label"":""unit-speed parametrization"",""notation"":[],""record_type"":""concept"",""recorded_at"":""2026-08-24T00:00:00Z"",""rights_id"":""urn:uuid:a0273f1c-6fad-54c7-a75a-32a5161da656"",""schema_name"":""lebl.backend.record"",""schema_version"":""0.3.0"",""semantic_aliases"":[],""semantic_key"":""lebl.ra.concept.ledger.geometry.path.unit-speed-parametrization"",""source_bindings"":[],""status"":""active"",""supersedes_id"":null,""workflow_id"":""01a01f57-a34b-7740-9717-596b8116910c/backend-production-v0.4-live""}"
"urn:uuid:480ad1dc-4532-5dcb-8ca1-047177474fd9","lebl.ra.concept.ledger.result.theorem","theorem","","[]","[]","urn:uuid:a0273f1c-6fad-54c7-a75a-32a5161da656","active","{""definition"":"""",""id"":""urn:uuid:480ad1dc-4532-5dcb-8ca1-047177474fd9"",""label"":""theorem"",""notation"":[],""record_type"":""concept"",""recorded_at"":""2026-08-21T00:00:00Z"",""rights_id"":""urn:uuid:a0273f1c-6fad-54c7-a75a-32a5161da656"",""schema_name"":""lebl.backend.record"",""schema_version"":""0.3.0"",""semantic_aliases"":[],""semantic_key"":""lebl.ra.concept.ledger.result.theorem"",""source_bindings"":[],""status"":""active"",""supersedes_id"":null,""workflow_id"":""01a01f57-a34b-7740-9717-596b8116910c/backend-production-v0.3-r006-live""}"
"urn:uuid:481f1bfe-1ef3-5e57-90c7-0b24c877807a","lebl.ra.concept.ledger.metric.identity-indiscernibles","identity of indiscernibles","","[]","[]","urn:uuid:a0273f1c-6fad-54c7-a75a-32a5161da656","active","{""definition"":"""",""id"":""urn:uuid:481f1bfe-1ef3-5e57-90c7-0b24c877807a"",""label"":""identity of indiscernibles"",""notation"":[],""record_type"":""concept"",""recorded_at"":""2026-08-21T00:00:00Z"",""rights_id"":""urn:uuid:a0273f1c-6fad-54c7-a75a-32a5161da656"",""schema_name"":""lebl.backend.record"",""schema_version"":""0.3.0"",""semantic_aliases"":[],""semantic_key"":""lebl.ra.concept.ledger.metric.identity-indiscernibles"",""source_bindings"":[],""status"":""active"",""supersedes_id"":null,""workflow_id"":""01a01f57-a34b-7740-9717-596b8116910c/backend-production-v0.3-r006-live""}"
"urn:uuid:48dcb7b8-1fb4-57df-94db-839f56270323","lebl.ra.concept.ledger.sequence.divergent","divergent","","[]","[]","urn:uuid:a0273f1c-6fad-54c7-a75a-32a5161da656","active","{""definition"":"""",""id"":""urn:uuid:48dcb7b8-1fb4-57df-94db-839f56270323"",""label"":""divergent"",""notation"":[],""record_type"":""concept"",""recorded_at"":""2026-08-21T00:00:00Z"",""rights_id"":""urn:uuid:a0273f1c-6fad-54c7-a75a-32a5161da656"",""schema_name"":""lebl.backend.record"",""schema_version"":""0.3.0"",""semantic_aliases"":[],""semantic_key"":""lebl.ra.concept.ledger.sequence.divergent"",""source_bindings"":[],""status"":""active"",""supersedes_id"":null,""workflow_id"":""01a01f57-a34b-7740-9717-596b8116910c/backend-production-v0.3-r006-live""}"
"urn:uuid:49122eff-9922-599e-b06a-a43a625c13cd","lebl.ra.concept.ledger.integration.u-substitution","u-substitution","","[]","[]","urn:uuid:a0273f1c-6fad-54c7-a75a-32a5161da656","active","{""definition"":"""",""id"":""urn:uuid:49122eff-9922-599e-b06a-a43a625c13cd"",""label"":""u-substitution"",""notation"":[],""record_type"":""concept"",""recorded_at"":""2026-08-24T00:00:00Z"",""rights_id"":""urn:uuid:a0273f1c-6fad-54c7-a75a-32a5161da656"",""schema_name"":""lebl.backend.record"",""schema_version"":""0.3.0"",""semantic_aliases"":[],""semantic_key"":""lebl.ra.concept.ledger.integration.u-substitution"",""source_bindings"":[],""status"":""active"",""supersedes_id"":null,""workflow_id"":""01a01f57-a34b-7740-9717-596b8116910c/backend-production-v0.4-live""}"
"urn:uuid:493767f8-9a39-519c-9ede-25091b8e39da","lebl.ra.concept.ledger.set.cantor","Cantor set","","[]","[]","urn:uuid:a0273f1c-6fad-54c7-a75a-32a5161da656","active","{""definition"":"""",""id"":""urn:uuid:493767f8-9a39-519c-9ede-25091b8e39da"",""label"":""Cantor set"",""notation"":[],""record_type"":""concept"",""recorded_at"":""2026-08-24T00:00:00Z"",""rights_id"":""urn:uuid:a0273f1c-6fad-54c7-a75a-32a5161da656"",""schema_name"":""lebl.backend.record"",""schema_version"":""0.3.0"",""semantic_aliases"":[],""semantic_key"":""lebl.ra.concept.ledger.set.cantor"",""source_bindings"":[],""status"":""active"",""supersedes_id"":null,""workflow_id"":""01a01f57-a34b-7740-9717-596b8116910c/backend-production-v0.4-live""}"
"urn:uuid:49e0c6a7-186c-50f9-868f-de8fcadeb243","lebl.ra.concept.ledger.complex.imaginary-part","imaginary part","","[]","[]","urn:uuid:a0273f1c-6fad-54c7-a75a-32a5161da656","active","{""definition"":"""",""id"":""urn:uuid:49e0c6a7-186c-50f9-868f-de8fcadeb243"",""label"":""imaginary part"",""notation"":[],""record_type"":""concept"",""recorded_at"":""2026-08-24T00:00:00Z"",""rights_id"":""urn:uuid:a0273f1c-6fad-54c7-a75a-32a5161da656"",""schema_name"":""lebl.backend.record"",""schema_version"":""0.3.0"",""semantic_aliases"":[],""semantic_key"":""lebl.ra.concept.ledger.complex.imaginary-part"",""source_bindings"":[],""status"":""active"",""supersedes_id"":null,""workflow_id"":""01a01f57-a34b-7740-9717-596b8116910c/backend-production-v0.4-live""}"
"urn:uuid:4a66c8fc-bed5-5640-acc2-04c52c1604f9","lebl.ra.concept.ledger.theorem.rolle","Rolle's theorem","","[]","[]","urn:uuid:a0273f1c-6fad-54c7-a75a-32a5161da656","active","{""definition"":"""",""id"":""urn:uuid:4a66c8fc-bed5-5640-acc2-04c52c1604f9"",""label"":""Rolle's theorem"",""notation"":[],""record_type"":""concept"",""recorded_at"":""2026-08-21T00:00:00Z"",""rights_id"":""urn:uuid:a0273f1c-6fad-54c7-a75a-32a5161da656"",""schema_name"":""lebl.backend.record"",""schema_version"":""0.3.0"",""semantic_aliases"":[],""semantic_key"":""lebl.ra.concept.ledger.theorem.rolle"",""source_bindings"":[],""status"":""active"",""supersedes_id"":null,""workflow_id"":""01a01f57-a34b-7740-9717-596b8116910c/backend-production-v0.3-r006-live""}"
"urn:uuid:4a6a7d9d-abf3-5349-8c24-832ceb105feb","lebl.ra.concept.ledger.function.surjective","surjective","","[]","[]","urn:uuid:a0273f1c-6fad-54c7-a75a-32a5161da656","active","{""definition"":"""",""id"":""urn:uuid:4a6a7d9d-abf3-5349-8c24-832ceb105feb"",""label"":""surjective"",""notation"":[],""record_type"":""concept"",""recorded_at"":""2026-08-21T00:00:00Z"",""rights_id"":""urn:uuid:a0273f1c-6fad-54c7-a75a-32a5161da656"",""schema_name"":""lebl.backend.record"",""schema_version"":""0.3.0"",""semantic_aliases"":[],""semantic_key"":""lebl.ra.concept.ledger.function.surjective"",""source_bindings"":[],""status"":""active"",""supersedes_id"":null,""workflow_id"":""01a01f57-a34b-7740-9717-596b8116910c/backend-production-v0.3-r006-live""}"
"urn:uuid:4a748d90-da69-57c7-af72-e8cb195d5e8c","lebl.ra.concept.ledger.convergence.rate","rate of convergence","","[]","[]","urn:uuid:a0273f1c-6fad-54c7-a75a-32a5161da656","active","{""definition"":"""",""id"":""urn:uuid:4a748d90-da69-57c7-af72-e8cb195d5e8c"",""label"":""rate of convergence"",""notation"":[],""record_type"":""concept"",""recorded_at"":""2026-08-24T00:00:00Z"",""rights_id"":""urn:uuid:a0273f1c-6fad-54c7-a75a-32a5161da656"",""schema_name"":""lebl.backend.record"",""schema_version"":""0.3.0"",""semantic_aliases"":[],""semantic_key"":""lebl.ra.concept.ledger.convergence.rate"",""source_bindings"":[],""status"":""active"",""supersedes_id"":null,""workflow_id"":""01a01f57-a34b-7740-9717-596b8116910c/backend-production-v0.4-live""}"
"urn:uuid:4b4bb24a-4100-5386-b35f-e0273fb45338","lebl.ra.concept.ledger.series.coefficient","coefficient","","[]","[]","urn:uuid:a0273f1c-6fad-54c7-a75a-32a5161da656","active","{""definition"":"""",""id"":""urn:uuid:4b4bb24a-4100-5386-b35f-e0273fb45338"",""label"":""coefficient"",""notation"":[],""record_type"":""concept"",""recorded_at"":""2026-08-24T00:00:00Z"",""rights_id"":""urn:uuid:a0273f1c-6fad-54c7-a75a-32a5161da656"",""schema_name"":""lebl.backend.record"",""schema_version"":""0.3.0"",""semantic_aliases"":[],""semantic_key"":""lebl.ra.concept.ledger.series.coefficient"",""source_bindings"":[],""status"":""active"",""supersedes_id"":null,""workflow_id"":""01a01f57-a34b-7740-9717-596b8116910c/backend-production-v0.4-live""}"
"urn:uuid:4bd12b4d-438c-51a6-ba7b-cabfd26dee6e","lebl.ra.concept.ledger.space.euclidean","euclidean space","","[]","[]","urn:uuid:a0273f1c-6fad-54c7-a75a-32a5161da656","active","{""definition"":"""",""id"":""urn:uuid:4bd12b4d-438c-51a6-ba7b-cabfd26dee6e"",""label"":""euclidean space"",""notation"":[],""record_type"":""concept"",""recorded_at"":""2026-08-21T00:00:00Z"",""rights_id"":""urn:uuid:a0273f1c-6fad-54c7-a75a-32a5161da656"",""schema_name"":""lebl.backend.record"",""schema_version"":""0.3.0"",""semantic_aliases"":[],""semantic_key"":""lebl.ra.concept.ledger.space.euclidean"",""source_bindings"":[],""status"":""active"",""supersedes_id"":null,""workflow_id"":""01a01f57-a34b-7740-9717-596b8116910c/backend-production-v0.3-r006-live""}"
"urn:uuid:4cd72054-7088-5774-a638-45953c9f8b44","lebl.ra.concept.ledger.integration.multivariable","multivariable integral","","[]","[]","urn:uuid:a0273f1c-6fad-54c7-a75a-32a5161da656","active","{""definition"":"""",""id"":""urn:uuid:4cd72054-7088-5774-a638-45953c9f8b44"",""label"":""multivariable integral"",""notation"":[],""record_type"":""concept"",""recorded_at"":""2026-08-24T00:00:00Z"",""rights_id"":""urn:uuid:a0273f1c-6fad-54c7-a75a-32a5161da656"",""schema_name"":""lebl.backend.record"",""schema_version"":""0.3.0"",""semantic_aliases"":[],""semantic_key"":""lebl.ra.concept.ledger.integration.multivariable"",""source_bindings"":[],""status"":""active"",""supersedes_id"":null,""workflow_id"":""01a01f57-a34b-7740-9717-596b8116910c/backend-production-v0.4-live""}"
"urn:uuid:4dfe9a15-0181-5dea-9257-dcd7a08b0d70","lebl.ra.concept.ledger.convergence.uniform-on-compact-subsets","uniform convergence on compact subsets","","[]","[]","urn:uuid:a0273f1c-6fad-54c7-a75a-32a5161da656","active","{""definition"":"""",""id"":""urn:uuid:4dfe9a15-0181-5dea-9257-dcd7a08b0d70"",""label"":""uniform convergence on compact subsets"",""notation"":[],""record_type"":""concept"",""recorded_at"":""2026-08-21T00:00:00Z"",""rights_id"":""urn:uuid:a0273f1c-6fad-54c7-a75a-32a5161da656"",""schema_name"":""lebl.backend.record"",""schema_version"":""0.3.0"",""semantic_aliases"":[],""semantic_key"":""lebl.ra.concept.ledger.convergence.uniform-on-compact-subsets"",""source_bindings"":[],""status"":""active"",""supersedes_id"":null,""workflow_id"":""01a01f57-a34b-7740-9717-596b8116910c/backend-production-v0.3-r006-live""}"
"urn:uuid:4e09110f-8638-54c0-ab62-82e52a98dc13","lebl.ra.concept.ledger.norm.operator","operator norm","","[]","[]","urn:uuid:a0273f1c-6fad-54c7-a75a-32a5161da656","active","{""definition"":"""",""id"":""urn:uuid:4e09110f-8638-54c0-ab62-82e52a98dc13"",""label"":""operator norm"",""notation"":[],""record_type"":""concept"",""recorded_at"":""2026-08-21T00:00:00Z"",""rights_id"":""urn:uuid:a0273f1c-6fad-54c7-a75a-32a5161da656"",""schema_name"":""lebl.backend.record"",""schema_version"":""0.3.0"",""semantic_aliases"":[],""semantic_key"":""lebl.ra.concept.ledger.norm.operator"",""source_bindings"":[],""status"":""active"",""supersedes_id"":null,""workflow_id"":""01a01f57-a34b-7740-9717-596b8116910c/backend-production-v0.3-r006-live""}"
"urn:uuid:4e1e6746-4621-524c-8267-a4866ae48c2f","lebl.ra.concept.ledger.limit.inferior","limit inferior","","[]","[]","urn:uuid:a0273f1c-6fad-54c7-a75a-32a5161da656","active","{""definition"":"""",""id"":""urn:uuid:4e1e6746-4621-524c-8267-a4866ae48c2f"",""label"":""limit inferior"",""notation"":[],""record_type"":""concept"",""recorded_at"":""2026-08-21T00:00:00Z"",""rights_id"":""urn:uuid:a0273f1c-6fad-54c7-a75a-32a5161da656"",""schema_name"":""lebl.backend.record"",""schema_version"":""0.3.0"",""semantic_aliases"":[],""semantic_key"":""lebl.ra.concept.ledger.limit.inferior"",""source_bindings"":[],""status"":""active"",""supersedes_id"":null,""workflow_id"":""01a01f57-a34b-7740-9717-596b8116910c/backend-production-v0.3-r006-live""}"
"urn:uuid:4e2c52da-960f-5707-a902-8563213e59a2","lebl.ra.concept.ledger.matrix.transpose","transpose","","[]","[]","urn:uuid:a0273f1c-6fad-54c7-a75a-32a5161da656","active","{""definition"":"""",""id"":""urn:uuid:4e2c52da-960f-5707-a902-8563213e59a2"",""label"":""transpose"",""notation"":[],""record_type"":""concept"",""recorded_at"":""2026-08-21T00:00:00Z"",""rights_id"":""urn:uuid:a0273f1c-6fad-54c7-a75a-32a5161da656"",""schema_name"":""lebl.backend.record"",""schema_version"":""0.3.0"",""semantic_aliases"":[],""semantic_key"":""lebl.ra.concept.ledger.matrix.transpose"",""source_bindings"":[],""status"":""active"",""supersedes_id"":null,""workflow_id"":""01a01f57-a34b-7740-9717-596b8116910c/backend-production-v0.3-r006-live""}"
"urn:uuid:4e7300d5-b046-5f71-9bc0-d7b77e3cd336","lebl.ra.concept.ledger.theorem.stokes.generalized","generalized Stokes' theorem","","[]","[]","urn:uuid:a0273f1c-6fad-54c7-a75a-32a5161da656","active","{""definition"":"""",""id"":""urn:uuid:4e7300d5-b046-5f71-9bc0-d7b77e3cd336"",""label"":""generalized Stokes' theorem"",""notation"":[],""record_type"":""concept"",""recorded_at"":""2026-08-24T00:00:00Z"",""rights_id"":""urn:uuid:a0273f1c-6fad-54c7-a75a-32a5161da656"",""schema_name"":""lebl.backend.record"",""schema_version"":""0.3.0"",""semantic_aliases"":[],""semantic_key"":""lebl.ra.concept.ledger.theorem.stokes.generalized"",""source_bindings"":[],""status"":""active"",""supersedes_id"":null,""workflow_id"":""01a01f57-a34b-7740-9717-596b8116910c/backend-production-v0.4-live""}"
"urn:uuid:4e770436-d19a-56a0-9fc2-acf21362930e","lebl.ra.concept.ledger.theorem.fubini-sums","Fubini for sums","","[]","[]","urn:uuid:a0273f1c-6fad-54c7-a75a-32a5161da656","active","{""definition"":"""",""id"":""urn:uuid:4e770436-d19a-56a0-9fc2-acf21362930e"",""label"":""Fubini for sums"",""notation"":[],""record_type"":""concept"",""recorded_at"":""2026-08-21T00:00:00Z"",""rights_id"":""urn:uuid:a0273f1c-6fad-54c7-a75a-32a5161da656"",""schema_name"":""lebl.backend.record"",""schema_version"":""0.3.0"",""semantic_aliases"":[],""semantic_key"":""lebl.ra.concept.ledger.theorem.fubini-sums"",""source_bindings"":[],""status"":""active"",""supersedes_id"":null,""workflow_id"":""01a01f57-a34b-7740-9717-596b8116910c/backend-production-v0.3-r006-live""}"
"urn:uuid:4ec1dd89-6bf3-55bd-817b-9db0cec051bb","lebl.shared.concept.ledger.method.euler","Euler's method","","[]","[]","urn:uuid:2d8dd580-22d9-5cfe-b865-6ed6b59af68e","active","{""definition"":"""",""id"":""urn:uuid:4ec1dd89-6bf3-55bd-817b-9db0cec051bb"",""label"":""Euler's method"",""notation"":[],""record_type"":""concept"",""recorded_at"":""2026-08-24T00:00:00Z"",""rights_id"":""urn:uuid:2d8dd580-22d9-5cfe-b865-6ed6b59af68e"",""schema_name"":""lebl.backend.record"",""schema_version"":""0.3.0"",""semantic_aliases"":[],""semantic_key"":""lebl.shared.concept.ledger.method.euler"",""source_bindings"":[],""status"":""active"",""supersedes_id"":null,""workflow_id"":""01a01f57-a34b-7740-9717-596b8116910c/backend-production-v0.4-live""}"
"urn:uuid:4f2d34cb-3b90-59f1-a42e-d65bcfd22000","lebl.ra.concept.ledger.extremum.strict-relative-maximum","strict relative maximum","","[]","[]","urn:uuid:a0273f1c-6fad-54c7-a75a-32a5161da656","active","{""definition"":"""",""id"":""urn:uuid:4f2d34cb-3b90-59f1-a42e-d65bcfd22000"",""label"":""strict relative maximum"",""notation"":[],""record_type"":""concept"",""recorded_at"":""2026-08-21T00:00:00Z"",""rights_id"":""urn:uuid:a0273f1c-6fad-54c7-a75a-32a5161da656"",""schema_name"":""lebl.backend.record"",""schema_version"":""0.3.0"",""semantic_aliases"":[],""semantic_key"":""lebl.ra.concept.ledger.extremum.strict-relative-maximum"",""source_bindings"":[],""status"":""active"",""supersedes_id"":null,""workflow_id"":""01a01f57-a34b-7740-9717-596b8116910c/backend-production-v0.3-r006-live""}"
"urn:uuid:4f638050-c063-5033-b483-b6323a9e7d8c","lebl.ra.concept.ledger.set.countable-dense-subset","countable dense subset","","[]","[]","urn:uuid:a0273f1c-6fad-54c7-a75a-32a5161da656","active","{""definition"":"""",""id"":""urn:uuid:4f638050-c063-5033-b483-b6323a9e7d8c"",""label"":""countable dense subset"",""notation"":[],""record_type"":""concept"",""recorded_at"":""2026-08-24T00:00:00Z"",""rights_id"":""urn:uuid:a0273f1c-6fad-54c7-a75a-32a5161da656"",""schema_name"":""lebl.backend.record"",""schema_version"":""0.3.0"",""semantic_aliases"":[],""semantic_key"":""lebl.ra.concept.ledger.set.countable-dense-subset"",""source_bindings"":[],""status"":""active"",""supersedes_id"":null,""workflow_id"":""01a01f57-a34b-7740-9717-596b8116910c/backend-production-v0.4-live""}"
"urn:uuid:4f7fde24-0abc-59c3-8dae-fb02da2948cd","lebl.ra.concept.ledger.function.injective","injective","","[]","[]","urn:uuid:a0273f1c-6fad-54c7-a75a-32a5161da656","active","{""definition"":"""",""id"":""urn:uuid:4f7fde24-0abc-59c3-8dae-fb02da2948cd"",""label"":""injective"",""notation"":[],""record_type"":""concept"",""recorded_at"":""2026-08-21T00:00:00Z"",""rights_id"":""urn:uuid:a0273f1c-6fad-54c7-a75a-32a5161da656"",""schema_name"":""lebl.backend.record"",""schema_version"":""0.3.0"",""semantic_aliases"":[],""semantic_key"":""lebl.ra.concept.ledger.function.injective"",""source_bindings"":[],""status"":""active"",""supersedes_id"":null,""workflow_id"":""01a01f57-a34b-7740-9717-596b8116910c/backend-production-v0.3-r006-live""}"
"urn:uuid:4fefa2be-3ca0-5a3a-a6da-a08b9d2fdc39","lebl.diffyqs.concept.ledger.dynamical-system.strange-attractor","strange attractor","","[]","[]","urn:uuid:55f5bc5b-fcc2-55bd-8bcb-65ab31cc4e0f","active","{""definition"":"""",""id"":""urn:uuid:4fefa2be-3ca0-5a3a-a6da-a08b9d2fdc39"",""label"":""strange attractor"",""notation"":[],""record_type"":""concept"",""recorded_at"":""2026-08-24T00:00:00Z"",""rights_id"":""urn:uuid:55f5bc5b-fcc2-55bd-8bcb-65ab31cc4e0f"",""schema_name"":""lebl.backend.record"",""schema_version"":""0.3.0"",""semantic_aliases"":[],""semantic_key"":""lebl.diffyqs.concept.ledger.dynamical-system.strange-attractor"",""source_bindings"":[],""status"":""active"",""supersedes_id"":null,""workflow_id"":""01a01f57-a34b-7740-9717-596b8116910c/backend-production-v0.4-live""}"
"urn:uuid:505187b9-a6b3-5242-9327-64981b0ae317","lebl.ra.concept.ledger.measure.zero","measure zero","","[]","[]","urn:uuid:a0273f1c-6fad-54c7-a75a-32a5161da656","active","{""definition"":"""",""id"":""urn:uuid:505187b9-a6b3-5242-9327-64981b0ae317"",""label"":""measure zero"",""notation"":[],""record_type"":""concept"",""recorded_at"":""2026-08-24T00:00:00Z"",""rights_id"":""urn:uuid:a0273f1c-6fad-54c7-a75a-32a5161da656"",""schema_name"":""lebl.backend.record"",""schema_version"":""0.3.0"",""semantic_aliases"":[],""semantic_key"":""lebl.ra.concept.ledger.measure.zero"",""source_bindings"":[],""status"":""active"",""supersedes_id"":null,""workflow_id"":""01a01f57-a34b-7740-9717-596b8116910c/backend-production-v0.4-live""}"
"urn:uuid:508535ba-cb48-532d-9781-012ab620c17b","lebl.ra.concept.ledger.geometry.angle.radians","angle in radians","","[]","[]","urn:uuid:a0273f1c-6fad-54c7-a75a-32a5161da656","active","{""definition"":"""",""id"":""urn:uuid:508535ba-cb48-532d-9781-012ab620c17b"",""label"":""angle in radians"",""notation"":[],""record_type"":""concept"",""recorded_at"":""2026-08-24T00:00:00Z"",""rights_id"":""urn:uuid:a0273f1c-6fad-54c7-a75a-32a5161da656"",""schema_name"":""lebl.backend.record"",""schema_version"":""0.3.0"",""semantic_aliases"":[],""semantic_key"":""lebl.ra.concept.ledger.geometry.angle.radians"",""source_bindings"":[],""status"":""active"",""supersedes_id"":null,""workflow_id"":""01a01f57-a34b-7740-9717-596b8116910c/backend-production-v0.4-live""}"
"urn:uuid:50be03e2-09c2-5ef8-a2da-b63b9dcf3145","lebl.ra.concept.ledger.theorem.tonelli-sums","Tonelli for sums","","[]","[]","urn:uuid:a0273f1c-6fad-54c7-a75a-32a5161da656","active","{""definition"":"""",""id"":""urn:uuid:50be03e2-09c2-5ef8-a2da-b63b9dcf3145"",""label"":""Tonelli for sums"",""notation"":[],""record_type"":""concept"",""recorded_at"":""2026-08-21T00:00:00Z"",""rights_id"":""urn:uuid:a0273f1c-6fad-54c7-a75a-32a5161da656"",""schema_name"":""lebl.backend.record"",""schema_version"":""0.3.0"",""semantic_aliases"":[],""semantic_key"":""lebl.ra.concept.ledger.theorem.tonelli-sums"",""source_bindings"":[],""status"":""active"",""supersedes_id"":null,""workflow_id"":""01a01f57-a34b-7740-9717-596b8116910c/backend-production-v0.3-r006-live""}"
"urn:uuid:517a737e-329b-568e-8b9a-740b9a05a81b","lebl.ra.concept.ledger.geometry.curve","curve","","[]","[]","urn:uuid:a0273f1c-6fad-54c7-a75a-32a5161da656","active","{""definition"":"""",""id"":""urn:uuid:517a737e-329b-568e-8b9a-740b9a05a81b"",""label"":""curve"",""notation"":[],""record_type"":""concept"",""recorded_at"":""2026-08-21T00:00:00Z"",""rights_id"":""urn:uuid:a0273f1c-6fad-54c7-a75a-32a5161da656"",""schema_name"":""lebl.backend.record"",""schema_version"":""0.3.0"",""semantic_aliases"":[],""semantic_key"":""lebl.ra.concept.ledger.geometry.curve"",""source_bindings"":[],""status"":""active"",""supersedes_id"":null,""workflow_id"":""01a01f57-a34b-7740-9717-596b8116910c/backend-production-v0.3-r006-live""}"
"urn:uuid:51a3c455-9c02-5e84-b879-8f631f0a2bc9","lebl.diffyqs.concept.ledger.dynamical-system.source","source","","[]","[]","urn:uuid:55f5bc5b-fcc2-55bd-8bcb-65ab31cc4e0f","active","{""definition"":"""",""id"":""urn:uuid:51a3c455-9c02-5e84-b879-8f631f0a2bc9"",""label"":""source"",""notation"":[],""record_type"":""concept"",""recorded_at"":""2026-08-24T00:00:00Z"",""rights_id"":""urn:uuid:55f5bc5b-fcc2-55bd-8bcb-65ab31cc4e0f"",""schema_name"":""lebl.backend.record"",""schema_version"":""0.3.0"",""semantic_aliases"":[],""semantic_key"":""lebl.diffyqs.concept.ledger.dynamical-system.source"",""source_bindings"":[],""status"":""active"",""supersedes_id"":null,""workflow_id"":""01a01f57-a34b-7740-9717-596b8116910c/backend-production-v0.4-live""}"
"urn:uuid:51b2f832-8c9d-5977-8220-0539abe4d78f","lebl.ra.concept.ledger.math.real-analysis","real analysis","","[]","[]","urn:uuid:a0273f1c-6fad-54c7-a75a-32a5161da656","active","{""definition"":"""",""id"":""urn:uuid:51b2f832-8c9d-5977-8220-0539abe4d78f"",""label"":""real analysis"",""notation"":[],""record_type"":""concept"",""recorded_at"":""2026-08-21T00:00:00Z"",""rights_id"":""urn:uuid:a0273f1c-6fad-54c7-a75a-32a5161da656"",""schema_name"":""lebl.backend.record"",""schema_version"":""0.3.0"",""semantic_aliases"":[],""semantic_key"":""lebl.ra.concept.ledger.math.real-analysis"",""source_bindings"":[],""status"":""active"",""supersedes_id"":null,""workflow_id"":""01a01f57-a34b-7740-9717-596b8116910c/backend-production-v0.3-r006-live""}"
"urn:uuid:51c651ed-adfe-5b0a-8a12-a9c7a078788f","lebl.ra.concept.ledger.sequence.double","double sequence","","[]","[]","urn:uuid:a0273f1c-6fad-54c7-a75a-32a5161da656","active","{""definition"":"""",""id"":""urn:uuid:51c651ed-adfe-5b0a-8a12-a9c7a078788f"",""label"":""double sequence"",""notation"":[],""record_type"":""concept"",""recorded_at"":""2026-08-24T00:00:00Z"",""rights_id"":""urn:uuid:a0273f1c-6fad-54c7-a75a-32a5161da656"",""schema_name"":""lebl.backend.record"",""schema_version"":""0.3.0"",""semantic_aliases"":[],""semantic_key"":""lebl.ra.concept.ledger.sequence.double"",""source_bindings"":[],""status"":""active"",""supersedes_id"":null,""workflow_id"":""01a01f57-a34b-7740-9717-596b8116910c/backend-production-v0.4-live""}"
"urn:uuid:522b4939-7b70-56a6-b174-a6c00d21fc31","lebl.ra.concept.ledger.calculus.partial-derivative.mixed","mixed partial derivative","","[]","[]","urn:uuid:a0273f1c-6fad-54c7-a75a-32a5161da656","active","{""definition"":"""",""id"":""urn:uuid:522b4939-7b70-56a6-b174-a6c00d21fc31"",""label"":""mixed partial derivative"",""notation"":[],""record_type"":""concept"",""recorded_at"":""2026-08-24T00:00:00Z"",""rights_id"":""urn:uuid:a0273f1c-6fad-54c7-a75a-32a5161da656"",""schema_name"":""lebl.backend.record"",""schema_version"":""0.3.0"",""semantic_aliases"":[],""semantic_key"":""lebl.ra.concept.ledger.calculus.partial-derivative.mixed"",""source_bindings"":[],""status"":""active"",""supersedes_id"":null,""workflow_id"":""01a01f57-a34b-7740-9717-596b8116910c/backend-production-v0.4-live""}"
"urn:uuid:5233dfe7-90d2-505e-bc6a-a84d673954e7","lebl.ra.concept.ledger.polynomial.trigonometric","trigonometric polynomial","","[]","[]","urn:uuid:a0273f1c-6fad-54c7-a75a-32a5161da656","active","{""definition"":"""",""id"":""urn:uuid:5233dfe7-90d2-505e-bc6a-a84d673954e7"",""label"":""trigonometric polynomial"",""notation"":[],""record_type"":""concept"",""recorded_at"":""2026-08-24T00:00:00Z"",""rights_id"":""urn:uuid:a0273f1c-6fad-54c7-a75a-32a5161da656"",""schema_name"":""lebl.backend.record"",""schema_version"":""0.3.0"",""semantic_aliases"":[],""semantic_key"":""lebl.ra.concept.ledger.polynomial.trigonometric"",""source_bindings"":[],""status"":""active"",""supersedes_id"":null,""workflow_id"":""01a01f57-a34b-7740-9717-596b8116910c/backend-production-v0.4-live""}"
"urn:uuid:52b98bef-74aa-5bb8-bd60-cf2cd15a5726","lebl.ra.concept.ledger.calculus.leibniz-integral-rule","Leibniz integral rule","","[]","[]","urn:uuid:a0273f1c-6fad-54c7-a75a-32a5161da656","active","{""definition"":"""",""id"":""urn:uuid:52b98bef-74aa-5bb8-bd60-cf2cd15a5726"",""label"":""Leibniz integral rule"",""notation"":[],""record_type"":""concept"",""recorded_at"":""2026-08-24T00:00:00Z"",""rights_id"":""urn:uuid:a0273f1c-6fad-54c7-a75a-32a5161da656"",""schema_name"":""lebl.backend.record"",""schema_version"":""0.3.0"",""semantic_aliases"":[],""semantic_key"":""lebl.ra.concept.ledger.calculus.leibniz-integral-rule"",""source_bindings"":[],""status"":""active"",""supersedes_id"":null,""workflow_id"":""01a01f57-a34b-7740-9717-596b8116910c/backend-production-v0.4-live""}"
"urn:uuid:53230681-3289-53aa-b045-527cae1f457c","lebl.ra.concept.ledger.transform.fourier","Fourier transform","","[]","[]","urn:uuid:a0273f1c-6fad-54c7-a75a-32a5161da656","active","{""definition"":"""",""id"":""urn:uuid:53230681-3289-53aa-b045-527cae1f457c"",""label"":""Fourier transform"",""notation"":[],""record_type"":""concept"",""recorded_at"":""2026-08-24T00:00:00Z"",""rights_id"":""urn:uuid:a0273f1c-6fad-54c7-a75a-32a5161da656"",""schema_name"":""lebl.backend.record"",""schema_version"":""0.3.0"",""semantic_aliases"":[],""semantic_key"":""lebl.ra.concept.ledger.transform.fourier"",""source_bindings"":[],""status"":""active"",""supersedes_id"":null,""workflow_id"":""01a01f57-a34b-7740-9717-596b8116910c/backend-production-v0.4-live""}"
"urn:uuid:53bc223a-1631-5605-8afe-4b4f02923bad","lebl.ra.concept.ledger.combination.linear","linear combination","","[]","[]","urn:uuid:a0273f1c-6fad-54c7-a75a-32a5161da656","active","{""definition"":"""",""id"":""urn:uuid:53bc223a-1631-5605-8afe-4b4f02923bad"",""label"":""linear combination"",""notation"":[],""record_type"":""concept"",""recorded_at"":""2026-08-21T00:00:00Z"",""rights_id"":""urn:uuid:a0273f1c-6fad-54c7-a75a-32a5161da656"",""schema_name"":""lebl.backend.record"",""schema_version"":""0.3.0"",""semantic_aliases"":[],""semantic_key"":""lebl.ra.concept.ledger.combination.linear"",""source_bindings"":[],""status"":""active"",""supersedes_id"":null,""workflow_id"":""01a01f57-a34b-7740-9717-596b8116910c/backend-production-v0.3-r006-live""}"
"urn:uuid:53f5e94c-e638-5efe-8601-206963e7b398","lebl.shared.concept.ledger.physics.vector-field","vector field","","[]","[]","urn:uuid:2d8dd580-22d9-5cfe-b865-6ed6b59af68e","active","{""definition"":"""",""id"":""urn:uuid:53f5e94c-e638-5efe-8601-206963e7b398"",""label"":""vector field"",""notation"":[],""record_type"":""concept"",""recorded_at"":""2026-08-24T00:00:00Z"",""rights_id"":""urn:uuid:2d8dd580-22d9-5cfe-b865-6ed6b59af68e"",""schema_name"":""lebl.backend.record"",""schema_version"":""0.3.0"",""semantic_aliases"":[],""semantic_key"":""lebl.shared.concept.ledger.physics.vector-field"",""source_bindings"":[],""status"":""active"",""supersedes_id"":null,""workflow_id"":""01a01f57-a34b-7740-9717-596b8116910c/backend-production-v0.4-live""}"
"urn:uuid:5441efba-7466-5a9a-9e60-9d743339f426","lebl.ra.concept.ledger.geometry.complex-plane","complex plane","","[]","[]","urn:uuid:a0273f1c-6fad-54c7-a75a-32a5161da656","active","{""definition"":"""",""id"":""urn:uuid:5441efba-7466-5a9a-9e60-9d743339f426"",""label"":""complex plane"",""notation"":[],""record_type"":""concept"",""recorded_at"":""2026-08-24T00:00:00Z"",""rights_id"":""urn:uuid:a0273f1c-6fad-54c7-a75a-32a5161da656"",""schema_name"":""lebl.backend.record"",""schema_version"":""0.3.0"",""semantic_aliases"":[],""semantic_key"":""lebl.ra.concept.ledger.geometry.complex-plane"",""source_bindings"":[],""status"":""active"",""supersedes_id"":null,""workflow_id"":""01a01f57-a34b-7740-9717-596b8116910c/backend-production-v0.4-live""}"
"urn:uuid:551d344b-c0de-5895-9e3f-323251dca8a5","lebl.ra.concept.ledger.polynomial.monic","monic polynomial","","[]","[]","urn:uuid:a0273f1c-6fad-54c7-a75a-32a5161da656","active","{""definition"":"""",""id"":""urn:uuid:551d344b-c0de-5895-9e3f-323251dca8a5"",""label"":""monic polynomial"",""notation"":[],""record_type"":""concept"",""recorded_at"":""2026-08-21T00:00:00Z"",""rights_id"":""urn:uuid:a0273f1c-6fad-54c7-a75a-32a5161da656"",""schema_name"":""lebl.backend.record"",""schema_version"":""0.3.0"",""semantic_aliases"":[],""semantic_key"":""lebl.ra.concept.ledger.polynomial.monic"",""source_bindings"":[],""status"":""active"",""supersedes_id"":null,""workflow_id"":""01a01f57-a34b-7740-9717-596b8116910c/backend-production-v0.3-r006-live""}"
"urn:uuid:554e9305-1b7e-50b7-9d71-08f3cbd5f14a","lebl.ra.concept.ledger.coordinate.block","coordinate block","","[]","[]","urn:uuid:a0273f1c-6fad-54c7-a75a-32a5161da656","active","{""definition"":"""",""id"":""urn:uuid:554e9305-1b7e-50b7-9d71-08f3cbd5f14a"",""label"":""coordinate block"",""notation"":[],""record_type"":""concept"",""recorded_at"":""2026-08-24T00:00:00Z"",""rights_id"":""urn:uuid:a0273f1c-6fad-54c7-a75a-32a5161da656"",""schema_name"":""lebl.backend.record"",""schema_version"":""0.3.0"",""semantic_aliases"":[],""semantic_key"":""lebl.ra.concept.ledger.coordinate.block"",""source_bindings"":[],""status"":""active"",""supersedes_id"":null,""workflow_id"":""01a01f57-a34b-7740-9717-596b8116910c/backend-production-v0.4-live""}"
"urn:uuid:55578d62-5b90-54a4-8e72-aee5c104e680","lebl.ra.concept.ledger.calculus.product-rule","product rule","","[]","[]","urn:uuid:a0273f1c-6fad-54c7-a75a-32a5161da656","active","{""definition"":"""",""id"":""urn:uuid:55578d62-5b90-54a4-8e72-aee5c104e680"",""label"":""product rule"",""notation"":[],""record_type"":""concept"",""recorded_at"":""2026-08-21T00:00:00Z"",""rights_id"":""urn:uuid:a0273f1c-6fad-54c7-a75a-32a5161da656"",""schema_name"":""lebl.backend.record"",""schema_version"":""0.3.0"",""semantic_aliases"":[],""semantic_key"":""lebl.ra.concept.ledger.calculus.product-rule"",""source_bindings"":[],""status"":""active"",""supersedes_id"":null,""workflow_id"":""01a01f57-a34b-7740-9717-596b8116910c/backend-production-v0.3-r006-live""}"
"urn:uuid:55ad1179-6187-565a-ad05-ff3e37802672","lebl.ra.concept.ledger.series.cauchy-product","Cauchy product","","[]","[]","urn:uuid:a0273f1c-6fad-54c7-a75a-32a5161da656","active","{""definition"":"""",""id"":""urn:uuid:55ad1179-6187-565a-ad05-ff3e37802672"",""label"":""Cauchy product"",""notation"":[],""record_type"":""concept"",""recorded_at"":""2026-08-21T00:00:00Z"",""rights_id"":""urn:uuid:a0273f1c-6fad-54c7-a75a-32a5161da656"",""schema_name"":""lebl.backend.record"",""schema_version"":""0.3.0"",""semantic_aliases"":[],""semantic_key"":""lebl.ra.concept.ledger.series.cauchy-product"",""source_bindings"":[],""status"":""active"",""supersedes_id"":null,""workflow_id"":""01a01f57-a34b-7740-9717-596b8116910c/backend-production-v0.3-r006-live""}"
"urn:uuid:55e182f7-390a-5f60-b982-3b5b75c37a61","lebl.ra.concept.ledger.limit.sequential","sequential limit","","[]","[]","urn:uuid:a0273f1c-6fad-54c7-a75a-32a5161da656","active","{""definition"":"""",""id"":""urn:uuid:55e182f7-390a-5f60-b982-3b5b75c37a61"",""label"":""sequential limit"",""notation"":[],""record_type"":""concept"",""recorded_at"":""2026-08-21T00:00:00Z"",""rights_id"":""urn:uuid:a0273f1c-6fad-54c7-a75a-32a5161da656"",""schema_name"":""lebl.backend.record"",""schema_version"":""0.3.0"",""semantic_aliases"":[],""semantic_key"":""lebl.ra.concept.ledger.limit.sequential"",""source_bindings"":[],""status"":""active"",""supersedes_id"":null,""workflow_id"":""01a01f57-a34b-7740-9717-596b8116910c/backend-production-v0.3-r006-live""}"
"urn:uuid:5607b8b5-6a5f-5246-b5f9-2c28ea01b42f","lebl.ra.concept.ledger.sequence.convergent","convergent","","[]","[]","urn:uuid:a0273f1c-6fad-54c7-a75a-32a5161da656","active","{""definition"":"""",""id"":""urn:uuid:5607b8b5-6a5f-5246-b5f9-2c28ea01b42f"",""label"":""convergent"",""notation"":[],""record_type"":""concept"",""recorded_at"":""2026-08-21T00:00:00Z"",""rights_id"":""urn:uuid:a0273f1c-6fad-54c7-a75a-32a5161da656"",""schema_name"":""lebl.backend.record"",""schema_version"":""0.3.0"",""semantic_aliases"":[],""semantic_key"":""lebl.ra.concept.ledger.sequence.convergent"",""source_bindings"":[],""status"":""active"",""supersedes_id"":null,""workflow_id"":""01a01f57-a34b-7740-9717-596b8116910c/backend-production-v0.3-r006-live""}"
"urn:uuid:566ce761-5a0a-5faa-a1a7-ddcdf2c39f16","lebl.ra.concept.ledger.integration.path-integral","path integral","","[]","[]","urn:uuid:a0273f1c-6fad-54c7-a75a-32a5161da656","active","{""definition"":"""",""id"":""urn:uuid:566ce761-5a0a-5faa-a1a7-ddcdf2c39f16"",""label"":""path integral"",""notation"":[],""record_type"":""concept"",""recorded_at"":""2026-08-24T00:00:00Z"",""rights_id"":""urn:uuid:a0273f1c-6fad-54c7-a75a-32a5161da656"",""schema_name"":""lebl.backend.record"",""schema_version"":""0.3.0"",""semantic_aliases"":[],""semantic_key"":""lebl.ra.concept.ledger.integration.path-integral"",""source_bindings"":[],""status"":""active"",""supersedes_id"":null,""workflow_id"":""01a01f57-a34b-7740-9717-596b8116910c/backend-production-v0.4-live""}"
"urn:uuid:56959c2f-26f9-5a45-bc3c-9aa7e8f5df85","lebl.diffyqs.concept.ledger.dynamical-system.periodic-orbit","periodic orbit","","[]","[]","urn:uuid:55f5bc5b-fcc2-55bd-8bcb-65ab31cc4e0f","active","{""definition"":"""",""id"":""urn:uuid:56959c2f-26f9-5a45-bc3c-9aa7e8f5df85"",""label"":""periodic orbit"",""notation"":[],""record_type"":""concept"",""recorded_at"":""2026-08-24T00:00:00Z"",""rights_id"":""urn:uuid:55f5bc5b-fcc2-55bd-8bcb-65ab31cc4e0f"",""schema_name"":""lebl.backend.record"",""schema_version"":""0.3.0"",""semantic_aliases"":[],""semantic_key"":""lebl.diffyqs.concept.ledger.dynamical-system.periodic-orbit"",""source_bindings"":[],""status"":""active"",""supersedes_id"":null,""workflow_id"":""01a01f57-a34b-7740-9717-596b8116910c/backend-production-v0.4-live""}"
"urn:uuid:56f6dede-0885-53de-ab1f-90a7104410e5","lebl.ra.concept.ledger.calculus.gradient","gradient","","[]","[]","urn:uuid:a0273f1c-6fad-54c7-a75a-32a5161da656","active","{""definition"":"""",""id"":""urn:uuid:56f6dede-0885-53de-ab1f-90a7104410e5"",""label"":""gradient"",""notation"":[],""record_type"":""concept"",""recorded_at"":""2026-08-21T00:00:00Z"",""rights_id"":""urn:uuid:a0273f1c-6fad-54c7-a75a-32a5161da656"",""schema_name"":""lebl.backend.record"",""schema_version"":""0.3.0"",""semantic_aliases"":[],""semantic_key"":""lebl.ra.concept.ledger.calculus.gradient"",""source_bindings"":[],""status"":""active"",""supersedes_id"":null,""workflow_id"":""01a01f57-a34b-7740-9717-596b8116910c/backend-production-v0.3-r006-live""}"
"urn:uuid:57142fd2-0b0d-5de6-b63f-78570d088daf","lebl.ra.concept.ledger.set-theory.proper-subset","proper subset","","[]","[]","urn:uuid:a0273f1c-6fad-54c7-a75a-32a5161da656","active","{""definition"":"""",""id"":""urn:uuid:57142fd2-0b0d-5de6-b63f-78570d088daf"",""label"":""proper subset"",""notation"":[],""record_type"":""concept"",""recorded_at"":""2026-08-21T00:00:00Z"",""rights_id"":""urn:uuid:a0273f1c-6fad-54c7-a75a-32a5161da656"",""schema_name"":""lebl.backend.record"",""schema_version"":""0.3.0"",""semantic_aliases"":[],""semantic_key"":""lebl.ra.concept.ledger.set-theory.proper-subset"",""source_bindings"":[],""status"":""active"",""supersedes_id"":null,""workflow_id"":""01a01f57-a34b-7740-9717-596b8116910c/backend-production-v0.3-r006-live""}"
"urn:uuid:5731c5a8-ad3d-5cb4-a05a-182e4aea9395","lebl.ra.concept.ledger.criterion.cauchy","Cauchy criterion","","[]","[]","urn:uuid:a0273f1c-6fad-54c7-a75a-32a5161da656","active","{""definition"":"""",""id"":""urn:uuid:5731c5a8-ad3d-5cb4-a05a-182e4aea9395"",""label"":""Cauchy criterion"",""notation"":[],""record_type"":""concept"",""recorded_at"":""2026-08-21T00:00:00Z"",""rights_id"":""urn:uuid:a0273f1c-6fad-54c7-a75a-32a5161da656"",""schema_name"":""lebl.backend.record"",""schema_version"":""0.3.0"",""semantic_aliases"":[],""semantic_key"":""lebl.ra.concept.ledger.criterion.cauchy"",""source_bindings"":[],""status"":""active"",""supersedes_id"":null,""workflow_id"":""01a01f57-a34b-7740-9717-596b8116910c/backend-production-v0.3-r006-live""}"
"urn:uuid:578fed34-76fe-54c2-8eae-c6c1b2569347","lebl.shared.concept.ledger.equation.linear-differential","linear differential equation","","[]","[]","urn:uuid:2d8dd580-22d9-5cfe-b865-6ed6b59af68e","active","{""definition"":"""",""id"":""urn:uuid:578fed34-76fe-54c2-8eae-c6c1b2569347"",""label"":""linear differential equation"",""notation"":[],""record_type"":""concept"",""recorded_at"":""2026-08-24T00:00:00Z"",""rights_id"":""urn:uuid:2d8dd580-22d9-5cfe-b865-6ed6b59af68e"",""schema_name"":""lebl.backend.record"",""schema_version"":""0.3.0"",""semantic_aliases"":[],""semantic_key"":""lebl.shared.concept.ledger.equation.linear-differential"",""source_bindings"":[],""status"":""active"",""supersedes_id"":null,""workflow_id"":""01a01f57-a34b-7740-9717-596b8116910c/backend-production-v0.4-live""}"
"urn:uuid:5792a535-dd7b-557c-b1a5-1675a210f8dd","lebl.ra.concept.ledger.function.periodic","periodic","","[]","[]","urn:uuid:a0273f1c-6fad-54c7-a75a-32a5161da656","active","{""definition"":"""",""id"":""urn:uuid:5792a535-dd7b-557c-b1a5-1675a210f8dd"",""label"":""periodic"",""notation"":[],""record_type"":""concept"",""recorded_at"":""2026-08-24T00:00:00Z"",""rights_id"":""urn:uuid:a0273f1c-6fad-54c7-a75a-32a5161da656"",""schema_name"":""lebl.backend.record"",""schema_version"":""0.3.0"",""semantic_aliases"":[],""semantic_key"":""lebl.ra.concept.ledger.function.periodic"",""source_bindings"":[],""status"":""active"",""supersedes_id"":null,""workflow_id"":""01a01f57-a34b-7740-9717-596b8116910c/backend-production-v0.4-live""}"
"urn:uuid:57960cb1-a7f0-5cc6-a6ad-c42be4e6bae2","lebl.ra.concept.ledger.principle.contraction-mapping","contraction mapping principle","","[]","[]","urn:uuid:a0273f1c-6fad-54c7-a75a-32a5161da656","active","{""definition"":"""",""id"":""urn:uuid:57960cb1-a7f0-5cc6-a6ad-c42be4e6bae2"",""label"":""contraction mapping principle"",""notation"":[],""record_type"":""concept"",""recorded_at"":""2026-08-21T00:00:00Z"",""rights_id"":""urn:uuid:a0273f1c-6fad-54c7-a75a-32a5161da656"",""schema_name"":""lebl.backend.record"",""schema_version"":""0.3.0"",""semantic_aliases"":[],""semantic_key"":""lebl.ra.concept.ledger.principle.contraction-mapping"",""source_bindings"":[],""status"":""active"",""supersedes_id"":null,""workflow_id"":""01a01f57-a34b-7740-9717-596b8116910c/backend-production-v0.3-r006-live""}"
"urn:uuid:58027456-baa9-5aea-8489-9fbf29be1561","lebl.ra.concept.ledger.math.analysis","analysis","","[]","[]","urn:uuid:a0273f1c-6fad-54c7-a75a-32a5161da656","active","{""definition"":"""",""id"":""urn:uuid:58027456-baa9-5aea-8489-9fbf29be1561"",""label"":""analysis"",""notation"":[],""record_type"":""concept"",""recorded_at"":""2026-08-21T00:00:00Z"",""rights_id"":""urn:uuid:a0273f1c-6fad-54c7-a75a-32a5161da656"",""schema_name"":""lebl.backend.record"",""schema_version"":""0.3.0"",""semantic_aliases"":[],""semantic_key"":""lebl.ra.concept.ledger.math.analysis"",""source_bindings"":[],""status"":""active"",""supersedes_id"":null,""workflow_id"":""01a01f57-a34b-7740-9717-596b8116910c/backend-production-v0.3-r006-live""}"
"urn:uuid:5821efe3-222a-5e2e-bf1c-57e95c04c31f","lebl.ra.concept.ledger.geometry.curve.parametric","parametric curve","","[]","[]","urn:uuid:a0273f1c-6fad-54c7-a75a-32a5161da656","active","{""definition"":"""",""id"":""urn:uuid:5821efe3-222a-5e2e-bf1c-57e95c04c31f"",""label"":""parametric curve"",""notation"":[],""record_type"":""concept"",""recorded_at"":""2026-08-24T00:00:00Z"",""rights_id"":""urn:uuid:a0273f1c-6fad-54c7-a75a-32a5161da656"",""schema_name"":""lebl.backend.record"",""schema_version"":""0.3.0"",""semantic_aliases"":[],""semantic_key"":""lebl.ra.concept.ledger.geometry.curve.parametric"",""source_bindings"":[],""status"":""active"",""supersedes_id"":null,""workflow_id"":""01a01f57-a34b-7740-9717-596b8116910c/backend-production-v0.4-live""}"
"urn:uuid:58777880-a68a-5e42-abf6-4c006874e40d","lebl.ra.concept.ledger.interval.bounded","bounded interval","","[]","[]","urn:uuid:a0273f1c-6fad-54c7-a75a-32a5161da656","active","{""definition"":"""",""id"":""urn:uuid:58777880-a68a-5e42-abf6-4c006874e40d"",""label"":""bounded interval"",""notation"":[],""record_type"":""concept"",""recorded_at"":""2026-08-21T00:00:00Z"",""rights_id"":""urn:uuid:a0273f1c-6fad-54c7-a75a-32a5161da656"",""schema_name"":""lebl.backend.record"",""schema_version"":""0.3.0"",""semantic_aliases"":[],""semantic_key"":""lebl.ra.concept.ledger.interval.bounded"",""source_bindings"":[],""status"":""active"",""supersedes_id"":null,""workflow_id"":""01a01f57-a34b-7740-9717-596b8116910c/backend-production-v0.3-r006-live""}"
"urn:uuid:58e270e1-570a-5b0b-a753-9b7844af5e8c","lebl.ra.concept.ledger.completeness.cauchy","Cauchy complete","","[]","[]","urn:uuid:a0273f1c-6fad-54c7-a75a-32a5161da656","active","{""definition"":"""",""id"":""urn:uuid:58e270e1-570a-5b0b-a753-9b7844af5e8c"",""label"":""Cauchy complete"",""notation"":[],""record_type"":""concept"",""recorded_at"":""2026-08-21T00:00:00Z"",""rights_id"":""urn:uuid:a0273f1c-6fad-54c7-a75a-32a5161da656"",""schema_name"":""lebl.backend.record"",""schema_version"":""0.3.0"",""semantic_aliases"":[],""semantic_key"":""lebl.ra.concept.ledger.completeness.cauchy"",""source_bindings"":[],""status"":""active"",""supersedes_id"":null,""workflow_id"":""01a01f57-a34b-7740-9717-596b8116910c/backend-production-v0.3-r006-live""}"
"urn:uuid:58f6bf0c-a97d-5a59-b20c-d2d4b0baeb9b","lebl.ra.concept.ledger.integration.lower-darboux-integral","lower Darboux integral","","[]","[]","urn:uuid:a0273f1c-6fad-54c7-a75a-32a5161da656","active","{""definition"":"""",""id"":""urn:uuid:58f6bf0c-a97d-5a59-b20c-d2d4b0baeb9b"",""label"":""lower Darboux integral"",""notation"":[],""record_type"":""concept"",""recorded_at"":""2026-08-21T00:00:00Z"",""rights_id"":""urn:uuid:a0273f1c-6fad-54c7-a75a-32a5161da656"",""schema_name"":""lebl.backend.record"",""schema_version"":""0.3.0"",""semantic_aliases"":[],""semantic_key"":""lebl.ra.concept.ledger.integration.lower-darboux-integral"",""source_bindings"":[],""status"":""active"",""supersedes_id"":null,""workflow_id"":""01a01f57-a34b-7740-9717-596b8116910c/backend-production-v0.3-r006-live""}"
"urn:uuid:58fb95eb-8290-51cc-9a40-708236e5a51f","lebl.ra.concept.ledger.calculus.function.class-ck","Ck function","","[]","[]","urn:uuid:a0273f1c-6fad-54c7-a75a-32a5161da656","active","{""definition"":"""",""id"":""urn:uuid:58fb95eb-8290-51cc-9a40-708236e5a51f"",""label"":""Ck function"",""notation"":[],""record_type"":""concept"",""recorded_at"":""2026-08-24T00:00:00Z"",""rights_id"":""urn:uuid:a0273f1c-6fad-54c7-a75a-32a5161da656"",""schema_name"":""lebl.backend.record"",""schema_version"":""0.3.0"",""semantic_aliases"":[],""semantic_key"":""lebl.ra.concept.ledger.calculus.function.class-ck"",""source_bindings"":[],""status"":""active"",""supersedes_id"":null,""workflow_id"":""01a01f57-a34b-7740-9717-596b8116910c/backend-production-v0.4-live""}"
"urn:uuid:59618427-d884-54ac-ae09-8bf02017ced4","lebl.ra.concept.ledger.geometry.algebraic","algebraic geometry","","[]","[]","urn:uuid:a0273f1c-6fad-54c7-a75a-32a5161da656","active","{""definition"":"""",""id"":""urn:uuid:59618427-d884-54ac-ae09-8bf02017ced4"",""label"":""algebraic geometry"",""notation"":[],""record_type"":""concept"",""recorded_at"":""2026-08-21T00:00:00Z"",""rights_id"":""urn:uuid:a0273f1c-6fad-54c7-a75a-32a5161da656"",""schema_name"":""lebl.backend.record"",""schema_version"":""0.3.0"",""semantic_aliases"":[],""semantic_key"":""lebl.ra.concept.ledger.geometry.algebraic"",""source_bindings"":[],""status"":""active"",""supersedes_id"":null,""workflow_id"":""01a01f57-a34b-7740-9717-596b8116910c/backend-production-v0.3-r006-live""}"
"urn:uuid:5983f963-6a81-5d58-86eb-33ce8c45ed91","lebl.ra.concept.ledger.complex.real-part","real part","","[]","[]","urn:uuid:a0273f1c-6fad-54c7-a75a-32a5161da656","active","{""definition"":"""",""id"":""urn:uuid:5983f963-6a81-5d58-86eb-33ce8c45ed91"",""label"":""real part"",""notation"":[],""record_type"":""concept"",""recorded_at"":""2026-08-24T00:00:00Z"",""rights_id"":""urn:uuid:a0273f1c-6fad-54c7-a75a-32a5161da656"",""schema_name"":""lebl.backend.record"",""schema_version"":""0.3.0"",""semantic_aliases"":[],""semantic_key"":""lebl.ra.concept.ledger.complex.real-part"",""source_bindings"":[],""status"":""active"",""supersedes_id"":null,""workflow_id"":""01a01f57-a34b-7740-9717-596b8116910c/backend-production-v0.4-live""}"
"urn:uuid:59aadec7-47d3-57d8-84e9-4873d30bd420","lebl.ra.concept.ledger.inequality.arithmetic-geometric-mean","arithmetic-geometric mean inequality","","[]","[]","urn:uuid:a0273f1c-6fad-54c7-a75a-32a5161da656","active","{""definition"":"""",""id"":""urn:uuid:59aadec7-47d3-57d8-84e9-4873d30bd420"",""label"":""arithmetic-geometric mean inequality"",""notation"":[],""record_type"":""concept"",""recorded_at"":""2026-08-21T00:00:00Z"",""rights_id"":""urn:uuid:a0273f1c-6fad-54c7-a75a-32a5161da656"",""schema_name"":""lebl.backend.record"",""schema_version"":""0.3.0"",""semantic_aliases"":[],""semantic_key"":""lebl.ra.concept.ledger.inequality.arithmetic-geometric-mean"",""source_bindings"":[],""status"":""active"",""supersedes_id"":null,""workflow_id"":""01a01f57-a34b-7740-9717-596b8116910c/backend-production-v0.3-r006-live""}"
"urn:uuid:5a02bec7-caa4-57c2-9c80-c7648ab457ec","lebl.ra.concept.ledger.vector.column","column vector","","[]","[]","urn:uuid:a0273f1c-6fad-54c7-a75a-32a5161da656","active","{""definition"":"""",""id"":""urn:uuid:5a02bec7-caa4-57c2-9c80-c7648ab457ec"",""label"":""column vector"",""notation"":[],""record_type"":""concept"",""recorded_at"":""2026-08-21T00:00:00Z"",""rights_id"":""urn:uuid:a0273f1c-6fad-54c7-a75a-32a5161da656"",""schema_name"":""lebl.backend.record"",""schema_version"":""0.3.0"",""semantic_aliases"":[],""semantic_key"":""lebl.ra.concept.ledger.vector.column"",""source_bindings"":[],""status"":""active"",""supersedes_id"":null,""workflow_id"":""01a01f57-a34b-7740-9717-596b8116910c/backend-production-v0.3-r006-live""}"
"urn:uuid:5a058fbe-9efd-521c-932a-9614613b82d3","lebl.ra.concept.ledger.calculus.first-derivative","first derivative","","[]","[]","urn:uuid:a0273f1c-6fad-54c7-a75a-32a5161da656","active","{""definition"":"""",""id"":""urn:uuid:5a058fbe-9efd-521c-932a-9614613b82d3"",""label"":""first derivative"",""notation"":[],""record_type"":""concept"",""recorded_at"":""2026-08-21T00:00:00Z"",""rights_id"":""urn:uuid:a0273f1c-6fad-54c7-a75a-32a5161da656"",""schema_name"":""lebl.backend.record"",""schema_version"":""0.3.0"",""semantic_aliases"":[],""semantic_key"":""lebl.ra.concept.ledger.calculus.first-derivative"",""source_bindings"":[],""status"":""active"",""supersedes_id"":null,""workflow_id"":""01a01f57-a34b-7740-9717-596b8116910c/backend-production-v0.3-r006-live""}"
"urn:uuid:5b231546-d683-52d6-a33f-2340a70ce0d8","lebl.ra.concept.ledger.integration.partition","partition","","[]","[]","urn:uuid:a0273f1c-6fad-54c7-a75a-32a5161da656","active","{""definition"":"""",""id"":""urn:uuid:5b231546-d683-52d6-a33f-2340a70ce0d8"",""label"":""partition"",""notation"":[],""record_type"":""concept"",""recorded_at"":""2026-08-21T00:00:00Z"",""rights_id"":""urn:uuid:a0273f1c-6fad-54c7-a75a-32a5161da656"",""schema_name"":""lebl.backend.record"",""schema_version"":""0.3.0"",""semantic_aliases"":[],""semantic_key"":""lebl.ra.concept.ledger.integration.partition"",""source_bindings"":[],""status"":""active"",""supersedes_id"":null,""workflow_id"":""01a01f57-a34b-7740-9717-596b8116910c/backend-production-v0.3-r006-live""}"
"urn:uuid:5b69cdd4-a978-51b2-bb27-988a7ce9f4ac","lebl.ra.concept.ledger.inner-product.hermitian","Hermitian inner product","","[]","[]","urn:uuid:a0273f1c-6fad-54c7-a75a-32a5161da656","active","{""definition"":"""",""id"":""urn:uuid:5b69cdd4-a978-51b2-bb27-988a7ce9f4ac"",""label"":""Hermitian inner product"",""notation"":[],""record_type"":""concept"",""recorded_at"":""2026-08-24T00:00:00Z"",""rights_id"":""urn:uuid:a0273f1c-6fad-54c7-a75a-32a5161da656"",""schema_name"":""lebl.backend.record"",""schema_version"":""0.3.0"",""semantic_aliases"":[],""semantic_key"":""lebl.ra.concept.ledger.inner-product.hermitian"",""source_bindings"":[],""status"":""active"",""supersedes_id"":null,""workflow_id"":""01a01f57-a34b-7740-9717-596b8116910c/backend-production-v0.4-live""}"
"urn:uuid:5c8e5a31-5baa-5c72-9aa0-cd054fe65dae","lebl.ra.concept.ledger.order.infimum","infimum","","[]","[]","urn:uuid:a0273f1c-6fad-54c7-a75a-32a5161da656","active","{""definition"":"""",""id"":""urn:uuid:5c8e5a31-5baa-5c72-9aa0-cd054fe65dae"",""label"":""infimum"",""notation"":[],""record_type"":""concept"",""recorded_at"":""2026-08-21T00:00:00Z"",""rights_id"":""urn:uuid:a0273f1c-6fad-54c7-a75a-32a5161da656"",""schema_name"":""lebl.backend.record"",""schema_version"":""0.3.0"",""semantic_aliases"":[],""semantic_key"":""lebl.ra.concept.ledger.order.infimum"",""source_bindings"":[],""status"":""active"",""supersedes_id"":null,""workflow_id"":""01a01f57-a34b-7740-9717-596b8116910c/backend-production-v0.3-r006-live""}"
"urn:uuid:5c9bee55-c2af-5d69-a599-238a93049948","lebl.ra.concept.ledger.metric.euclidean-distance","euclidean distance","","[]","[]","urn:uuid:a0273f1c-6fad-54c7-a75a-32a5161da656","active","{""definition"":"""",""id"":""urn:uuid:5c9bee55-c2af-5d69-a599-238a93049948"",""label"":""euclidean distance"",""notation"":[],""record_type"":""concept"",""recorded_at"":""2026-08-24T00:00:00Z"",""rights_id"":""urn:uuid:a0273f1c-6fad-54c7-a75a-32a5161da656"",""schema_name"":""lebl.backend.record"",""schema_version"":""0.3.0"",""semantic_aliases"":[],""semantic_key"":""lebl.ra.concept.ledger.metric.euclidean-distance"",""source_bindings"":[],""status"":""active"",""supersedes_id"":null,""workflow_id"":""01a01f57-a34b-7740-9717-596b8116910c/backend-production-v0.4-live""}"
"urn:uuid:5ced060e-4482-5ef2-8cb6-7e1095ff812c","lebl.ra.concept.ledger.eigenvalue","eigenvalue","","[]","[]","urn:uuid:a0273f1c-6fad-54c7-a75a-32a5161da656","active","{""definition"":"""",""id"":""urn:uuid:5ced060e-4482-5ef2-8cb6-7e1095ff812c"",""label"":""eigenvalue"",""notation"":[],""record_type"":""concept"",""recorded_at"":""2026-08-21T00:00:00Z"",""rights_id"":""urn:uuid:a0273f1c-6fad-54c7-a75a-32a5161da656"",""schema_name"":""lebl.backend.record"",""schema_version"":""0.3.0"",""semantic_aliases"":[],""semantic_key"":""lebl.ra.concept.ledger.eigenvalue"",""source_bindings"":[],""status"":""active"",""supersedes_id"":null,""workflow_id"":""01a01f57-a34b-7740-9717-596b8116910c/backend-production-v0.3-r006-live""}"
"urn:uuid:5d804187-c361-5d7e-8129-248f5c87d663","lebl.ra.concept.ledger.integration.partition.minimal","minimal partition","","[]","[]","urn:uuid:a0273f1c-6fad-54c7-a75a-32a5161da656","active","{""definition"":"""",""id"":""urn:uuid:5d804187-c361-5d7e-8129-248f5c87d663"",""label"":""minimal partition"",""notation"":[],""record_type"":""concept"",""recorded_at"":""2026-08-24T00:00:00Z"",""rights_id"":""urn:uuid:a0273f1c-6fad-54c7-a75a-32a5161da656"",""schema_name"":""lebl.backend.record"",""schema_version"":""0.3.0"",""semantic_aliases"":[],""semantic_key"":""lebl.ra.concept.ledger.integration.partition.minimal"",""source_bindings"":[],""status"":""active"",""supersedes_id"":null,""workflow_id"":""01a01f57-a34b-7740-9717-596b8116910c/backend-production-v0.4-live""}"
"urn:uuid:5dabcffc-b1b7-55c2-852d-4ae60009ff94","lebl.ra.concept.ledger.approximation.error.two-sided","two-sided approximation error","","[]","[]","urn:uuid:a0273f1c-6fad-54c7-a75a-32a5161da656","active","{""definition"":"""",""id"":""urn:uuid:5dabcffc-b1b7-55c2-852d-4ae60009ff94"",""label"":""two-sided approximation error"",""notation"":[],""record_type"":""concept"",""recorded_at"":""2026-08-24T00:00:00Z"",""rights_id"":""urn:uuid:a0273f1c-6fad-54c7-a75a-32a5161da656"",""schema_name"":""lebl.backend.record"",""schema_version"":""0.3.0"",""semantic_aliases"":[],""semantic_key"":""lebl.ra.concept.ledger.approximation.error.two-sided"",""source_bindings"":[],""status"":""active"",""supersedes_id"":null,""workflow_id"":""01a01f57-a34b-7740-9717-596b8116910c/backend-production-v0.4-live""}"
"urn:uuid:5e096205-8448-5117-b48c-08becd413386","lebl.ra.concept.ledger.space.vector","vector space","","[]","[]","urn:uuid:a0273f1c-6fad-54c7-a75a-32a5161da656","active","{""definition"":"""",""id"":""urn:uuid:5e096205-8448-5117-b48c-08becd413386"",""label"":""vector space"",""notation"":[],""record_type"":""concept"",""recorded_at"":""2026-08-21T00:00:00Z"",""rights_id"":""urn:uuid:a0273f1c-6fad-54c7-a75a-32a5161da656"",""schema_name"":""lebl.backend.record"",""schema_version"":""0.3.0"",""semantic_aliases"":[],""semantic_key"":""lebl.ra.concept.ledger.space.vector"",""source_bindings"":[],""status"":""active"",""supersedes_id"":null,""workflow_id"":""01a01f57-a34b-7740-9717-596b8116910c/backend-production-v0.3-r006-live""}"
"urn:uuid:5e5fd33c-b83c-5c26-a67b-fd8523d5ff0c","lebl.ra.concept.ledger.mapping.open","open mapping","","[]","[]","urn:uuid:a0273f1c-6fad-54c7-a75a-32a5161da656","active","{""definition"":"""",""id"":""urn:uuid:5e5fd33c-b83c-5c26-a67b-fd8523d5ff0c"",""label"":""open mapping"",""notation"":[],""record_type"":""concept"",""recorded_at"":""2026-08-24T00:00:00Z"",""rights_id"":""urn:uuid:a0273f1c-6fad-54c7-a75a-32a5161da656"",""schema_name"":""lebl.backend.record"",""schema_version"":""0.3.0"",""semantic_aliases"":[],""semantic_key"":""lebl.ra.concept.ledger.mapping.open"",""source_bindings"":[],""status"":""active"",""supersedes_id"":null,""workflow_id"":""01a01f57-a34b-7740-9717-596b8116910c/backend-production-v0.4-live""}"
"urn:uuid:5e63fe89-1fee-50a7-b00c-c87ce204f019","lebl.ra.concept.ledger.inequality.reverse-triangle","reverse triangle inequality","","[]","[]","urn:uuid:a0273f1c-6fad-54c7-a75a-32a5161da656","active","{""definition"":"""",""id"":""urn:uuid:5e63fe89-1fee-50a7-b00c-c87ce204f019"",""label"":""reverse triangle inequality"",""notation"":[],""record_type"":""concept"",""recorded_at"":""2026-08-21T00:00:00Z"",""rights_id"":""urn:uuid:a0273f1c-6fad-54c7-a75a-32a5161da656"",""schema_name"":""lebl.backend.record"",""schema_version"":""0.3.0"",""semantic_aliases"":[],""semantic_key"":""lebl.ra.concept.ledger.inequality.reverse-triangle"",""source_bindings"":[],""status"":""active"",""supersedes_id"":null,""workflow_id"":""01a01f57-a34b-7740-9717-596b8116910c/backend-production-v0.3-r006-live""}"
"urn:uuid:5e7e8d49-f097-5a15-ab00-81f8196d187d","lebl.ra.concept.ledger.number.base-b","base b","","[]","[]","urn:uuid:a0273f1c-6fad-54c7-a75a-32a5161da656","active","{""definition"":"""",""id"":""urn:uuid:5e7e8d49-f097-5a15-ab00-81f8196d187d"",""label"":""base b"",""notation"":[],""record_type"":""concept"",""recorded_at"":""2026-08-21T00:00:00Z"",""rights_id"":""urn:uuid:a0273f1c-6fad-54c7-a75a-32a5161da656"",""schema_name"":""lebl.backend.record"",""schema_version"":""0.3.0"",""semantic_aliases"":[],""semantic_key"":""lebl.ra.concept.ledger.number.base-b"",""source_bindings"":[],""status"":""active"",""supersedes_id"":null,""workflow_id"":""01a01f57-a34b-7740-9717-596b8116910c/backend-production-v0.3-r006-live""}"
"urn:uuid:5eade294-791c-5853-b4b8-dc97c3fa15c1","lebl.ra.concept.ledger.determinant","determinant","","[]","[]","urn:uuid:a0273f1c-6fad-54c7-a75a-32a5161da656","active","{""definition"":"""",""id"":""urn:uuid:5eade294-791c-5853-b4b8-dc97c3fa15c1"",""label"":""determinant"",""notation"":[],""record_type"":""concept"",""recorded_at"":""2026-08-21T00:00:00Z"",""rights_id"":""urn:uuid:a0273f1c-6fad-54c7-a75a-32a5161da656"",""schema_name"":""lebl.backend.record"",""schema_version"":""0.3.0"",""semantic_aliases"":[],""semantic_key"":""lebl.ra.concept.ledger.determinant"",""source_bindings"":[],""status"":""active"",""supersedes_id"":null,""workflow_id"":""01a01f57-a34b-7740-9717-596b8116910c/backend-production-v0.3-r006-live""}"
"urn:uuid:5ee539a8-7a03-5f7e-9b86-e5b478f6ed48","lebl.ra.concept.ledger.integration.additivity","additivity of the integral","","[]","[]","urn:uuid:a0273f1c-6fad-54c7-a75a-32a5161da656","active","{""definition"":"""",""id"":""urn:uuid:5ee539a8-7a03-5f7e-9b86-e5b478f6ed48"",""label"":""additivity of the integral"",""notation"":[],""record_type"":""concept"",""recorded_at"":""2026-08-21T00:00:00Z"",""rights_id"":""urn:uuid:a0273f1c-6fad-54c7-a75a-32a5161da656"",""schema_name"":""lebl.backend.record"",""schema_version"":""0.3.0"",""semantic_aliases"":[],""semantic_key"":""lebl.ra.concept.ledger.integration.additivity"",""source_bindings"":[],""status"":""active"",""supersedes_id"":null,""workflow_id"":""01a01f57-a34b-7740-9717-596b8116910c/backend-production-v0.3-r006-live""}"
"urn:uuid:5f060523-0d02-5e4b-968f-c90699f7e1c3","lebl.ra.concept.ledger.geometry.path.reparametrization.smooth","smooth reparametrization","","[]","[]","urn:uuid:a0273f1c-6fad-54c7-a75a-32a5161da656","active","{""definition"":"""",""id"":""urn:uuid:5f060523-0d02-5e4b-968f-c90699f7e1c3"",""label"":""smooth reparametrization"",""notation"":[],""record_type"":""concept"",""recorded_at"":""2026-08-24T00:00:00Z"",""rights_id"":""urn:uuid:a0273f1c-6fad-54c7-a75a-32a5161da656"",""schema_name"":""lebl.backend.record"",""schema_version"":""0.3.0"",""semantic_aliases"":[],""semantic_key"":""lebl.ra.concept.ledger.geometry.path.reparametrization.smooth"",""source_bindings"":[],""status"":""active"",""supersedes_id"":null,""workflow_id"":""01a01f57-a34b-7740-9717-596b8116910c/backend-production-v0.4-live""}"
"urn:uuid:5f52195d-63ed-563a-ab5d-6032b5022d5e","lebl.ra.concept.ledger.calculus.nth-derivative","nth derivative","","[]","[]","urn:uuid:a0273f1c-6fad-54c7-a75a-32a5161da656","active","{""definition"":"""",""id"":""urn:uuid:5f52195d-63ed-563a-ab5d-6032b5022d5e"",""label"":""nth derivative"",""notation"":[],""record_type"":""concept"",""recorded_at"":""2026-08-21T00:00:00Z"",""rights_id"":""urn:uuid:a0273f1c-6fad-54c7-a75a-32a5161da656"",""schema_name"":""lebl.backend.record"",""schema_version"":""0.3.0"",""semantic_aliases"":[],""semantic_key"":""lebl.ra.concept.ledger.calculus.nth-derivative"",""source_bindings"":[],""status"":""active"",""supersedes_id"":null,""workflow_id"":""01a01f57-a34b-7740-9717-596b8116910c/backend-production-v0.3-r006-live""}"
"urn:uuid:5f9b36f3-a4ff-5651-991b-f2dbbe188da6","lebl.ra.concept.ledger.diagram.commutative","commutative diagram","","[]","[]","urn:uuid:a0273f1c-6fad-54c7-a75a-32a5161da656","active","{""definition"":"""",""id"":""urn:uuid:5f9b36f3-a4ff-5651-991b-f2dbbe188da6"",""label"":""commutative diagram"",""notation"":[],""record_type"":""concept"",""recorded_at"":""2026-08-21T00:00:00Z"",""rights_id"":""urn:uuid:a0273f1c-6fad-54c7-a75a-32a5161da656"",""schema_name"":""lebl.backend.record"",""schema_version"":""0.3.0"",""semantic_aliases"":[],""semantic_key"":""lebl.ra.concept.ledger.diagram.commutative"",""source_bindings"":[],""status"":""active"",""supersedes_id"":null,""workflow_id"":""01a01f57-a34b-7740-9717-596b8116910c/backend-production-v0.3-r006-live""}"
"urn:uuid:5fc4c39a-9973-5f5c-9f59-05b2fb3e63af","lebl.ra.concept.ledger.analysis.harmonic.mean-value-property","mean value property","","[]","[]","urn:uuid:a0273f1c-6fad-54c7-a75a-32a5161da656","active","{""definition"":"""",""id"":""urn:uuid:5fc4c39a-9973-5f5c-9f59-05b2fb3e63af"",""label"":""mean value property"",""notation"":[],""record_type"":""concept"",""recorded_at"":""2026-08-24T00:00:00Z"",""rights_id"":""urn:uuid:a0273f1c-6fad-54c7-a75a-32a5161da656"",""schema_name"":""lebl.backend.record"",""schema_version"":""0.3.0"",""semantic_aliases"":[],""semantic_key"":""lebl.ra.concept.ledger.analysis.harmonic.mean-value-property"",""source_bindings"":[],""status"":""active"",""supersedes_id"":null,""workflow_id"":""01a01f57-a34b-7740-9717-596b8116910c/backend-production-v0.4-live""}"
"urn:uuid:5fd94020-b177-5da5-88e3-7828ab77b8fc","lebl.ra.concept.ledger.math.proof","proof","","[]","[]","urn:uuid:a0273f1c-6fad-54c7-a75a-32a5161da656","active","{""definition"":"""",""id"":""urn:uuid:5fd94020-b177-5da5-88e3-7828ab77b8fc"",""label"":""proof"",""notation"":[],""record_type"":""concept"",""recorded_at"":""2026-08-21T00:00:00Z"",""rights_id"":""urn:uuid:a0273f1c-6fad-54c7-a75a-32a5161da656"",""schema_name"":""lebl.backend.record"",""schema_version"":""0.3.0"",""semantic_aliases"":[],""semantic_key"":""lebl.ra.concept.ledger.math.proof"",""source_bindings"":[],""status"":""active"",""supersedes_id"":null,""workflow_id"":""01a01f57-a34b-7740-9717-596b8116910c/backend-production-v0.3-r006-live""}"
"urn:uuid:600304d3-8c14-5227-a227-7c0025edb87b","lebl.ra.concept.ledger.nullspace","nullspace","","[]","[]","urn:uuid:a0273f1c-6fad-54c7-a75a-32a5161da656","active","{""definition"":"""",""id"":""urn:uuid:600304d3-8c14-5227-a227-7c0025edb87b"",""label"":""nullspace"",""notation"":[],""record_type"":""concept"",""recorded_at"":""2026-08-21T00:00:00Z"",""rights_id"":""urn:uuid:a0273f1c-6fad-54c7-a75a-32a5161da656"",""schema_name"":""lebl.backend.record"",""schema_version"":""0.3.0"",""semantic_aliases"":[],""semantic_key"":""lebl.ra.concept.ledger.nullspace"",""source_bindings"":[],""status"":""active"",""supersedes_id"":null,""workflow_id"":""01a01f57-a34b-7740-9717-596b8116910c/backend-production-v0.3-r006-live""}"
"urn:uuid:608dce12-6740-528f-ad86-5f02fdc98b99","lebl.ra.concept.ledger.geometry.ball.unit","unit ball","","[]","[]","urn:uuid:a0273f1c-6fad-54c7-a75a-32a5161da656","active","{""definition"":"""",""id"":""urn:uuid:608dce12-6740-528f-ad86-5f02fdc98b99"",""label"":""unit ball"",""notation"":[],""record_type"":""concept"",""recorded_at"":""2026-08-24T00:00:00Z"",""rights_id"":""urn:uuid:a0273f1c-6fad-54c7-a75a-32a5161da656"",""schema_name"":""lebl.backend.record"",""schema_version"":""0.3.0"",""semantic_aliases"":[],""semantic_key"":""lebl.ra.concept.ledger.geometry.ball.unit"",""source_bindings"":[],""status"":""active"",""supersedes_id"":null,""workflow_id"":""01a01f57-a34b-7740-9717-596b8116910c/backend-production-v0.4-live""}"
"urn:uuid:610cca06-b839-58d3-974d-50d302f01804","lebl.diffyqs.concept.ledger.calculus.linearization","linearization","","[]","[]","urn:uuid:55f5bc5b-fcc2-55bd-8bcb-65ab31cc4e0f","active","{""definition"":"""",""id"":""urn:uuid:610cca06-b839-58d3-974d-50d302f01804"",""label"":""linearization"",""notation"":[],""record_type"":""concept"",""recorded_at"":""2026-08-24T00:00:00Z"",""rights_id"":""urn:uuid:55f5bc5b-fcc2-55bd-8bcb-65ab31cc4e0f"",""schema_name"":""lebl.backend.record"",""schema_version"":""0.3.0"",""semantic_aliases"":[],""semantic_key"":""lebl.diffyqs.concept.ledger.calculus.linearization"",""source_bindings"":[],""status"":""active"",""supersedes_id"":null,""workflow_id"":""01a01f57-a34b-7740-9717-596b8116910c/backend-production-v0.4-live""}"
"urn:uuid:613b6bb4-a505-5ac7-9a40-c7fbaa4072be","lebl.ra.concept.ledger.number.nonpositive","nonpositive","","[]","[]","urn:uuid:a0273f1c-6fad-54c7-a75a-32a5161da656","active","{""definition"":"""",""id"":""urn:uuid:613b6bb4-a505-5ac7-9a40-c7fbaa4072be"",""label"":""nonpositive"",""notation"":[],""record_type"":""concept"",""recorded_at"":""2026-08-21T00:00:00Z"",""rights_id"":""urn:uuid:a0273f1c-6fad-54c7-a75a-32a5161da656"",""schema_name"":""lebl.backend.record"",""schema_version"":""0.3.0"",""semantic_aliases"":[],""semantic_key"":""lebl.ra.concept.ledger.number.nonpositive"",""source_bindings"":[],""status"":""active"",""supersedes_id"":null,""workflow_id"":""01a01f57-a34b-7740-9717-596b8116910c/backend-production-v0.3-r006-live""}"
"urn:uuid:61e7f7db-6bea-5d11-9162-f980cb685bf3","lebl.ra.concept.ledger.number.decimal-truncation","truncation","","[]","[]","urn:uuid:a0273f1c-6fad-54c7-a75a-32a5161da656","active","{""definition"":"""",""id"":""urn:uuid:61e7f7db-6bea-5d11-9162-f980cb685bf3"",""label"":""truncation"",""notation"":[],""record_type"":""concept"",""recorded_at"":""2026-08-21T00:00:00Z"",""rights_id"":""urn:uuid:a0273f1c-6fad-54c7-a75a-32a5161da656"",""schema_name"":""lebl.backend.record"",""schema_version"":""0.3.0"",""semantic_aliases"":[],""semantic_key"":""lebl.ra.concept.ledger.number.decimal-truncation"",""source_bindings"":[],""status"":""active"",""supersedes_id"":null,""workflow_id"":""01a01f57-a34b-7740-9717-596b8116910c/backend-production-v0.3-r006-live""}"
"urn:uuid:62ae1567-e7d1-5ad3-9331-569153b1782f","lebl.ra.concept.ledger.domain.type-i","type I domain","","[]","[]","urn:uuid:a0273f1c-6fad-54c7-a75a-32a5161da656","active","{""definition"":"""",""id"":""urn:uuid:62ae1567-e7d1-5ad3-9331-569153b1782f"",""label"":""type I domain"",""notation"":[],""record_type"":""concept"",""recorded_at"":""2026-08-24T00:00:00Z"",""rights_id"":""urn:uuid:a0273f1c-6fad-54c7-a75a-32a5161da656"",""schema_name"":""lebl.backend.record"",""schema_version"":""0.3.0"",""semantic_aliases"":[],""semantic_key"":""lebl.ra.concept.ledger.domain.type-i"",""source_bindings"":[],""status"":""active"",""supersedes_id"":null,""workflow_id"":""01a01f57-a34b-7740-9717-596b8116910c/backend-production-v0.4-live""}"
"urn:uuid:62aff51c-d1af-5916-bbc4-130655001d8b","lebl.ra.concept.ledger.metric.discrete","discrete metric","","[]","[]","urn:uuid:a0273f1c-6fad-54c7-a75a-32a5161da656","active","{""definition"":"""",""id"":""urn:uuid:62aff51c-d1af-5916-bbc4-130655001d8b"",""label"":""discrete metric"",""notation"":[],""record_type"":""concept"",""recorded_at"":""2026-08-21T00:00:00Z"",""rights_id"":""urn:uuid:a0273f1c-6fad-54c7-a75a-32a5161da656"",""schema_name"":""lebl.backend.record"",""schema_version"":""0.3.0"",""semantic_aliases"":[],""semantic_key"":""lebl.ra.concept.ledger.metric.discrete"",""source_bindings"":[],""status"":""active"",""supersedes_id"":null,""workflow_id"":""01a01f57-a34b-7740-9717-596b8116910c/backend-production-v0.3-r006-live""}"
"urn:uuid:6369e40c-67bb-5251-ae8c-b51790dec6f0","lebl.ra.concept.ledger.function.trigonometric.arcsine","arcsin","","[]","[]","urn:uuid:a0273f1c-6fad-54c7-a75a-32a5161da656","active","{""definition"":"""",""id"":""urn:uuid:6369e40c-67bb-5251-ae8c-b51790dec6f0"",""label"":""arcsin"",""notation"":[],""record_type"":""concept"",""recorded_at"":""2026-08-24T00:00:00Z"",""rights_id"":""urn:uuid:a0273f1c-6fad-54c7-a75a-32a5161da656"",""schema_name"":""lebl.backend.record"",""schema_version"":""0.3.0"",""semantic_aliases"":[],""semantic_key"":""lebl.ra.concept.ledger.function.trigonometric.arcsine"",""source_bindings"":[],""status"":""active"",""supersedes_id"":null,""workflow_id"":""01a01f57-a34b-7740-9717-596b8116910c/backend-production-v0.4-live""}"
"urn:uuid:63e6ec00-8129-5969-b1d4-6a759d07391c","lebl.ra.concept.ledger.number.irrational","irrational","","[]","[]","urn:uuid:a0273f1c-6fad-54c7-a75a-32a5161da656","active","{""definition"":"""",""id"":""urn:uuid:63e6ec00-8129-5969-b1d4-6a759d07391c"",""label"":""irrational"",""notation"":[],""record_type"":""concept"",""recorded_at"":""2026-08-21T00:00:00Z"",""rights_id"":""urn:uuid:a0273f1c-6fad-54c7-a75a-32a5161da656"",""schema_name"":""lebl.backend.record"",""schema_version"":""0.3.0"",""semantic_aliases"":[],""semantic_key"":""lebl.ra.concept.ledger.number.irrational"",""source_bindings"":[],""status"":""active"",""supersedes_id"":null,""workflow_id"":""01a01f57-a34b-7740-9717-596b8116910c/backend-production-v0.3-r006-live""}"
"urn:uuid:643d65df-e29f-5d10-8e3e-7e9102dd68d0","lebl.ra.concept.ledger.function.hyperbolic-sine","hyperbolic sine","","[]","[]","urn:uuid:a0273f1c-6fad-54c7-a75a-32a5161da656","active","{""definition"":"""",""id"":""urn:uuid:643d65df-e29f-5d10-8e3e-7e9102dd68d0"",""label"":""hyperbolic sine"",""notation"":[],""record_type"":""concept"",""recorded_at"":""2026-08-24T00:00:00Z"",""rights_id"":""urn:uuid:a0273f1c-6fad-54c7-a75a-32a5161da656"",""schema_name"":""lebl.backend.record"",""schema_version"":""0.3.0"",""semantic_aliases"":[],""semantic_key"":""lebl.ra.concept.ledger.function.hyperbolic-sine"",""source_bindings"":[],""status"":""active"",""supersedes_id"":null,""workflow_id"":""01a01f57-a34b-7740-9717-596b8116910c/backend-production-v0.4-live""}"
"urn:uuid:6448c20f-81a6-5c86-9f45-85ff158a7542","lebl.ra.concept.ledger.integration.cauchy-principal-value","Cauchy principal value","","[]","[]","urn:uuid:a0273f1c-6fad-54c7-a75a-32a5161da656","active","{""definition"":"""",""id"":""urn:uuid:6448c20f-81a6-5c86-9f45-85ff158a7542"",""label"":""Cauchy principal value"",""notation"":[],""record_type"":""concept"",""recorded_at"":""2026-08-21T00:00:00Z"",""rights_id"":""urn:uuid:a0273f1c-6fad-54c7-a75a-32a5161da656"",""schema_name"":""lebl.backend.record"",""schema_version"":""0.3.0"",""semantic_aliases"":[],""semantic_key"":""lebl.ra.concept.ledger.integration.cauchy-principal-value"",""source_bindings"":[],""status"":""active"",""supersedes_id"":null,""workflow_id"":""01a01f57-a34b-7740-9717-596b8116910c/backend-production-v0.3-r006-live""}"
"urn:uuid:64510d7b-9229-5ad7-a025-823b40bb688f","lebl.ra.concept.ledger.algebra.fundamental-theorem","fundamental theorem of algebra","","[]","[]","urn:uuid:a0273f1c-6fad-54c7-a75a-32a5161da656","active","{""definition"":"""",""id"":""urn:uuid:64510d7b-9229-5ad7-a025-823b40bb688f"",""label"":""fundamental theorem of algebra"",""notation"":[],""record_type"":""concept"",""recorded_at"":""2026-08-24T00:00:00Z"",""rights_id"":""urn:uuid:a0273f1c-6fad-54c7-a75a-32a5161da656"",""schema_name"":""lebl.backend.record"",""schema_version"":""0.3.0"",""semantic_aliases"":[],""semantic_key"":""lebl.ra.concept.ledger.algebra.fundamental-theorem"",""source_bindings"":[],""status"":""active"",""supersedes_id"":null,""workflow_id"":""01a01f57-a34b-7740-9717-596b8116910c/backend-production-v0.4-live""}"
"urn:uuid:6474807b-9559-55f1-aba1-515977553a9d","lebl.ra.concept.ledger.series.alternating","alternating series","","[]","[]","urn:uuid:a0273f1c-6fad-54c7-a75a-32a5161da656","active","{""definition"":"""",""id"":""urn:uuid:6474807b-9559-55f1-aba1-515977553a9d"",""label"":""alternating series"",""notation"":[],""record_type"":""concept"",""recorded_at"":""2026-08-21T00:00:00Z"",""rights_id"":""urn:uuid:a0273f1c-6fad-54c7-a75a-32a5161da656"",""schema_name"":""lebl.backend.record"",""schema_version"":""0.3.0"",""semantic_aliases"":[],""semantic_key"":""lebl.ra.concept.ledger.series.alternating"",""source_bindings"":[],""status"":""active"",""supersedes_id"":null,""workflow_id"":""01a01f57-a34b-7740-9717-596b8116910c/backend-production-v0.3-r006-live""}"
"urn:uuid:6491d853-648a-5ad2-aa8b-9bc5a6d55ff3","lebl.ra.concept.ledger.singularity.isolated","isolated singularity","","[]","[]","urn:uuid:a0273f1c-6fad-54c7-a75a-32a5161da656","active","{""definition"":"""",""id"":""urn:uuid:6491d853-648a-5ad2-aa8b-9bc5a6d55ff3"",""label"":""isolated singularity"",""notation"":[],""record_type"":""concept"",""recorded_at"":""2026-08-24T00:00:00Z"",""rights_id"":""urn:uuid:a0273f1c-6fad-54c7-a75a-32a5161da656"",""schema_name"":""lebl.backend.record"",""schema_version"":""0.3.0"",""semantic_aliases"":[],""semantic_key"":""lebl.ra.concept.ledger.singularity.isolated"",""source_bindings"":[],""status"":""active"",""supersedes_id"":null,""workflow_id"":""01a01f57-a34b-7740-9717-596b8116910c/backend-production-v0.4-live""}"
"urn:uuid:64a93087-28a9-5b95-ab9d-6a7eaf6c5995","lebl.ra.concept.ledger.number.decimal-digit","decimal digit","","[]","[]","urn:uuid:a0273f1c-6fad-54c7-a75a-32a5161da656","active","{""definition"":"""",""id"":""urn:uuid:64a93087-28a9-5b95-ab9d-6a7eaf6c5995"",""label"":""decimal digit"",""notation"":[],""record_type"":""concept"",""recorded_at"":""2026-08-21T00:00:00Z"",""rights_id"":""urn:uuid:a0273f1c-6fad-54c7-a75a-32a5161da656"",""schema_name"":""lebl.backend.record"",""schema_version"":""0.3.0"",""semantic_aliases"":[],""semantic_key"":""lebl.ra.concept.ledger.number.decimal-digit"",""source_bindings"":[],""status"":""active"",""supersedes_id"":null,""workflow_id"":""01a01f57-a34b-7740-9717-596b8116910c/backend-production-v0.3-r006-live""}"
"urn:uuid:6587a056-5ff9-5f66-915a-cb9154e4dbeb","lebl.ra.concept.ledger.topology.subspace","subspace topology","","[]","[]","urn:uuid:a0273f1c-6fad-54c7-a75a-32a5161da656","active","{""definition"":"""",""id"":""urn:uuid:6587a056-5ff9-5f66-915a-cb9154e4dbeb"",""label"":""subspace topology"",""notation"":[],""record_type"":""concept"",""recorded_at"":""2026-08-21T00:00:00Z"",""rights_id"":""urn:uuid:a0273f1c-6fad-54c7-a75a-32a5161da656"",""schema_name"":""lebl.backend.record"",""schema_version"":""0.3.0"",""semantic_aliases"":[],""semantic_key"":""lebl.ra.concept.ledger.topology.subspace"",""source_bindings"":[],""status"":""active"",""supersedes_id"":null,""workflow_id"":""01a01f57-a34b-7740-9717-596b8116910c/backend-production-v0.3-r006-live""}"
"urn:uuid:65ac8e9e-5d33-5129-971b-9443bcfc4c3e","lebl.ra.concept.ledger.function.codomain","codomain","","[]","[]","urn:uuid:a0273f1c-6fad-54c7-a75a-32a5161da656","active","{""definition"":"""",""id"":""urn:uuid:65ac8e9e-5d33-5129-971b-9443bcfc4c3e"",""label"":""codomain"",""notation"":[],""record_type"":""concept"",""recorded_at"":""2026-08-21T00:00:00Z"",""rights_id"":""urn:uuid:a0273f1c-6fad-54c7-a75a-32a5161da656"",""schema_name"":""lebl.backend.record"",""schema_version"":""0.3.0"",""semantic_aliases"":[],""semantic_key"":""lebl.ra.concept.ledger.function.codomain"",""source_bindings"":[],""status"":""active"",""supersedes_id"":null,""workflow_id"":""01a01f57-a34b-7740-9717-596b8116910c/backend-production-v0.3-r006-live""}"
"urn:uuid:65c0f8ed-42d4-53d5-b66c-4a0c714aa1d4","lebl.ra.concept.ledger.geometry.path.continuously-differentiable","continuously differentiable path","","[]","[]","urn:uuid:a0273f1c-6fad-54c7-a75a-32a5161da656","active","{""definition"":"""",""id"":""urn:uuid:65c0f8ed-42d4-53d5-b66c-4a0c714aa1d4"",""label"":""continuously differentiable path"",""notation"":[],""record_type"":""concept"",""recorded_at"":""2026-08-24T00:00:00Z"",""rights_id"":""urn:uuid:a0273f1c-6fad-54c7-a75a-32a5161da656"",""schema_name"":""lebl.backend.record"",""schema_version"":""0.3.0"",""semantic_aliases"":[],""semantic_key"":""lebl.ra.concept.ledger.geometry.path.continuously-differentiable"",""source_bindings"":[],""status"":""active"",""supersedes_id"":null,""workflow_id"":""01a01f57-a34b-7740-9717-596b8116910c/backend-production-v0.4-live""}"
"urn:uuid:66093beb-b454-51f4-9134-3076cae7a1ee","lebl.ra.concept.ledger.differential-equation.partial","partial differential equation","","[]","[]","urn:uuid:a0273f1c-6fad-54c7-a75a-32a5161da656","active","{""definition"":"""",""id"":""urn:uuid:66093beb-b454-51f4-9134-3076cae7a1ee"",""label"":""partial differential equation"",""notation"":[],""record_type"":""concept"",""recorded_at"":""2026-08-24T00:00:00Z"",""rights_id"":""urn:uuid:a0273f1c-6fad-54c7-a75a-32a5161da656"",""schema_name"":""lebl.backend.record"",""schema_version"":""0.3.0"",""semantic_aliases"":[],""semantic_key"":""lebl.ra.concept.ledger.differential-equation.partial"",""source_bindings"":[],""status"":""active"",""supersedes_id"":null,""workflow_id"":""01a01f57-a34b-7740-9717-596b8116910c/backend-production-v0.4-live""}"
"urn:uuid:660edfd8-3068-5401-badd-1b3bbdc65999","lebl.ra.concept.ledger.calculus.derivative.directional","directional derivative","","[]","[]","urn:uuid:a0273f1c-6fad-54c7-a75a-32a5161da656","active","{""definition"":"""",""id"":""urn:uuid:660edfd8-3068-5401-badd-1b3bbdc65999"",""label"":""directional derivative"",""notation"":[],""record_type"":""concept"",""recorded_at"":""2026-08-21T00:00:00Z"",""rights_id"":""urn:uuid:a0273f1c-6fad-54c7-a75a-32a5161da656"",""schema_name"":""lebl.backend.record"",""schema_version"":""0.3.0"",""semantic_aliases"":[],""semantic_key"":""lebl.ra.concept.ledger.calculus.derivative.directional"",""source_bindings"":[],""status"":""active"",""supersedes_id"":null,""workflow_id"":""01a01f57-a34b-7740-9717-596b8116910c/backend-production-v0.3-r006-live""}"
"urn:uuid:6686782b-ed66-5e72-90e1-cb2bab0eaad7","lebl.ra.concept.ledger.function.set-theoretic-function","set-theoretic function","","[]","[]","urn:uuid:a0273f1c-6fad-54c7-a75a-32a5161da656","active","{""definition"":"""",""id"":""urn:uuid:6686782b-ed66-5e72-90e1-cb2bab0eaad7"",""label"":""set-theoretic function"",""notation"":[],""record_type"":""concept"",""recorded_at"":""2026-08-21T00:00:00Z"",""rights_id"":""urn:uuid:a0273f1c-6fad-54c7-a75a-32a5161da656"",""schema_name"":""lebl.backend.record"",""schema_version"":""0.3.0"",""semantic_aliases"":[],""semantic_key"":""lebl.ra.concept.ledger.function.set-theoretic-function"",""source_bindings"":[],""status"":""active"",""supersedes_id"":null,""workflow_id"":""01a01f57-a34b-7740-9717-596b8116910c/backend-production-v0.3-r006-live""}"
"urn:uuid:6687f028-d286-5cac-9461-e9e50ba71877","lebl.ra.concept.ledger.ball.closed","closed ball","","[]","[]","urn:uuid:a0273f1c-6fad-54c7-a75a-32a5161da656","active","{""definition"":"""",""id"":""urn:uuid:6687f028-d286-5cac-9461-e9e50ba71877"",""label"":""closed ball"",""notation"":[],""record_type"":""concept"",""recorded_at"":""2026-08-21T00:00:00Z"",""rights_id"":""urn:uuid:a0273f1c-6fad-54c7-a75a-32a5161da656"",""schema_name"":""lebl.backend.record"",""schema_version"":""0.3.0"",""semantic_aliases"":[],""semantic_key"":""lebl.ra.concept.ledger.ball.closed"",""source_bindings"":[],""status"":""active"",""supersedes_id"":null,""workflow_id"":""01a01f57-a34b-7740-9717-596b8116910c/backend-production-v0.3-r006-live""}"
"urn:uuid:66c3f9df-0d5f-50e3-b5e2-660583e096e8","lebl.ra.concept.ledger.order.bounded-below","bounded below","","[]","[]","urn:uuid:a0273f1c-6fad-54c7-a75a-32a5161da656","active","{""definition"":"""",""id"":""urn:uuid:66c3f9df-0d5f-50e3-b5e2-660583e096e8"",""label"":""bounded below"",""notation"":[],""record_type"":""concept"",""recorded_at"":""2026-08-21T00:00:00Z"",""rights_id"":""urn:uuid:a0273f1c-6fad-54c7-a75a-32a5161da656"",""schema_name"":""lebl.backend.record"",""schema_version"":""0.3.0"",""semantic_aliases"":[],""semantic_key"":""lebl.ra.concept.ledger.order.bounded-below"",""source_bindings"":[],""status"":""active"",""supersedes_id"":null,""workflow_id"":""01a01f57-a34b-7740-9717-596b8116910c/backend-production-v0.3-r006-live""}"
"urn:uuid:67000380-3dd1-5240-ad43-97beff70bd6f","lebl.ra.concept.ledger.completeness","completeness","","[]","[]","urn:uuid:a0273f1c-6fad-54c7-a75a-32a5161da656","active","{""definition"":"""",""id"":""urn:uuid:67000380-3dd1-5240-ad43-97beff70bd6f"",""label"":""completeness"",""notation"":[],""record_type"":""concept"",""recorded_at"":""2026-08-21T00:00:00Z"",""rights_id"":""urn:uuid:a0273f1c-6fad-54c7-a75a-32a5161da656"",""schema_name"":""lebl.backend.record"",""schema_version"":""0.3.0"",""semantic_aliases"":[],""semantic_key"":""lebl.ra.concept.ledger.completeness"",""source_bindings"":[],""status"":""active"",""supersedes_id"":null,""workflow_id"":""01a01f57-a34b-7740-9717-596b8116910c/backend-production-v0.3-r006-live""}"
"urn:uuid:67e2085e-0e30-50ab-9356-d82a37f3018a","lebl.ra.concept.ledger.operator.invertible","invertible operator","","[]","[]","urn:uuid:a0273f1c-6fad-54c7-a75a-32a5161da656","active","{""definition"":"""",""id"":""urn:uuid:67e2085e-0e30-50ab-9356-d82a37f3018a"",""label"":""invertible operator"",""notation"":[],""record_type"":""concept"",""recorded_at"":""2026-08-24T00:00:00Z"",""rights_id"":""urn:uuid:a0273f1c-6fad-54c7-a75a-32a5161da656"",""schema_name"":""lebl.backend.record"",""schema_version"":""0.3.0"",""semantic_aliases"":[],""semantic_key"":""lebl.ra.concept.ledger.operator.invertible"",""source_bindings"":[],""status"":""active"",""supersedes_id"":null,""workflow_id"":""01a01f57-a34b-7740-9717-596b8116910c/backend-production-v0.4-live""}"
"urn:uuid:68038fa8-65ff-5370-b161-979c6ad68cf9","lebl.ra.concept.ledger.function.inverse.local","local inverse","","[]","[]","urn:uuid:a0273f1c-6fad-54c7-a75a-32a5161da656","active","{""definition"":"""",""id"":""urn:uuid:68038fa8-65ff-5370-b161-979c6ad68cf9"",""label"":""local inverse"",""notation"":[],""record_type"":""concept"",""recorded_at"":""2026-08-24T00:00:00Z"",""rights_id"":""urn:uuid:a0273f1c-6fad-54c7-a75a-32a5161da656"",""schema_name"":""lebl.backend.record"",""schema_version"":""0.3.0"",""semantic_aliases"":[],""semantic_key"":""lebl.ra.concept.ledger.function.inverse.local"",""source_bindings"":[],""status"":""active"",""supersedes_id"":null,""workflow_id"":""01a01f57-a34b-7740-9717-596b8116910c/backend-production-v0.4-live""}"
"urn:uuid:681143c6-e620-5125-9f1b-553510413a70","lebl.diffyqs.concept.ledger.stability.asymptotic","asymptotically stable","","[]","[]","urn:uuid:55f5bc5b-fcc2-55bd-8bcb-65ab31cc4e0f","active","{""definition"":"""",""id"":""urn:uuid:681143c6-e620-5125-9f1b-553510413a70"",""label"":""asymptotically stable"",""notation"":[],""record_type"":""concept"",""recorded_at"":""2026-08-24T00:00:00Z"",""rights_id"":""urn:uuid:55f5bc5b-fcc2-55bd-8bcb-65ab31cc4e0f"",""schema_name"":""lebl.backend.record"",""schema_version"":""0.3.0"",""semantic_aliases"":[],""semantic_key"":""lebl.diffyqs.concept.ledger.stability.asymptotic"",""source_bindings"":[],""status"":""active"",""supersedes_id"":null,""workflow_id"":""01a01f57-a34b-7740-9717-596b8116910c/backend-production-v0.4-live""}"
"urn:uuid:681931ae-6317-58a6-b39a-c2bb8db3b578","lebl.ra.concept.ledger.extremum.relative-minimum","relative minimum","","[]","[]","urn:uuid:a0273f1c-6fad-54c7-a75a-32a5161da656","active","{""definition"":"""",""id"":""urn:uuid:681931ae-6317-58a6-b39a-c2bb8db3b578"",""label"":""relative minimum"",""notation"":[],""record_type"":""concept"",""recorded_at"":""2026-08-21T00:00:00Z"",""rights_id"":""urn:uuid:a0273f1c-6fad-54c7-a75a-32a5161da656"",""schema_name"":""lebl.backend.record"",""schema_version"":""0.3.0"",""semantic_aliases"":[],""semantic_key"":""lebl.ra.concept.ledger.extremum.relative-minimum"",""source_bindings"":[],""status"":""active"",""supersedes_id"":null,""workflow_id"":""01a01f57-a34b-7740-9717-596b8116910c/backend-production-v0.3-r006-live""}"
"urn:uuid:6865a550-0f27-514b-b9fc-7d92b90997a1","lebl.ra.concept.ledger.topology.domain.star-shaped","star-shaped domain","","[]","[]","urn:uuid:a0273f1c-6fad-54c7-a75a-32a5161da656","active","{""definition"":"""",""id"":""urn:uuid:6865a550-0f27-514b-b9fc-7d92b90997a1"",""label"":""star-shaped domain"",""notation"":[],""record_type"":""concept"",""recorded_at"":""2026-08-24T00:00:00Z"",""rights_id"":""urn:uuid:a0273f1c-6fad-54c7-a75a-32a5161da656"",""schema_name"":""lebl.backend.record"",""schema_version"":""0.3.0"",""semantic_aliases"":[],""semantic_key"":""lebl.ra.concept.ledger.topology.domain.star-shaped"",""source_bindings"":[],""status"":""active"",""supersedes_id"":null,""workflow_id"":""01a01f57-a34b-7740-9717-596b8116910c/backend-production-v0.4-live""}"
"urn:uuid:687e8194-dfa1-55e1-9793-01263754a20b","lebl.ra.concept.ledger.space.connected","connected space","","[]","[]","urn:uuid:a0273f1c-6fad-54c7-a75a-32a5161da656","active","{""definition"":"""",""id"":""urn:uuid:687e8194-dfa1-55e1-9793-01263754a20b"",""label"":""connected space"",""notation"":[],""record_type"":""concept"",""recorded_at"":""2026-08-21T00:00:00Z"",""rights_id"":""urn:uuid:a0273f1c-6fad-54c7-a75a-32a5161da656"",""schema_name"":""lebl.backend.record"",""schema_version"":""0.3.0"",""semantic_aliases"":[],""semantic_key"":""lebl.ra.concept.ledger.space.connected"",""source_bindings"":[],""status"":""active"",""supersedes_id"":null,""workflow_id"":""01a01f57-a34b-7740-9717-596b8116910c/backend-production-v0.3-r006-live""}"
"urn:uuid:68d295af-1946-50fe-b78b-f058b124aa01","lebl.ra.concept.ledger.function.uniformly-continuous","uniformly continuous","","[]","[]","urn:uuid:a0273f1c-6fad-54c7-a75a-32a5161da656","active","{""definition"":"""",""id"":""urn:uuid:68d295af-1946-50fe-b78b-f058b124aa01"",""label"":""uniformly continuous"",""notation"":[],""record_type"":""concept"",""recorded_at"":""2026-08-21T00:00:00Z"",""rights_id"":""urn:uuid:a0273f1c-6fad-54c7-a75a-32a5161da656"",""schema_name"":""lebl.backend.record"",""schema_version"":""0.3.0"",""semantic_aliases"":[],""semantic_key"":""lebl.ra.concept.ledger.function.uniformly-continuous"",""source_bindings"":[],""status"":""active"",""supersedes_id"":null,""workflow_id"":""01a01f57-a34b-7740-9717-596b8116910c/backend-production-v0.3-r006-live""}"
"urn:uuid:68e7c929-b515-539c-9491-7fefba50d68f","lebl.ra.concept.ledger.physics.work","work","","[]","[]","urn:uuid:a0273f1c-6fad-54c7-a75a-32a5161da656","active","{""definition"":"""",""id"":""urn:uuid:68e7c929-b515-539c-9491-7fefba50d68f"",""label"":""work"",""notation"":[],""record_type"":""concept"",""recorded_at"":""2026-08-24T00:00:00Z"",""rights_id"":""urn:uuid:a0273f1c-6fad-54c7-a75a-32a5161da656"",""schema_name"":""lebl.backend.record"",""schema_version"":""0.3.0"",""semantic_aliases"":[],""semantic_key"":""lebl.ra.concept.ledger.physics.work"",""source_bindings"":[],""status"":""active"",""supersedes_id"":null,""workflow_id"":""01a01f57-a34b-7740-9717-596b8116910c/backend-production-v0.4-live""}"
"urn:uuid:6914c112-9f26-5d74-a7d3-30f07d28d644","lebl.ra.concept.ledger.norm.uniform","uniform norm","","[]","[]","urn:uuid:a0273f1c-6fad-54c7-a75a-32a5161da656","active","{""definition"":"""",""id"":""urn:uuid:6914c112-9f26-5d74-a7d3-30f07d28d644"",""label"":""uniform norm"",""notation"":[],""record_type"":""concept"",""recorded_at"":""2026-08-21T00:00:00Z"",""rights_id"":""urn:uuid:a0273f1c-6fad-54c7-a75a-32a5161da656"",""schema_name"":""lebl.backend.record"",""schema_version"":""0.3.0"",""semantic_aliases"":[],""semantic_key"":""lebl.ra.concept.ledger.norm.uniform"",""source_bindings"":[],""status"":""active"",""supersedes_id"":null,""workflow_id"":""01a01f57-a34b-7740-9717-596b8116910c/backend-production-v0.3-r006-live""}"
"urn:uuid:6937fada-a94e-587f-a068-56d37bfe5177","lebl.ra.concept.ledger.function.hyperbolic-cosine","hyperbolic cosine","","[]","[]","urn:uuid:a0273f1c-6fad-54c7-a75a-32a5161da656","active","{""definition"":"""",""id"":""urn:uuid:6937fada-a94e-587f-a068-56d37bfe5177"",""label"":""hyperbolic cosine"",""notation"":[],""record_type"":""concept"",""recorded_at"":""2026-08-24T00:00:00Z"",""rights_id"":""urn:uuid:a0273f1c-6fad-54c7-a75a-32a5161da656"",""schema_name"":""lebl.backend.record"",""schema_version"":""0.3.0"",""semantic_aliases"":[],""semantic_key"":""lebl.ra.concept.ledger.function.hyperbolic-cosine"",""source_bindings"":[],""status"":""active"",""supersedes_id"":null,""workflow_id"":""01a01f57-a34b-7740-9717-596b8116910c/backend-production-v0.4-live""}"
"urn:uuid:6a2bcff5-45b1-5698-9c55-43daed9d84d3","lebl.ra.concept.ledger.calculus.fundamental-theorem-second-form","second form of the fundamental theorem","","[]","[]","urn:uuid:a0273f1c-6fad-54c7-a75a-32a5161da656","active","{""definition"":"""",""id"":""urn:uuid:6a2bcff5-45b1-5698-9c55-43daed9d84d3"",""label"":""second form of the fundamental theorem"",""notation"":[],""record_type"":""concept"",""recorded_at"":""2026-08-21T00:00:00Z"",""rights_id"":""urn:uuid:a0273f1c-6fad-54c7-a75a-32a5161da656"",""schema_name"":""lebl.backend.record"",""schema_version"":""0.3.0"",""semantic_aliases"":[],""semantic_key"":""lebl.ra.concept.ledger.calculus.fundamental-theorem-second-form"",""source_bindings"":[],""status"":""active"",""supersedes_id"":null,""workflow_id"":""01a01f57-a34b-7740-9717-596b8116910c/backend-production-v0.3-r006-live""}"
"urn:uuid:6a49fcce-2df8-53c5-a5df-f073a5cdee56","lebl.ra.concept.ledger.line.tangent","tangent line","","[]","[]","urn:uuid:a0273f1c-6fad-54c7-a75a-32a5161da656","active","{""definition"":"""",""id"":""urn:uuid:6a49fcce-2df8-53c5-a5df-f073a5cdee56"",""label"":""tangent line"",""notation"":[],""record_type"":""concept"",""recorded_at"":""2026-08-21T00:00:00Z"",""rights_id"":""urn:uuid:a0273f1c-6fad-54c7-a75a-32a5161da656"",""schema_name"":""lebl.backend.record"",""schema_version"":""0.3.0"",""semantic_aliases"":[],""semantic_key"":""lebl.ra.concept.ledger.line.tangent"",""source_bindings"":[],""status"":""active"",""supersedes_id"":null,""workflow_id"":""01a01f57-a34b-7740-9717-596b8116910c/backend-production-v0.3-r006-live""}"
"urn:uuid:6a5684be-e22d-5506-ade5-0cdfebf4fb2a","lebl.ra.concept.ledger.function.step-function","step function","","[]","[]","urn:uuid:a0273f1c-6fad-54c7-a75a-32a5161da656","active","{""definition"":"""",""id"":""urn:uuid:6a5684be-e22d-5506-ade5-0cdfebf4fb2a"",""label"":""step function"",""notation"":[],""record_type"":""concept"",""recorded_at"":""2026-08-21T00:00:00Z"",""rights_id"":""urn:uuid:a0273f1c-6fad-54c7-a75a-32a5161da656"",""schema_name"":""lebl.backend.record"",""schema_version"":""0.3.0"",""semantic_aliases"":[],""semantic_key"":""lebl.ra.concept.ledger.function.step-function"",""source_bindings"":[],""status"":""active"",""supersedes_id"":null,""workflow_id"":""01a01f57-a34b-7740-9717-596b8116910c/backend-production-v0.3-r006-live""}"
"urn:uuid:6ac7a9a6-6596-5004-a84b-71bad358ff38","lebl.ra.concept.ledger.function.monotone","monotone function","","[]","[]","urn:uuid:a0273f1c-6fad-54c7-a75a-32a5161da656","active","{""definition"":"""",""id"":""urn:uuid:6ac7a9a6-6596-5004-a84b-71bad358ff38"",""label"":""monotone function"",""notation"":[],""record_type"":""concept"",""recorded_at"":""2026-08-21T00:00:00Z"",""rights_id"":""urn:uuid:a0273f1c-6fad-54c7-a75a-32a5161da656"",""schema_name"":""lebl.backend.record"",""schema_version"":""0.3.0"",""semantic_aliases"":[],""semantic_key"":""lebl.ra.concept.ledger.function.monotone"",""source_bindings"":[],""status"":""active"",""supersedes_id"":null,""workflow_id"":""01a01f57-a34b-7740-9717-596b8116910c/backend-production-v0.3-r006-live""}"
"urn:uuid:6acd870e-01b6-5ab0-9263-341a6a552fc6","lebl.ra.concept.ledger.extremum.strict-relative-minimum","strict relative minimum","","[]","[]","urn:uuid:a0273f1c-6fad-54c7-a75a-32a5161da656","active","{""definition"":"""",""id"":""urn:uuid:6acd870e-01b6-5ab0-9263-341a6a552fc6"",""label"":""strict relative minimum"",""notation"":[],""record_type"":""concept"",""recorded_at"":""2026-08-21T00:00:00Z"",""rights_id"":""urn:uuid:a0273f1c-6fad-54c7-a75a-32a5161da656"",""schema_name"":""lebl.backend.record"",""schema_version"":""0.3.0"",""semantic_aliases"":[],""semantic_key"":""lebl.ra.concept.ledger.extremum.strict-relative-minimum"",""source_bindings"":[],""status"":""active"",""supersedes_id"":null,""workflow_id"":""01a01f57-a34b-7740-9717-596b8116910c/backend-production-v0.3-r006-live""}"
"urn:uuid:6b2008c3-4cad-5fdc-a792-7c235198a5df","lebl.ra.concept.ledger.geometry.cube.closed","closed cube","","[]","[]","urn:uuid:a0273f1c-6fad-54c7-a75a-32a5161da656","active","{""definition"":"""",""id"":""urn:uuid:6b2008c3-4cad-5fdc-a792-7c235198a5df"",""label"":""closed cube"",""notation"":[],""record_type"":""concept"",""recorded_at"":""2026-08-24T00:00:00Z"",""rights_id"":""urn:uuid:a0273f1c-6fad-54c7-a75a-32a5161da656"",""schema_name"":""lebl.backend.record"",""schema_version"":""0.3.0"",""semantic_aliases"":[],""semantic_key"":""lebl.ra.concept.ledger.geometry.cube.closed"",""source_bindings"":[],""status"":""active"",""supersedes_id"":null,""workflow_id"":""01a01f57-a34b-7740-9717-596b8116910c/backend-production-v0.4-live""}"
"urn:uuid:6bc215e0-48b8-52a8-acbb-f4c1a3bf51e8","lebl.ra.concept.ledger.sum.telescoping","telescoping sum","","[]","[]","urn:uuid:a0273f1c-6fad-54c7-a75a-32a5161da656","active","{""definition"":"""",""id"":""urn:uuid:6bc215e0-48b8-52a8-acbb-f4c1a3bf51e8"",""label"":""telescoping sum"",""notation"":[],""record_type"":""concept"",""recorded_at"":""2026-08-21T00:00:00Z"",""rights_id"":""urn:uuid:a0273f1c-6fad-54c7-a75a-32a5161da656"",""schema_name"":""lebl.backend.record"",""schema_version"":""0.3.0"",""semantic_aliases"":[],""semantic_key"":""lebl.ra.concept.ledger.sum.telescoping"",""source_bindings"":[],""status"":""active"",""supersedes_id"":null,""workflow_id"":""01a01f57-a34b-7740-9717-596b8116910c/backend-production-v0.3-r006-live""}"
"urn:uuid:6c413f53-f165-5ed3-b8fd-1e7e0e6e0180","lebl.shared.concept.ledger.topology.simply-connected","simply connected","","[]","[]","urn:uuid:2d8dd580-22d9-5cfe-b865-6ed6b59af68e","active","{""definition"":"""",""id"":""urn:uuid:6c413f53-f165-5ed3-b8fd-1e7e0e6e0180"",""label"":""simply connected"",""notation"":[],""record_type"":""concept"",""recorded_at"":""2026-08-24T00:00:00Z"",""rights_id"":""urn:uuid:2d8dd580-22d9-5cfe-b865-6ed6b59af68e"",""schema_name"":""lebl.backend.record"",""schema_version"":""0.3.0"",""semantic_aliases"":[],""semantic_key"":""lebl.shared.concept.ledger.topology.simply-connected"",""source_bindings"":[],""status"":""active"",""supersedes_id"":null,""workflow_id"":""01a01f57-a34b-7740-9717-596b8116910c/backend-production-v0.4-live""}"
"urn:uuid:6c6e16a4-1c77-5337-9c81-ce54428b5096","lebl.ra.concept.ledger.system.orthonormal","orthonormal system","","[]","[]","urn:uuid:a0273f1c-6fad-54c7-a75a-32a5161da656","active","{""definition"":"""",""id"":""urn:uuid:6c6e16a4-1c77-5337-9c81-ce54428b5096"",""label"":""orthonormal system"",""notation"":[],""record_type"":""concept"",""recorded_at"":""2026-08-24T00:00:00Z"",""rights_id"":""urn:uuid:a0273f1c-6fad-54c7-a75a-32a5161da656"",""schema_name"":""lebl.backend.record"",""schema_version"":""0.3.0"",""semantic_aliases"":[],""semantic_key"":""lebl.ra.concept.ledger.system.orthonormal"",""source_bindings"":[],""status"":""active"",""supersedes_id"":null,""workflow_id"":""01a01f57-a34b-7740-9717-596b8116910c/backend-production-v0.4-live""}"
"urn:uuid:6d50f7d7-2987-5db5-b059-31f1a455e97a","lebl.ra.concept.ledger.convergence.l2","L2 convergence","","[]","[]","urn:uuid:a0273f1c-6fad-54c7-a75a-32a5161da656","active","{""definition"":"""",""id"":""urn:uuid:6d50f7d7-2987-5db5-b059-31f1a455e97a"",""label"":""L2 convergence"",""notation"":[],""record_type"":""concept"",""recorded_at"":""2026-08-24T00:00:00Z"",""rights_id"":""urn:uuid:a0273f1c-6fad-54c7-a75a-32a5161da656"",""schema_name"":""lebl.backend.record"",""schema_version"":""0.3.0"",""semantic_aliases"":[],""semantic_key"":""lebl.ra.concept.ledger.convergence.l2"",""source_bindings"":[],""status"":""active"",""supersedes_id"":null,""workflow_id"":""01a01f57-a34b-7740-9717-596b8116910c/backend-production-v0.4-live""}"
"urn:uuid:6deb476d-7fe2-55f3-935b-84987b4caeee","lebl.ra.concept.ledger.algebra.field","field","","[]","[]","urn:uuid:a0273f1c-6fad-54c7-a75a-32a5161da656","active","{""definition"":"""",""id"":""urn:uuid:6deb476d-7fe2-55f3-935b-84987b4caeee"",""label"":""field"",""notation"":[],""record_type"":""concept"",""recorded_at"":""2026-08-21T00:00:00Z"",""rights_id"":""urn:uuid:a0273f1c-6fad-54c7-a75a-32a5161da656"",""schema_name"":""lebl.backend.record"",""schema_version"":""0.3.0"",""semantic_aliases"":[],""semantic_key"":""lebl.ra.concept.ledger.algebra.field"",""source_bindings"":[],""status"":""active"",""supersedes_id"":null,""workflow_id"":""01a01f57-a34b-7740-9717-596b8116910c/backend-production-v0.3-r006-live""}"
"urn:uuid:6e5941e2-26f0-57a1-9e7b-8e6d0f26738a","lebl.ra.concept.ledger.number-system.real-numbers","real numbers","","[]","[]","urn:uuid:a0273f1c-6fad-54c7-a75a-32a5161da656","active","{""definition"":"""",""id"":""urn:uuid:6e5941e2-26f0-57a1-9e7b-8e6d0f26738a"",""label"":""real numbers"",""notation"":[],""record_type"":""concept"",""recorded_at"":""2026-08-21T00:00:00Z"",""rights_id"":""urn:uuid:a0273f1c-6fad-54c7-a75a-32a5161da656"",""schema_name"":""lebl.backend.record"",""schema_version"":""0.3.0"",""semantic_aliases"":[],""semantic_key"":""lebl.ra.concept.ledger.number-system.real-numbers"",""source_bindings"":[],""status"":""active"",""supersedes_id"":null,""workflow_id"":""01a01f57-a34b-7740-9717-596b8116910c/backend-production-v0.3-r006-live""}"
"urn:uuid:6e629e49-0316-5bca-9c40-8c4eacb56e53","lebl.ra.concept.ledger.series.region-of-convergence","region of convergence","","[]","[]","urn:uuid:a0273f1c-6fad-54c7-a75a-32a5161da656","active","{""definition"":"""",""id"":""urn:uuid:6e629e49-0316-5bca-9c40-8c4eacb56e53"",""label"":""region of convergence"",""notation"":[],""record_type"":""concept"",""recorded_at"":""2026-08-24T00:00:00Z"",""rights_id"":""urn:uuid:a0273f1c-6fad-54c7-a75a-32a5161da656"",""schema_name"":""lebl.backend.record"",""schema_version"":""0.3.0"",""semantic_aliases"":[],""semantic_key"":""lebl.ra.concept.ledger.series.region-of-convergence"",""source_bindings"":[],""status"":""active"",""supersedes_id"":null,""workflow_id"":""01a01f57-a34b-7740-9717-596b8116910c/backend-production-v0.4-live""}"
"urn:uuid:6eebc12a-3b45-5951-8ec0-98c478cb0b07","lebl.ra.concept.ledger.orientation","orientation","","[]","[]","urn:uuid:a0273f1c-6fad-54c7-a75a-32a5161da656","active","{""definition"":"""",""id"":""urn:uuid:6eebc12a-3b45-5951-8ec0-98c478cb0b07"",""label"":""orientation"",""notation"":[],""record_type"":""concept"",""recorded_at"":""2026-08-21T00:00:00Z"",""rights_id"":""urn:uuid:a0273f1c-6fad-54c7-a75a-32a5161da656"",""schema_name"":""lebl.backend.record"",""schema_version"":""0.3.0"",""semantic_aliases"":[],""semantic_key"":""lebl.ra.concept.ledger.orientation"",""source_bindings"":[],""status"":""active"",""supersedes_id"":null,""workflow_id"":""01a01f57-a34b-7740-9717-596b8116910c/backend-production-v0.3-r006-live""}"
"urn:uuid:6f729f33-1020-5be2-a75e-fce9a3337ee5","lebl.ra.concept.ledger.integration.path-independence","path independence","","[]","[]","urn:uuid:a0273f1c-6fad-54c7-a75a-32a5161da656","active","{""definition"":"""",""id"":""urn:uuid:6f729f33-1020-5be2-a75e-fce9a3337ee5"",""label"":""path independence"",""notation"":[],""record_type"":""concept"",""recorded_at"":""2026-08-24T00:00:00Z"",""rights_id"":""urn:uuid:a0273f1c-6fad-54c7-a75a-32a5161da656"",""schema_name"":""lebl.backend.record"",""schema_version"":""0.3.0"",""semantic_aliases"":[],""semantic_key"":""lebl.ra.concept.ledger.integration.path-independence"",""source_bindings"":[],""status"":""active"",""supersedes_id"":null,""workflow_id"":""01a01f57-a34b-7740-9717-596b8116910c/backend-production-v0.4-live""}"
"urn:uuid:6fab0f57-c7e2-5b69-8825-450c6591210d","lebl.ra.concept.ledger.integration.improper-integral","improper integral","","[]","[]","urn:uuid:a0273f1c-6fad-54c7-a75a-32a5161da656","active","{""definition"":"""",""id"":""urn:uuid:6fab0f57-c7e2-5b69-8825-450c6591210d"",""label"":""improper integral"",""notation"":[],""record_type"":""concept"",""recorded_at"":""2026-08-21T00:00:00Z"",""rights_id"":""urn:uuid:a0273f1c-6fad-54c7-a75a-32a5161da656"",""schema_name"":""lebl.backend.record"",""schema_version"":""0.3.0"",""semantic_aliases"":[],""semantic_key"":""lebl.ra.concept.ledger.integration.improper-integral"",""source_bindings"":[],""status"":""active"",""supersedes_id"":null,""workflow_id"":""01a01f57-a34b-7740-9717-596b8116910c/backend-production-v0.3-r006-live""}"
"urn:uuid:6fdec9b4-3b5d-5e7b-b9be-31e62b66d60f","lebl.ra.concept.ledger.calculus.differentiability.order-k","k-times continuously differentiable","","[]","[]","urn:uuid:a0273f1c-6fad-54c7-a75a-32a5161da656","active","{""definition"":"""",""id"":""urn:uuid:6fdec9b4-3b5d-5e7b-b9be-31e62b66d60f"",""label"":""k-times continuously differentiable"",""notation"":[],""record_type"":""concept"",""recorded_at"":""2026-08-24T00:00:00Z"",""rights_id"":""urn:uuid:a0273f1c-6fad-54c7-a75a-32a5161da656"",""schema_name"":""lebl.backend.record"",""schema_version"":""0.3.0"",""semantic_aliases"":[],""semantic_key"":""lebl.ra.concept.ledger.calculus.differentiability.order-k"",""source_bindings"":[],""status"":""active"",""supersedes_id"":null,""workflow_id"":""01a01f57-a34b-7740-9717-596b8116910c/backend-production-v0.4-live""}"
"urn:uuid:70296250-9e4a-58b2-aa77-3bf46b5951de","lebl.ra.concept.ledger.interval.connected","connected interval","","[]","[]","urn:uuid:a0273f1c-6fad-54c7-a75a-32a5161da656","active","{""definition"":"""",""id"":""urn:uuid:70296250-9e4a-58b2-aa77-3bf46b5951de"",""label"":""connected interval"",""notation"":[],""record_type"":""concept"",""recorded_at"":""2026-08-24T00:00:00Z"",""rights_id"":""urn:uuid:a0273f1c-6fad-54c7-a75a-32a5161da656"",""schema_name"":""lebl.backend.record"",""schema_version"":""0.3.0"",""semantic_aliases"":[],""semantic_key"":""lebl.ra.concept.ledger.interval.connected"",""source_bindings"":[],""status"":""active"",""supersedes_id"":null,""workflow_id"":""01a01f57-a34b-7740-9717-596b8116910c/backend-production-v0.4-live""}"
"urn:uuid:70331e3c-fb51-5302-84ff-10d0634a81ed","lebl.ra.concept.ledger.function.pointwise-minimum","pointwise minimum","","[]","[]","urn:uuid:a0273f1c-6fad-54c7-a75a-32a5161da656","active","{""definition"":"""",""id"":""urn:uuid:70331e3c-fb51-5302-84ff-10d0634a81ed"",""label"":""pointwise minimum"",""notation"":[],""record_type"":""concept"",""recorded_at"":""2026-08-24T00:00:00Z"",""rights_id"":""urn:uuid:a0273f1c-6fad-54c7-a75a-32a5161da656"",""schema_name"":""lebl.backend.record"",""schema_version"":""0.3.0"",""semantic_aliases"":[],""semantic_key"":""lebl.ra.concept.ledger.function.pointwise-minimum"",""source_bindings"":[],""status"":""active"",""supersedes_id"":null,""workflow_id"":""01a01f57-a34b-7740-9717-596b8116910c/backend-production-v0.4-live""}"
"urn:uuid:70793adf-4e1b-5605-8e38-a13da49ff479","lebl.ra.concept.ledger.principle.maximum-modulus","maximum modulus principle","","[]","[]","urn:uuid:a0273f1c-6fad-54c7-a75a-32a5161da656","active","{""definition"":"""",""id"":""urn:uuid:70793adf-4e1b-5605-8e38-a13da49ff479"",""label"":""maximum modulus principle"",""notation"":[],""record_type"":""concept"",""recorded_at"":""2026-08-24T00:00:00Z"",""rights_id"":""urn:uuid:a0273f1c-6fad-54c7-a75a-32a5161da656"",""schema_name"":""lebl.backend.record"",""schema_version"":""0.3.0"",""semantic_aliases"":[],""semantic_key"":""lebl.ra.concept.ledger.principle.maximum-modulus"",""source_bindings"":[],""status"":""active"",""supersedes_id"":null,""workflow_id"":""01a01f57-a34b-7740-9717-596b8116910c/backend-production-v0.4-live""}"
"urn:uuid:70ad98e8-015e-53ce-93b9-de3fdf8b9a2c","lebl.ra.concept.ledger.theorem.mertens","Mertens' theorem","","[]","[]","urn:uuid:a0273f1c-6fad-54c7-a75a-32a5161da656","active","{""definition"":"""",""id"":""urn:uuid:70ad98e8-015e-53ce-93b9-de3fdf8b9a2c"",""label"":""Mertens' theorem"",""notation"":[],""record_type"":""concept"",""recorded_at"":""2026-08-21T00:00:00Z"",""rights_id"":""urn:uuid:a0273f1c-6fad-54c7-a75a-32a5161da656"",""schema_name"":""lebl.backend.record"",""schema_version"":""0.3.0"",""semantic_aliases"":[],""semantic_key"":""lebl.ra.concept.ledger.theorem.mertens"",""source_bindings"":[],""status"":""active"",""supersedes_id"":null,""workflow_id"":""01a01f57-a34b-7740-9717-596b8116910c/backend-production-v0.3-r006-live""}"
"urn:uuid:70d6b087-0872-57fe-bfd5-88a4bd406cd0","lebl.ra.concept.ledger.combination.convex","convex combination","","[]","[]","urn:uuid:a0273f1c-6fad-54c7-a75a-32a5161da656","active","{""definition"":"""",""id"":""urn:uuid:70d6b087-0872-57fe-bfd5-88a4bd406cd0"",""label"":""convex combination"",""notation"":[],""record_type"":""concept"",""recorded_at"":""2026-08-21T00:00:00Z"",""rights_id"":""urn:uuid:a0273f1c-6fad-54c7-a75a-32a5161da656"",""schema_name"":""lebl.backend.record"",""schema_version"":""0.3.0"",""semantic_aliases"":[],""semantic_key"":""lebl.ra.concept.ledger.combination.convex"",""source_bindings"":[],""status"":""active"",""supersedes_id"":null,""workflow_id"":""01a01f57-a34b-7740-9717-596b8116910c/backend-production-v0.3-r006-live""}"
"urn:uuid:716e5eb3-5427-5444-b9d4-5e9e00430ec9","lebl.ra.concept.ledger.series.geometric","geometric series","","[]","[]","urn:uuid:a0273f1c-6fad-54c7-a75a-32a5161da656","active","{""definition"":"""",""id"":""urn:uuid:716e5eb3-5427-5444-b9d4-5e9e00430ec9"",""label"":""geometric series"",""notation"":[],""record_type"":""concept"",""recorded_at"":""2026-08-21T00:00:00Z"",""rights_id"":""urn:uuid:a0273f1c-6fad-54c7-a75a-32a5161da656"",""schema_name"":""lebl.backend.record"",""schema_version"":""0.3.0"",""semantic_aliases"":[],""semantic_key"":""lebl.ra.concept.ledger.series.geometric"",""source_bindings"":[],""status"":""active"",""supersedes_id"":null,""workflow_id"":""01a01f57-a34b-7740-9717-596b8116910c/backend-production-v0.3-r006-live""}"
"urn:uuid:71867de3-1b66-5f05-9e46-8aee45c52c39","lebl.ra.concept.ledger.operator.linear","linear operator","","[]","[]","urn:uuid:a0273f1c-6fad-54c7-a75a-32a5161da656","active","{""definition"":"""",""id"":""urn:uuid:71867de3-1b66-5f05-9e46-8aee45c52c39"",""label"":""linear operator"",""notation"":[],""record_type"":""concept"",""recorded_at"":""2026-08-21T00:00:00Z"",""rights_id"":""urn:uuid:a0273f1c-6fad-54c7-a75a-32a5161da656"",""schema_name"":""lebl.backend.record"",""schema_version"":""0.3.0"",""semantic_aliases"":[],""semantic_key"":""lebl.ra.concept.ledger.operator.linear"",""source_bindings"":[],""status"":""active"",""supersedes_id"":null,""workflow_id"":""01a01f57-a34b-7740-9717-596b8116910c/backend-production-v0.3-r006-live""}"
"urn:uuid:71f70fd1-95a7-5b12-a9ca-9ec0a4a50ba2","lebl.ra.concept.ledger.function.cantor","Cantor function","","[]","[]","urn:uuid:a0273f1c-6fad-54c7-a75a-32a5161da656","active","{""definition"":"""",""id"":""urn:uuid:71f70fd1-95a7-5b12-a9ca-9ec0a4a50ba2"",""label"":""Cantor function"",""notation"":[],""record_type"":""concept"",""recorded_at"":""2026-08-24T00:00:00Z"",""rights_id"":""urn:uuid:a0273f1c-6fad-54c7-a75a-32a5161da656"",""schema_name"":""lebl.backend.record"",""schema_version"":""0.3.0"",""semantic_aliases"":[],""semantic_key"":""lebl.ra.concept.ledger.function.cantor"",""source_bindings"":[],""status"":""active"",""supersedes_id"":null,""workflow_id"":""01a01f57-a34b-7740-9717-596b8116910c/backend-production-v0.4-live""}"
"urn:uuid:724dca74-3e24-5452-8eef-3f36e1a2cc49","lebl.ra.concept.ledger.transform.laplace","Laplace transform","","[]","[]","urn:uuid:a0273f1c-6fad-54c7-a75a-32a5161da656","active","{""definition"":"""",""id"":""urn:uuid:724dca74-3e24-5452-8eef-3f36e1a2cc49"",""label"":""Laplace transform"",""notation"":[],""record_type"":""concept"",""recorded_at"":""2026-08-21T00:00:00Z"",""rights_id"":""urn:uuid:a0273f1c-6fad-54c7-a75a-32a5161da656"",""schema_name"":""lebl.backend.record"",""schema_version"":""0.3.0"",""semantic_aliases"":[],""semantic_key"":""lebl.ra.concept.ledger.transform.laplace"",""source_bindings"":[],""status"":""active"",""supersedes_id"":null,""workflow_id"":""01a01f57-a34b-7740-9717-596b8116910c/backend-production-v0.3-r006-live""}"
"urn:uuid:7296c64f-391b-5153-9b3a-8bb8046f60d3","lebl.ra.concept.ledger.linear-algebra.basis-vector.standard","standard basis vector","","[]","[]","urn:uuid:a0273f1c-6fad-54c7-a75a-32a5161da656","active","{""definition"":"""",""id"":""urn:uuid:7296c64f-391b-5153-9b3a-8bb8046f60d3"",""label"":""standard basis vector"",""notation"":[],""record_type"":""concept"",""recorded_at"":""2026-08-24T00:00:00Z"",""rights_id"":""urn:uuid:a0273f1c-6fad-54c7-a75a-32a5161da656"",""schema_name"":""lebl.backend.record"",""schema_version"":""0.3.0"",""semantic_aliases"":[],""semantic_key"":""lebl.ra.concept.ledger.linear-algebra.basis-vector.standard"",""source_bindings"":[],""status"":""active"",""supersedes_id"":null,""workflow_id"":""01a01f57-a34b-7740-9717-596b8116910c/backend-production-v0.4-live""}"
"urn:uuid:72aa1b8c-3abf-504f-819f-d0d465236a42","lebl.ra.concept.ledger.space.vector-subspace","vector subspace","","[]","[]","urn:uuid:a0273f1c-6fad-54c7-a75a-32a5161da656","active","{""definition"":"""",""id"":""urn:uuid:72aa1b8c-3abf-504f-819f-d0d465236a42"",""label"":""vector subspace"",""notation"":[],""record_type"":""concept"",""recorded_at"":""2026-08-21T00:00:00Z"",""rights_id"":""urn:uuid:a0273f1c-6fad-54c7-a75a-32a5161da656"",""schema_name"":""lebl.backend.record"",""schema_version"":""0.3.0"",""semantic_aliases"":[],""semantic_key"":""lebl.ra.concept.ledger.space.vector-subspace"",""source_bindings"":[],""status"":""active"",""supersedes_id"":null,""workflow_id"":""01a01f57-a34b-7740-9717-596b8116910c/backend-production-v0.3-r006-live""}"
"urn:uuid:72b7fd4d-65dd-51d0-9795-0b02e5018abd","lebl.ra.concept.ledger.singularity.pole-at-infinity","pole at infinity","","[]","[]","urn:uuid:a0273f1c-6fad-54c7-a75a-32a5161da656","active","{""definition"":"""",""id"":""urn:uuid:72b7fd4d-65dd-51d0-9795-0b02e5018abd"",""label"":""pole at infinity"",""notation"":[],""record_type"":""concept"",""recorded_at"":""2026-08-24T00:00:00Z"",""rights_id"":""urn:uuid:a0273f1c-6fad-54c7-a75a-32a5161da656"",""schema_name"":""lebl.backend.record"",""schema_version"":""0.3.0"",""semantic_aliases"":[],""semantic_key"":""lebl.ra.concept.ledger.singularity.pole-at-infinity"",""source_bindings"":[],""status"":""active"",""supersedes_id"":null,""workflow_id"":""01a01f57-a34b-7740-9717-596b8116910c/backend-production-v0.4-live""}"
"urn:uuid:72bbcaf4-2503-58ae-8a7e-15b8ca2d7cb4","lebl.ra.concept.ledger.calculus.quotient-rule","quotient rule","","[]","[]","urn:uuid:a0273f1c-6fad-54c7-a75a-32a5161da656","active","{""definition"":"""",""id"":""urn:uuid:72bbcaf4-2503-58ae-8a7e-15b8ca2d7cb4"",""label"":""quotient rule"",""notation"":[],""record_type"":""concept"",""recorded_at"":""2026-08-21T00:00:00Z"",""rights_id"":""urn:uuid:a0273f1c-6fad-54c7-a75a-32a5161da656"",""schema_name"":""lebl.backend.record"",""schema_version"":""0.3.0"",""semantic_aliases"":[],""semantic_key"":""lebl.ra.concept.ledger.calculus.quotient-rule"",""source_bindings"":[],""status"":""active"",""supersedes_id"":null,""workflow_id"":""01a01f57-a34b-7740-9717-596b8116910c/backend-production-v0.3-r006-live""}"
"urn:uuid:72caba11-de8b-5e56-b2c9-fdcd61c62ad9","lebl.ra.concept.ledger.function.evaluation","evaluation function","","[]","[]","urn:uuid:a0273f1c-6fad-54c7-a75a-32a5161da656","active","{""definition"":"""",""id"":""urn:uuid:72caba11-de8b-5e56-b2c9-fdcd61c62ad9"",""label"":""evaluation function"",""notation"":[],""record_type"":""concept"",""recorded_at"":""2026-08-21T00:00:00Z"",""rights_id"":""urn:uuid:a0273f1c-6fad-54c7-a75a-32a5161da656"",""schema_name"":""lebl.backend.record"",""schema_version"":""0.3.0"",""semantic_aliases"":[],""semantic_key"":""lebl.ra.concept.ledger.function.evaluation"",""source_bindings"":[],""status"":""active"",""supersedes_id"":null,""workflow_id"":""01a01f57-a34b-7740-9717-596b8116910c/backend-production-v0.3-r006-live""}"
"urn:uuid:73037430-9251-562f-a4df-668efb1ec517","lebl.ra.concept.ledger.calculus.derivative.uniformly-bounded","uniformly bounded derivative","","[]","[]","urn:uuid:a0273f1c-6fad-54c7-a75a-32a5161da656","active","{""definition"":"""",""id"":""urn:uuid:73037430-9251-562f-a4df-668efb1ec517"",""label"":""uniformly bounded derivative"",""notation"":[],""record_type"":""concept"",""recorded_at"":""2026-08-24T00:00:00Z"",""rights_id"":""urn:uuid:a0273f1c-6fad-54c7-a75a-32a5161da656"",""schema_name"":""lebl.backend.record"",""schema_version"":""0.3.0"",""semantic_aliases"":[],""semantic_key"":""lebl.ra.concept.ledger.calculus.derivative.uniformly-bounded"",""source_bindings"":[],""status"":""active"",""supersedes_id"":null,""workflow_id"":""01a01f57-a34b-7740-9717-596b8116910c/backend-production-v0.4-live""}"
"urn:uuid:7334cb2a-3b7b-51f7-99b2-de2551ac8b0d","lebl.ra.concept.ledger.function.uniform-continuity","uniform continuity","","[]","[]","urn:uuid:a0273f1c-6fad-54c7-a75a-32a5161da656","active","{""definition"":"""",""id"":""urn:uuid:7334cb2a-3b7b-51f7-99b2-de2551ac8b0d"",""label"":""uniform continuity"",""notation"":[],""record_type"":""concept"",""recorded_at"":""2026-08-21T00:00:00Z"",""rights_id"":""urn:uuid:a0273f1c-6fad-54c7-a75a-32a5161da656"",""schema_name"":""lebl.backend.record"",""schema_version"":""0.3.0"",""semantic_aliases"":[],""semantic_key"":""lebl.ra.concept.ledger.function.uniform-continuity"",""source_bindings"":[],""status"":""active"",""supersedes_id"":null,""workflow_id"":""01a01f57-a34b-7740-9717-596b8116910c/backend-production-v0.3-r006-live""}"
"urn:uuid:7335d222-6670-5590-9162-b42a9dcc4a3c","lebl.ra.concept.ledger.order.supremum","supremum","","[]","[]","urn:uuid:a0273f1c-6fad-54c7-a75a-32a5161da656","active","{""definition"":"""",""id"":""urn:uuid:7335d222-6670-5590-9162-b42a9dcc4a3c"",""label"":""supremum"",""notation"":[],""record_type"":""concept"",""recorded_at"":""2026-08-21T00:00:00Z"",""rights_id"":""urn:uuid:a0273f1c-6fad-54c7-a75a-32a5161da656"",""schema_name"":""lebl.backend.record"",""schema_version"":""0.3.0"",""semantic_aliases"":[],""semantic_key"":""lebl.ra.concept.ledger.order.supremum"",""source_bindings"":[],""status"":""active"",""supersedes_id"":null,""workflow_id"":""01a01f57-a34b-7740-9717-596b8116910c/backend-production-v0.3-r006-live""}"
"urn:uuid:7422979d-eef2-5931-baca-26b47640fcd5","lebl.ra.concept.ledger.calculus.differentiability","differentiability","","[]","[]","urn:uuid:a0273f1c-6fad-54c7-a75a-32a5161da656","active","{""definition"":"""",""id"":""urn:uuid:7422979d-eef2-5931-baca-26b47640fcd5"",""label"":""differentiability"",""notation"":[],""record_type"":""concept"",""recorded_at"":""2026-08-21T00:00:00Z"",""rights_id"":""urn:uuid:a0273f1c-6fad-54c7-a75a-32a5161da656"",""schema_name"":""lebl.backend.record"",""schema_version"":""0.3.0"",""semantic_aliases"":[],""semantic_key"":""lebl.ra.concept.ledger.calculus.differentiability"",""source_bindings"":[],""status"":""active"",""supersedes_id"":null,""workflow_id"":""01a01f57-a34b-7740-9717-596b8116910c/backend-production-v0.3-r006-live""}"
"urn:uuid:74b94672-9ed7-5818-bd9d-d03dab5e639c","lebl.ra.concept.ledger.relation.equivalence-relation","equivalence relation","","[]","[]","urn:uuid:a0273f1c-6fad-54c7-a75a-32a5161da656","active","{""definition"":"""",""id"":""urn:uuid:74b94672-9ed7-5818-bd9d-d03dab5e639c"",""label"":""equivalence relation"",""notation"":[],""record_type"":""concept"",""recorded_at"":""2026-08-21T00:00:00Z"",""rights_id"":""urn:uuid:a0273f1c-6fad-54c7-a75a-32a5161da656"",""schema_name"":""lebl.backend.record"",""schema_version"":""0.3.0"",""semantic_aliases"":[],""semantic_key"":""lebl.ra.concept.ledger.relation.equivalence-relation"",""source_bindings"":[],""status"":""active"",""supersedes_id"":null,""workflow_id"":""01a01f57-a34b-7740-9717-596b8116910c/backend-production-v0.3-r006-live""}"
"urn:uuid:7565345d-265a-52ab-a2a2-c64268f65f52","lebl.ra.concept.ledger.function.pointwise-maximum","pointwise maximum","","[]","[]","urn:uuid:a0273f1c-6fad-54c7-a75a-32a5161da656","active","{""definition"":"""",""id"":""urn:uuid:7565345d-265a-52ab-a2a2-c64268f65f52"",""label"":""pointwise maximum"",""notation"":[],""record_type"":""concept"",""recorded_at"":""2026-08-24T00:00:00Z"",""rights_id"":""urn:uuid:a0273f1c-6fad-54c7-a75a-32a5161da656"",""schema_name"":""lebl.backend.record"",""schema_version"":""0.3.0"",""semantic_aliases"":[],""semantic_key"":""lebl.ra.concept.ledger.function.pointwise-maximum"",""source_bindings"":[],""status"":""active"",""supersedes_id"":null,""workflow_id"":""01a01f57-a34b-7740-9717-596b8116910c/backend-production-v0.4-live""}"
"urn:uuid:75705497-2f89-5e3d-a413-0824cb3ea8e3","lebl.diffyqs.concept.ledger.dynamical-system.center","center","","[]","[]","urn:uuid:55f5bc5b-fcc2-55bd-8bcb-65ab31cc4e0f","active","{""definition"":"""",""id"":""urn:uuid:75705497-2f89-5e3d-a413-0824cb3ea8e3"",""label"":""center"",""notation"":[],""record_type"":""concept"",""recorded_at"":""2026-08-24T00:00:00Z"",""rights_id"":""urn:uuid:55f5bc5b-fcc2-55bd-8bcb-65ab31cc4e0f"",""schema_name"":""lebl.backend.record"",""schema_version"":""0.3.0"",""semantic_aliases"":[],""semantic_key"":""lebl.diffyqs.concept.ledger.dynamical-system.center"",""source_bindings"":[],""status"":""active"",""supersedes_id"":null,""workflow_id"":""01a01f57-a34b-7740-9717-596b8116910c/backend-production-v0.4-live""}"
"urn:uuid:7575677c-b1e2-55d3-b300-64119bf0bdd0","lebl.ra.concept.ledger.calculus.jacobian","Jacobian","","[]","[]","urn:uuid:a0273f1c-6fad-54c7-a75a-32a5161da656","active","{""definition"":"""",""id"":""urn:uuid:7575677c-b1e2-55d3-b300-64119bf0bdd0"",""label"":""Jacobian"",""notation"":[],""record_type"":""concept"",""recorded_at"":""2026-08-21T00:00:00Z"",""rights_id"":""urn:uuid:a0273f1c-6fad-54c7-a75a-32a5161da656"",""schema_name"":""lebl.backend.record"",""schema_version"":""0.3.0"",""semantic_aliases"":[],""semantic_key"":""lebl.ra.concept.ledger.calculus.jacobian"",""source_bindings"":[],""status"":""active"",""supersedes_id"":null,""workflow_id"":""01a01f57-a34b-7740-9717-596b8116910c/backend-production-v0.3-r006-live""}"
"urn:uuid:7683932d-fc38-5c3c-a0bf-b1ce1094b1be","lebl.ra.concept.ledger.limit.joint","joint limit","","[]","[]","urn:uuid:a0273f1c-6fad-54c7-a75a-32a5161da656","active","{""definition"":"""",""id"":""urn:uuid:7683932d-fc38-5c3c-a0bf-b1ce1094b1be"",""label"":""joint limit"",""notation"":[],""record_type"":""concept"",""recorded_at"":""2026-08-21T00:00:00Z"",""rights_id"":""urn:uuid:a0273f1c-6fad-54c7-a75a-32a5161da656"",""schema_name"":""lebl.backend.record"",""schema_version"":""0.3.0"",""semantic_aliases"":[],""semantic_key"":""lebl.ra.concept.ledger.limit.joint"",""source_bindings"":[],""status"":""active"",""supersedes_id"":null,""workflow_id"":""01a01f57-a34b-7740-9717-596b8116910c/backend-production-v0.3-r006-live""}"
"urn:uuid:77183f55-a651-5a31-bb0d-beab9b35ff74","lebl.ra.concept.ledger.function.constant-mapping","constant mapping","","[]","[]","urn:uuid:a0273f1c-6fad-54c7-a75a-32a5161da656","active","{""definition"":"""",""id"":""urn:uuid:77183f55-a651-5a31-bb0d-beab9b35ff74"",""label"":""constant mapping"",""notation"":[],""record_type"":""concept"",""recorded_at"":""2026-08-24T00:00:00Z"",""rights_id"":""urn:uuid:a0273f1c-6fad-54c7-a75a-32a5161da656"",""schema_name"":""lebl.backend.record"",""schema_version"":""0.3.0"",""semantic_aliases"":[],""semantic_key"":""lebl.ra.concept.ledger.function.constant-mapping"",""source_bindings"":[],""status"":""active"",""supersedes_id"":null,""workflow_id"":""01a01f57-a34b-7740-9717-596b8116910c/backend-production-v0.4-live""}"
"urn:uuid:77b9b4ad-56cc-557b-bc96-d628edc52dc2","lebl.ra.concept.ledger.group.symmetric","symmetric group","","[]","[]","urn:uuid:a0273f1c-6fad-54c7-a75a-32a5161da656","active","{""definition"":"""",""id"":""urn:uuid:77b9b4ad-56cc-557b-bc96-d628edc52dc2"",""label"":""symmetric group"",""notation"":[],""record_type"":""concept"",""recorded_at"":""2026-08-21T00:00:00Z"",""rights_id"":""urn:uuid:a0273f1c-6fad-54c7-a75a-32a5161da656"",""schema_name"":""lebl.backend.record"",""schema_version"":""0.3.0"",""semantic_aliases"":[],""semantic_key"":""lebl.ra.concept.ledger.group.symmetric"",""source_bindings"":[],""status"":""active"",""supersedes_id"":null,""workflow_id"":""01a01f57-a34b-7740-9717-596b8116910c/backend-production-v0.3-r006-live""}"
"urn:uuid:77ea074c-d7e6-5bdd-9856-e5e352c28072","lebl.ra.concept.ledger.geometry.path.parametrization","parametrization","","[]","[]","urn:uuid:a0273f1c-6fad-54c7-a75a-32a5161da656","active","{""definition"":"""",""id"":""urn:uuid:77ea074c-d7e6-5bdd-9856-e5e352c28072"",""label"":""parametrization"",""notation"":[],""record_type"":""concept"",""recorded_at"":""2026-08-24T00:00:00Z"",""rights_id"":""urn:uuid:a0273f1c-6fad-54c7-a75a-32a5161da656"",""schema_name"":""lebl.backend.record"",""schema_version"":""0.3.0"",""semantic_aliases"":[],""semantic_key"":""lebl.ra.concept.ledger.geometry.path.parametrization"",""source_bindings"":[],""status"":""active"",""supersedes_id"":null,""workflow_id"":""01a01f57-a34b-7740-9717-596b8116910c/backend-production-v0.4-live""}"
"urn:uuid:78576c2f-548e-5ae2-9975-8f431add0a36","lebl.ra.concept.ledger.test.ratio-sequences","ratio test for sequences","","[]","[]","urn:uuid:a0273f1c-6fad-54c7-a75a-32a5161da656","active","{""definition"":"""",""id"":""urn:uuid:78576c2f-548e-5ae2-9975-8f431add0a36"",""label"":""ratio test for sequences"",""notation"":[],""record_type"":""concept"",""recorded_at"":""2026-08-21T00:00:00Z"",""rights_id"":""urn:uuid:a0273f1c-6fad-54c7-a75a-32a5161da656"",""schema_name"":""lebl.backend.record"",""schema_version"":""0.3.0"",""semantic_aliases"":[],""semantic_key"":""lebl.ra.concept.ledger.test.ratio-sequences"",""source_bindings"":[],""status"":""active"",""supersedes_id"":null,""workflow_id"":""01a01f57-a34b-7740-9717-596b8116910c/backend-production-v0.3-r006-live""}"
"urn:uuid:78c243b2-98b4-5ae5-adc5-8cfe04edd83e","lebl.ra.concept.ledger.set-theory.countable-intersection","countable intersection","","[]","[]","urn:uuid:a0273f1c-6fad-54c7-a75a-32a5161da656","active","{""definition"":"""",""id"":""urn:uuid:78c243b2-98b4-5ae5-adc5-8cfe04edd83e"",""label"":""countable intersection"",""notation"":[],""record_type"":""concept"",""recorded_at"":""2026-08-21T00:00:00Z"",""rights_id"":""urn:uuid:a0273f1c-6fad-54c7-a75a-32a5161da656"",""schema_name"":""lebl.backend.record"",""schema_version"":""0.3.0"",""semantic_aliases"":[],""semantic_key"":""lebl.ra.concept.ledger.set-theory.countable-intersection"",""source_bindings"":[],""status"":""active"",""supersedes_id"":null,""workflow_id"":""01a01f57-a34b-7740-9717-596b8116910c/backend-production-v0.3-r006-live""}"
"urn:uuid:78cd77de-c8fe-5c09-958b-054fd4b15851","lebl.ra.concept.ledger.theorem.darboux","Darboux's theorem","","[]","[]","urn:uuid:a0273f1c-6fad-54c7-a75a-32a5161da656","active","{""definition"":"""",""id"":""urn:uuid:78cd77de-c8fe-5c09-958b-054fd4b15851"",""label"":""Darboux's theorem"",""notation"":[],""record_type"":""concept"",""recorded_at"":""2026-08-21T00:00:00Z"",""rights_id"":""urn:uuid:a0273f1c-6fad-54c7-a75a-32a5161da656"",""schema_name"":""lebl.backend.record"",""schema_version"":""0.3.0"",""semantic_aliases"":[],""semantic_key"":""lebl.ra.concept.ledger.theorem.darboux"",""source_bindings"":[],""status"":""active"",""supersedes_id"":null,""workflow_id"":""01a01f57-a34b-7740-9717-596b8116910c/backend-production-v0.3-r006-live""}"
"urn:uuid:78ce6d8a-7a67-55c4-b530-d1efe619ea91","lebl.ra.concept.ledger.function.cantor.devils-staircase","Devil's staircase","","[]","[]","urn:uuid:a0273f1c-6fad-54c7-a75a-32a5161da656","active","{""definition"":"""",""id"":""urn:uuid:78ce6d8a-7a67-55c4-b530-d1efe619ea91"",""label"":""Devil's staircase"",""notation"":[],""record_type"":""concept"",""recorded_at"":""2026-08-24T00:00:00Z"",""rights_id"":""urn:uuid:a0273f1c-6fad-54c7-a75a-32a5161da656"",""schema_name"":""lebl.backend.record"",""schema_version"":""0.3.0"",""semantic_aliases"":[],""semantic_key"":""lebl.ra.concept.ledger.function.cantor.devils-staircase"",""source_bindings"":[],""status"":""active"",""supersedes_id"":null,""workflow_id"":""01a01f57-a34b-7740-9717-596b8116910c/backend-production-v0.4-live""}"
"urn:uuid:79686f13-15d0-5280-8b46-dc0af684d662","lebl.ra.concept.ledger.order.greatest-lower-bound","greatest lower bound","","[]","[]","urn:uuid:a0273f1c-6fad-54c7-a75a-32a5161da656","active","{""definition"":"""",""id"":""urn:uuid:79686f13-15d0-5280-8b46-dc0af684d662"",""label"":""greatest lower bound"",""notation"":[],""record_type"":""concept"",""recorded_at"":""2026-08-21T00:00:00Z"",""rights_id"":""urn:uuid:a0273f1c-6fad-54c7-a75a-32a5161da656"",""schema_name"":""lebl.backend.record"",""schema_version"":""0.3.0"",""semantic_aliases"":[],""semantic_key"":""lebl.ra.concept.ledger.order.greatest-lower-bound"",""source_bindings"":[],""status"":""active"",""supersedes_id"":null,""workflow_id"":""01a01f57-a34b-7740-9717-596b8116910c/backend-production-v0.3-r006-live""}"
"urn:uuid:797d1fbb-2ef1-55d7-99b8-16632656ca3c","lebl.ra.concept.ledger.geometry.path.piecewise-smooth","piecewise smooth path","","[]","[]","urn:uuid:a0273f1c-6fad-54c7-a75a-32a5161da656","active","{""definition"":"""",""id"":""urn:uuid:797d1fbb-2ef1-55d7-99b8-16632656ca3c"",""label"":""piecewise smooth path"",""notation"":[],""record_type"":""concept"",""recorded_at"":""2026-08-24T00:00:00Z"",""rights_id"":""urn:uuid:a0273f1c-6fad-54c7-a75a-32a5161da656"",""schema_name"":""lebl.backend.record"",""schema_version"":""0.3.0"",""semantic_aliases"":[],""semantic_key"":""lebl.ra.concept.ledger.geometry.path.piecewise-smooth"",""source_bindings"":[],""status"":""active"",""supersedes_id"":null,""workflow_id"":""01a01f57-a34b-7740-9717-596b8116910c/backend-production-v0.4-live""}"
"urn:uuid:7982dafe-e577-572e-8eda-9fcc1df76197","lebl.ra.concept.ledger.inequality.triangle","triangle inequality","","[]","[]","urn:uuid:a0273f1c-6fad-54c7-a75a-32a5161da656","active","{""definition"":"""",""id"":""urn:uuid:7982dafe-e577-572e-8eda-9fcc1df76197"",""label"":""triangle inequality"",""notation"":[],""record_type"":""concept"",""recorded_at"":""2026-08-21T00:00:00Z"",""rights_id"":""urn:uuid:a0273f1c-6fad-54c7-a75a-32a5161da656"",""schema_name"":""lebl.backend.record"",""schema_version"":""0.3.0"",""semantic_aliases"":[],""semantic_key"":""lebl.ra.concept.ledger.inequality.triangle"",""source_bindings"":[],""status"":""active"",""supersedes_id"":null,""workflow_id"":""01a01f57-a34b-7740-9717-596b8116910c/backend-production-v0.3-r006-live""}"
"urn:uuid:799c4172-224c-5940-bbef-ef7466991302","lebl.ra.concept.ledger.geometry.corner","corner","","[]","[]","urn:uuid:a0273f1c-6fad-54c7-a75a-32a5161da656","active","{""definition"":"""",""id"":""urn:uuid:799c4172-224c-5940-bbef-ef7466991302"",""label"":""corner"",""notation"":[],""record_type"":""concept"",""recorded_at"":""2026-08-24T00:00:00Z"",""rights_id"":""urn:uuid:a0273f1c-6fad-54c7-a75a-32a5161da656"",""schema_name"":""lebl.backend.record"",""schema_version"":""0.3.0"",""semantic_aliases"":[],""semantic_key"":""lebl.ra.concept.ledger.geometry.corner"",""source_bindings"":[],""status"":""active"",""supersedes_id"":null,""workflow_id"":""01a01f57-a34b-7740-9717-596b8116910c/backend-production-v0.4-live""}"
"urn:uuid:79c2fb68-45c8-5bd5-a6d6-68cee7a4a604","lebl.ra.concept.ledger.measure.almost-everywhere","almost everywhere","","[]","[]","urn:uuid:a0273f1c-6fad-54c7-a75a-32a5161da656","active","{""definition"":"""",""id"":""urn:uuid:79c2fb68-45c8-5bd5-a6d6-68cee7a4a604"",""label"":""almost everywhere"",""notation"":[],""record_type"":""concept"",""recorded_at"":""2026-08-24T00:00:00Z"",""rights_id"":""urn:uuid:a0273f1c-6fad-54c7-a75a-32a5161da656"",""schema_name"":""lebl.backend.record"",""schema_version"":""0.3.0"",""semantic_aliases"":[],""semantic_key"":""lebl.ra.concept.ledger.measure.almost-everywhere"",""source_bindings"":[],""status"":""active"",""supersedes_id"":null,""workflow_id"":""01a01f57-a34b-7740-9717-596b8116910c/backend-production-v0.4-live""}"
"urn:uuid:79fc9e83-96a3-5422-bb18-52b56c72e5d1","lebl.ra.concept.ledger.matrix.elementary","elementary matrix","","[]","[]","urn:uuid:a0273f1c-6fad-54c7-a75a-32a5161da656","active","{""definition"":"""",""id"":""urn:uuid:79fc9e83-96a3-5422-bb18-52b56c72e5d1"",""label"":""elementary matrix"",""notation"":[],""record_type"":""concept"",""recorded_at"":""2026-08-21T00:00:00Z"",""rights_id"":""urn:uuid:a0273f1c-6fad-54c7-a75a-32a5161da656"",""schema_name"":""lebl.backend.record"",""schema_version"":""0.3.0"",""semantic_aliases"":[],""semantic_key"":""lebl.ra.concept.ledger.matrix.elementary"",""source_bindings"":[],""status"":""active"",""supersedes_id"":null,""workflow_id"":""01a01f57-a34b-7740-9717-596b8116910c/backend-production-v0.3-r006-live""}"
"urn:uuid:7a0ce3bc-67b4-5760-a19f-936d2983d347","lebl.ra.concept.ledger.method.approximation-smoothing","smoothing","","[]","[]","urn:uuid:a0273f1c-6fad-54c7-a75a-32a5161da656","active","{""definition"":"""",""id"":""urn:uuid:7a0ce3bc-67b4-5760-a19f-936d2983d347"",""label"":""smoothing"",""notation"":[],""record_type"":""concept"",""recorded_at"":""2026-08-24T00:00:00Z"",""rights_id"":""urn:uuid:a0273f1c-6fad-54c7-a75a-32a5161da656"",""schema_name"":""lebl.backend.record"",""schema_version"":""0.3.0"",""semantic_aliases"":[],""semantic_key"":""lebl.ra.concept.ledger.method.approximation-smoothing"",""source_bindings"":[],""status"":""active"",""supersedes_id"":null,""workflow_id"":""01a01f57-a34b-7740-9717-596b8116910c/backend-production-v0.4-live""}"
"urn:uuid:7a0f3b8a-08da-5645-814e-1f539394a68f","lebl.ra.concept.ledger.principle.cauchy-condensation","Cauchy condensation principle","","[]","[]","urn:uuid:a0273f1c-6fad-54c7-a75a-32a5161da656","active","{""definition"":"""",""id"":""urn:uuid:7a0f3b8a-08da-5645-814e-1f539394a68f"",""label"":""Cauchy condensation principle"",""notation"":[],""record_type"":""concept"",""recorded_at"":""2026-08-21T00:00:00Z"",""rights_id"":""urn:uuid:a0273f1c-6fad-54c7-a75a-32a5161da656"",""schema_name"":""lebl.backend.record"",""schema_version"":""0.3.0"",""semantic_aliases"":[],""semantic_key"":""lebl.ra.concept.ledger.principle.cauchy-condensation"",""source_bindings"":[],""status"":""active"",""supersedes_id"":null,""workflow_id"":""01a01f57-a34b-7740-9717-596b8116910c/backend-production-v0.3-r006-live""}"
"urn:uuid:7a3413cd-0ef4-5a6b-9cd1-2ec8adacf259","lebl.ra.concept.ledger.number.extended-real","extended real numbers","","[]","[]","urn:uuid:a0273f1c-6fad-54c7-a75a-32a5161da656","active","{""definition"":"""",""id"":""urn:uuid:7a3413cd-0ef4-5a6b-9cd1-2ec8adacf259"",""label"":""extended real numbers"",""notation"":[],""record_type"":""concept"",""recorded_at"":""2026-08-21T00:00:00Z"",""rights_id"":""urn:uuid:a0273f1c-6fad-54c7-a75a-32a5161da656"",""schema_name"":""lebl.backend.record"",""schema_version"":""0.3.0"",""semantic_aliases"":[],""semantic_key"":""lebl.ra.concept.ledger.number.extended-real"",""source_bindings"":[],""status"":""active"",""supersedes_id"":null,""workflow_id"":""01a01f57-a34b-7740-9717-596b8116910c/backend-production-v0.3-r006-live""}"
"urn:uuid:7a695098-1225-5574-b4d0-5fc2a069e662","lebl.ra.concept.ledger.integration.path-integral.one-form","path integral of a one-form","","[]","[]","urn:uuid:a0273f1c-6fad-54c7-a75a-32a5161da656","active","{""definition"":"""",""id"":""urn:uuid:7a695098-1225-5574-b4d0-5fc2a069e662"",""label"":""path integral of a one-form"",""notation"":[],""record_type"":""concept"",""recorded_at"":""2026-08-24T00:00:00Z"",""rights_id"":""urn:uuid:a0273f1c-6fad-54c7-a75a-32a5161da656"",""schema_name"":""lebl.backend.record"",""schema_version"":""0.3.0"",""semantic_aliases"":[],""semantic_key"":""lebl.ra.concept.ledger.integration.path-integral.one-form"",""source_bindings"":[],""status"":""active"",""supersedes_id"":null,""workflow_id"":""01a01f57-a34b-7740-9717-596b8116910c/backend-production-v0.4-live""}"
"urn:uuid:7b339790-afb8-57e1-b8b6-c43d6fd3e10d","lebl.ra.concept.ledger.order.dedekind-cut","Dedekind cut","","[]","[]","urn:uuid:a0273f1c-6fad-54c7-a75a-32a5161da656","active","{""definition"":"""",""id"":""urn:uuid:7b339790-afb8-57e1-b8b6-c43d6fd3e10d"",""label"":""Dedekind cut"",""notation"":[],""record_type"":""concept"",""recorded_at"":""2026-08-21T00:00:00Z"",""rights_id"":""urn:uuid:a0273f1c-6fad-54c7-a75a-32a5161da656"",""schema_name"":""lebl.backend.record"",""schema_version"":""0.3.0"",""semantic_aliases"":[],""semantic_key"":""lebl.ra.concept.ledger.order.dedekind-cut"",""source_bindings"":[],""status"":""active"",""supersedes_id"":null,""workflow_id"":""01a01f57-a34b-7740-9717-596b8116910c/backend-production-v0.3-r006-live""}"
"urn:uuid:7b416e27-59eb-5023-af5f-05e6dc2d04f8","lebl.ra.concept.ledger.geometry.vertical-tangency","vertical tangency","","[]","[]","urn:uuid:a0273f1c-6fad-54c7-a75a-32a5161da656","active","{""definition"":"""",""id"":""urn:uuid:7b416e27-59eb-5023-af5f-05e6dc2d04f8"",""label"":""vertical tangency"",""notation"":[],""record_type"":""concept"",""recorded_at"":""2026-08-24T00:00:00Z"",""rights_id"":""urn:uuid:a0273f1c-6fad-54c7-a75a-32a5161da656"",""schema_name"":""lebl.backend.record"",""schema_version"":""0.3.0"",""semantic_aliases"":[],""semantic_key"":""lebl.ra.concept.ledger.geometry.vertical-tangency"",""source_bindings"":[],""status"":""active"",""supersedes_id"":null,""workflow_id"":""01a01f57-a34b-7740-9717-596b8116910c/backend-production-v0.4-live""}"
"urn:uuid:7ba06fc2-c97a-549e-8b06-d872201c871c","lebl.ra.concept.ledger.function.discontinuity-set","set of discontinuities","","[]","[]","urn:uuid:a0273f1c-6fad-54c7-a75a-32a5161da656","active","{""definition"":"""",""id"":""urn:uuid:7ba06fc2-c97a-549e-8b06-d872201c871c"",""label"":""set of discontinuities"",""notation"":[],""record_type"":""concept"",""recorded_at"":""2026-08-24T00:00:00Z"",""rights_id"":""urn:uuid:a0273f1c-6fad-54c7-a75a-32a5161da656"",""schema_name"":""lebl.backend.record"",""schema_version"":""0.3.0"",""semantic_aliases"":[],""semantic_key"":""lebl.ra.concept.ledger.function.discontinuity-set"",""source_bindings"":[],""status"":""active"",""supersedes_id"":null,""workflow_id"":""01a01f57-a34b-7740-9717-596b8116910c/backend-production-v0.4-live""}"
"urn:uuid:7c15e1b3-75f3-55a1-b9cb-29088d7b48e9","lebl.diffyqs.concept.ledger.dynamical-system.phase-plane","phase plane","","[]","[]","urn:uuid:55f5bc5b-fcc2-55bd-8bcb-65ab31cc4e0f","active","{""definition"":"""",""id"":""urn:uuid:7c15e1b3-75f3-55a1-b9cb-29088d7b48e9"",""label"":""phase plane"",""notation"":[],""record_type"":""concept"",""recorded_at"":""2026-08-24T00:00:00Z"",""rights_id"":""urn:uuid:55f5bc5b-fcc2-55bd-8bcb-65ab31cc4e0f"",""schema_name"":""lebl.backend.record"",""schema_version"":""0.3.0"",""semantic_aliases"":[],""semantic_key"":""lebl.diffyqs.concept.ledger.dynamical-system.phase-plane"",""source_bindings"":[],""status"":""active"",""supersedes_id"":null,""workflow_id"":""01a01f57-a34b-7740-9717-596b8116910c/backend-production-v0.4-live""}"
"urn:uuid:7c384e67-07ef-5d89-bbc9-dbff617f81e6","lebl.ra.concept.ledger.denominator.common","common denominator","","[]","[]","urn:uuid:a0273f1c-6fad-54c7-a75a-32a5161da656","active","{""definition"":"""",""id"":""urn:uuid:7c384e67-07ef-5d89-bbc9-dbff617f81e6"",""label"":""common denominator"",""notation"":[],""record_type"":""concept"",""recorded_at"":""2026-08-21T00:00:00Z"",""rights_id"":""urn:uuid:a0273f1c-6fad-54c7-a75a-32a5161da656"",""schema_name"":""lebl.backend.record"",""schema_version"":""0.3.0"",""semantic_aliases"":[],""semantic_key"":""lebl.ra.concept.ledger.denominator.common"",""source_bindings"":[],""status"":""active"",""supersedes_id"":null,""workflow_id"":""01a01f57-a34b-7740-9717-596b8116910c/backend-production-v0.3-r006-live""}"
"urn:uuid:7d347a96-e8ca-5090-9b8f-4a43f83ca4f7","lebl.ra.concept.ledger.sequence.subsequence","subsequence","","[]","[]","urn:uuid:a0273f1c-6fad-54c7-a75a-32a5161da656","active","{""definition"":"""",""id"":""urn:uuid:7d347a96-e8ca-5090-9b8f-4a43f83ca4f7"",""label"":""subsequence"",""notation"":[],""record_type"":""concept"",""recorded_at"":""2026-08-21T00:00:00Z"",""rights_id"":""urn:uuid:a0273f1c-6fad-54c7-a75a-32a5161da656"",""schema_name"":""lebl.backend.record"",""schema_version"":""0.3.0"",""semantic_aliases"":[],""semantic_key"":""lebl.ra.concept.ledger.sequence.subsequence"",""source_bindings"":[],""status"":""active"",""supersedes_id"":null,""workflow_id"":""01a01f57-a34b-7740-9717-596b8116910c/backend-production-v0.3-r006-live""}"
"urn:uuid:7d843683-5e8a-5174-92bb-b57f3e02c297","lebl.ra.concept.ledger.calculus.differentiation-under-integral","differentiation under the integral sign","","[]","[]","urn:uuid:a0273f1c-6fad-54c7-a75a-32a5161da656","active","{""definition"":"""",""id"":""urn:uuid:7d843683-5e8a-5174-92bb-b57f3e02c297"",""label"":""differentiation under the integral sign"",""notation"":[],""record_type"":""concept"",""recorded_at"":""2026-08-24T00:00:00Z"",""rights_id"":""urn:uuid:a0273f1c-6fad-54c7-a75a-32a5161da656"",""schema_name"":""lebl.backend.record"",""schema_version"":""0.3.0"",""semantic_aliases"":[],""semantic_key"":""lebl.ra.concept.ledger.calculus.differentiation-under-integral"",""source_bindings"":[],""status"":""active"",""supersedes_id"":null,""workflow_id"":""01a01f57-a34b-7740-9717-596b8116910c/backend-production-v0.4-live""}"
"urn:uuid:7dc889c0-cace-579c-a4f3-c02d655be9f7","lebl.ra.concept.ledger.algebra.root.complex","complex root","","[]","[]","urn:uuid:a0273f1c-6fad-54c7-a75a-32a5161da656","active","{""definition"":"""",""id"":""urn:uuid:7dc889c0-cace-579c-a4f3-c02d655be9f7"",""label"":""complex root"",""notation"":[],""record_type"":""concept"",""recorded_at"":""2026-08-24T00:00:00Z"",""rights_id"":""urn:uuid:a0273f1c-6fad-54c7-a75a-32a5161da656"",""schema_name"":""lebl.backend.record"",""schema_version"":""0.3.0"",""semantic_aliases"":[],""semantic_key"":""lebl.ra.concept.ledger.algebra.root.complex"",""source_bindings"":[],""status"":""active"",""supersedes_id"":null,""workflow_id"":""01a01f57-a34b-7740-9717-596b8116910c/backend-production-v0.4-live""}"
"urn:uuid:7de200a2-799e-5c0f-a457-c76b28589ea1","lebl.ra.concept.ledger.order.least-upper-bound","least upper bound","","[]","[]","urn:uuid:a0273f1c-6fad-54c7-a75a-32a5161da656","active","{""definition"":"""",""id"":""urn:uuid:7de200a2-799e-5c0f-a457-c76b28589ea1"",""label"":""least upper bound"",""notation"":[],""record_type"":""concept"",""recorded_at"":""2026-08-21T00:00:00Z"",""rights_id"":""urn:uuid:a0273f1c-6fad-54c7-a75a-32a5161da656"",""schema_name"":""lebl.backend.record"",""schema_version"":""0.3.0"",""semantic_aliases"":[],""semantic_key"":""lebl.ra.concept.ledger.order.least-upper-bound"",""source_bindings"":[],""status"":""active"",""supersedes_id"":null,""workflow_id"":""01a01f57-a34b-7740-9717-596b8116910c/backend-production-v0.3-r006-live""}"
"urn:uuid:7e0ff6db-d13e-5705-b045-0fc1d36125aa","lebl.ra.concept.ledger.function.image","image","","[]","[]","urn:uuid:a0273f1c-6fad-54c7-a75a-32a5161da656","active","{""definition"":"""",""id"":""urn:uuid:7e0ff6db-d13e-5705-b045-0fc1d36125aa"",""label"":""image"",""notation"":[],""record_type"":""concept"",""recorded_at"":""2026-08-21T00:00:00Z"",""rights_id"":""urn:uuid:a0273f1c-6fad-54c7-a75a-32a5161da656"",""schema_name"":""lebl.backend.record"",""schema_version"":""0.3.0"",""semantic_aliases"":[],""semantic_key"":""lebl.ra.concept.ledger.function.image"",""source_bindings"":[],""status"":""active"",""supersedes_id"":null,""workflow_id"":""01a01f57-a34b-7740-9717-596b8116910c/backend-production-v0.3-r006-live""}"
"urn:uuid:7f6d9b9f-c285-51a8-9af2-ec217648f7d9","lebl.ra.concept.ledger.theorem.fubini","Fubini theorem","","[]","[]","urn:uuid:a0273f1c-6fad-54c7-a75a-32a5161da656","active","{""definition"":"""",""id"":""urn:uuid:7f6d9b9f-c285-51a8-9af2-ec217648f7d9"",""label"":""Fubini theorem"",""notation"":[],""record_type"":""concept"",""recorded_at"":""2026-08-24T00:00:00Z"",""rights_id"":""urn:uuid:a0273f1c-6fad-54c7-a75a-32a5161da656"",""schema_name"":""lebl.backend.record"",""schema_version"":""0.3.0"",""semantic_aliases"":[],""semantic_key"":""lebl.ra.concept.ledger.theorem.fubini"",""source_bindings"":[],""status"":""active"",""supersedes_id"":null,""workflow_id"":""01a01f57-a34b-7740-9717-596b8116910c/backend-production-v0.4-live""}"
"urn:uuid:80061b2e-ff43-5f79-be99-44c7ed2d41a0","lebl.ra.concept.ledger.boundedness.total","totally bounded","","[]","[]","urn:uuid:a0273f1c-6fad-54c7-a75a-32a5161da656","active","{""definition"":"""",""id"":""urn:uuid:80061b2e-ff43-5f79-be99-44c7ed2d41a0"",""label"":""totally bounded"",""notation"":[],""record_type"":""concept"",""recorded_at"":""2026-08-21T00:00:00Z"",""rights_id"":""urn:uuid:a0273f1c-6fad-54c7-a75a-32a5161da656"",""schema_name"":""lebl.backend.record"",""schema_version"":""0.3.0"",""semantic_aliases"":[],""semantic_key"":""lebl.ra.concept.ledger.boundedness.total"",""source_bindings"":[],""status"":""active"",""supersedes_id"":null,""workflow_id"":""01a01f57-a34b-7740-9717-596b8116910c/backend-production-v0.3-r006-live""}"
"urn:uuid:802169a5-7c5a-5cb5-8f40-f7c39a55b5c5","lebl.ra.concept.ledger.function.zero.point","zero of a function","","[]","[]","urn:uuid:a0273f1c-6fad-54c7-a75a-32a5161da656","active","{""definition"":"""",""id"":""urn:uuid:802169a5-7c5a-5cb5-8f40-f7c39a55b5c5"",""label"":""zero of a function"",""notation"":[],""record_type"":""concept"",""recorded_at"":""2026-08-24T00:00:00Z"",""rights_id"":""urn:uuid:a0273f1c-6fad-54c7-a75a-32a5161da656"",""schema_name"":""lebl.backend.record"",""schema_version"":""0.3.0"",""semantic_aliases"":[],""semantic_key"":""lebl.ra.concept.ledger.function.zero.point"",""source_bindings"":[],""status"":""active"",""supersedes_id"":null,""workflow_id"":""01a01f57-a34b-7740-9717-596b8116910c/backend-production-v0.4-live""}"
"urn:uuid:80825e98-b029-5524-87e0-e67df911d0ab","lebl.ra.concept.ledger.function.continuous-piecewise-smooth","continuous piecewise smooth","","[]","[]","urn:uuid:a0273f1c-6fad-54c7-a75a-32a5161da656","active","{""definition"":"""",""id"":""urn:uuid:80825e98-b029-5524-87e0-e67df911d0ab"",""label"":""continuous piecewise smooth"",""notation"":[],""record_type"":""concept"",""recorded_at"":""2026-08-24T00:00:00Z"",""rights_id"":""urn:uuid:a0273f1c-6fad-54c7-a75a-32a5161da656"",""schema_name"":""lebl.backend.record"",""schema_version"":""0.3.0"",""semantic_aliases"":[],""semantic_key"":""lebl.ra.concept.ledger.function.continuous-piecewise-smooth"",""source_bindings"":[],""status"":""active"",""supersedes_id"":null,""workflow_id"":""01a01f57-a34b-7740-9717-596b8116910c/backend-production-v0.4-live""}"
"urn:uuid:81362335-ff53-58b3-94a7-9cae3c2c30cb","lebl.ra.concept.ledger.set-theory.set-difference","set difference","","[]","[]","urn:uuid:a0273f1c-6fad-54c7-a75a-32a5161da656","active","{""definition"":"""",""id"":""urn:uuid:81362335-ff53-58b3-94a7-9cae3c2c30cb"",""label"":""set difference"",""notation"":[],""record_type"":""concept"",""recorded_at"":""2026-08-21T00:00:00Z"",""rights_id"":""urn:uuid:a0273f1c-6fad-54c7-a75a-32a5161da656"",""schema_name"":""lebl.backend.record"",""schema_version"":""0.3.0"",""semantic_aliases"":[],""semantic_key"":""lebl.ra.concept.ledger.set-theory.set-difference"",""source_bindings"":[],""status"":""active"",""supersedes_id"":null,""workflow_id"":""01a01f57-a34b-7740-9717-596b8116910c/backend-production-v0.3-r006-live""}"
"urn:uuid:816311cd-4d48-5df5-aba5-7ead0f25cf8c","lebl.ra.concept.ledger.boundedness.uniform","uniformly bounded","","[]","[]","urn:uuid:a0273f1c-6fad-54c7-a75a-32a5161da656","active","{""definition"":"""",""id"":""urn:uuid:816311cd-4d48-5df5-aba5-7ead0f25cf8c"",""label"":""uniformly bounded"",""notation"":[],""record_type"":""concept"",""recorded_at"":""2026-08-24T00:00:00Z"",""rights_id"":""urn:uuid:a0273f1c-6fad-54c7-a75a-32a5161da656"",""schema_name"":""lebl.backend.record"",""schema_version"":""0.3.0"",""semantic_aliases"":[],""semantic_key"":""lebl.ra.concept.ledger.boundedness.uniform"",""source_bindings"":[],""status"":""active"",""supersedes_id"":null,""workflow_id"":""01a01f57-a34b-7740-9717-596b8116910c/backend-production-v0.4-live""}"
"urn:uuid:817572de-40dc-57ef-a99a-9e2b51a386ed","lebl.ra.concept.ledger.geometry.circle.circumference","circumference","","[]","[]","urn:uuid:a0273f1c-6fad-54c7-a75a-32a5161da656","active","{""definition"":"""",""id"":""urn:uuid:817572de-40dc-57ef-a99a-9e2b51a386ed"",""label"":""circumference"",""notation"":[],""record_type"":""concept"",""recorded_at"":""2026-08-24T00:00:00Z"",""rights_id"":""urn:uuid:a0273f1c-6fad-54c7-a75a-32a5161da656"",""schema_name"":""lebl.backend.record"",""schema_version"":""0.3.0"",""semantic_aliases"":[],""semantic_key"":""lebl.ra.concept.ledger.geometry.circle.circumference"",""source_bindings"":[],""status"":""active"",""supersedes_id"":null,""workflow_id"":""01a01f57-a34b-7740-9717-596b8116910c/backend-production-v0.4-live""}"
"urn:uuid:81a09a8b-f6e4-5709-a7a3-54a84fc51a99","lebl.ra.concept.ledger.polynomial.real-coefficients","real polynomial","","[]","[]","urn:uuid:a0273f1c-6fad-54c7-a75a-32a5161da656","active","{""definition"":"""",""id"":""urn:uuid:81a09a8b-f6e4-5709-a7a3-54a84fc51a99"",""label"":""real polynomial"",""notation"":[],""record_type"":""concept"",""recorded_at"":""2026-08-24T00:00:00Z"",""rights_id"":""urn:uuid:a0273f1c-6fad-54c7-a75a-32a5161da656"",""schema_name"":""lebl.backend.record"",""schema_version"":""0.3.0"",""semantic_aliases"":[],""semantic_key"":""lebl.ra.concept.ledger.polynomial.real-coefficients"",""source_bindings"":[],""status"":""active"",""supersedes_id"":null,""workflow_id"":""01a01f57-a34b-7740-9717-596b8116910c/backend-production-v0.4-live""}"
"urn:uuid:81d031d4-5ec9-5811-9e6a-ffc50b9d06bf","lebl.ra.concept.ledger.number.complex.unimodular","unimodular","","[]","[]","urn:uuid:a0273f1c-6fad-54c7-a75a-32a5161da656","active","{""definition"":"""",""id"":""urn:uuid:81d031d4-5ec9-5811-9e6a-ffc50b9d06bf"",""label"":""unimodular"",""notation"":[],""record_type"":""concept"",""recorded_at"":""2026-08-24T00:00:00Z"",""rights_id"":""urn:uuid:a0273f1c-6fad-54c7-a75a-32a5161da656"",""schema_name"":""lebl.backend.record"",""schema_version"":""0.3.0"",""semantic_aliases"":[],""semantic_key"":""lebl.ra.concept.ledger.number.complex.unimodular"",""source_bindings"":[],""status"":""active"",""supersedes_id"":null,""workflow_id"":""01a01f57-a34b-7740-9717-596b8116910c/backend-production-v0.4-live""}"
"urn:uuid:8260a8c4-4c02-5b12-9d0e-33a61a1400ed","lebl.ra.concept.ledger.proof.induction-basis","basis statement","","[]","[]","urn:uuid:a0273f1c-6fad-54c7-a75a-32a5161da656","active","{""definition"":"""",""id"":""urn:uuid:8260a8c4-4c02-5b12-9d0e-33a61a1400ed"",""label"":""basis statement"",""notation"":[],""record_type"":""concept"",""recorded_at"":""2026-08-21T00:00:00Z"",""rights_id"":""urn:uuid:a0273f1c-6fad-54c7-a75a-32a5161da656"",""schema_name"":""lebl.backend.record"",""schema_version"":""0.3.0"",""semantic_aliases"":[],""semantic_key"":""lebl.ra.concept.ledger.proof.induction-basis"",""source_bindings"":[],""status"":""active"",""supersedes_id"":null,""workflow_id"":""01a01f57-a34b-7740-9717-596b8116910c/backend-production-v0.3-r006-live""}"
"urn:uuid:82788d08-6695-5098-98b3-0084427a046d","lebl.ra.concept.ledger.function.absolute-value","absolute value function","","[]","[]","urn:uuid:a0273f1c-6fad-54c7-a75a-32a5161da656","active","{""definition"":"""",""id"":""urn:uuid:82788d08-6695-5098-98b3-0084427a046d"",""label"":""absolute value function"",""notation"":[],""record_type"":""concept"",""recorded_at"":""2026-08-24T00:00:00Z"",""rights_id"":""urn:uuid:a0273f1c-6fad-54c7-a75a-32a5161da656"",""schema_name"":""lebl.backend.record"",""schema_version"":""0.3.0"",""semantic_aliases"":[],""semantic_key"":""lebl.ra.concept.ledger.function.absolute-value"",""source_bindings"":[],""status"":""active"",""supersedes_id"":null,""workflow_id"":""01a01f57-a34b-7740-9717-596b8116910c/backend-production-v0.4-live""}"
"urn:uuid:827df3c2-f53e-5718-b750-22d66d1fe801","lebl.ra.concept.ledger.boundary.piecewise-smooth","piecewise smooth boundary","","[]","[]","urn:uuid:a0273f1c-6fad-54c7-a75a-32a5161da656","active","{""definition"":"""",""id"":""urn:uuid:827df3c2-f53e-5718-b750-22d66d1fe801"",""label"":""piecewise smooth boundary"",""notation"":[],""record_type"":""concept"",""recorded_at"":""2026-08-24T00:00:00Z"",""rights_id"":""urn:uuid:a0273f1c-6fad-54c7-a75a-32a5161da656"",""schema_name"":""lebl.backend.record"",""schema_version"":""0.3.0"",""semantic_aliases"":[],""semantic_key"":""lebl.ra.concept.ledger.boundary.piecewise-smooth"",""source_bindings"":[],""status"":""active"",""supersedes_id"":null,""workflow_id"":""01a01f57-a34b-7740-9717-596b8116910c/backend-production-v0.4-live""}"
"urn:uuid:82a24bad-938a-5533-a800-05581cd7748e","lebl.ra.concept.ledger.sequence.bounded","bounded sequence","","[]","[]","urn:uuid:a0273f1c-6fad-54c7-a75a-32a5161da656","active","{""definition"":"""",""id"":""urn:uuid:82a24bad-938a-5533-a800-05581cd7748e"",""label"":""bounded sequence"",""notation"":[],""record_type"":""concept"",""recorded_at"":""2026-08-21T00:00:00Z"",""rights_id"":""urn:uuid:a0273f1c-6fad-54c7-a75a-32a5161da656"",""schema_name"":""lebl.backend.record"",""schema_version"":""0.3.0"",""semantic_aliases"":[],""semantic_key"":""lebl.ra.concept.ledger.sequence.bounded"",""source_bindings"":[],""status"":""active"",""supersedes_id"":null,""workflow_id"":""01a01f57-a34b-7740-9717-596b8116910c/backend-production-v0.3-r006-live""}"
"urn:uuid:82e6aa4d-6ab3-50c8-b725-14e062f0fed2","lebl.ra.concept.ledger.function.sequence","sequence of functions","","[]","[]","urn:uuid:a0273f1c-6fad-54c7-a75a-32a5161da656","active","{""definition"":"""",""id"":""urn:uuid:82e6aa4d-6ab3-50c8-b725-14e062f0fed2"",""label"":""sequence of functions"",""notation"":[],""record_type"":""concept"",""recorded_at"":""2026-08-24T00:00:00Z"",""rights_id"":""urn:uuid:a0273f1c-6fad-54c7-a75a-32a5161da656"",""schema_name"":""lebl.backend.record"",""schema_version"":""0.3.0"",""semantic_aliases"":[],""semantic_key"":""lebl.ra.concept.ledger.function.sequence"",""source_bindings"":[],""status"":""active"",""supersedes_id"":null,""workflow_id"":""01a01f57-a34b-7740-9717-596b8116910c/backend-production-v0.4-live""}"
"urn:uuid:83cf6a1d-4177-5ac1-a73e-4685435dceaa","lebl.ra.concept.ledger.theorem.bolzano-weierstrass","Bolzano--Weierstrass theorem","","[]","[]","urn:uuid:a0273f1c-6fad-54c7-a75a-32a5161da656","active","{""definition"":"""",""id"":""urn:uuid:83cf6a1d-4177-5ac1-a73e-4685435dceaa"",""label"":""Bolzano--Weierstrass theorem"",""notation"":[],""record_type"":""concept"",""recorded_at"":""2026-08-21T00:00:00Z"",""rights_id"":""urn:uuid:a0273f1c-6fad-54c7-a75a-32a5161da656"",""schema_name"":""lebl.backend.record"",""schema_version"":""0.3.0"",""semantic_aliases"":[],""semantic_key"":""lebl.ra.concept.ledger.theorem.bolzano-weierstrass"",""source_bindings"":[],""status"":""active"",""supersedes_id"":null,""workflow_id"":""01a01f57-a34b-7740-9717-596b8116910c/backend-production-v0.3-r006-live""}"
"urn:uuid:8436bf99-916d-5f43-aeb6-7a0660bc8299","lebl.ra.concept.ledger.set-theory.empty-set","empty set","","[]","[]","urn:uuid:a0273f1c-6fad-54c7-a75a-32a5161da656","active","{""definition"":"""",""id"":""urn:uuid:8436bf99-916d-5f43-aeb6-7a0660bc8299"",""label"":""empty set"",""notation"":[],""record_type"":""concept"",""recorded_at"":""2026-08-21T00:00:00Z"",""rights_id"":""urn:uuid:a0273f1c-6fad-54c7-a75a-32a5161da656"",""schema_name"":""lebl.backend.record"",""schema_version"":""0.3.0"",""semantic_aliases"":[],""semantic_key"":""lebl.ra.concept.ledger.set-theory.empty-set"",""source_bindings"":[],""status"":""active"",""supersedes_id"":null,""workflow_id"":""01a01f57-a34b-7740-9717-596b8116910c/backend-production-v0.3-r006-live""}"
"urn:uuid:847ffe8b-6491-5f79-aca9-f4e121ea8491","lebl.ra.concept.ledger.matrix.block-form","block matrix form","","[]","[]","urn:uuid:a0273f1c-6fad-54c7-a75a-32a5161da656","active","{""definition"":"""",""id"":""urn:uuid:847ffe8b-6491-5f79-aca9-f4e121ea8491"",""label"":""block matrix form"",""notation"":[],""record_type"":""concept"",""recorded_at"":""2026-08-24T00:00:00Z"",""rights_id"":""urn:uuid:a0273f1c-6fad-54c7-a75a-32a5161da656"",""schema_name"":""lebl.backend.record"",""schema_version"":""0.3.0"",""semantic_aliases"":[],""semantic_key"":""lebl.ra.concept.ledger.matrix.block-form"",""source_bindings"":[],""status"":""active"",""supersedes_id"":null,""workflow_id"":""01a01f57-a34b-7740-9717-596b8116910c/backend-production-v0.4-live""}"
"urn:uuid:85de08e0-4349-5572-9597-3397f5ff26c5","lebl.ra.concept.ledger.theorem.dini","Dini theorem","","[]","[]","urn:uuid:a0273f1c-6fad-54c7-a75a-32a5161da656","active","{""definition"":"""",""id"":""urn:uuid:85de08e0-4349-5572-9597-3397f5ff26c5"",""label"":""Dini theorem"",""notation"":[],""record_type"":""concept"",""recorded_at"":""2026-08-21T00:00:00Z"",""rights_id"":""urn:uuid:a0273f1c-6fad-54c7-a75a-32a5161da656"",""schema_name"":""lebl.backend.record"",""schema_version"":""0.3.0"",""semantic_aliases"":[],""semantic_key"":""lebl.ra.concept.ledger.theorem.dini"",""source_bindings"":[],""status"":""active"",""supersedes_id"":null,""workflow_id"":""01a01f57-a34b-7740-9717-596b8116910c/backend-production-v0.3-r006-live""}"
"urn:uuid:8655731b-8f76-5eae-bcf1-0f1a9045eb41","lebl.ra.concept.ledger.integration.linearity","linearity of the integral","","[]","[]","urn:uuid:a0273f1c-6fad-54c7-a75a-32a5161da656","active","{""definition"":"""",""id"":""urn:uuid:8655731b-8f76-5eae-bcf1-0f1a9045eb41"",""label"":""linearity of the integral"",""notation"":[],""record_type"":""concept"",""recorded_at"":""2026-08-21T00:00:00Z"",""rights_id"":""urn:uuid:a0273f1c-6fad-54c7-a75a-32a5161da656"",""schema_name"":""lebl.backend.record"",""schema_version"":""0.3.0"",""semantic_aliases"":[],""semantic_key"":""lebl.ra.concept.ledger.integration.linearity"",""source_bindings"":[],""status"":""active"",""supersedes_id"":null,""workflow_id"":""01a01f57-a34b-7740-9717-596b8116910c/backend-production-v0.3-r006-live""}"
"urn:uuid:86a5fb9d-5dd7-57a9-a948-de1a10490d8a","lebl.ra.concept.ledger.integration.signed-integral","signed integral","","[]","[]","urn:uuid:a0273f1c-6fad-54c7-a75a-32a5161da656","active","{""definition"":"""",""id"":""urn:uuid:86a5fb9d-5dd7-57a9-a948-de1a10490d8a"",""label"":""signed integral"",""notation"":[],""record_type"":""concept"",""recorded_at"":""2026-08-24T00:00:00Z"",""rights_id"":""urn:uuid:a0273f1c-6fad-54c7-a75a-32a5161da656"",""schema_name"":""lebl.backend.record"",""schema_version"":""0.3.0"",""semantic_aliases"":[],""semantic_key"":""lebl.ra.concept.ledger.integration.signed-integral"",""source_bindings"":[],""status"":""active"",""supersedes_id"":null,""workflow_id"":""01a01f57-a34b-7740-9717-596b8116910c/backend-production-v0.4-live""}"
"urn:uuid:86cb81b0-1c94-587f-9c15-aa7ef13b944e","lebl.ra.concept.ledger.geometry.curve.differentiable","differentiable curve","","[]","[]","urn:uuid:a0273f1c-6fad-54c7-a75a-32a5161da656","active","{""definition"":"""",""id"":""urn:uuid:86cb81b0-1c94-587f-9c15-aa7ef13b944e"",""label"":""differentiable curve"",""notation"":[],""record_type"":""concept"",""recorded_at"":""2026-08-21T00:00:00Z"",""rights_id"":""urn:uuid:a0273f1c-6fad-54c7-a75a-32a5161da656"",""schema_name"":""lebl.backend.record"",""schema_version"":""0.3.0"",""semantic_aliases"":[],""semantic_key"":""lebl.ra.concept.ledger.geometry.curve.differentiable"",""source_bindings"":[],""status"":""active"",""supersedes_id"":null,""workflow_id"":""01a01f57-a34b-7740-9717-596b8116910c/backend-production-v0.3-r006-live""}"
"urn:uuid:8725cd05-e8e6-5e70-a104-af11b162cc93","lebl.ra.concept.ledger.set-theory.set","set","","[]","[]","urn:uuid:a0273f1c-6fad-54c7-a75a-32a5161da656","active","{""definition"":"""",""id"":""urn:uuid:8725cd05-e8e6-5e70-a104-af11b162cc93"",""label"":""set"",""notation"":[],""record_type"":""concept"",""recorded_at"":""2026-08-21T00:00:00Z"",""rights_id"":""urn:uuid:a0273f1c-6fad-54c7-a75a-32a5161da656"",""schema_name"":""lebl.backend.record"",""schema_version"":""0.3.0"",""semantic_aliases"":[],""semantic_key"":""lebl.ra.concept.ledger.set-theory.set"",""source_bindings"":[],""status"":""active"",""supersedes_id"":null,""workflow_id"":""01a01f57-a34b-7740-9717-596b8116910c/backend-production-v0.3-r006-live""}"
"urn:uuid:88370c44-44bc-56dd-a7e2-68deb0669ead","lebl.ra.concept.ledger.measure.almost-every-point","for almost every","","[]","[]","urn:uuid:a0273f1c-6fad-54c7-a75a-32a5161da656","active","{""definition"":"""",""id"":""urn:uuid:88370c44-44bc-56dd-a7e2-68deb0669ead"",""label"":""for almost every"",""notation"":[],""record_type"":""concept"",""recorded_at"":""2026-08-24T00:00:00Z"",""rights_id"":""urn:uuid:a0273f1c-6fad-54c7-a75a-32a5161da656"",""schema_name"":""lebl.backend.record"",""schema_version"":""0.3.0"",""semantic_aliases"":[],""semantic_key"":""lebl.ra.concept.ledger.measure.almost-every-point"",""source_bindings"":[],""status"":""active"",""supersedes_id"":null,""workflow_id"":""01a01f57-a34b-7740-9717-596b8116910c/backend-production-v0.4-live""}"
"urn:uuid:88664909-26eb-562b-81cb-209ec4497530","lebl.ra.concept.ledger.calculus.infinitely-differentiable","infinitely differentiable","","[]","[]","urn:uuid:a0273f1c-6fad-54c7-a75a-32a5161da656","active","{""definition"":"""",""id"":""urn:uuid:88664909-26eb-562b-81cb-209ec4497530"",""label"":""infinitely differentiable"",""notation"":[],""record_type"":""concept"",""recorded_at"":""2026-08-21T00:00:00Z"",""rights_id"":""urn:uuid:a0273f1c-6fad-54c7-a75a-32a5161da656"",""schema_name"":""lebl.backend.record"",""schema_version"":""0.3.0"",""semantic_aliases"":[],""semantic_key"":""lebl.ra.concept.ledger.calculus.infinitely-differentiable"",""source_bindings"":[],""status"":""active"",""supersedes_id"":null,""workflow_id"":""01a01f57-a34b-7740-9717-596b8116910c/backend-production-v0.3-r006-live""}"
"urn:uuid:889fc262-5ebc-5ca5-9813-397b375f7a39","lebl.ra.concept.ledger.continuity.uniformly-equicontinuous","uniformly equicontinuous","","[]","[]","urn:uuid:a0273f1c-6fad-54c7-a75a-32a5161da656","active","{""definition"":"""",""id"":""urn:uuid:889fc262-5ebc-5ca5-9813-397b375f7a39"",""label"":""uniformly equicontinuous"",""notation"":[],""record_type"":""concept"",""recorded_at"":""2026-08-24T00:00:00Z"",""rights_id"":""urn:uuid:a0273f1c-6fad-54c7-a75a-32a5161da656"",""schema_name"":""lebl.backend.record"",""schema_version"":""0.3.0"",""semantic_aliases"":[],""semantic_key"":""lebl.ra.concept.ledger.continuity.uniformly-equicontinuous"",""source_bindings"":[],""status"":""active"",""supersedes_id"":null,""workflow_id"":""01a01f57-a34b-7740-9717-596b8116910c/backend-production-v0.4-live""}"
"urn:uuid:8a3d9c00-7923-5081-9302-6589f3f6f740","lebl.ra.concept.ledger.modulus.complex","complex modulus","","[]","[]","urn:uuid:a0273f1c-6fad-54c7-a75a-32a5161da656","active","{""definition"":"""",""id"":""urn:uuid:8a3d9c00-7923-5081-9302-6589f3f6f740"",""label"":""complex modulus"",""notation"":[],""record_type"":""concept"",""recorded_at"":""2026-08-21T00:00:00Z"",""rights_id"":""urn:uuid:a0273f1c-6fad-54c7-a75a-32a5161da656"",""schema_name"":""lebl.backend.record"",""schema_version"":""0.3.0"",""semantic_aliases"":[],""semantic_key"":""lebl.ra.concept.ledger.modulus.complex"",""source_bindings"":[],""status"":""active"",""supersedes_id"":null,""workflow_id"":""01a01f57-a34b-7740-9717-596b8116910c/backend-production-v0.3-r006-live""}"
"urn:uuid:8a80ad6d-55a5-5690-8360-fed573e1151c","lebl.ra.concept.ledger.basis.standard","standard basis","","[]","[]","urn:uuid:a0273f1c-6fad-54c7-a75a-32a5161da656","active","{""definition"":"""",""id"":""urn:uuid:8a80ad6d-55a5-5690-8360-fed573e1151c"",""label"":""standard basis"",""notation"":[],""record_type"":""concept"",""recorded_at"":""2026-08-21T00:00:00Z"",""rights_id"":""urn:uuid:a0273f1c-6fad-54c7-a75a-32a5161da656"",""schema_name"":""lebl.backend.record"",""schema_version"":""0.3.0"",""semantic_aliases"":[],""semantic_key"":""lebl.ra.concept.ledger.basis.standard"",""source_bindings"":[],""status"":""active"",""supersedes_id"":null,""workflow_id"":""01a01f57-a34b-7740-9717-596b8116910c/backend-production-v0.3-r006-live""}"
"urn:uuid:8abef3b3-9705-56a4-a77c-431405cf4e11","lebl.ra.concept.ledger.norm.seminorm","seminorm","","[]","[]","urn:uuid:a0273f1c-6fad-54c7-a75a-32a5161da656","active","{""definition"":"""",""id"":""urn:uuid:8abef3b3-9705-56a4-a77c-431405cf4e11"",""label"":""seminorm"",""notation"":[],""record_type"":""concept"",""recorded_at"":""2026-08-24T00:00:00Z"",""rights_id"":""urn:uuid:a0273f1c-6fad-54c7-a75a-32a5161da656"",""schema_name"":""lebl.backend.record"",""schema_version"":""0.3.0"",""semantic_aliases"":[],""semantic_key"":""lebl.ra.concept.ledger.norm.seminorm"",""source_bindings"":[],""status"":""active"",""supersedes_id"":null,""workflow_id"":""01a01f57-a34b-7740-9717-596b8116910c/backend-production-v0.4-live""}"
"urn:uuid:8ae2d738-747c-54a1-be22-d018489b2a49","lebl.diffyqs.concept.ledger.ode.initial-condition","initial condition","","[]","[]","urn:uuid:55f5bc5b-fcc2-55bd-8bcb-65ab31cc4e0f","active","{""definition"":"""",""id"":""urn:uuid:8ae2d738-747c-54a1-be22-d018489b2a49"",""label"":""initial condition"",""notation"":[],""record_type"":""concept"",""recorded_at"":""2026-08-24T00:00:00Z"",""rights_id"":""urn:uuid:55f5bc5b-fcc2-55bd-8bcb-65ab31cc4e0f"",""schema_name"":""lebl.backend.record"",""schema_version"":""0.3.0"",""semantic_aliases"":[],""semantic_key"":""lebl.diffyqs.concept.ledger.ode.initial-condition"",""source_bindings"":[],""status"":""active"",""supersedes_id"":null,""workflow_id"":""01a01f57-a34b-7740-9717-596b8116910c/backend-production-v0.4-live""}"
"urn:uuid:8bb48dc6-d261-5b8a-b56a-751b30238945","lebl.ra.concept.ledger.geometry.path.reparametrization.piecewise-smooth","piecewise smooth reparametrization","","[]","[]","urn:uuid:a0273f1c-6fad-54c7-a75a-32a5161da656","active","{""definition"":"""",""id"":""urn:uuid:8bb48dc6-d261-5b8a-b56a-751b30238945"",""label"":""piecewise smooth reparametrization"",""notation"":[],""record_type"":""concept"",""recorded_at"":""2026-08-24T00:00:00Z"",""rights_id"":""urn:uuid:a0273f1c-6fad-54c7-a75a-32a5161da656"",""schema_name"":""lebl.backend.record"",""schema_version"":""0.3.0"",""semantic_aliases"":[],""semantic_key"":""lebl.ra.concept.ledger.geometry.path.reparametrization.piecewise-smooth"",""source_bindings"":[],""status"":""active"",""supersedes_id"":null,""workflow_id"":""01a01f57-a34b-7740-9717-596b8116910c/backend-production-v0.4-live""}"
"urn:uuid:8be87c96-a511-5ef9-80ba-f7e83e9e7b20","lebl.ra.concept.ledger.set.closed.relative","closed relative to","","[]","[]","urn:uuid:a0273f1c-6fad-54c7-a75a-32a5161da656","active","{""definition"":"""",""id"":""urn:uuid:8be87c96-a511-5ef9-80ba-f7e83e9e7b20"",""label"":""closed relative to"",""notation"":[],""record_type"":""concept"",""recorded_at"":""2026-08-24T00:00:00Z"",""rights_id"":""urn:uuid:a0273f1c-6fad-54c7-a75a-32a5161da656"",""schema_name"":""lebl.backend.record"",""schema_version"":""0.3.0"",""semantic_aliases"":[],""semantic_key"":""lebl.ra.concept.ledger.set.closed.relative"",""source_bindings"":[],""status"":""active"",""supersedes_id"":null,""workflow_id"":""01a01f57-a34b-7740-9717-596b8116910c/backend-production-v0.4-live""}"
"urn:uuid:8c458670-87cf-5422-a6e7-2975a824ca67","lebl.ra.concept.ledger.analysis.local-behavior","local behavior","","[]","[]","urn:uuid:a0273f1c-6fad-54c7-a75a-32a5161da656","active","{""definition"":"""",""id"":""urn:uuid:8c458670-87cf-5422-a6e7-2975a824ca67"",""label"":""local behavior"",""notation"":[],""record_type"":""concept"",""recorded_at"":""2026-08-24T00:00:00Z"",""rights_id"":""urn:uuid:a0273f1c-6fad-54c7-a75a-32a5161da656"",""schema_name"":""lebl.backend.record"",""schema_version"":""0.3.0"",""semantic_aliases"":[],""semantic_key"":""lebl.ra.concept.ledger.analysis.local-behavior"",""source_bindings"":[],""status"":""active"",""supersedes_id"":null,""workflow_id"":""01a01f57-a34b-7740-9717-596b8116910c/backend-production-v0.4-live""}"
"urn:uuid:8c83d5a8-3575-5d13-b99c-51521234c885","lebl.ra.concept.ledger.calculus.symmetric-difference-quotient","symmetric difference quotient","","[]","[]","urn:uuid:a0273f1c-6fad-54c7-a75a-32a5161da656","active","{""definition"":"""",""id"":""urn:uuid:8c83d5a8-3575-5d13-b99c-51521234c885"",""label"":""symmetric difference quotient"",""notation"":[],""record_type"":""concept"",""recorded_at"":""2026-08-24T00:00:00Z"",""rights_id"":""urn:uuid:a0273f1c-6fad-54c7-a75a-32a5161da656"",""schema_name"":""lebl.backend.record"",""schema_version"":""0.3.0"",""semantic_aliases"":[],""semantic_key"":""lebl.ra.concept.ledger.calculus.symmetric-difference-quotient"",""source_bindings"":[],""status"":""active"",""supersedes_id"":null,""workflow_id"":""01a01f57-a34b-7740-9717-596b8116910c/backend-production-v0.4-live""}"
"urn:uuid:8c83fb8d-c38a-5494-931f-863c3531295e","lebl.ra.concept.ledger.proof.without-loss-of-generality","without loss of generality","","[]","[]","urn:uuid:a0273f1c-6fad-54c7-a75a-32a5161da656","active","{""definition"":"""",""id"":""urn:uuid:8c83fb8d-c38a-5494-931f-863c3531295e"",""label"":""without loss of generality"",""notation"":[],""record_type"":""concept"",""recorded_at"":""2026-08-24T00:00:00Z"",""rights_id"":""urn:uuid:a0273f1c-6fad-54c7-a75a-32a5161da656"",""schema_name"":""lebl.backend.record"",""schema_version"":""0.3.0"",""semantic_aliases"":[],""semantic_key"":""lebl.ra.concept.ledger.proof.without-loss-of-generality"",""source_bindings"":[],""status"":""active"",""supersedes_id"":null,""workflow_id"":""01a01f57-a34b-7740-9717-596b8116910c/backend-production-v0.4-live""}"
"urn:uuid:8cc36ca9-9f73-57da-a9c8-1681ed78261a","lebl.ra.concept.ledger.norm.one","1-norm","","[]","[]","urn:uuid:a0273f1c-6fad-54c7-a75a-32a5161da656","active","{""definition"":"""",""id"":""urn:uuid:8cc36ca9-9f73-57da-a9c8-1681ed78261a"",""label"":""1-norm"",""notation"":[],""record_type"":""concept"",""recorded_at"":""2026-08-21T00:00:00Z"",""rights_id"":""urn:uuid:a0273f1c-6fad-54c7-a75a-32a5161da656"",""schema_name"":""lebl.backend.record"",""schema_version"":""0.3.0"",""semantic_aliases"":[],""semantic_key"":""lebl.ra.concept.ledger.norm.one"",""source_bindings"":[],""status"":""active"",""supersedes_id"":null,""workflow_id"":""01a01f57-a34b-7740-9717-596b8116910c/backend-production-v0.3-r006-live""}"
"urn:uuid:8cdda81b-e914-5d74-8c9d-e09c82372234","lebl.ra.concept.ledger.series.symmetric-partial-sum","symmetric partial sum","","[]","[]","urn:uuid:a0273f1c-6fad-54c7-a75a-32a5161da656","active","{""definition"":"""",""id"":""urn:uuid:8cdda81b-e914-5d74-8c9d-e09c82372234"",""label"":""symmetric partial sum"",""notation"":[],""record_type"":""concept"",""recorded_at"":""2026-08-24T00:00:00Z"",""rights_id"":""urn:uuid:a0273f1c-6fad-54c7-a75a-32a5161da656"",""schema_name"":""lebl.backend.record"",""schema_version"":""0.3.0"",""semantic_aliases"":[],""semantic_key"":""lebl.ra.concept.ledger.series.symmetric-partial-sum"",""source_bindings"":[],""status"":""active"",""supersedes_id"":null,""workflow_id"":""01a01f57-a34b-7740-9717-596b8116910c/backend-production-v0.4-live""}"
"urn:uuid:8cf31f78-209e-5f7e-a358-395766a4a54f","lebl.ra.concept.ledger.series.integral-test","integral test for series","","[]","[]","urn:uuid:a0273f1c-6fad-54c7-a75a-32a5161da656","active","{""definition"":"""",""id"":""urn:uuid:8cf31f78-209e-5f7e-a358-395766a4a54f"",""label"":""integral test for series"",""notation"":[],""record_type"":""concept"",""recorded_at"":""2026-08-21T00:00:00Z"",""rights_id"":""urn:uuid:a0273f1c-6fad-54c7-a75a-32a5161da656"",""schema_name"":""lebl.backend.record"",""schema_version"":""0.3.0"",""semantic_aliases"":[],""semantic_key"":""lebl.ra.concept.ledger.series.integral-test"",""source_bindings"":[],""status"":""active"",""supersedes_id"":null,""workflow_id"":""01a01f57-a34b-7740-9717-596b8116910c/backend-production-v0.3-r006-live""}"
"urn:uuid:8d04d2a9-f5d7-5dca-908b-4072785821cc","lebl.ra.concept.ledger.distribution.delta-function","delta function","","[]","[]","urn:uuid:a0273f1c-6fad-54c7-a75a-32a5161da656","active","{""definition"":"""",""id"":""urn:uuid:8d04d2a9-f5d7-5dca-908b-4072785821cc"",""label"":""delta function"",""notation"":[],""record_type"":""concept"",""recorded_at"":""2026-08-24T00:00:00Z"",""rights_id"":""urn:uuid:a0273f1c-6fad-54c7-a75a-32a5161da656"",""schema_name"":""lebl.backend.record"",""schema_version"":""0.3.0"",""semantic_aliases"":[],""semantic_key"":""lebl.ra.concept.ledger.distribution.delta-function"",""source_bindings"":[],""status"":""active"",""supersedes_id"":null,""workflow_id"":""01a01f57-a34b-7740-9717-596b8116910c/backend-production-v0.4-live""}"
"urn:uuid:8d07293e-4796-52a4-84b3-c25bbe1076a4","lebl.ra.concept.ledger.function.riemann-zeta","Riemann zeta function","","[]","[]","urn:uuid:a0273f1c-6fad-54c7-a75a-32a5161da656","active","{""definition"":"""",""id"":""urn:uuid:8d07293e-4796-52a4-84b3-c25bbe1076a4"",""label"":""Riemann zeta function"",""notation"":[],""record_type"":""concept"",""recorded_at"":""2026-08-21T00:00:00Z"",""rights_id"":""urn:uuid:a0273f1c-6fad-54c7-a75a-32a5161da656"",""schema_name"":""lebl.backend.record"",""schema_version"":""0.3.0"",""semantic_aliases"":[],""semantic_key"":""lebl.ra.concept.ledger.function.riemann-zeta"",""source_bindings"":[],""status"":""active"",""supersedes_id"":null,""workflow_id"":""01a01f57-a34b-7740-9717-596b8116910c/backend-production-v0.3-r006-live""}"
"urn:uuid:8d0b4ac8-bff3-5650-98b9-921eb6af40e5","lebl.ra.concept.ledger.calculus.continuously-differentiable","continuously differentiable","","[]","[]","urn:uuid:a0273f1c-6fad-54c7-a75a-32a5161da656","active","{""definition"":"""",""id"":""urn:uuid:8d0b4ac8-bff3-5650-98b9-921eb6af40e5"",""label"":""continuously differentiable"",""notation"":[],""record_type"":""concept"",""recorded_at"":""2026-08-21T00:00:00Z"",""rights_id"":""urn:uuid:a0273f1c-6fad-54c7-a75a-32a5161da656"",""schema_name"":""lebl.backend.record"",""schema_version"":""0.3.0"",""semantic_aliases"":[],""semantic_key"":""lebl.ra.concept.ledger.calculus.continuously-differentiable"",""source_bindings"":[],""status"":""active"",""supersedes_id"":null,""workflow_id"":""01a01f57-a34b-7740-9717-596b8116910c/backend-production-v0.3-r006-live""}"
"urn:uuid:8d536995-c123-5ef4-ba97-fa07d7b4f38b","lebl.ra.concept.ledger.topology","topology","","[]","[]","urn:uuid:a0273f1c-6fad-54c7-a75a-32a5161da656","active","{""definition"":"""",""id"":""urn:uuid:8d536995-c123-5ef4-ba97-fa07d7b4f38b"",""label"":""topology"",""notation"":[],""record_type"":""concept"",""recorded_at"":""2026-08-21T00:00:00Z"",""rights_id"":""urn:uuid:a0273f1c-6fad-54c7-a75a-32a5161da656"",""schema_name"":""lebl.backend.record"",""schema_version"":""0.3.0"",""semantic_aliases"":[],""semantic_key"":""lebl.ra.concept.ledger.topology"",""source_bindings"":[],""status"":""active"",""supersedes_id"":null,""workflow_id"":""01a01f57-a34b-7740-9717-596b8116910c/backend-production-v0.3-r006-live""}"
"urn:uuid:8d94c4a8-e491-5819-b0fe-fd9b239d2185","lebl.ra.concept.ledger.test.p-series","p-test","","[]","[]","urn:uuid:a0273f1c-6fad-54c7-a75a-32a5161da656","active","{""definition"":"""",""id"":""urn:uuid:8d94c4a8-e491-5819-b0fe-fd9b239d2185"",""label"":""p-test"",""notation"":[],""record_type"":""concept"",""recorded_at"":""2026-08-21T00:00:00Z"",""rights_id"":""urn:uuid:a0273f1c-6fad-54c7-a75a-32a5161da656"",""schema_name"":""lebl.backend.record"",""schema_version"":""0.3.0"",""semantic_aliases"":[],""semantic_key"":""lebl.ra.concept.ledger.test.p-series"",""source_bindings"":[],""status"":""active"",""supersedes_id"":null,""workflow_id"":""01a01f57-a34b-7740-9717-596b8116910c/backend-production-v0.3-r006-live""}"
"urn:uuid:8e2ee6c9-e40c-56bd-ae33-cb4620db23e5","lebl.ra.concept.ledger.function.sinc","sinc function","","[]","[]","urn:uuid:a0273f1c-6fad-54c7-a75a-32a5161da656","active","{""definition"":"""",""id"":""urn:uuid:8e2ee6c9-e40c-56bd-ae33-cb4620db23e5"",""label"":""sinc function"",""notation"":[],""record_type"":""concept"",""recorded_at"":""2026-08-21T00:00:00Z"",""rights_id"":""urn:uuid:a0273f1c-6fad-54c7-a75a-32a5161da656"",""schema_name"":""lebl.backend.record"",""schema_version"":""0.3.0"",""semantic_aliases"":[],""semantic_key"":""lebl.ra.concept.ledger.function.sinc"",""source_bindings"":[],""status"":""active"",""supersedes_id"":null,""workflow_id"":""01a01f57-a34b-7740-9717-596b8116910c/backend-production-v0.3-r006-live""}"
"urn:uuid:8eafd978-84c7-585a-b124-5ffea277c91d","lebl.ra.concept.ledger.set.symmetric","symmetric set","","[]","[]","urn:uuid:a0273f1c-6fad-54c7-a75a-32a5161da656","active","{""definition"":"""",""id"":""urn:uuid:8eafd978-84c7-585a-b124-5ffea277c91d"",""label"":""symmetric set"",""notation"":[],""record_type"":""concept"",""recorded_at"":""2026-08-21T00:00:00Z"",""rights_id"":""urn:uuid:a0273f1c-6fad-54c7-a75a-32a5161da656"",""schema_name"":""lebl.backend.record"",""schema_version"":""0.3.0"",""semantic_aliases"":[],""semantic_key"":""lebl.ra.concept.ledger.set.symmetric"",""source_bindings"":[],""status"":""active"",""supersedes_id"":null,""workflow_id"":""01a01f57-a34b-7740-9717-596b8116910c/backend-production-v0.3-r006-live""}"
"urn:uuid:8ee232f8-df4f-5da2-a3f1-a9625fb405b7","lebl.ra.concept.ledger.convergence.pointwise","pointwise convergence","","[]","[]","urn:uuid:a0273f1c-6fad-54c7-a75a-32a5161da656","active","{""definition"":"""",""id"":""urn:uuid:8ee232f8-df4f-5da2-a3f1-a9625fb405b7"",""label"":""pointwise convergence"",""notation"":[],""record_type"":""concept"",""recorded_at"":""2026-08-21T00:00:00Z"",""rights_id"":""urn:uuid:a0273f1c-6fad-54c7-a75a-32a5161da656"",""schema_name"":""lebl.backend.record"",""schema_version"":""0.3.0"",""semantic_aliases"":[],""semantic_key"":""lebl.ra.concept.ledger.convergence.pointwise"",""source_bindings"":[],""status"":""active"",""supersedes_id"":null,""workflow_id"":""01a01f57-a34b-7740-9717-596b8116910c/backend-production-v0.3-r006-live""}"
"urn:uuid:8f3cfdcb-7489-57ce-90af-c9b554501df0","lebl.ra.concept.ledger.cardinality.countably-infinite","countably infinite","","[]","[]","urn:uuid:a0273f1c-6fad-54c7-a75a-32a5161da656","active","{""definition"":"""",""id"":""urn:uuid:8f3cfdcb-7489-57ce-90af-c9b554501df0"",""label"":""countably infinite"",""notation"":[],""record_type"":""concept"",""recorded_at"":""2026-08-21T00:00:00Z"",""rights_id"":""urn:uuid:a0273f1c-6fad-54c7-a75a-32a5161da656"",""schema_name"":""lebl.backend.record"",""schema_version"":""0.3.0"",""semantic_aliases"":[],""semantic_key"":""lebl.ra.concept.ledger.cardinality.countably-infinite"",""source_bindings"":[],""status"":""active"",""supersedes_id"":null,""workflow_id"":""01a01f57-a34b-7740-9717-596b8116910c/backend-production-v0.3-r006-live""}"
"urn:uuid:8f568ea3-caf4-50a7-b555-b054124f71a0","lebl.ra.concept.ledger.relation.symmetric","symmetric","","[]","[]","urn:uuid:a0273f1c-6fad-54c7-a75a-32a5161da656","active","{""definition"":"""",""id"":""urn:uuid:8f568ea3-caf4-50a7-b555-b054124f71a0"",""label"":""symmetric"",""notation"":[],""record_type"":""concept"",""recorded_at"":""2026-08-21T00:00:00Z"",""rights_id"":""urn:uuid:a0273f1c-6fad-54c7-a75a-32a5161da656"",""schema_name"":""lebl.backend.record"",""schema_version"":""0.3.0"",""semantic_aliases"":[],""semantic_key"":""lebl.ra.concept.ledger.relation.symmetric"",""source_bindings"":[],""status"":""active"",""supersedes_id"":null,""workflow_id"":""01a01f57-a34b-7740-9717-596b8116910c/backend-production-v0.3-r006-live""}"
"urn:uuid:8f8e7976-6902-5622-bc14-7a8a36121827","lebl.ra.concept.ledger.theorem.bolzano-intermediate-value","Bolzano intermediate value theorem","","[]","[]","urn:uuid:a0273f1c-6fad-54c7-a75a-32a5161da656","active","{""definition"":"""",""id"":""urn:uuid:8f8e7976-6902-5622-bc14-7a8a36121827"",""label"":""Bolzano intermediate value theorem"",""notation"":[],""record_type"":""concept"",""recorded_at"":""2026-08-21T00:00:00Z"",""rights_id"":""urn:uuid:a0273f1c-6fad-54c7-a75a-32a5161da656"",""schema_name"":""lebl.backend.record"",""schema_version"":""0.3.0"",""semantic_aliases"":[],""semantic_key"":""lebl.ra.concept.ledger.theorem.bolzano-intermediate-value"",""source_bindings"":[],""status"":""active"",""supersedes_id"":null,""workflow_id"":""01a01f57-a34b-7740-9717-596b8116910c/backend-production-v0.3-r006-live""}"
"urn:uuid:9044450b-3fa4-5024-b35f-b960f86cf2fc","lebl.ra.concept.ledger.polynomial.multivariable","polynomial in several variables","","[]","[]","urn:uuid:a0273f1c-6fad-54c7-a75a-32a5161da656","active","{""definition"":"""",""id"":""urn:uuid:9044450b-3fa4-5024-b35f-b960f86cf2fc"",""label"":""polynomial in several variables"",""notation"":[],""record_type"":""concept"",""recorded_at"":""2026-08-24T00:00:00Z"",""rights_id"":""urn:uuid:a0273f1c-6fad-54c7-a75a-32a5161da656"",""schema_name"":""lebl.backend.record"",""schema_version"":""0.3.0"",""semantic_aliases"":[],""semantic_key"":""lebl.ra.concept.ledger.polynomial.multivariable"",""source_bindings"":[],""status"":""active"",""supersedes_id"":null,""workflow_id"":""01a01f57-a34b-7740-9717-596b8116910c/backend-production-v0.4-live""}"
"urn:uuid:9080e3f5-8714-5ce6-9fee-39bfe2aef73a","lebl.ra.concept.ledger.series.laurent","Laurent series","","[]","[]","urn:uuid:a0273f1c-6fad-54c7-a75a-32a5161da656","active","{""definition"":"""",""id"":""urn:uuid:9080e3f5-8714-5ce6-9fee-39bfe2aef73a"",""label"":""Laurent series"",""notation"":[],""record_type"":""concept"",""recorded_at"":""2026-08-24T00:00:00Z"",""rights_id"":""urn:uuid:a0273f1c-6fad-54c7-a75a-32a5161da656"",""schema_name"":""lebl.backend.record"",""schema_version"":""0.3.0"",""semantic_aliases"":[],""semantic_key"":""lebl.ra.concept.ledger.series.laurent"",""source_bindings"":[],""status"":""active"",""supersedes_id"":null,""workflow_id"":""01a01f57-a34b-7740-9717-596b8116910c/backend-production-v0.4-live""}"
"urn:uuid:90c8425c-f22e-53da-b31b-9b9a5aee4603","lebl.ra.concept.ledger.complex.modulus","modulus","","[]","[]","urn:uuid:a0273f1c-6fad-54c7-a75a-32a5161da656","active","{""definition"":"""",""id"":""urn:uuid:90c8425c-f22e-53da-b31b-9b9a5aee4603"",""label"":""modulus"",""notation"":[],""record_type"":""concept"",""recorded_at"":""2026-08-24T00:00:00Z"",""rights_id"":""urn:uuid:a0273f1c-6fad-54c7-a75a-32a5161da656"",""schema_name"":""lebl.backend.record"",""schema_version"":""0.3.0"",""semantic_aliases"":[],""semantic_key"":""lebl.ra.concept.ledger.complex.modulus"",""source_bindings"":[],""status"":""active"",""supersedes_id"":null,""workflow_id"":""01a01f57-a34b-7740-9717-596b8116910c/backend-production-v0.4-live""}"
"urn:uuid:91b29405-0e5d-56bf-bcfa-6cbaaccb1cc0","lebl.ra.concept.ledger.geometry.arc-length","arc length","","[]","[]","urn:uuid:a0273f1c-6fad-54c7-a75a-32a5161da656","active","{""definition"":"""",""id"":""urn:uuid:91b29405-0e5d-56bf-bcfa-6cbaaccb1cc0"",""label"":""arc length"",""notation"":[],""record_type"":""concept"",""recorded_at"":""2026-08-24T00:00:00Z"",""rights_id"":""urn:uuid:a0273f1c-6fad-54c7-a75a-32a5161da656"",""schema_name"":""lebl.backend.record"",""schema_version"":""0.3.0"",""semantic_aliases"":[],""semantic_key"":""lebl.ra.concept.ledger.geometry.arc-length"",""source_bindings"":[],""status"":""active"",""supersedes_id"":null,""workflow_id"":""01a01f57-a34b-7740-9717-596b8116910c/backend-production-v0.4-live""}"
"urn:uuid:91d78ad1-e6b4-5fdf-97ba-f4f4ca6a5f0e","lebl.ra.concept.ledger.function.composition","composition of functions","","[]","[]","urn:uuid:a0273f1c-6fad-54c7-a75a-32a5161da656","active","{""definition"":"""",""id"":""urn:uuid:91d78ad1-e6b4-5fdf-97ba-f4f4ca6a5f0e"",""label"":""composition of functions"",""notation"":[],""record_type"":""concept"",""recorded_at"":""2026-08-21T00:00:00Z"",""rights_id"":""urn:uuid:a0273f1c-6fad-54c7-a75a-32a5161da656"",""schema_name"":""lebl.backend.record"",""schema_version"":""0.3.0"",""semantic_aliases"":[],""semantic_key"":""lebl.ra.concept.ledger.function.composition"",""source_bindings"":[],""status"":""active"",""supersedes_id"":null,""workflow_id"":""01a01f57-a34b-7740-9717-596b8116910c/backend-production-v0.3-r006-live""}"
"urn:uuid:91ea4762-59fa-5384-80b4-bb7e6f978ccd","lebl.ra.concept.ledger.ball.open","open ball","","[]","[]","urn:uuid:a0273f1c-6fad-54c7-a75a-32a5161da656","active","{""definition"":"""",""id"":""urn:uuid:91ea4762-59fa-5384-80b4-bb7e6f978ccd"",""label"":""open ball"",""notation"":[],""record_type"":""concept"",""recorded_at"":""2026-08-21T00:00:00Z"",""rights_id"":""urn:uuid:a0273f1c-6fad-54c7-a75a-32a5161da656"",""schema_name"":""lebl.backend.record"",""schema_version"":""0.3.0"",""semantic_aliases"":[],""semantic_key"":""lebl.ra.concept.ledger.ball.open"",""source_bindings"":[],""status"":""active"",""supersedes_id"":null,""workflow_id"":""01a01f57-a34b-7740-9717-596b8116910c/backend-production-v0.3-r006-live""}"
"urn:uuid:924bd279-3a43-580a-a993-465625fb32e2","lebl.ra.concept.ledger.set-theory.power-set","power set","","[]","[]","urn:uuid:a0273f1c-6fad-54c7-a75a-32a5161da656","active","{""definition"":"""",""id"":""urn:uuid:924bd279-3a43-580a-a993-465625fb32e2"",""label"":""power set"",""notation"":[],""record_type"":""concept"",""recorded_at"":""2026-08-21T00:00:00Z"",""rights_id"":""urn:uuid:a0273f1c-6fad-54c7-a75a-32a5161da656"",""schema_name"":""lebl.backend.record"",""schema_version"":""0.3.0"",""semantic_aliases"":[],""semantic_key"":""lebl.ra.concept.ledger.set-theory.power-set"",""source_bindings"":[],""status"":""active"",""supersedes_id"":null,""workflow_id"":""01a01f57-a34b-7740-9717-596b8116910c/backend-production-v0.3-r006-live""}"
"urn:uuid:9267b054-fb67-56b6-aee5-b31d7b0f9273","lebl.ra.concept.ledger.sequence.infinite-digit-sequence","infinite sequence of digits","","[]","[]","urn:uuid:a0273f1c-6fad-54c7-a75a-32a5161da656","active","{""definition"":"""",""id"":""urn:uuid:9267b054-fb67-56b6-aee5-b31d7b0f9273"",""label"":""infinite sequence of digits"",""notation"":[],""record_type"":""concept"",""recorded_at"":""2026-08-21T00:00:00Z"",""rights_id"":""urn:uuid:a0273f1c-6fad-54c7-a75a-32a5161da656"",""schema_name"":""lebl.backend.record"",""schema_version"":""0.3.0"",""semantic_aliases"":[],""semantic_key"":""lebl.ra.concept.ledger.sequence.infinite-digit-sequence"",""source_bindings"":[],""status"":""active"",""supersedes_id"":null,""workflow_id"":""01a01f57-a34b-7740-9717-596b8116910c/backend-production-v0.3-r006-live""}"
"urn:uuid:92913615-c3b0-5396-afea-003253ec5617","lebl.ra.concept.ledger.calculus.function.class-c1","function of class C1","","[]","[]","urn:uuid:a0273f1c-6fad-54c7-a75a-32a5161da656","active","{""definition"":"""",""id"":""urn:uuid:92913615-c3b0-5396-afea-003253ec5617"",""label"":""function of class C1"",""notation"":[],""record_type"":""concept"",""recorded_at"":""2026-08-24T00:00:00Z"",""rights_id"":""urn:uuid:a0273f1c-6fad-54c7-a75a-32a5161da656"",""schema_name"":""lebl.backend.record"",""schema_version"":""0.3.0"",""semantic_aliases"":[],""semantic_key"":""lebl.ra.concept.ledger.calculus.function.class-c1"",""source_bindings"":[],""status"":""active"",""supersedes_id"":null,""workflow_id"":""01a01f57-a34b-7740-9717-596b8116910c/backend-production-v0.4-live""}"
"urn:uuid:929a8af8-364c-51ae-8249-dcc37b27de25","lebl.ra.concept.ledger.inequality.bessel","Bessel's inequality","","[]","[]","urn:uuid:a0273f1c-6fad-54c7-a75a-32a5161da656","active","{""definition"":"""",""id"":""urn:uuid:929a8af8-364c-51ae-8249-dcc37b27de25"",""label"":""Bessel's inequality"",""notation"":[],""record_type"":""concept"",""recorded_at"":""2026-08-24T00:00:00Z"",""rights_id"":""urn:uuid:a0273f1c-6fad-54c7-a75a-32a5161da656"",""schema_name"":""lebl.backend.record"",""schema_version"":""0.3.0"",""semantic_aliases"":[],""semantic_key"":""lebl.ra.concept.ledger.inequality.bessel"",""source_bindings"":[],""status"":""active"",""supersedes_id"":null,""workflow_id"":""01a01f57-a34b-7740-9717-596b8116910c/backend-production-v0.4-live""}"
"urn:uuid:929cbe34-72db-5042-b6c0-8fc5d45f7fd6","lebl.ra.concept.ledger.function.compact-support","compactly supported","","[]","[]","urn:uuid:a0273f1c-6fad-54c7-a75a-32a5161da656","active","{""definition"":"""",""id"":""urn:uuid:929cbe34-72db-5042-b6c0-8fc5d45f7fd6"",""label"":""compactly supported"",""notation"":[],""record_type"":""concept"",""recorded_at"":""2026-08-24T00:00:00Z"",""rights_id"":""urn:uuid:a0273f1c-6fad-54c7-a75a-32a5161da656"",""schema_name"":""lebl.backend.record"",""schema_version"":""0.3.0"",""semantic_aliases"":[],""semantic_key"":""lebl.ra.concept.ledger.function.compact-support"",""source_bindings"":[],""status"":""active"",""supersedes_id"":null,""workflow_id"":""01a01f57-a34b-7740-9717-596b8116910c/backend-production-v0.4-live""}"
"urn:uuid:92ecc6a6-6f35-5c2e-a5a8-0473291d6210","lebl.ra.concept.ledger.group.general-linear","general linear group","","[]","[]","urn:uuid:a0273f1c-6fad-54c7-a75a-32a5161da656","active","{""definition"":"""",""id"":""urn:uuid:92ecc6a6-6f35-5c2e-a5a8-0473291d6210"",""label"":""general linear group"",""notation"":[],""record_type"":""concept"",""recorded_at"":""2026-08-21T00:00:00Z"",""rights_id"":""urn:uuid:a0273f1c-6fad-54c7-a75a-32a5161da656"",""schema_name"":""lebl.backend.record"",""schema_version"":""0.3.0"",""semantic_aliases"":[],""semantic_key"":""lebl.ra.concept.ledger.group.general-linear"",""source_bindings"":[],""status"":""active"",""supersedes_id"":null,""workflow_id"":""01a01f57-a34b-7740-9717-596b8116910c/backend-production-v0.3-r006-live""}"
"urn:uuid:93e23bc9-0f0d-50bf-93bc-6256efad6808","lebl.diffyqs.concept.ledger.dynamical-system.trajectory","trajectory","","[]","[]","urn:uuid:55f5bc5b-fcc2-55bd-8bcb-65ab31cc4e0f","active","{""definition"":"""",""id"":""urn:uuid:93e23bc9-0f0d-50bf-93bc-6256efad6808"",""label"":""trajectory"",""notation"":[],""record_type"":""concept"",""recorded_at"":""2026-08-24T00:00:00Z"",""rights_id"":""urn:uuid:55f5bc5b-fcc2-55bd-8bcb-65ab31cc4e0f"",""schema_name"":""lebl.backend.record"",""schema_version"":""0.3.0"",""semantic_aliases"":[],""semantic_key"":""lebl.diffyqs.concept.ledger.dynamical-system.trajectory"",""source_bindings"":[],""status"":""active"",""supersedes_id"":null,""workflow_id"":""01a01f57-a34b-7740-9717-596b8116910c/backend-production-v0.4-live""}"
"urn:uuid:93e27542-b726-568c-896b-4bb36160e1e8","lebl.ra.concept.ledger.polynomial.growth-at-infinity","polynomial growth at infinity","","[]","[]","urn:uuid:a0273f1c-6fad-54c7-a75a-32a5161da656","active","{""definition"":"""",""id"":""urn:uuid:93e27542-b726-568c-896b-4bb36160e1e8"",""label"":""polynomial growth at infinity"",""notation"":[],""record_type"":""concept"",""recorded_at"":""2026-08-24T00:00:00Z"",""rights_id"":""urn:uuid:a0273f1c-6fad-54c7-a75a-32a5161da656"",""schema_name"":""lebl.backend.record"",""schema_version"":""0.3.0"",""semantic_aliases"":[],""semantic_key"":""lebl.ra.concept.ledger.polynomial.growth-at-infinity"",""source_bindings"":[],""status"":""active"",""supersedes_id"":null,""workflow_id"":""01a01f57-a34b-7740-9717-596b8116910c/backend-production-v0.4-live""}"
"urn:uuid:941c211e-d840-5680-ad01-e156d770fd03","lebl.ra.concept.ledger.function.function","function","","[]","[]","urn:uuid:a0273f1c-6fad-54c7-a75a-32a5161da656","active","{""definition"":"""",""id"":""urn:uuid:941c211e-d840-5680-ad01-e156d770fd03"",""label"":""function"",""notation"":[],""record_type"":""concept"",""recorded_at"":""2026-08-21T00:00:00Z"",""rights_id"":""urn:uuid:a0273f1c-6fad-54c7-a75a-32a5161da656"",""schema_name"":""lebl.backend.record"",""schema_version"":""0.3.0"",""semantic_aliases"":[],""semantic_key"":""lebl.ra.concept.ledger.function.function"",""source_bindings"":[],""status"":""active"",""supersedes_id"":null,""workflow_id"":""01a01f57-a34b-7740-9717-596b8116910c/backend-production-v0.3-r006-live""}"
"urn:uuid:943e75ae-397e-53f7-accd-d42db76f5ed8","lebl.ra.concept.ledger.function.increasing","increasing","","[]","[]","urn:uuid:a0273f1c-6fad-54c7-a75a-32a5161da656","active","{""definition"":"""",""id"":""urn:uuid:943e75ae-397e-53f7-accd-d42db76f5ed8"",""label"":""increasing"",""notation"":[],""record_type"":""concept"",""recorded_at"":""2026-08-21T00:00:00Z"",""rights_id"":""urn:uuid:a0273f1c-6fad-54c7-a75a-32a5161da656"",""schema_name"":""lebl.backend.record"",""schema_version"":""0.3.0"",""semantic_aliases"":[],""semantic_key"":""lebl.ra.concept.ledger.function.increasing"",""source_bindings"":[],""status"":""active"",""supersedes_id"":null,""workflow_id"":""01a01f57-a34b-7740-9717-596b8116910c/backend-production-v0.3-r006-live""}"
"urn:uuid:949cc784-9d93-52be-ac80-bce86fa94be0","lebl.ra.concept.ledger.function.nonincreasing","nonincreasing","","[]","[]","urn:uuid:a0273f1c-6fad-54c7-a75a-32a5161da656","active","{""definition"":"""",""id"":""urn:uuid:949cc784-9d93-52be-ac80-bce86fa94be0"",""label"":""nonincreasing"",""notation"":[],""record_type"":""concept"",""recorded_at"":""2026-08-21T00:00:00Z"",""rights_id"":""urn:uuid:a0273f1c-6fad-54c7-a75a-32a5161da656"",""schema_name"":""lebl.backend.record"",""schema_version"":""0.3.0"",""semantic_aliases"":[],""semantic_key"":""lebl.ra.concept.ledger.function.nonincreasing"",""source_bindings"":[],""status"":""active"",""supersedes_id"":null,""workflow_id"":""01a01f57-a34b-7740-9717-596b8116910c/backend-production-v0.3-r006-live""}"
"urn:uuid:9528b3ed-d04f-5af9-b335-1ac60bf20118","lebl.ra.concept.ledger.argument.counterexample","counterexample","","[]","[]","urn:uuid:a0273f1c-6fad-54c7-a75a-32a5161da656","active","{""definition"":"""",""id"":""urn:uuid:9528b3ed-d04f-5af9-b335-1ac60bf20118"",""label"":""counterexample"",""notation"":[],""record_type"":""concept"",""recorded_at"":""2026-08-24T00:00:00Z"",""rights_id"":""urn:uuid:a0273f1c-6fad-54c7-a75a-32a5161da656"",""schema_name"":""lebl.backend.record"",""schema_version"":""0.3.0"",""semantic_aliases"":[],""semantic_key"":""lebl.ra.concept.ledger.argument.counterexample"",""source_bindings"":[],""status"":""active"",""supersedes_id"":null,""workflow_id"":""01a01f57-a34b-7740-9717-596b8116910c/backend-production-v0.4-live""}"
"urn:uuid:953c9bbf-4e81-53ef-a555-16de3a019898","lebl.ra.concept.ledger.number-system.rational-numbers","rational numbers","","[]","[]","urn:uuid:a0273f1c-6fad-54c7-a75a-32a5161da656","active","{""definition"":"""",""id"":""urn:uuid:953c9bbf-4e81-53ef-a555-16de3a019898"",""label"":""rational numbers"",""notation"":[],""record_type"":""concept"",""recorded_at"":""2026-08-21T00:00:00Z"",""rights_id"":""urn:uuid:a0273f1c-6fad-54c7-a75a-32a5161da656"",""schema_name"":""lebl.backend.record"",""schema_version"":""0.3.0"",""semantic_aliases"":[],""semantic_key"":""lebl.ra.concept.ledger.number-system.rational-numbers"",""source_bindings"":[],""status"":""active"",""supersedes_id"":null,""workflow_id"":""01a01f57-a34b-7740-9717-596b8116910c/backend-production-v0.3-r006-live""}"
"urn:uuid:95a86341-51cc-5671-b0aa-1092a966cad7","lebl.ra.concept.ledger.geometry.path.reparametrization.orientation-reversing","orientation reversing reparametrization","","[]","[]","urn:uuid:a0273f1c-6fad-54c7-a75a-32a5161da656","active","{""definition"":"""",""id"":""urn:uuid:95a86341-51cc-5671-b0aa-1092a966cad7"",""label"":""orientation reversing reparametrization"",""notation"":[],""record_type"":""concept"",""recorded_at"":""2026-08-24T00:00:00Z"",""rights_id"":""urn:uuid:a0273f1c-6fad-54c7-a75a-32a5161da656"",""schema_name"":""lebl.backend.record"",""schema_version"":""0.3.0"",""semantic_aliases"":[],""semantic_key"":""lebl.ra.concept.ledger.geometry.path.reparametrization.orientation-reversing"",""source_bindings"":[],""status"":""active"",""supersedes_id"":null,""workflow_id"":""01a01f57-a34b-7740-9717-596b8116910c/backend-production-v0.4-live""}"
"urn:uuid:95b7375a-8a0d-5299-bcdd-9809251cf3d1","lebl.diffyqs.concept.ledger.dynamical-system.poincare-section","Poincaré section","","[]","[]","urn:uuid:55f5bc5b-fcc2-55bd-8bcb-65ab31cc4e0f","active","{""definition"":"""",""id"":""urn:uuid:95b7375a-8a0d-5299-bcdd-9809251cf3d1"",""label"":""Poincaré section"",""notation"":[],""record_type"":""concept"",""recorded_at"":""2026-08-24T00:00:00Z"",""rights_id"":""urn:uuid:55f5bc5b-fcc2-55bd-8bcb-65ab31cc4e0f"",""schema_name"":""lebl.backend.record"",""schema_version"":""0.3.0"",""semantic_aliases"":[],""semantic_key"":""lebl.diffyqs.concept.ledger.dynamical-system.poincare-section"",""source_bindings"":[],""status"":""active"",""supersedes_id"":null,""workflow_id"":""01a01f57-a34b-7740-9717-596b8116910c/backend-production-v0.4-live""}"
"urn:uuid:95c9e95e-c7f6-518b-96e3-d4cff6e69ee4","lebl.ra.concept.ledger.number.positive","positive","","[]","[]","urn:uuid:a0273f1c-6fad-54c7-a75a-32a5161da656","active","{""definition"":"""",""id"":""urn:uuid:95c9e95e-c7f6-518b-96e3-d4cff6e69ee4"",""label"":""positive"",""notation"":[],""record_type"":""concept"",""recorded_at"":""2026-08-21T00:00:00Z"",""rights_id"":""urn:uuid:a0273f1c-6fad-54c7-a75a-32a5161da656"",""schema_name"":""lebl.backend.record"",""schema_version"":""0.3.0"",""semantic_aliases"":[],""semantic_key"":""lebl.ra.concept.ledger.number.positive"",""source_bindings"":[],""status"":""active"",""supersedes_id"":null,""workflow_id"":""01a01f57-a34b-7740-9717-596b8116910c/backend-production-v0.3-r006-live""}"
"urn:uuid:961cf16d-6767-5d32-8c37-a4d8353aeb15","lebl.ra.concept.ledger.theorem.weierstrass-approximation","Weierstrass approximation theorem","","[]","[]","urn:uuid:a0273f1c-6fad-54c7-a75a-32a5161da656","active","{""definition"":"""",""id"":""urn:uuid:961cf16d-6767-5d32-8c37-a4d8353aeb15"",""label"":""Weierstrass approximation theorem"",""notation"":[],""record_type"":""concept"",""recorded_at"":""2026-08-24T00:00:00Z"",""rights_id"":""urn:uuid:a0273f1c-6fad-54c7-a75a-32a5161da656"",""schema_name"":""lebl.backend.record"",""schema_version"":""0.3.0"",""semantic_aliases"":[],""semantic_key"":""lebl.ra.concept.ledger.theorem.weierstrass-approximation"",""source_bindings"":[],""status"":""active"",""supersedes_id"":null,""workflow_id"":""01a01f57-a34b-7740-9717-596b8116910c/backend-production-v0.4-live""}"
"urn:uuid:962cdae2-2f55-5c77-b502-a75c2db2d0d8","lebl.ra.concept.ledger.sequence","sequence","","[]","[]","urn:uuid:a0273f1c-6fad-54c7-a75a-32a5161da656","active","{""definition"":"""",""id"":""urn:uuid:962cdae2-2f55-5c77-b502-a75c2db2d0d8"",""label"":""sequence"",""notation"":[],""record_type"":""concept"",""recorded_at"":""2026-08-21T00:00:00Z"",""rights_id"":""urn:uuid:a0273f1c-6fad-54c7-a75a-32a5161da656"",""schema_name"":""lebl.backend.record"",""schema_version"":""0.3.0"",""semantic_aliases"":[],""semantic_key"":""lebl.ra.concept.ledger.sequence"",""source_bindings"":[],""status"":""active"",""supersedes_id"":null,""workflow_id"":""01a01f57-a34b-7740-9717-596b8116910c/backend-production-v0.3-r006-live""}"
"urn:uuid:966a5fd9-56fe-5679-a36a-7e115d9edc78","lebl.ra.concept.ledger.function.finitely-many-discontinuities","finitely many discontinuities","","[]","[]","urn:uuid:a0273f1c-6fad-54c7-a75a-32a5161da656","active","{""definition"":"""",""id"":""urn:uuid:966a5fd9-56fe-5679-a36a-7e115d9edc78"",""label"":""finitely many discontinuities"",""notation"":[],""record_type"":""concept"",""recorded_at"":""2026-08-21T00:00:00Z"",""rights_id"":""urn:uuid:a0273f1c-6fad-54c7-a75a-32a5161da656"",""schema_name"":""lebl.backend.record"",""schema_version"":""0.3.0"",""semantic_aliases"":[],""semantic_key"":""lebl.ra.concept.ledger.function.finitely-many-discontinuities"",""source_bindings"":[],""status"":""active"",""supersedes_id"":null,""workflow_id"":""01a01f57-a34b-7740-9717-596b8116910c/backend-production-v0.3-r006-live""}"
"urn:uuid:9681df9a-a9d6-5f5e-a1e7-03ef44ce8896","lebl.ra.concept.ledger.dimension.finite","finite-dimensional","","[]","[]","urn:uuid:a0273f1c-6fad-54c7-a75a-32a5161da656","active","{""definition"":"""",""id"":""urn:uuid:9681df9a-a9d6-5f5e-a1e7-03ef44ce8896"",""label"":""finite-dimensional"",""notation"":[],""record_type"":""concept"",""recorded_at"":""2026-08-21T00:00:00Z"",""rights_id"":""urn:uuid:a0273f1c-6fad-54c7-a75a-32a5161da656"",""schema_name"":""lebl.backend.record"",""schema_version"":""0.3.0"",""semantic_aliases"":[],""semantic_key"":""lebl.ra.concept.ledger.dimension.finite"",""source_bindings"":[],""status"":""active"",""supersedes_id"":null,""workflow_id"":""01a01f57-a34b-7740-9717-596b8116910c/backend-production-v0.3-r006-live""}"
"urn:uuid:97a7e8b0-220b-5511-ae76-2510ffda840d","lebl.ra.concept.ledger.set-theory.disjoint","disjoint","","[]","[]","urn:uuid:a0273f1c-6fad-54c7-a75a-32a5161da656","active","{""definition"":"""",""id"":""urn:uuid:97a7e8b0-220b-5511-ae76-2510ffda840d"",""label"":""disjoint"",""notation"":[],""record_type"":""concept"",""recorded_at"":""2026-08-21T00:00:00Z"",""rights_id"":""urn:uuid:a0273f1c-6fad-54c7-a75a-32a5161da656"",""schema_name"":""lebl.backend.record"",""schema_version"":""0.3.0"",""semantic_aliases"":[],""semantic_key"":""lebl.ra.concept.ledger.set-theory.disjoint"",""source_bindings"":[],""status"":""active"",""supersedes_id"":null,""workflow_id"":""01a01f57-a34b-7740-9717-596b8116910c/backend-production-v0.3-r006-live""}"
"urn:uuid:98030890-9162-5387-a23d-bb540f139690","lebl.ra.concept.ledger.set.cantor.middle-third","middle third","","[]","[]","urn:uuid:a0273f1c-6fad-54c7-a75a-32a5161da656","active","{""definition"":"""",""id"":""urn:uuid:98030890-9162-5387-a23d-bb540f139690"",""label"":""middle third"",""notation"":[],""record_type"":""concept"",""recorded_at"":""2026-08-24T00:00:00Z"",""rights_id"":""urn:uuid:a0273f1c-6fad-54c7-a75a-32a5161da656"",""schema_name"":""lebl.backend.record"",""schema_version"":""0.3.0"",""semantic_aliases"":[],""semantic_key"":""lebl.ra.concept.ledger.set.cantor.middle-third"",""source_bindings"":[],""status"":""active"",""supersedes_id"":null,""workflow_id"":""01a01f57-a34b-7740-9717-596b8116910c/backend-production-v0.4-live""}"
"urn:uuid:9804e699-c155-5f0c-bb8e-42e0af8452c8","lebl.ra.concept.ledger.function.mapping","mapping","","[]","[]","urn:uuid:a0273f1c-6fad-54c7-a75a-32a5161da656","active","{""definition"":"""",""id"":""urn:uuid:9804e699-c155-5f0c-bb8e-42e0af8452c8"",""label"":""mapping"",""notation"":[],""record_type"":""concept"",""recorded_at"":""2026-08-21T00:00:00Z"",""rights_id"":""urn:uuid:a0273f1c-6fad-54c7-a75a-32a5161da656"",""schema_name"":""lebl.backend.record"",""schema_version"":""0.3.0"",""semantic_aliases"":[],""semantic_key"":""lebl.ra.concept.ledger.function.mapping"",""source_bindings"":[],""status"":""active"",""supersedes_id"":null,""workflow_id"":""01a01f57-a34b-7740-9717-596b8116910c/backend-production-v0.3-r006-live""}"
"urn:uuid:98333e7d-d6f0-56ac-9025-3a4387c1bfee","lebl.ra.concept.ledger.operation.scalar-multiplication","scalar multiplication","","[]","[]","urn:uuid:a0273f1c-6fad-54c7-a75a-32a5161da656","active","{""definition"":"""",""id"":""urn:uuid:98333e7d-d6f0-56ac-9025-3a4387c1bfee"",""label"":""scalar multiplication"",""notation"":[],""record_type"":""concept"",""recorded_at"":""2026-08-21T00:00:00Z"",""rights_id"":""urn:uuid:a0273f1c-6fad-54c7-a75a-32a5161da656"",""schema_name"":""lebl.backend.record"",""schema_version"":""0.3.0"",""semantic_aliases"":[],""semantic_key"":""lebl.ra.concept.ledger.operation.scalar-multiplication"",""source_bindings"":[],""status"":""active"",""supersedes_id"":null,""workflow_id"":""01a01f57-a34b-7740-9717-596b8116910c/backend-production-v0.3-r006-live""}"
"urn:uuid:984a0688-8b36-580c-b86b-e281bb8e7d7e","lebl.diffyqs.concept.ledger.dynamical-system.phase-diagram","phase diagram","","[]","[]","urn:uuid:55f5bc5b-fcc2-55bd-8bcb-65ab31cc4e0f","active","{""definition"":"""",""id"":""urn:uuid:984a0688-8b36-580c-b86b-e281bb8e7d7e"",""label"":""phase diagram"",""notation"":[],""record_type"":""concept"",""recorded_at"":""2026-08-24T00:00:00Z"",""rights_id"":""urn:uuid:55f5bc5b-fcc2-55bd-8bcb-65ab31cc4e0f"",""schema_name"":""lebl.backend.record"",""schema_version"":""0.3.0"",""semantic_aliases"":[],""semantic_key"":""lebl.diffyqs.concept.ledger.dynamical-system.phase-diagram"",""source_bindings"":[],""status"":""active"",""supersedes_id"":null,""workflow_id"":""01a01f57-a34b-7740-9717-596b8116910c/backend-production-v0.4-live""}"
"urn:uuid:9881cdd0-09be-5aad-89cb-67fb29ab4be1","lebl.ra.concept.ledger.number.nth-root","nth root","","[]","[]","urn:uuid:a0273f1c-6fad-54c7-a75a-32a5161da656","active","{""definition"":"""",""id"":""urn:uuid:9881cdd0-09be-5aad-89cb-67fb29ab4be1"",""label"":""nth root"",""notation"":[],""record_type"":""concept"",""recorded_at"":""2026-08-21T00:00:00Z"",""rights_id"":""urn:uuid:a0273f1c-6fad-54c7-a75a-32a5161da656"",""schema_name"":""lebl.backend.record"",""schema_version"":""0.3.0"",""semantic_aliases"":[],""semantic_key"":""lebl.ra.concept.ledger.number.nth-root"",""source_bindings"":[],""status"":""active"",""supersedes_id"":null,""workflow_id"":""01a01f57-a34b-7740-9717-596b8116910c/backend-production-v0.3-r006-live""}"
"urn:uuid:989ca0e2-6e7a-5a8f-8a83-836ccc122424","lebl.ra.concept.ledger.integration.partition-refinement","refinement of a partition","","[]","[]","urn:uuid:a0273f1c-6fad-54c7-a75a-32a5161da656","active","{""definition"":"""",""id"":""urn:uuid:989ca0e2-6e7a-5a8f-8a83-836ccc122424"",""label"":""refinement of a partition"",""notation"":[],""record_type"":""concept"",""recorded_at"":""2026-08-21T00:00:00Z"",""rights_id"":""urn:uuid:a0273f1c-6fad-54c7-a75a-32a5161da656"",""schema_name"":""lebl.backend.record"",""schema_version"":""0.3.0"",""semantic_aliases"":[],""semantic_key"":""lebl.ra.concept.ledger.integration.partition-refinement"",""source_bindings"":[],""status"":""active"",""supersedes_id"":null,""workflow_id"":""01a01f57-a34b-7740-9717-596b8116910c/backend-production-v0.3-r006-live""}"
"urn:uuid:98ae43f0-8053-5c24-baae-dd28b3abcede","lebl.ra.concept.ledger.function.odd","odd function","","[]","[]","urn:uuid:a0273f1c-6fad-54c7-a75a-32a5161da656","active","{""definition"":"""",""id"":""urn:uuid:98ae43f0-8053-5c24-baae-dd28b3abcede"",""label"":""odd function"",""notation"":[],""record_type"":""concept"",""recorded_at"":""2026-08-21T00:00:00Z"",""rights_id"":""urn:uuid:a0273f1c-6fad-54c7-a75a-32a5161da656"",""schema_name"":""lebl.backend.record"",""schema_version"":""0.3.0"",""semantic_aliases"":[],""semantic_key"":""lebl.ra.concept.ledger.function.odd"",""source_bindings"":[],""status"":""active"",""supersedes_id"":null,""workflow_id"":""01a01f57-a34b-7740-9717-596b8116910c/backend-production-v0.3-r006-live""}"
"urn:uuid:98b434c6-486c-53eb-b81f-1a7882a757b7","lebl.ra.concept.ledger.space.function","function space","","[]","[]","urn:uuid:a0273f1c-6fad-54c7-a75a-32a5161da656","active","{""definition"":"""",""id"":""urn:uuid:98b434c6-486c-53eb-b81f-1a7882a757b7"",""label"":""function space"",""notation"":[],""record_type"":""concept"",""recorded_at"":""2026-08-24T00:00:00Z"",""rights_id"":""urn:uuid:a0273f1c-6fad-54c7-a75a-32a5161da656"",""schema_name"":""lebl.backend.record"",""schema_version"":""0.3.0"",""semantic_aliases"":[],""semantic_key"":""lebl.ra.concept.ledger.space.function"",""source_bindings"":[],""status"":""active"",""supersedes_id"":null,""workflow_id"":""01a01f57-a34b-7740-9717-596b8116910c/backend-production-v0.4-live""}"
"urn:uuid:98c0e27e-9e05-540b-9333-1d282fce8a6d","lebl.ra.concept.ledger.integration.antiderivative","antiderivative","","[]","[]","urn:uuid:a0273f1c-6fad-54c7-a75a-32a5161da656","active","{""definition"":"""",""id"":""urn:uuid:98c0e27e-9e05-540b-9333-1d282fce8a6d"",""label"":""antiderivative"",""notation"":[],""record_type"":""concept"",""recorded_at"":""2026-08-21T00:00:00Z"",""rights_id"":""urn:uuid:a0273f1c-6fad-54c7-a75a-32a5161da656"",""schema_name"":""lebl.backend.record"",""schema_version"":""0.3.0"",""semantic_aliases"":[],""semantic_key"":""lebl.ra.concept.ledger.integration.antiderivative"",""source_bindings"":[],""status"":""active"",""supersedes_id"":null,""workflow_id"":""01a01f57-a34b-7740-9717-596b8116910c/backend-production-v0.3-r006-live""}"
"urn:uuid:98daab95-dc35-5bd9-9838-5618f8ab355f","lebl.ra.concept.ledger.topology.path-connected","path connected","","[]","[]","urn:uuid:a0273f1c-6fad-54c7-a75a-32a5161da656","active","{""definition"":"""",""id"":""urn:uuid:98daab95-dc35-5bd9-9838-5618f8ab355f"",""label"":""path connected"",""notation"":[],""record_type"":""concept"",""recorded_at"":""2026-08-24T00:00:00Z"",""rights_id"":""urn:uuid:a0273f1c-6fad-54c7-a75a-32a5161da656"",""schema_name"":""lebl.backend.record"",""schema_version"":""0.3.0"",""semantic_aliases"":[],""semantic_key"":""lebl.ra.concept.ledger.topology.path-connected"",""source_bindings"":[],""status"":""active"",""supersedes_id"":null,""workflow_id"":""01a01f57-a34b-7740-9717-596b8116910c/backend-production-v0.4-live""}"
"urn:uuid:992dda23-10a8-5ac4-aa41-e02144fbf0b8","lebl.ra.concept.ledger.measure.volume.n-dimensional","n-dimensional volume","","[]","[]","urn:uuid:a0273f1c-6fad-54c7-a75a-32a5161da656","active","{""definition"":"""",""id"":""urn:uuid:992dda23-10a8-5ac4-aa41-e02144fbf0b8"",""label"":""n-dimensional volume"",""notation"":[],""record_type"":""concept"",""recorded_at"":""2026-08-24T00:00:00Z"",""rights_id"":""urn:uuid:a0273f1c-6fad-54c7-a75a-32a5161da656"",""schema_name"":""lebl.backend.record"",""schema_version"":""0.3.0"",""semantic_aliases"":[],""semantic_key"":""lebl.ra.concept.ledger.measure.volume.n-dimensional"",""source_bindings"":[],""status"":""active"",""supersedes_id"":null,""workflow_id"":""01a01f57-a34b-7740-9717-596b8116910c/backend-production-v0.4-live""}"
"urn:uuid:99abc17f-d438-57c7-abea-4b7aa8e22865","lebl.ra.concept.ledger.function.continuous","continuous function","","[]","[]","urn:uuid:a0273f1c-6fad-54c7-a75a-32a5161da656","active","{""definition"":"""",""id"":""urn:uuid:99abc17f-d438-57c7-abea-4b7aa8e22865"",""label"":""continuous function"",""notation"":[],""record_type"":""concept"",""recorded_at"":""2026-08-21T00:00:00Z"",""rights_id"":""urn:uuid:a0273f1c-6fad-54c7-a75a-32a5161da656"",""schema_name"":""lebl.backend.record"",""schema_version"":""0.3.0"",""semantic_aliases"":[],""semantic_key"":""lebl.ra.concept.ledger.function.continuous"",""source_bindings"":[],""status"":""active"",""supersedes_id"":null,""workflow_id"":""01a01f57-a34b-7740-9717-596b8116910c/backend-production-v0.3-r006-live""}"
"urn:uuid:99fe7d45-0d56-5747-9586-5388db6638ae","lebl.ra.concept.ledger.integration.lower-darboux-sum","lower Darboux sum","","[]","[]","urn:uuid:a0273f1c-6fad-54c7-a75a-32a5161da656","active","{""definition"":"""",""id"":""urn:uuid:99fe7d45-0d56-5747-9586-5388db6638ae"",""label"":""lower Darboux sum"",""notation"":[],""record_type"":""concept"",""recorded_at"":""2026-08-21T00:00:00Z"",""rights_id"":""urn:uuid:a0273f1c-6fad-54c7-a75a-32a5161da656"",""schema_name"":""lebl.backend.record"",""schema_version"":""0.3.0"",""semantic_aliases"":[],""semantic_key"":""lebl.ra.concept.ledger.integration.lower-darboux-sum"",""source_bindings"":[],""status"":""active"",""supersedes_id"":null,""workflow_id"":""01a01f57-a34b-7740-9717-596b8116910c/backend-production-v0.3-r006-live""}"
"urn:uuid:9af879ad-36f3-573a-a0ff-3d09fd1257e6","lebl.ra.concept.ledger.set.finite","finite set","","[]","[]","urn:uuid:a0273f1c-6fad-54c7-a75a-32a5161da656","active","{""definition"":"""",""id"":""urn:uuid:9af879ad-36f3-573a-a0ff-3d09fd1257e6"",""label"":""finite set"",""notation"":[],""record_type"":""concept"",""recorded_at"":""2026-08-21T00:00:00Z"",""rights_id"":""urn:uuid:a0273f1c-6fad-54c7-a75a-32a5161da656"",""schema_name"":""lebl.backend.record"",""schema_version"":""0.3.0"",""semantic_aliases"":[],""semantic_key"":""lebl.ra.concept.ledger.set.finite"",""source_bindings"":[],""status"":""active"",""supersedes_id"":null,""workflow_id"":""01a01f57-a34b-7740-9717-596b8116910c/backend-production-v0.3-r006-live""}"
"urn:uuid:9b087d71-2813-5fef-bdd3-784e672f6aa0","lebl.ra.concept.ledger.function.heaviside","Heaviside function","","[]","[]","urn:uuid:a0273f1c-6fad-54c7-a75a-32a5161da656","active","{""definition"":"""",""id"":""urn:uuid:9b087d71-2813-5fef-bdd3-784e672f6aa0"",""label"":""Heaviside function"",""notation"":[],""record_type"":""concept"",""recorded_at"":""2026-08-21T00:00:00Z"",""rights_id"":""urn:uuid:a0273f1c-6fad-54c7-a75a-32a5161da656"",""schema_name"":""lebl.backend.record"",""schema_version"":""0.3.0"",""semantic_aliases"":[],""semantic_key"":""lebl.ra.concept.ledger.function.heaviside"",""source_bindings"":[],""status"":""active"",""supersedes_id"":null,""workflow_id"":""01a01f57-a34b-7740-9717-596b8116910c/backend-production-v0.3-r006-live""}"
"urn:uuid:9b114475-1c6b-582d-9806-c5a8142ccb22","lebl.ra.concept.ledger.sequence.range","range of a sequence","","[]","[]","urn:uuid:a0273f1c-6fad-54c7-a75a-32a5161da656","active","{""definition"":"""",""id"":""urn:uuid:9b114475-1c6b-582d-9806-c5a8142ccb22"",""label"":""range of a sequence"",""notation"":[],""record_type"":""concept"",""recorded_at"":""2026-08-21T00:00:00Z"",""rights_id"":""urn:uuid:a0273f1c-6fad-54c7-a75a-32a5161da656"",""schema_name"":""lebl.backend.record"",""schema_version"":""0.3.0"",""semantic_aliases"":[],""semantic_key"":""lebl.ra.concept.ledger.sequence.range"",""source_bindings"":[],""status"":""active"",""supersedes_id"":null,""workflow_id"":""01a01f57-a34b-7740-9717-596b8116910c/backend-production-v0.3-r006-live""}"
"urn:uuid:9b74173a-a47d-531d-bc2a-f2d57a62a18d","lebl.ra.concept.ledger.function.scalar-valued","scalar-valued function","","[]","[]","urn:uuid:a0273f1c-6fad-54c7-a75a-32a5161da656","active","{""definition"":"""",""id"":""urn:uuid:9b74173a-a47d-531d-bc2a-f2d57a62a18d"",""label"":""scalar-valued function"",""notation"":[],""record_type"":""concept"",""recorded_at"":""2026-08-24T00:00:00Z"",""rights_id"":""urn:uuid:a0273f1c-6fad-54c7-a75a-32a5161da656"",""schema_name"":""lebl.backend.record"",""schema_version"":""0.3.0"",""semantic_aliases"":[],""semantic_key"":""lebl.ra.concept.ledger.function.scalar-valued"",""source_bindings"":[],""status"":""active"",""supersedes_id"":null,""workflow_id"":""01a01f57-a34b-7740-9717-596b8116910c/backend-production-v0.4-live""}"
"urn:uuid:9ba8664a-1403-52de-9a07-e3873f7c6b23","lebl.ra.concept.ledger.set-theory.infinite","infinite","","[]","[]","urn:uuid:a0273f1c-6fad-54c7-a75a-32a5161da656","active","{""definition"":"""",""id"":""urn:uuid:9ba8664a-1403-52de-9a07-e3873f7c6b23"",""label"":""infinite"",""notation"":[],""record_type"":""concept"",""recorded_at"":""2026-08-21T00:00:00Z"",""rights_id"":""urn:uuid:a0273f1c-6fad-54c7-a75a-32a5161da656"",""schema_name"":""lebl.backend.record"",""schema_version"":""0.3.0"",""semantic_aliases"":[],""semantic_key"":""lebl.ra.concept.ledger.set-theory.infinite"",""source_bindings"":[],""status"":""active"",""supersedes_id"":null,""workflow_id"":""01a01f57-a34b-7740-9717-596b8116910c/backend-production-v0.3-r006-live""}"
"urn:uuid:9bdc48eb-4c80-5f58-a01e-1cf4293cdab2","lebl.ra.concept.ledger.order.bounded-above","bounded above","","[]","[]","urn:uuid:a0273f1c-6fad-54c7-a75a-32a5161da656","active","{""definition"":"""",""id"":""urn:uuid:9bdc48eb-4c80-5f58-a01e-1cf4293cdab2"",""label"":""bounded above"",""notation"":[],""record_type"":""concept"",""recorded_at"":""2026-08-21T00:00:00Z"",""rights_id"":""urn:uuid:a0273f1c-6fad-54c7-a75a-32a5161da656"",""schema_name"":""lebl.backend.record"",""schema_version"":""0.3.0"",""semantic_aliases"":[],""semantic_key"":""lebl.ra.concept.ledger.order.bounded-above"",""source_bindings"":[],""status"":""active"",""supersedes_id"":null,""workflow_id"":""01a01f57-a34b-7740-9717-596b8116910c/backend-production-v0.3-r006-live""}"
"urn:uuid:9cc0c6c4-d1ca-5018-a825-e7397ec486bd","lebl.ra.concept.ledger.theorem.implicit-function","implicit function theorem","","[]","[]","urn:uuid:a0273f1c-6fad-54c7-a75a-32a5161da656","active","{""definition"":"""",""id"":""urn:uuid:9cc0c6c4-d1ca-5018-a825-e7397ec486bd"",""label"":""implicit function theorem"",""notation"":[],""record_type"":""concept"",""recorded_at"":""2026-08-24T00:00:00Z"",""rights_id"":""urn:uuid:a0273f1c-6fad-54c7-a75a-32a5161da656"",""schema_name"":""lebl.backend.record"",""schema_version"":""0.3.0"",""semantic_aliases"":[],""semantic_key"":""lebl.ra.concept.ledger.theorem.implicit-function"",""source_bindings"":[],""status"":""active"",""supersedes_id"":null,""workflow_id"":""01a01f57-a34b-7740-9717-596b8116910c/backend-production-v0.4-live""}"
"urn:uuid:9d412291-5a73-5ef8-ae6f-8b4461505985","lebl.ra.concept.ledger.number.repeating-digit-period","repeating digit period","","[]","[]","urn:uuid:a0273f1c-6fad-54c7-a75a-32a5161da656","active","{""definition"":"""",""id"":""urn:uuid:9d412291-5a73-5ef8-ae6f-8b4461505985"",""label"":""repeating digit period"",""notation"":[],""record_type"":""concept"",""recorded_at"":""2026-08-21T00:00:00Z"",""rights_id"":""urn:uuid:a0273f1c-6fad-54c7-a75a-32a5161da656"",""schema_name"":""lebl.backend.record"",""schema_version"":""0.3.0"",""semantic_aliases"":[],""semantic_key"":""lebl.ra.concept.ledger.number.repeating-digit-period"",""source_bindings"":[],""status"":""active"",""supersedes_id"":null,""workflow_id"":""01a01f57-a34b-7740-9717-596b8116910c/backend-production-v0.3-r006-live""}"
"urn:uuid:9d496619-8e90-5f18-8e6c-c0ce35abcb60","lebl.ra.concept.ledger.function.inverse-image","inverse image","","[]","[]","urn:uuid:a0273f1c-6fad-54c7-a75a-32a5161da656","active","{""definition"":"""",""id"":""urn:uuid:9d496619-8e90-5f18-8e6c-c0ce35abcb60"",""label"":""inverse image"",""notation"":[],""record_type"":""concept"",""recorded_at"":""2026-08-21T00:00:00Z"",""rights_id"":""urn:uuid:a0273f1c-6fad-54c7-a75a-32a5161da656"",""schema_name"":""lebl.backend.record"",""schema_version"":""0.3.0"",""semantic_aliases"":[],""semantic_key"":""lebl.ra.concept.ledger.function.inverse-image"",""source_bindings"":[],""status"":""active"",""supersedes_id"":null,""workflow_id"":""01a01f57-a34b-7740-9717-596b8116910c/backend-production-v0.3-r006-live""}"
"urn:uuid:9dba1197-bfca-5616-9b00-4d9aa90ea077","lebl.ra.concept.ledger.set-theory.subset","subset","","[]","[]","urn:uuid:a0273f1c-6fad-54c7-a75a-32a5161da656","active","{""definition"":"""",""id"":""urn:uuid:9dba1197-bfca-5616-9b00-4d9aa90ea077"",""label"":""subset"",""notation"":[],""record_type"":""concept"",""recorded_at"":""2026-08-21T00:00:00Z"",""rights_id"":""urn:uuid:a0273f1c-6fad-54c7-a75a-32a5161da656"",""schema_name"":""lebl.backend.record"",""schema_version"":""0.3.0"",""semantic_aliases"":[],""semantic_key"":""lebl.ra.concept.ledger.set-theory.subset"",""source_bindings"":[],""status"":""active"",""supersedes_id"":null,""workflow_id"":""01a01f57-a34b-7740-9717-596b8116910c/backend-production-v0.3-r006-live""}"
"urn:uuid:9e1bc62c-fab7-5a74-a85d-9400041d3aaa","lebl.ra.concept.ledger.algebra.ordered-field","ordered field","","[]","[]","urn:uuid:a0273f1c-6fad-54c7-a75a-32a5161da656","active","{""definition"":"""",""id"":""urn:uuid:9e1bc62c-fab7-5a74-a85d-9400041d3aaa"",""label"":""ordered field"",""notation"":[],""record_type"":""concept"",""recorded_at"":""2026-08-21T00:00:00Z"",""rights_id"":""urn:uuid:a0273f1c-6fad-54c7-a75a-32a5161da656"",""schema_name"":""lebl.backend.record"",""schema_version"":""0.3.0"",""semantic_aliases"":[],""semantic_key"":""lebl.ra.concept.ledger.algebra.ordered-field"",""source_bindings"":[],""status"":""active"",""supersedes_id"":null,""workflow_id"":""01a01f57-a34b-7740-9717-596b8116910c/backend-production-v0.3-r006-live""}"
"urn:uuid:9e522ce6-c508-51a5-9a51-3417b4271da1","lebl.ra.concept.ledger.polynomial.highest-degree-term","highest-degree term","","[]","[]","urn:uuid:a0273f1c-6fad-54c7-a75a-32a5161da656","active","{""definition"":"""",""id"":""urn:uuid:9e522ce6-c508-51a5-9a51-3417b4271da1"",""label"":""highest-degree term"",""notation"":[],""record_type"":""concept"",""recorded_at"":""2026-08-24T00:00:00Z"",""rights_id"":""urn:uuid:a0273f1c-6fad-54c7-a75a-32a5161da656"",""schema_name"":""lebl.backend.record"",""schema_version"":""0.3.0"",""semantic_aliases"":[],""semantic_key"":""lebl.ra.concept.ledger.polynomial.highest-degree-term"",""source_bindings"":[],""status"":""active"",""supersedes_id"":null,""workflow_id"":""01a01f57-a34b-7740-9717-596b8116910c/backend-production-v0.4-live""}"
"urn:uuid:9e70fea6-8ec7-5842-a567-778f9d291271","lebl.ra.concept.ledger.integration.path-independent","path-independent integral","","[]","[]","urn:uuid:a0273f1c-6fad-54c7-a75a-32a5161da656","active","{""definition"":"""",""id"":""urn:uuid:9e70fea6-8ec7-5842-a567-778f9d291271"",""label"":""path-independent integral"",""notation"":[],""record_type"":""concept"",""recorded_at"":""2026-08-24T00:00:00Z"",""rights_id"":""urn:uuid:a0273f1c-6fad-54c7-a75a-32a5161da656"",""schema_name"":""lebl.backend.record"",""schema_version"":""0.3.0"",""semantic_aliases"":[],""semantic_key"":""lebl.ra.concept.ledger.integration.path-independent"",""source_bindings"":[],""status"":""active"",""supersedes_id"":null,""workflow_id"":""01a01f57-a34b-7740-9717-596b8116910c/backend-production-v0.4-live""}"
"urn:uuid:9e813cbc-da67-502b-ad85-2d0205b8ebcb","lebl.ra.concept.ledger.proof.constructive","constructive proof","","[]","[]","urn:uuid:a0273f1c-6fad-54c7-a75a-32a5161da656","active","{""definition"":"""",""id"":""urn:uuid:9e813cbc-da67-502b-ad85-2d0205b8ebcb"",""label"":""constructive proof"",""notation"":[],""record_type"":""concept"",""recorded_at"":""2026-08-21T00:00:00Z"",""rights_id"":""urn:uuid:a0273f1c-6fad-54c7-a75a-32a5161da656"",""schema_name"":""lebl.backend.record"",""schema_version"":""0.3.0"",""semantic_aliases"":[],""semantic_key"":""lebl.ra.concept.ledger.proof.constructive"",""source_bindings"":[],""status"":""active"",""supersedes_id"":null,""workflow_id"":""01a01f57-a34b-7740-9717-596b8116910c/backend-production-v0.3-r006-live""}"
"urn:uuid:9ed2828c-f89e-5839-982c-a879598f3d1b","lebl.ra.concept.ledger.order.least-upper-bound-property","least-upper-bound property","","[]","[]","urn:uuid:a0273f1c-6fad-54c7-a75a-32a5161da656","active","{""definition"":"""",""id"":""urn:uuid:9ed2828c-f89e-5839-982c-a879598f3d1b"",""label"":""least-upper-bound property"",""notation"":[],""record_type"":""concept"",""recorded_at"":""2026-08-21T00:00:00Z"",""rights_id"":""urn:uuid:a0273f1c-6fad-54c7-a75a-32a5161da656"",""schema_name"":""lebl.backend.record"",""schema_version"":""0.3.0"",""semantic_aliases"":[],""semantic_key"":""lebl.ra.concept.ledger.order.least-upper-bound-property"",""source_bindings"":[],""status"":""active"",""supersedes_id"":null,""workflow_id"":""01a01f57-a34b-7740-9717-596b8116910c/backend-production-v0.3-r006-live""}"
"urn:uuid:a0dd2c8b-2fea-5d72-937a-54fb053f441c","lebl.ra.concept.ledger.transformation.invertible","invertible linear transformation","","[]","[]","urn:uuid:a0273f1c-6fad-54c7-a75a-32a5161da656","active","{""definition"":"""",""id"":""urn:uuid:a0dd2c8b-2fea-5d72-937a-54fb053f441c"",""label"":""invertible linear transformation"",""notation"":[],""record_type"":""concept"",""recorded_at"":""2026-08-21T00:00:00Z"",""rights_id"":""urn:uuid:a0273f1c-6fad-54c7-a75a-32a5161da656"",""schema_name"":""lebl.backend.record"",""schema_version"":""0.3.0"",""semantic_aliases"":[],""semantic_key"":""lebl.ra.concept.ledger.transformation.invertible"",""source_bindings"":[],""status"":""active"",""supersedes_id"":null,""workflow_id"":""01a01f57-a34b-7740-9717-596b8116910c/backend-production-v0.3-r006-live""}"
"urn:uuid:a1aa9d65-c874-53ca-ab90-ab120c871863","lebl.ra.concept.ledger.scalar","scalar","","[]","[]","urn:uuid:a0273f1c-6fad-54c7-a75a-32a5161da656","active","{""definition"":"""",""id"":""urn:uuid:a1aa9d65-c874-53ca-ab90-ab120c871863"",""label"":""scalar"",""notation"":[],""record_type"":""concept"",""recorded_at"":""2026-08-21T00:00:00Z"",""rights_id"":""urn:uuid:a0273f1c-6fad-54c7-a75a-32a5161da656"",""schema_name"":""lebl.backend.record"",""schema_version"":""0.3.0"",""semantic_aliases"":[],""semantic_key"":""lebl.ra.concept.ledger.scalar"",""source_bindings"":[],""status"":""active"",""supersedes_id"":null,""workflow_id"":""01a01f57-a34b-7740-9717-596b8116910c/backend-production-v0.3-r006-live""}"
"urn:uuid:a1de756a-b7d3-5ad5-8539-fede9b579f96","lebl.ra.concept.ledger.series.absolute-convergence","absolute convergence","","[]","[]","urn:uuid:a0273f1c-6fad-54c7-a75a-32a5161da656","active","{""definition"":"""",""id"":""urn:uuid:a1de756a-b7d3-5ad5-8539-fede9b579f96"",""label"":""absolute convergence"",""notation"":[],""record_type"":""concept"",""recorded_at"":""2026-08-21T00:00:00Z"",""rights_id"":""urn:uuid:a0273f1c-6fad-54c7-a75a-32a5161da656"",""schema_name"":""lebl.backend.record"",""schema_version"":""0.3.0"",""semantic_aliases"":[],""semantic_key"":""lebl.ra.concept.ledger.series.absolute-convergence"",""source_bindings"":[],""status"":""active"",""supersedes_id"":null,""workflow_id"":""01a01f57-a34b-7740-9717-596b8116910c/backend-production-v0.3-r006-live""}"
"urn:uuid:a20c2317-1450-5163-9a16-fec8b3690804","lebl.ra.concept.ledger.function.intermediate-value-property","intermediate value property","","[]","[]","urn:uuid:a0273f1c-6fad-54c7-a75a-32a5161da656","active","{""definition"":"""",""id"":""urn:uuid:a20c2317-1450-5163-9a16-fec8b3690804"",""label"":""intermediate value property"",""notation"":[],""record_type"":""concept"",""recorded_at"":""2026-08-21T00:00:00Z"",""rights_id"":""urn:uuid:a0273f1c-6fad-54c7-a75a-32a5161da656"",""schema_name"":""lebl.backend.record"",""schema_version"":""0.3.0"",""semantic_aliases"":[],""semantic_key"":""lebl.ra.concept.ledger.function.intermediate-value-property"",""source_bindings"":[],""status"":""active"",""supersedes_id"":null,""workflow_id"":""01a01f57-a34b-7740-9717-596b8116910c/backend-production-v0.3-r006-live""}"
"urn:uuid:a23eccf6-d808-50d3-9f40-8a1f1507c514","lebl.ra.concept.ledger.geometry.mapping.radial","radial mapping","","[]","[]","urn:uuid:a0273f1c-6fad-54c7-a75a-32a5161da656","active","{""definition"":"""",""id"":""urn:uuid:a23eccf6-d808-50d3-9f40-8a1f1507c514"",""label"":""radial mapping"",""notation"":[],""record_type"":""concept"",""recorded_at"":""2026-08-24T00:00:00Z"",""rights_id"":""urn:uuid:a0273f1c-6fad-54c7-a75a-32a5161da656"",""schema_name"":""lebl.backend.record"",""schema_version"":""0.3.0"",""semantic_aliases"":[],""semantic_key"":""lebl.ra.concept.ledger.geometry.mapping.radial"",""source_bindings"":[],""status"":""active"",""supersedes_id"":null,""workflow_id"":""01a01f57-a34b-7740-9717-596b8116910c/backend-production-v0.4-live""}"
"urn:uuid:a2411647-a6ce-590b-9f73-b769d2111417","lebl.ra.concept.ledger.integration.path-integral.vector-field","path integral of a vector field","","[]","[]","urn:uuid:a0273f1c-6fad-54c7-a75a-32a5161da656","active","{""definition"":"""",""id"":""urn:uuid:a2411647-a6ce-590b-9f73-b769d2111417"",""label"":""path integral of a vector field"",""notation"":[],""record_type"":""concept"",""recorded_at"":""2026-08-24T00:00:00Z"",""rights_id"":""urn:uuid:a0273f1c-6fad-54c7-a75a-32a5161da656"",""schema_name"":""lebl.backend.record"",""schema_version"":""0.3.0"",""semantic_aliases"":[],""semantic_key"":""lebl.ra.concept.ledger.integration.path-integral.vector-field"",""source_bindings"":[],""status"":""active"",""supersedes_id"":null,""workflow_id"":""01a01f57-a34b-7740-9717-596b8116910c/backend-production-v0.4-live""}"
"urn:uuid:a2828f2a-420a-53ba-a2c6-09e754bd403c","lebl.ra.concept.ledger.cover.open","open cover","","[]","[]","urn:uuid:a0273f1c-6fad-54c7-a75a-32a5161da656","active","{""definition"":"""",""id"":""urn:uuid:a2828f2a-420a-53ba-a2c6-09e754bd403c"",""label"":""open cover"",""notation"":[],""record_type"":""concept"",""recorded_at"":""2026-08-21T00:00:00Z"",""rights_id"":""urn:uuid:a0273f1c-6fad-54c7-a75a-32a5161da656"",""schema_name"":""lebl.backend.record"",""schema_version"":""0.3.0"",""semantic_aliases"":[],""semantic_key"":""lebl.ra.concept.ledger.cover.open"",""source_bindings"":[],""status"":""active"",""supersedes_id"":null,""workflow_id"":""01a01f57-a34b-7740-9717-596b8116910c/backend-production-v0.3-r006-live""}"
"urn:uuid:a3201a7a-5c53-50fb-a063-330c9076b619","lebl.diffyqs.concept.ledger.dynamical-system.phase-portrait","phase portrait","","[]","[]","urn:uuid:55f5bc5b-fcc2-55bd-8bcb-65ab31cc4e0f","active","{""definition"":"""",""id"":""urn:uuid:a3201a7a-5c53-50fb-a063-330c9076b619"",""label"":""phase portrait"",""notation"":[],""record_type"":""concept"",""recorded_at"":""2026-08-24T00:00:00Z"",""rights_id"":""urn:uuid:55f5bc5b-fcc2-55bd-8bcb-65ab31cc4e0f"",""schema_name"":""lebl.backend.record"",""schema_version"":""0.3.0"",""semantic_aliases"":[],""semantic_key"":""lebl.diffyqs.concept.ledger.dynamical-system.phase-portrait"",""source_bindings"":[],""status"":""active"",""supersedes_id"":null,""workflow_id"":""01a01f57-a34b-7740-9717-596b8116910c/backend-production-v0.4-live""}"
"urn:uuid:a3acfef4-1603-5f5f-964d-c8b6227e5835","lebl.ra.concept.ledger.number-system.integers","integers","","[]","[]","urn:uuid:a0273f1c-6fad-54c7-a75a-32a5161da656","active","{""definition"":"""",""id"":""urn:uuid:a3acfef4-1603-5f5f-964d-c8b6227e5835"",""label"":""integers"",""notation"":[],""record_type"":""concept"",""recorded_at"":""2026-08-21T00:00:00Z"",""rights_id"":""urn:uuid:a0273f1c-6fad-54c7-a75a-32a5161da656"",""schema_name"":""lebl.backend.record"",""schema_version"":""0.3.0"",""semantic_aliases"":[],""semantic_key"":""lebl.ra.concept.ledger.number-system.integers"",""source_bindings"":[],""status"":""active"",""supersedes_id"":null,""workflow_id"":""01a01f57-a34b-7740-9717-596b8116910c/backend-production-v0.3-r006-live""}"
"urn:uuid:a40df6fa-9352-5fb9-b1ac-e7d1d5d5c2f4","lebl.ra.concept.ledger.series.formal","formal series","","[]","[]","urn:uuid:a0273f1c-6fad-54c7-a75a-32a5161da656","active","{""definition"":"""",""id"":""urn:uuid:a40df6fa-9352-5fb9-b1ac-e7d1d5d5c2f4"",""label"":""formal series"",""notation"":[],""record_type"":""concept"",""recorded_at"":""2026-08-24T00:00:00Z"",""rights_id"":""urn:uuid:a0273f1c-6fad-54c7-a75a-32a5161da656"",""schema_name"":""lebl.backend.record"",""schema_version"":""0.3.0"",""semantic_aliases"":[],""semantic_key"":""lebl.ra.concept.ledger.series.formal"",""source_bindings"":[],""status"":""active"",""supersedes_id"":null,""workflow_id"":""01a01f57-a34b-7740-9717-596b8116910c/backend-production-v0.4-live""}"
"urn:uuid:a41bb0ec-f3b8-56b0-a6d8-ee9a694a616d","lebl.ra.concept.ledger.calculus.second-derivative","second derivative","","[]","[]","urn:uuid:a0273f1c-6fad-54c7-a75a-32a5161da656","active","{""definition"":"""",""id"":""urn:uuid:a41bb0ec-f3b8-56b0-a6d8-ee9a694a616d"",""label"":""second derivative"",""notation"":[],""record_type"":""concept"",""recorded_at"":""2026-08-21T00:00:00Z"",""rights_id"":""urn:uuid:a0273f1c-6fad-54c7-a75a-32a5161da656"",""schema_name"":""lebl.backend.record"",""schema_version"":""0.3.0"",""semantic_aliases"":[],""semantic_key"":""lebl.ra.concept.ledger.calculus.second-derivative"",""source_bindings"":[],""status"":""active"",""supersedes_id"":null,""workflow_id"":""01a01f57-a34b-7740-9717-596b8116910c/backend-production-v0.3-r006-live""}"
"urn:uuid:a59b3bc5-9d3a-56fe-bb44-79a359683531","lebl.ra.concept.ledger.result.proposition","proposition","","[]","[]","urn:uuid:a0273f1c-6fad-54c7-a75a-32a5161da656","active","{""definition"":"""",""id"":""urn:uuid:a59b3bc5-9d3a-56fe-bb44-79a359683531"",""label"":""proposition"",""notation"":[],""record_type"":""concept"",""recorded_at"":""2026-08-21T00:00:00Z"",""rights_id"":""urn:uuid:a0273f1c-6fad-54c7-a75a-32a5161da656"",""schema_name"":""lebl.backend.record"",""schema_version"":""0.3.0"",""semantic_aliases"":[],""semantic_key"":""lebl.ra.concept.ledger.result.proposition"",""source_bindings"":[],""status"":""active"",""supersedes_id"":null,""workflow_id"":""01a01f57-a34b-7740-9717-596b8116910c/backend-production-v0.3-r006-live""}"
"urn:uuid:a5cb903d-64d3-5a93-91a0-53e98f4e0b5d","lebl.ra.concept.ledger.theorem.green","Green's theorem","","[]","[]","urn:uuid:a0273f1c-6fad-54c7-a75a-32a5161da656","active","{""definition"":"""",""id"":""urn:uuid:a5cb903d-64d3-5a93-91a0-53e98f4e0b5d"",""label"":""Green's theorem"",""notation"":[],""record_type"":""concept"",""recorded_at"":""2026-08-24T00:00:00Z"",""rights_id"":""urn:uuid:a0273f1c-6fad-54c7-a75a-32a5161da656"",""schema_name"":""lebl.backend.record"",""schema_version"":""0.3.0"",""semantic_aliases"":[],""semantic_key"":""lebl.ra.concept.ledger.theorem.green"",""source_bindings"":[],""status"":""active"",""supersedes_id"":null,""workflow_id"":""01a01f57-a34b-7740-9717-596b8116910c/backend-production-v0.4-live""}"
"urn:uuid:a62ff359-7bde-503f-a42e-0219ea0f568d","lebl.ra.concept.ledger.interval.closed","closed interval","","[]","[]","urn:uuid:a0273f1c-6fad-54c7-a75a-32a5161da656","active","{""definition"":"""",""id"":""urn:uuid:a62ff359-7bde-503f-a42e-0219ea0f568d"",""label"":""closed interval"",""notation"":[],""record_type"":""concept"",""recorded_at"":""2026-08-21T00:00:00Z"",""rights_id"":""urn:uuid:a0273f1c-6fad-54c7-a75a-32a5161da656"",""schema_name"":""lebl.backend.record"",""schema_version"":""0.3.0"",""semantic_aliases"":[],""semantic_key"":""lebl.ra.concept.ledger.interval.closed"",""source_bindings"":[],""status"":""active"",""supersedes_id"":null,""workflow_id"":""01a01f57-a34b-7740-9717-596b8116910c/backend-production-v0.3-r006-live""}"
"urn:uuid:a654f034-1d88-5e37-9cfb-a948c60a7ad9","lebl.ra.concept.ledger.limit.superior","limit superior","","[]","[]","urn:uuid:a0273f1c-6fad-54c7-a75a-32a5161da656","active","{""definition"":"""",""id"":""urn:uuid:a654f034-1d88-5e37-9cfb-a948c60a7ad9"",""label"":""limit superior"",""notation"":[],""record_type"":""concept"",""recorded_at"":""2026-08-21T00:00:00Z"",""rights_id"":""urn:uuid:a0273f1c-6fad-54c7-a75a-32a5161da656"",""schema_name"":""lebl.backend.record"",""schema_version"":""0.3.0"",""semantic_aliases"":[],""semantic_key"":""lebl.ra.concept.ledger.limit.superior"",""source_bindings"":[],""status"":""active"",""supersedes_id"":null,""workflow_id"":""01a01f57-a34b-7740-9717-596b8116910c/backend-production-v0.3-r006-live""}"
"urn:uuid:a65c38f9-dcc3-51b2-b7c9-cbafd9b355fe","lebl.ra.concept.ledger.sequence.bounded-below","bounded below","","[]","[]","urn:uuid:a0273f1c-6fad-54c7-a75a-32a5161da656","active","{""definition"":"""",""id"":""urn:uuid:a65c38f9-dcc3-51b2-b7c9-cbafd9b355fe"",""label"":""bounded below"",""notation"":[],""record_type"":""concept"",""recorded_at"":""2026-08-21T00:00:00Z"",""rights_id"":""urn:uuid:a0273f1c-6fad-54c7-a75a-32a5161da656"",""schema_name"":""lebl.backend.record"",""schema_version"":""0.3.0"",""semantic_aliases"":[],""semantic_key"":""lebl.ra.concept.ledger.sequence.bounded-below"",""source_bindings"":[],""status"":""active"",""supersedes_id"":null,""workflow_id"":""01a01f57-a34b-7740-9717-596b8116910c/backend-production-v0.3-r006-live""}"
"urn:uuid:a707665a-09ed-5aa2-ba43-03d19858f143","lebl.ra.concept.ledger.sequence.bounded-above","bounded above","","[]","[]","urn:uuid:a0273f1c-6fad-54c7-a75a-32a5161da656","active","{""definition"":"""",""id"":""urn:uuid:a707665a-09ed-5aa2-ba43-03d19858f143"",""label"":""bounded above"",""notation"":[],""record_type"":""concept"",""recorded_at"":""2026-08-21T00:00:00Z"",""rights_id"":""urn:uuid:a0273f1c-6fad-54c7-a75a-32a5161da656"",""schema_name"":""lebl.backend.record"",""schema_version"":""0.3.0"",""semantic_aliases"":[],""semantic_key"":""lebl.ra.concept.ledger.sequence.bounded-above"",""source_bindings"":[],""status"":""active"",""supersedes_id"":null,""workflow_id"":""01a01f57-a34b-7740-9717-596b8116910c/backend-production-v0.3-r006-live""}"
"urn:uuid:a71217f5-e41e-569e-9927-dc4288b0b42f","lebl.ra.concept.ledger.hull.convex","convex hull","","[]","[]","urn:uuid:a0273f1c-6fad-54c7-a75a-32a5161da656","active","{""definition"":"""",""id"":""urn:uuid:a71217f5-e41e-569e-9927-dc4288b0b42f"",""label"":""convex hull"",""notation"":[],""record_type"":""concept"",""recorded_at"":""2026-08-21T00:00:00Z"",""rights_id"":""urn:uuid:a0273f1c-6fad-54c7-a75a-32a5161da656"",""schema_name"":""lebl.backend.record"",""schema_version"":""0.3.0"",""semantic_aliases"":[],""semantic_key"":""lebl.ra.concept.ledger.hull.convex"",""source_bindings"":[],""status"":""active"",""supersedes_id"":null,""workflow_id"":""01a01f57-a34b-7740-9717-596b8116910c/backend-production-v0.3-r006-live""}"
"urn:uuid:a72b45be-db2d-51bf-91c6-4c0518c4c51d","lebl.ra.concept.ledger.sequence.monotone-decreasing","monotone decreasing sequence","","[]","[]","urn:uuid:a0273f1c-6fad-54c7-a75a-32a5161da656","active","{""definition"":"""",""id"":""urn:uuid:a72b45be-db2d-51bf-91c6-4c0518c4c51d"",""label"":""monotone decreasing sequence"",""notation"":[],""record_type"":""concept"",""recorded_at"":""2026-08-21T00:00:00Z"",""rights_id"":""urn:uuid:a0273f1c-6fad-54c7-a75a-32a5161da656"",""schema_name"":""lebl.backend.record"",""schema_version"":""0.3.0"",""semantic_aliases"":[],""semantic_key"":""lebl.ra.concept.ledger.sequence.monotone-decreasing"",""source_bindings"":[],""status"":""active"",""supersedes_id"":null,""workflow_id"":""01a01f57-a34b-7740-9717-596b8116910c/backend-production-v0.3-r006-live""}"
"urn:uuid:a74d2b54-2b2a-5543-be62-b80e68d98755","lebl.ra.concept.ledger.function.indicator","indicator function","","[]","[]","urn:uuid:a0273f1c-6fad-54c7-a75a-32a5161da656","active","{""definition"":"""",""id"":""urn:uuid:a74d2b54-2b2a-5543-be62-b80e68d98755"",""label"":""indicator function"",""notation"":[],""record_type"":""concept"",""recorded_at"":""2026-08-24T00:00:00Z"",""rights_id"":""urn:uuid:a0273f1c-6fad-54c7-a75a-32a5161da656"",""schema_name"":""lebl.backend.record"",""schema_version"":""0.3.0"",""semantic_aliases"":[],""semantic_key"":""lebl.ra.concept.ledger.function.indicator"",""source_bindings"":[],""status"":""active"",""supersedes_id"":null,""workflow_id"":""01a01f57-a34b-7740-9717-596b8116910c/backend-production-v0.4-live""}"
"urn:uuid:a7737795-b6c8-58d9-93ba-56711b6a34ec","lebl.ra.concept.ledger.series.multiplication","multiplication of series","","[]","[]","urn:uuid:a0273f1c-6fad-54c7-a75a-32a5161da656","active","{""definition"":"""",""id"":""urn:uuid:a7737795-b6c8-58d9-93ba-56711b6a34ec"",""label"":""multiplication of series"",""notation"":[],""record_type"":""concept"",""recorded_at"":""2026-08-21T00:00:00Z"",""rights_id"":""urn:uuid:a0273f1c-6fad-54c7-a75a-32a5161da656"",""schema_name"":""lebl.backend.record"",""schema_version"":""0.3.0"",""semantic_aliases"":[],""semantic_key"":""lebl.ra.concept.ledger.series.multiplication"",""source_bindings"":[],""status"":""active"",""supersedes_id"":null,""workflow_id"":""01a01f57-a34b-7740-9717-596b8116910c/backend-production-v0.3-r006-live""}"
"urn:uuid:a7c2fae2-c674-5e48-820b-5d7927e6cac0","lebl.ra.concept.ledger.transformation.rotation","rotation","","[]","[]","urn:uuid:a0273f1c-6fad-54c7-a75a-32a5161da656","active","{""definition"":"""",""id"":""urn:uuid:a7c2fae2-c674-5e48-820b-5d7927e6cac0"",""label"":""rotation"",""notation"":[],""record_type"":""concept"",""recorded_at"":""2026-08-24T00:00:00Z"",""rights_id"":""urn:uuid:a0273f1c-6fad-54c7-a75a-32a5161da656"",""schema_name"":""lebl.backend.record"",""schema_version"":""0.3.0"",""semantic_aliases"":[],""semantic_key"":""lebl.ra.concept.ledger.transformation.rotation"",""source_bindings"":[],""status"":""active"",""supersedes_id"":null,""workflow_id"":""01a01f57-a34b-7740-9717-596b8116910c/backend-production-v0.4-live""}"
"urn:uuid:a861f623-98af-5d6e-9edc-3be48571a332","lebl.ra.concept.ledger.interval.half-open","half-open interval","","[]","[]","urn:uuid:a0273f1c-6fad-54c7-a75a-32a5161da656","active","{""definition"":"""",""id"":""urn:uuid:a861f623-98af-5d6e-9edc-3be48571a332"",""label"":""half-open interval"",""notation"":[],""record_type"":""concept"",""recorded_at"":""2026-08-21T00:00:00Z"",""rights_id"":""urn:uuid:a0273f1c-6fad-54c7-a75a-32a5161da656"",""schema_name"":""lebl.backend.record"",""schema_version"":""0.3.0"",""semantic_aliases"":[],""semantic_key"":""lebl.ra.concept.ledger.interval.half-open"",""source_bindings"":[],""status"":""active"",""supersedes_id"":null,""workflow_id"":""01a01f57-a34b-7740-9717-596b8116910c/backend-production-v0.3-r006-live""}"
"urn:uuid:a8c3b5a6-c4ba-5f6d-95e8-e159a57410b9","lebl.ra.concept.ledger.method.bisection","bisection method","","[]","[]","urn:uuid:a0273f1c-6fad-54c7-a75a-32a5161da656","active","{""definition"":"""",""id"":""urn:uuid:a8c3b5a6-c4ba-5f6d-95e8-e159a57410b9"",""label"":""bisection method"",""notation"":[],""record_type"":""concept"",""recorded_at"":""2026-08-21T00:00:00Z"",""rights_id"":""urn:uuid:a0273f1c-6fad-54c7-a75a-32a5161da656"",""schema_name"":""lebl.backend.record"",""schema_version"":""0.3.0"",""semantic_aliases"":[],""semantic_key"":""lebl.ra.concept.ledger.method.bisection"",""source_bindings"":[],""status"":""active"",""supersedes_id"":null,""workflow_id"":""01a01f57-a34b-7740-9717-596b8116910c/backend-production-v0.3-r006-live""}"
"urn:uuid:a8e81d16-0480-5196-bf7a-8576abe01920","lebl.ra.concept.ledger.physics.vector-field.vortex","vortex vector field","","[]","[]","urn:uuid:a0273f1c-6fad-54c7-a75a-32a5161da656","active","{""definition"":"""",""id"":""urn:uuid:a8e81d16-0480-5196-bf7a-8576abe01920"",""label"":""vortex vector field"",""notation"":[],""record_type"":""concept"",""recorded_at"":""2026-08-24T00:00:00Z"",""rights_id"":""urn:uuid:a0273f1c-6fad-54c7-a75a-32a5161da656"",""schema_name"":""lebl.backend.record"",""schema_version"":""0.3.0"",""semantic_aliases"":[],""semantic_key"":""lebl.ra.concept.ledger.physics.vector-field.vortex"",""source_bindings"":[],""status"":""active"",""supersedes_id"":null,""workflow_id"":""01a01f57-a34b-7740-9717-596b8116910c/backend-production-v0.4-live""}"
"urn:uuid:a9590715-c6ce-5580-9fe3-4e4aa54cc481","lebl.ra.concept.ledger.geometry.path.traverse-twice","traverse twice","","[]","[]","urn:uuid:a0273f1c-6fad-54c7-a75a-32a5161da656","active","{""definition"":"""",""id"":""urn:uuid:a9590715-c6ce-5580-9fe3-4e4aa54cc481"",""label"":""traverse twice"",""notation"":[],""record_type"":""concept"",""recorded_at"":""2026-08-24T00:00:00Z"",""rights_id"":""urn:uuid:a0273f1c-6fad-54c7-a75a-32a5161da656"",""schema_name"":""lebl.backend.record"",""schema_version"":""0.3.0"",""semantic_aliases"":[],""semantic_key"":""lebl.ra.concept.ledger.geometry.path.traverse-twice"",""source_bindings"":[],""status"":""active"",""supersedes_id"":null,""workflow_id"":""01a01f57-a34b-7740-9717-596b8116910c/backend-production-v0.4-live""}"
"urn:uuid:a9a983bb-5ef6-5511-a73a-301829659291","lebl.diffyqs.concept.ledger.calculus.divergence","divergence","","[]","[]","urn:uuid:55f5bc5b-fcc2-55bd-8bcb-65ab31cc4e0f","active","{""definition"":"""",""id"":""urn:uuid:a9a983bb-5ef6-5511-a73a-301829659291"",""label"":""divergence"",""notation"":[],""record_type"":""concept"",""recorded_at"":""2026-08-24T00:00:00Z"",""rights_id"":""urn:uuid:55f5bc5b-fcc2-55bd-8bcb-65ab31cc4e0f"",""schema_name"":""lebl.backend.record"",""schema_version"":""0.3.0"",""semantic_aliases"":[],""semantic_key"":""lebl.diffyqs.concept.ledger.calculus.divergence"",""source_bindings"":[],""status"":""active"",""supersedes_id"":null,""workflow_id"":""01a01f57-a34b-7740-9717-596b8116910c/backend-production-v0.4-live""}"
"urn:uuid:aa12a67b-f68d-5a46-ad66-ba258db71e31","lebl.ra.concept.ledger.analysis.harmonic-polynomial","harmonic polynomial","","[]","[]","urn:uuid:a0273f1c-6fad-54c7-a75a-32a5161da656","active","{""definition"":"""",""id"":""urn:uuid:aa12a67b-f68d-5a46-ad66-ba258db71e31"",""label"":""harmonic polynomial"",""notation"":[],""record_type"":""concept"",""recorded_at"":""2026-08-24T00:00:00Z"",""rights_id"":""urn:uuid:a0273f1c-6fad-54c7-a75a-32a5161da656"",""schema_name"":""lebl.backend.record"",""schema_version"":""0.3.0"",""semantic_aliases"":[],""semantic_key"":""lebl.ra.concept.ledger.analysis.harmonic-polynomial"",""source_bindings"":[],""status"":""active"",""supersedes_id"":null,""workflow_id"":""01a01f57-a34b-7740-9717-596b8116910c/backend-production-v0.4-live""}"
"urn:uuid:aa355d0b-60a9-5b30-b255-f7480bd13137","lebl.ra.concept.ledger.set.clopen","clopen set","","[]","[]","urn:uuid:a0273f1c-6fad-54c7-a75a-32a5161da656","active","{""definition"":"""",""id"":""urn:uuid:aa355d0b-60a9-5b30-b255-f7480bd13137"",""label"":""clopen set"",""notation"":[],""record_type"":""concept"",""recorded_at"":""2026-08-21T00:00:00Z"",""rights_id"":""urn:uuid:a0273f1c-6fad-54c7-a75a-32a5161da656"",""schema_name"":""lebl.backend.record"",""schema_version"":""0.3.0"",""semantic_aliases"":[],""semantic_key"":""lebl.ra.concept.ledger.set.clopen"",""source_bindings"":[],""status"":""active"",""supersedes_id"":null,""workflow_id"":""01a01f57-a34b-7740-9717-596b8116910c/backend-production-v0.3-r006-live""}"
"urn:uuid:aa4f6302-6ccf-5083-ab89-c73e434cf05e","lebl.ra.concept.ledger.convergence.uniform","uniform convergence","","[]","[]","urn:uuid:a0273f1c-6fad-54c7-a75a-32a5161da656","active","{""definition"":"""",""id"":""urn:uuid:aa4f6302-6ccf-5083-ab89-c73e434cf05e"",""label"":""uniform convergence"",""notation"":[],""record_type"":""concept"",""recorded_at"":""2026-08-21T00:00:00Z"",""rights_id"":""urn:uuid:a0273f1c-6fad-54c7-a75a-32a5161da656"",""schema_name"":""lebl.backend.record"",""schema_version"":""0.3.0"",""semantic_aliases"":[],""semantic_key"":""lebl.ra.concept.ledger.convergence.uniform"",""source_bindings"":[],""status"":""active"",""supersedes_id"":null,""workflow_id"":""01a01f57-a34b-7740-9717-596b8116910c/backend-production-v0.3-r006-live""}"
"urn:uuid:aaefe85b-339a-54d8-91b9-3c953b9a6bce","lebl.ra.concept.ledger.cover.subcover.inclusion-minimal","minimal subcover","","[]","[]","urn:uuid:a0273f1c-6fad-54c7-a75a-32a5161da656","active","{""definition"":"""",""id"":""urn:uuid:aaefe85b-339a-54d8-91b9-3c953b9a6bce"",""label"":""minimal subcover"",""notation"":[],""record_type"":""concept"",""recorded_at"":""2026-08-24T00:00:00Z"",""rights_id"":""urn:uuid:a0273f1c-6fad-54c7-a75a-32a5161da656"",""schema_name"":""lebl.backend.record"",""schema_version"":""0.3.0"",""semantic_aliases"":[],""semantic_key"":""lebl.ra.concept.ledger.cover.subcover.inclusion-minimal"",""source_bindings"":[],""status"":""active"",""supersedes_id"":null,""workflow_id"":""01a01f57-a34b-7740-9717-596b8116910c/backend-production-v0.4-live""}"
"urn:uuid:ab5c838e-1c43-5428-8846-c18eb890d2a6","lebl.ra.concept.ledger.transformation.linear","linear transformation","","[]","[]","urn:uuid:a0273f1c-6fad-54c7-a75a-32a5161da656","active","{""definition"":"""",""id"":""urn:uuid:ab5c838e-1c43-5428-8846-c18eb890d2a6"",""label"":""linear transformation"",""notation"":[],""record_type"":""concept"",""recorded_at"":""2026-08-21T00:00:00Z"",""rights_id"":""urn:uuid:a0273f1c-6fad-54c7-a75a-32a5161da656"",""schema_name"":""lebl.backend.record"",""schema_version"":""0.3.0"",""semantic_aliases"":[],""semantic_key"":""lebl.ra.concept.ledger.transformation.linear"",""source_bindings"":[],""status"":""active"",""supersedes_id"":null,""workflow_id"":""01a01f57-a34b-7740-9717-596b8116910c/backend-production-v0.3-r006-live""}"
"urn:uuid:ab91e407-7c80-5311-abe4-32bae0b180b0","lebl.ra.concept.ledger.geometry.curve.zero-length","curve of length zero","","[]","[]","urn:uuid:a0273f1c-6fad-54c7-a75a-32a5161da656","active","{""definition"":"""",""id"":""urn:uuid:ab91e407-7c80-5311-abe4-32bae0b180b0"",""label"":""curve of length zero"",""notation"":[],""record_type"":""concept"",""recorded_at"":""2026-08-24T00:00:00Z"",""rights_id"":""urn:uuid:a0273f1c-6fad-54c7-a75a-32a5161da656"",""schema_name"":""lebl.backend.record"",""schema_version"":""0.3.0"",""semantic_aliases"":[],""semantic_key"":""lebl.ra.concept.ledger.geometry.curve.zero-length"",""source_bindings"":[],""status"":""active"",""supersedes_id"":null,""workflow_id"":""01a01f57-a34b-7740-9717-596b8116910c/backend-production-v0.4-live""}"
"urn:uuid:abdb013f-3dfb-55f6-a073-3d04aa1b8941","lebl.ra.concept.ledger.complex.conjugate","complex conjugate","","[]","[]","urn:uuid:a0273f1c-6fad-54c7-a75a-32a5161da656","active","{""definition"":"""",""id"":""urn:uuid:abdb013f-3dfb-55f6-a073-3d04aa1b8941"",""label"":""complex conjugate"",""notation"":[],""record_type"":""concept"",""recorded_at"":""2026-08-24T00:00:00Z"",""rights_id"":""urn:uuid:a0273f1c-6fad-54c7-a75a-32a5161da656"",""schema_name"":""lebl.backend.record"",""schema_version"":""0.3.0"",""semantic_aliases"":[],""semantic_key"":""lebl.ra.concept.ledger.complex.conjugate"",""source_bindings"":[],""status"":""active"",""supersedes_id"":null,""workflow_id"":""01a01f57-a34b-7740-9717-596b8116910c/backend-production-v0.4-live""}"
"urn:uuid:ac5481b1-7f78-5e5b-846c-27e649b0ecf5","lebl.ra.concept.ledger.test.ratio-series","ratio test for series","","[]","[]","urn:uuid:a0273f1c-6fad-54c7-a75a-32a5161da656","active","{""definition"":"""",""id"":""urn:uuid:ac5481b1-7f78-5e5b-846c-27e649b0ecf5"",""label"":""ratio test for series"",""notation"":[],""record_type"":""concept"",""recorded_at"":""2026-08-21T00:00:00Z"",""rights_id"":""urn:uuid:a0273f1c-6fad-54c7-a75a-32a5161da656"",""schema_name"":""lebl.backend.record"",""schema_version"":""0.3.0"",""semantic_aliases"":[],""semantic_key"":""lebl.ra.concept.ledger.test.ratio-series"",""source_bindings"":[],""status"":""active"",""supersedes_id"":null,""workflow_id"":""01a01f57-a34b-7740-9717-596b8116910c/backend-production-v0.3-r006-live""}"
"urn:uuid:accc99c9-2d0c-5513-8ad1-997953862c42","lebl.ra.concept.ledger.identity.trigonometric","trigonometric identity","","[]","[]","urn:uuid:a0273f1c-6fad-54c7-a75a-32a5161da656","active","{""definition"":"""",""id"":""urn:uuid:accc99c9-2d0c-5513-8ad1-997953862c42"",""label"":""trigonometric identity"",""notation"":[],""record_type"":""concept"",""recorded_at"":""2026-08-24T00:00:00Z"",""rights_id"":""urn:uuid:a0273f1c-6fad-54c7-a75a-32a5161da656"",""schema_name"":""lebl.backend.record"",""schema_version"":""0.3.0"",""semantic_aliases"":[],""semantic_key"":""lebl.ra.concept.ledger.identity.trigonometric"",""source_bindings"":[],""status"":""active"",""supersedes_id"":null,""workflow_id"":""01a01f57-a34b-7740-9717-596b8116910c/backend-production-v0.4-live""}"
"urn:uuid:ad29d5a8-66a5-5c2a-a691-8b6671ef544c","lebl.ra.concept.ledger.iterate.picard","Picard iterate","","[]","[]","urn:uuid:a0273f1c-6fad-54c7-a75a-32a5161da656","active","{""definition"":"""",""id"":""urn:uuid:ad29d5a8-66a5-5c2a-a691-8b6671ef544c"",""label"":""Picard iterate"",""notation"":[],""record_type"":""concept"",""recorded_at"":""2026-08-21T00:00:00Z"",""rights_id"":""urn:uuid:a0273f1c-6fad-54c7-a75a-32a5161da656"",""schema_name"":""lebl.backend.record"",""schema_version"":""0.3.0"",""semantic_aliases"":[],""semantic_key"":""lebl.ra.concept.ledger.iterate.picard"",""source_bindings"":[],""status"":""active"",""supersedes_id"":null,""workflow_id"":""01a01f57-a34b-7740-9717-596b8116910c/backend-production-v0.3-r006-live""}"
"urn:uuid:ad3c4da0-2e03-58e2-b582-dcb0415a3bc3","lebl.ra.concept.ledger.sequence.monotone","monotone sequence","","[]","[]","urn:uuid:a0273f1c-6fad-54c7-a75a-32a5161da656","active","{""definition"":"""",""id"":""urn:uuid:ad3c4da0-2e03-58e2-b582-dcb0415a3bc3"",""label"":""monotone sequence"",""notation"":[],""record_type"":""concept"",""recorded_at"":""2026-08-21T00:00:00Z"",""rights_id"":""urn:uuid:a0273f1c-6fad-54c7-a75a-32a5161da656"",""schema_name"":""lebl.backend.record"",""schema_version"":""0.3.0"",""semantic_aliases"":[],""semantic_key"":""lebl.ra.concept.ledger.sequence.monotone"",""source_bindings"":[],""status"":""active"",""supersedes_id"":null,""workflow_id"":""01a01f57-a34b-7740-9717-596b8116910c/backend-production-v0.3-r006-live""}"
"urn:uuid:ad4ab348-c90b-5049-a484-1aee30b3a800","lebl.ra.concept.ledger.integration.upper-darboux-sum","upper Darboux sum","","[]","[]","urn:uuid:a0273f1c-6fad-54c7-a75a-32a5161da656","active","{""definition"":"""",""id"":""urn:uuid:ad4ab348-c90b-5049-a484-1aee30b3a800"",""label"":""upper Darboux sum"",""notation"":[],""record_type"":""concept"",""recorded_at"":""2026-08-21T00:00:00Z"",""rights_id"":""urn:uuid:a0273f1c-6fad-54c7-a75a-32a5161da656"",""schema_name"":""lebl.backend.record"",""schema_version"":""0.3.0"",""semantic_aliases"":[],""semantic_key"":""lebl.ra.concept.ledger.integration.upper-darboux-sum"",""source_bindings"":[],""status"":""active"",""supersedes_id"":null,""workflow_id"":""01a01f57-a34b-7740-9717-596b8116910c/backend-production-v0.3-r006-live""}"
"urn:uuid:ad5a7af7-3920-5a99-81ac-264f1057e493","lebl.ra.concept.ledger.topology.open.relative","relative open set","","[]","[]","urn:uuid:a0273f1c-6fad-54c7-a75a-32a5161da656","active","{""definition"":"""",""id"":""urn:uuid:ad5a7af7-3920-5a99-81ac-264f1057e493"",""label"":""relative open set"",""notation"":[],""record_type"":""concept"",""recorded_at"":""2026-08-24T00:00:00Z"",""rights_id"":""urn:uuid:a0273f1c-6fad-54c7-a75a-32a5161da656"",""schema_name"":""lebl.backend.record"",""schema_version"":""0.3.0"",""semantic_aliases"":[],""semantic_key"":""lebl.ra.concept.ledger.topology.open.relative"",""source_bindings"":[],""status"":""active"",""supersedes_id"":null,""workflow_id"":""01a01f57-a34b-7740-9717-596b8116910c/backend-production-v0.4-live""}"
"urn:uuid:adb79a51-b283-5906-9fa4-eb41087eb52f","lebl.ra.concept.ledger.operation.normalization","normalization","","[]","[]","urn:uuid:a0273f1c-6fad-54c7-a75a-32a5161da656","active","{""definition"":"""",""id"":""urn:uuid:adb79a51-b283-5906-9fa4-eb41087eb52f"",""label"":""normalization"",""notation"":[],""record_type"":""concept"",""recorded_at"":""2026-08-24T00:00:00Z"",""rights_id"":""urn:uuid:a0273f1c-6fad-54c7-a75a-32a5161da656"",""schema_name"":""lebl.backend.record"",""schema_version"":""0.3.0"",""semantic_aliases"":[],""semantic_key"":""lebl.ra.concept.ledger.operation.normalization"",""source_bindings"":[],""status"":""active"",""supersedes_id"":null,""workflow_id"":""01a01f57-a34b-7740-9717-596b8116910c/backend-production-v0.4-live""}"
"urn:uuid:adc2d1fc-d86b-5899-b36a-6e7a957f108b","lebl.ra.concept.ledger.function.zero-extension","zero extension","","[]","[]","urn:uuid:a0273f1c-6fad-54c7-a75a-32a5161da656","active","{""definition"":"""",""id"":""urn:uuid:adc2d1fc-d86b-5899-b36a-6e7a957f108b"",""label"":""zero extension"",""notation"":[],""record_type"":""concept"",""recorded_at"":""2026-08-24T00:00:00Z"",""rights_id"":""urn:uuid:a0273f1c-6fad-54c7-a75a-32a5161da656"",""schema_name"":""lebl.backend.record"",""schema_version"":""0.3.0"",""semantic_aliases"":[],""semantic_key"":""lebl.ra.concept.ledger.function.zero-extension"",""source_bindings"":[],""status"":""active"",""supersedes_id"":null,""workflow_id"":""01a01f57-a34b-7740-9717-596b8116910c/backend-production-v0.4-live""}"
"urn:uuid:adf0ed5b-290b-5710-acdb-3caa204e3925","lebl.ra.concept.ledger.geometry.path.speed","speed","","[]","[]","urn:uuid:a0273f1c-6fad-54c7-a75a-32a5161da656","active","{""definition"":"""",""id"":""urn:uuid:adf0ed5b-290b-5710-acdb-3caa204e3925"",""label"":""speed"",""notation"":[],""record_type"":""concept"",""recorded_at"":""2026-08-24T00:00:00Z"",""rights_id"":""urn:uuid:a0273f1c-6fad-54c7-a75a-32a5161da656"",""schema_name"":""lebl.backend.record"",""schema_version"":""0.3.0"",""semantic_aliases"":[],""semantic_key"":""lebl.ra.concept.ledger.geometry.path.speed"",""source_bindings"":[],""status"":""active"",""supersedes_id"":null,""workflow_id"":""01a01f57-a34b-7740-9717-596b8116910c/backend-production-v0.4-live""}"
"urn:uuid:ae3e4d14-b507-5cde-9612-582ff50ce31c","lebl.ra.concept.ledger.extremum.absolute-minimum","absolute minimum","","[]","[]","urn:uuid:a0273f1c-6fad-54c7-a75a-32a5161da656","active","{""definition"":"""",""id"":""urn:uuid:ae3e4d14-b507-5cde-9612-582ff50ce31c"",""label"":""absolute minimum"",""notation"":[],""record_type"":""concept"",""recorded_at"":""2026-08-21T00:00:00Z"",""rights_id"":""urn:uuid:a0273f1c-6fad-54c7-a75a-32a5161da656"",""schema_name"":""lebl.backend.record"",""schema_version"":""0.3.0"",""semantic_aliases"":[],""semantic_key"":""lebl.ra.concept.ledger.extremum.absolute-minimum"",""source_bindings"":[],""status"":""active"",""supersedes_id"":null,""workflow_id"":""01a01f57-a34b-7740-9717-596b8116910c/backend-production-v0.3-r006-live""}"
"urn:uuid:ae731c2a-9352-584d-b61f-8accc2ff6520","lebl.ra.concept.ledger.geometry.projection","projection","","[]","[]","urn:uuid:a0273f1c-6fad-54c7-a75a-32a5161da656","active","{""definition"":"""",""id"":""urn:uuid:ae731c2a-9352-584d-b61f-8accc2ff6520"",""label"":""projection"",""notation"":[],""record_type"":""concept"",""recorded_at"":""2026-08-24T00:00:00Z"",""rights_id"":""urn:uuid:a0273f1c-6fad-54c7-a75a-32a5161da656"",""schema_name"":""lebl.backend.record"",""schema_version"":""0.3.0"",""semantic_aliases"":[],""semantic_key"":""lebl.ra.concept.ledger.geometry.projection"",""source_bindings"":[],""status"":""active"",""supersedes_id"":null,""workflow_id"":""01a01f57-a34b-7740-9717-596b8116910c/backend-production-v0.4-live""}"
"urn:uuid:af4e71d0-c2f5-547f-860f-ac18d8505f6a","lebl.ra.concept.ledger.convergence.to-infinity-informal","converges to infinity","","[]","[]","urn:uuid:a0273f1c-6fad-54c7-a75a-32a5161da656","active","{""definition"":"""",""id"":""urn:uuid:af4e71d0-c2f5-547f-860f-ac18d8505f6a"",""label"":""converges to infinity"",""notation"":[],""record_type"":""concept"",""recorded_at"":""2026-08-21T00:00:00Z"",""rights_id"":""urn:uuid:a0273f1c-6fad-54c7-a75a-32a5161da656"",""schema_name"":""lebl.backend.record"",""schema_version"":""0.3.0"",""semantic_aliases"":[],""semantic_key"":""lebl.ra.concept.ledger.convergence.to-infinity-informal"",""source_bindings"":[],""status"":""active"",""supersedes_id"":null,""workflow_id"":""01a01f57-a34b-7740-9717-596b8116910c/backend-production-v0.3-r006-live""}"
"urn:uuid:af54a11a-d9ea-5e4b-a5c2-185eddfb6864","lebl.ra.concept.ledger.calculus.derivative-linearity","linearity of the derivative","","[]","[]","urn:uuid:a0273f1c-6fad-54c7-a75a-32a5161da656","active","{""definition"":"""",""id"":""urn:uuid:af54a11a-d9ea-5e4b-a5c2-185eddfb6864"",""label"":""linearity of the derivative"",""notation"":[],""record_type"":""concept"",""recorded_at"":""2026-08-21T00:00:00Z"",""rights_id"":""urn:uuid:a0273f1c-6fad-54c7-a75a-32a5161da656"",""schema_name"":""lebl.backend.record"",""schema_version"":""0.3.0"",""semantic_aliases"":[],""semantic_key"":""lebl.ra.concept.ledger.calculus.derivative-linearity"",""source_bindings"":[],""status"":""active"",""supersedes_id"":null,""workflow_id"":""01a01f57-a34b-7740-9717-596b8116910c/backend-production-v0.3-r006-live""}"
"urn:uuid:af70bc96-b3bb-5382-b17a-12bcb1627795","lebl.ra.concept.ledger.geometry.vertical-line","vertical line","","[]","[]","urn:uuid:a0273f1c-6fad-54c7-a75a-32a5161da656","active","{""definition"":"""",""id"":""urn:uuid:af70bc96-b3bb-5382-b17a-12bcb1627795"",""label"":""vertical line"",""notation"":[],""record_type"":""concept"",""recorded_at"":""2026-08-24T00:00:00Z"",""rights_id"":""urn:uuid:a0273f1c-6fad-54c7-a75a-32a5161da656"",""schema_name"":""lebl.backend.record"",""schema_version"":""0.3.0"",""semantic_aliases"":[],""semantic_key"":""lebl.ra.concept.ledger.geometry.vertical-line"",""source_bindings"":[],""status"":""active"",""supersedes_id"":null,""workflow_id"":""01a01f57-a34b-7740-9717-596b8116910c/backend-production-v0.4-live""}"
"urn:uuid:af92b6d9-d0ce-5b6e-b5bc-76474d9e42e7","lebl.ra.concept.ledger.span.linear","span","","[]","[]","urn:uuid:a0273f1c-6fad-54c7-a75a-32a5161da656","active","{""definition"":"""",""id"":""urn:uuid:af92b6d9-d0ce-5b6e-b5bc-76474d9e42e7"",""label"":""span"",""notation"":[],""record_type"":""concept"",""recorded_at"":""2026-08-21T00:00:00Z"",""rights_id"":""urn:uuid:a0273f1c-6fad-54c7-a75a-32a5161da656"",""schema_name"":""lebl.backend.record"",""schema_version"":""0.3.0"",""semantic_aliases"":[],""semantic_key"":""lebl.ra.concept.ledger.span.linear"",""source_bindings"":[],""status"":""active"",""supersedes_id"":null,""workflow_id"":""01a01f57-a34b-7740-9717-596b8116910c/backend-production-v0.3-r006-live""}"
"urn:uuid:aff38ca3-d070-50d8-bc00-553355fce0be","lebl.ra.concept.ledger.physics.potential","potential","","[]","[]","urn:uuid:a0273f1c-6fad-54c7-a75a-32a5161da656","active","{""definition"":"""",""id"":""urn:uuid:aff38ca3-d070-50d8-bc00-553355fce0be"",""label"":""potential"",""notation"":[],""record_type"":""concept"",""recorded_at"":""2026-08-24T00:00:00Z"",""rights_id"":""urn:uuid:a0273f1c-6fad-54c7-a75a-32a5161da656"",""schema_name"":""lebl.backend.record"",""schema_version"":""0.3.0"",""semantic_aliases"":[],""semantic_key"":""lebl.ra.concept.ledger.physics.potential"",""source_bindings"":[],""status"":""active"",""supersedes_id"":null,""workflow_id"":""01a01f57-a34b-7740-9717-596b8116910c/backend-production-v0.4-live""}"
"urn:uuid:b02a94eb-c088-5c88-9232-ec8a89e5bb28","lebl.ra.concept.ledger.approximation.error.one-sided","one-sided approximation error","","[]","[]","urn:uuid:a0273f1c-6fad-54c7-a75a-32a5161da656","active","{""definition"":"""",""id"":""urn:uuid:b02a94eb-c088-5c88-9232-ec8a89e5bb28"",""label"":""one-sided approximation error"",""notation"":[],""record_type"":""concept"",""recorded_at"":""2026-08-24T00:00:00Z"",""rights_id"":""urn:uuid:a0273f1c-6fad-54c7-a75a-32a5161da656"",""schema_name"":""lebl.backend.record"",""schema_version"":""0.3.0"",""semantic_aliases"":[],""semantic_key"":""lebl.ra.concept.ledger.approximation.error.one-sided"",""source_bindings"":[],""status"":""active"",""supersedes_id"":null,""workflow_id"":""01a01f57-a34b-7740-9717-596b8116910c/backend-production-v0.4-live""}"
"urn:uuid:b0a3a629-8771-5977-b7b4-1bc9b369a761","lebl.ra.concept.ledger.number.algebraic","algebraic number","","[]","[]","urn:uuid:a0273f1c-6fad-54c7-a75a-32a5161da656","active","{""definition"":"""",""id"":""urn:uuid:b0a3a629-8771-5977-b7b4-1bc9b369a761"",""label"":""algebraic number"",""notation"":[],""record_type"":""concept"",""recorded_at"":""2026-08-21T00:00:00Z"",""rights_id"":""urn:uuid:a0273f1c-6fad-54c7-a75a-32a5161da656"",""schema_name"":""lebl.backend.record"",""schema_version"":""0.3.0"",""semantic_aliases"":[],""semantic_key"":""lebl.ra.concept.ledger.number.algebraic"",""source_bindings"":[],""status"":""active"",""supersedes_id"":null,""workflow_id"":""01a01f57-a34b-7740-9717-596b8116910c/backend-production-v0.3-r006-live""}"
"urn:uuid:b0c5dc7f-9529-5edb-83b8-8b0ccafa6e26","lebl.ra.concept.ledger.space.totally-separated","totally separated","","[]","[]","urn:uuid:a0273f1c-6fad-54c7-a75a-32a5161da656","active","{""definition"":"""",""id"":""urn:uuid:b0c5dc7f-9529-5edb-83b8-8b0ccafa6e26"",""label"":""totally separated"",""notation"":[],""record_type"":""concept"",""recorded_at"":""2026-08-21T00:00:00Z"",""rights_id"":""urn:uuid:a0273f1c-6fad-54c7-a75a-32a5161da656"",""schema_name"":""lebl.backend.record"",""schema_version"":""0.3.0"",""semantic_aliases"":[],""semantic_key"":""lebl.ra.concept.ledger.space.totally-separated"",""source_bindings"":[],""status"":""active"",""supersedes_id"":null,""workflow_id"":""01a01f57-a34b-7740-9717-596b8116910c/backend-production-v0.3-r006-live""}"
"urn:uuid:b18ccb77-0761-5cf4-a2d5-c181c567293c","lebl.ra.concept.ledger.integration.riemann-on-set","Riemann integrable on S","","[]","[]","urn:uuid:a0273f1c-6fad-54c7-a75a-32a5161da656","active","{""definition"":"""",""id"":""urn:uuid:b18ccb77-0761-5cf4-a2d5-c181c567293c"",""label"":""Riemann integrable on S"",""notation"":[],""record_type"":""concept"",""recorded_at"":""2026-08-24T00:00:00Z"",""rights_id"":""urn:uuid:a0273f1c-6fad-54c7-a75a-32a5161da656"",""schema_name"":""lebl.backend.record"",""schema_version"":""0.3.0"",""semantic_aliases"":[],""semantic_key"":""lebl.ra.concept.ledger.integration.riemann-on-set"",""source_bindings"":[],""status"":""active"",""supersedes_id"":null,""workflow_id"":""01a01f57-a34b-7740-9717-596b8116910c/backend-production-v0.4-live""}"
"urn:uuid:b1c82273-bc9f-5834-92db-49ffdb37984d","lebl.ra.concept.ledger.mapping.polynomial","polynomial mapping","","[]","[]","urn:uuid:a0273f1c-6fad-54c7-a75a-32a5161da656","active","{""definition"":"""",""id"":""urn:uuid:b1c82273-bc9f-5834-92db-49ffdb37984d"",""label"":""polynomial mapping"",""notation"":[],""record_type"":""concept"",""recorded_at"":""2026-08-24T00:00:00Z"",""rights_id"":""urn:uuid:a0273f1c-6fad-54c7-a75a-32a5161da656"",""schema_name"":""lebl.backend.record"",""schema_version"":""0.3.0"",""semantic_aliases"":[],""semantic_key"":""lebl.ra.concept.ledger.mapping.polynomial"",""source_bindings"":[],""status"":""active"",""supersedes_id"":null,""workflow_id"":""01a01f57-a34b-7740-9717-596b8116910c/backend-production-v0.4-live""}"
"urn:uuid:b1fbaaee-9689-5d6f-9734-1e2ac2a12e73","lebl.ra.concept.ledger.function.exponential.real","real exponential","","[]","[]","urn:uuid:a0273f1c-6fad-54c7-a75a-32a5161da656","active","{""definition"":"""",""id"":""urn:uuid:b1fbaaee-9689-5d6f-9734-1e2ac2a12e73"",""label"":""real exponential"",""notation"":[],""record_type"":""concept"",""recorded_at"":""2026-08-24T00:00:00Z"",""rights_id"":""urn:uuid:a0273f1c-6fad-54c7-a75a-32a5161da656"",""schema_name"":""lebl.backend.record"",""schema_version"":""0.3.0"",""semantic_aliases"":[],""semantic_key"":""lebl.ra.concept.ledger.function.exponential.real"",""source_bindings"":[],""status"":""active"",""supersedes_id"":null,""workflow_id"":""01a01f57-a34b-7740-9717-596b8116910c/backend-production-v0.4-live""}"
"urn:uuid:b2a673a9-05a1-5967-8d19-72c3838fd879","lebl.ra.concept.ledger.set-theory.finite","finite","","[]","[]","urn:uuid:a0273f1c-6fad-54c7-a75a-32a5161da656","active","{""definition"":"""",""id"":""urn:uuid:b2a673a9-05a1-5967-8d19-72c3838fd879"",""label"":""finite"",""notation"":[],""record_type"":""concept"",""recorded_at"":""2026-08-21T00:00:00Z"",""rights_id"":""urn:uuid:a0273f1c-6fad-54c7-a75a-32a5161da656"",""schema_name"":""lebl.backend.record"",""schema_version"":""0.3.0"",""semantic_aliases"":[],""semantic_key"":""lebl.ra.concept.ledger.set-theory.finite"",""source_bindings"":[],""status"":""active"",""supersedes_id"":null,""workflow_id"":""01a01f57-a34b-7740-9717-596b8116910c/backend-production-v0.3-r006-live""}"
"urn:uuid:b2af5da7-9fdf-5f60-b89a-a7587c266c7a","lebl.ra.concept.ledger.sequence.limit","limit","","[]","[]","urn:uuid:a0273f1c-6fad-54c7-a75a-32a5161da656","active","{""definition"":"""",""id"":""urn:uuid:b2af5da7-9fdf-5f60-b89a-a7587c266c7a"",""label"":""limit"",""notation"":[],""record_type"":""concept"",""recorded_at"":""2026-08-21T00:00:00Z"",""rights_id"":""urn:uuid:a0273f1c-6fad-54c7-a75a-32a5161da656"",""schema_name"":""lebl.backend.record"",""schema_version"":""0.3.0"",""semantic_aliases"":[],""semantic_key"":""lebl.ra.concept.ledger.sequence.limit"",""source_bindings"":[],""status"":""active"",""supersedes_id"":null,""workflow_id"":""01a01f57-a34b-7740-9717-596b8116910c/backend-production-v0.3-r006-live""}"
"urn:uuid:b2c4237c-80a7-5b8b-b2ee-74a2cb53ed30","lebl.ra.concept.ledger.function.oscillation","oscillation","","[]","[]","urn:uuid:a0273f1c-6fad-54c7-a75a-32a5161da656","active","{""definition"":"""",""id"":""urn:uuid:b2c4237c-80a7-5b8b-b2ee-74a2cb53ed30"",""label"":""oscillation"",""notation"":[],""record_type"":""concept"",""recorded_at"":""2026-08-24T00:00:00Z"",""rights_id"":""urn:uuid:a0273f1c-6fad-54c7-a75a-32a5161da656"",""schema_name"":""lebl.backend.record"",""schema_version"":""0.3.0"",""semantic_aliases"":[],""semantic_key"":""lebl.ra.concept.ledger.function.oscillation"",""source_bindings"":[],""status"":""active"",""supersedes_id"":null,""workflow_id"":""01a01f57-a34b-7740-9717-596b8116910c/backend-production-v0.4-live""}"
"urn:uuid:b2c7547b-2078-547e-bfe2-cf95c6946def","lebl.diffyqs.concept.ledger.mechanics.constant-of-motion","constant of motion","","[]","[]","urn:uuid:55f5bc5b-fcc2-55bd-8bcb-65ab31cc4e0f","active","{""definition"":"""",""id"":""urn:uuid:b2c7547b-2078-547e-bfe2-cf95c6946def"",""label"":""constant of motion"",""notation"":[],""record_type"":""concept"",""recorded_at"":""2026-08-24T00:00:00Z"",""rights_id"":""urn:uuid:55f5bc5b-fcc2-55bd-8bcb-65ab31cc4e0f"",""schema_name"":""lebl.backend.record"",""schema_version"":""0.3.0"",""semantic_aliases"":[],""semantic_key"":""lebl.diffyqs.concept.ledger.mechanics.constant-of-motion"",""source_bindings"":[],""status"":""active"",""supersedes_id"":null,""workflow_id"":""01a01f57-a34b-7740-9717-596b8116910c/backend-production-v0.4-live""}"
"urn:uuid:b30dc386-8d76-527d-82d4-18a75f90f3db","lebl.ra.concept.ledger.limit.subsequential","subsequential limit","","[]","[]","urn:uuid:a0273f1c-6fad-54c7-a75a-32a5161da656","active","{""definition"":"""",""id"":""urn:uuid:b30dc386-8d76-527d-82d4-18a75f90f3db"",""label"":""subsequential limit"",""notation"":[],""record_type"":""concept"",""recorded_at"":""2026-08-21T00:00:00Z"",""rights_id"":""urn:uuid:a0273f1c-6fad-54c7-a75a-32a5161da656"",""schema_name"":""lebl.backend.record"",""schema_version"":""0.3.0"",""semantic_aliases"":[],""semantic_key"":""lebl.ra.concept.ledger.limit.subsequential"",""source_bindings"":[],""status"":""active"",""supersedes_id"":null,""workflow_id"":""01a01f57-a34b-7740-9717-596b8116910c/backend-production-v0.3-r006-live""}"
"urn:uuid:b371f7ee-686e-5531-adcb-58fbb09014ca","lebl.ra.concept.ledger.theorem.banach-fixed-point","Banach fixed point theorem","","[]","[]","urn:uuid:a0273f1c-6fad-54c7-a75a-32a5161da656","active","{""definition"":"""",""id"":""urn:uuid:b371f7ee-686e-5531-adcb-58fbb09014ca"",""label"":""Banach fixed point theorem"",""notation"":[],""record_type"":""concept"",""recorded_at"":""2026-08-21T00:00:00Z"",""rights_id"":""urn:uuid:a0273f1c-6fad-54c7-a75a-32a5161da656"",""schema_name"":""lebl.backend.record"",""schema_version"":""0.3.0"",""semantic_aliases"":[],""semantic_key"":""lebl.ra.concept.ledger.theorem.banach-fixed-point"",""source_bindings"":[],""status"":""active"",""supersedes_id"":null,""workflow_id"":""01a01f57-a34b-7740-9717-596b8116910c/backend-production-v0.3-r006-live""}"
"urn:uuid:b3d76f31-6e1f-5214-89fd-c0465797f589","lebl.ra.concept.ledger.number.decimal-representation","decimal representation","","[]","[]","urn:uuid:a0273f1c-6fad-54c7-a75a-32a5161da656","active","{""definition"":"""",""id"":""urn:uuid:b3d76f31-6e1f-5214-89fd-c0465797f589"",""label"":""decimal representation"",""notation"":[],""record_type"":""concept"",""recorded_at"":""2026-08-21T00:00:00Z"",""rights_id"":""urn:uuid:a0273f1c-6fad-54c7-a75a-32a5161da656"",""schema_name"":""lebl.backend.record"",""schema_version"":""0.3.0"",""semantic_aliases"":[],""semantic_key"":""lebl.ra.concept.ledger.number.decimal-representation"",""source_bindings"":[],""status"":""active"",""supersedes_id"":null,""workflow_id"":""01a01f57-a34b-7740-9717-596b8116910c/backend-production-v0.3-r006-live""}"
"urn:uuid:b4055c57-b3e0-5f9d-ba36-5d27fb8f8b15","lebl.ra.concept.ledger.approximation.interpolation","interpolate","","[]","[]","urn:uuid:a0273f1c-6fad-54c7-a75a-32a5161da656","active","{""definition"":"""",""id"":""urn:uuid:b4055c57-b3e0-5f9d-ba36-5d27fb8f8b15"",""label"":""interpolate"",""notation"":[],""record_type"":""concept"",""recorded_at"":""2026-08-24T00:00:00Z"",""rights_id"":""urn:uuid:a0273f1c-6fad-54c7-a75a-32a5161da656"",""schema_name"":""lebl.backend.record"",""schema_version"":""0.3.0"",""semantic_aliases"":[],""semantic_key"":""lebl.ra.concept.ledger.approximation.interpolation"",""source_bindings"":[],""status"":""active"",""supersedes_id"":null,""workflow_id"":""01a01f57-a34b-7740-9717-596b8116910c/backend-production-v0.4-live""}"
"urn:uuid:b451524e-f4ed-5233-9d40-cd502b00654f","lebl.ra.concept.ledger.calculus.derivative","derivative","","[]","[]","urn:uuid:a0273f1c-6fad-54c7-a75a-32a5161da656","active","{""definition"":"""",""id"":""urn:uuid:b451524e-f4ed-5233-9d40-cd502b00654f"",""label"":""derivative"",""notation"":[],""record_type"":""concept"",""recorded_at"":""2026-08-21T00:00:00Z"",""rights_id"":""urn:uuid:a0273f1c-6fad-54c7-a75a-32a5161da656"",""schema_name"":""lebl.backend.record"",""schema_version"":""0.3.0"",""semantic_aliases"":[],""semantic_key"":""lebl.ra.concept.ledger.calculus.derivative"",""source_bindings"":[],""status"":""active"",""supersedes_id"":null,""workflow_id"":""01a01f57-a34b-7740-9717-596b8116910c/backend-production-v0.3-r006-live""}"
"urn:uuid:b46a7127-23d2-56df-8044-8a9a3287ac48","lebl.ra.concept.ledger.function.injection","injection","","[]","[]","urn:uuid:a0273f1c-6fad-54c7-a75a-32a5161da656","active","{""definition"":"""",""id"":""urn:uuid:b46a7127-23d2-56df-8044-8a9a3287ac48"",""label"":""injection"",""notation"":[],""record_type"":""concept"",""recorded_at"":""2026-08-21T00:00:00Z"",""rights_id"":""urn:uuid:a0273f1c-6fad-54c7-a75a-32a5161da656"",""schema_name"":""lebl.backend.record"",""schema_version"":""0.3.0"",""semantic_aliases"":[],""semantic_key"":""lebl.ra.concept.ledger.function.injection"",""source_bindings"":[],""status"":""active"",""supersedes_id"":null,""workflow_id"":""01a01f57-a34b-7740-9717-596b8116910c/backend-production-v0.3-r006-live""}"
"urn:uuid:b4919f05-eea1-57d2-9022-6980c0a88f03","lebl.ra.concept.ledger.order.archimedean-property","Archimedean property","","[]","[]","urn:uuid:a0273f1c-6fad-54c7-a75a-32a5161da656","active","{""definition"":"""",""id"":""urn:uuid:b4919f05-eea1-57d2-9022-6980c0a88f03"",""label"":""Archimedean property"",""notation"":[],""record_type"":""concept"",""recorded_at"":""2026-08-21T00:00:00Z"",""rights_id"":""urn:uuid:a0273f1c-6fad-54c7-a75a-32a5161da656"",""schema_name"":""lebl.backend.record"",""schema_version"":""0.3.0"",""semantic_aliases"":[],""semantic_key"":""lebl.ra.concept.ledger.order.archimedean-property"",""source_bindings"":[],""status"":""active"",""supersedes_id"":null,""workflow_id"":""01a01f57-a34b-7740-9717-596b8116910c/backend-production-v0.3-r006-live""}"
"urn:uuid:b4fe49a2-f058-5359-b340-e07352ef6a4a","lebl.ra.concept.ledger.matrix.column","column","","[]","[]","urn:uuid:a0273f1c-6fad-54c7-a75a-32a5161da656","active","{""definition"":"""",""id"":""urn:uuid:b4fe49a2-f058-5359-b340-e07352ef6a4a"",""label"":""column"",""notation"":[],""record_type"":""concept"",""recorded_at"":""2026-08-21T00:00:00Z"",""rights_id"":""urn:uuid:a0273f1c-6fad-54c7-a75a-32a5161da656"",""schema_name"":""lebl.backend.record"",""schema_version"":""0.3.0"",""semantic_aliases"":[],""semantic_key"":""lebl.ra.concept.ledger.matrix.column"",""source_bindings"":[],""status"":""active"",""supersedes_id"":null,""workflow_id"":""01a01f57-a34b-7740-9717-596b8116910c/backend-production-v0.3-r006-live""}"
"urn:uuid:b56997a2-a8bd-5d45-955b-8f5cf63e9bd4","lebl.ra.concept.ledger.analysis.regularity","regularity","","[]","[]","urn:uuid:a0273f1c-6fad-54c7-a75a-32a5161da656","active","{""definition"":"""",""id"":""urn:uuid:b56997a2-a8bd-5d45-955b-8f5cf63e9bd4"",""label"":""regularity"",""notation"":[],""record_type"":""concept"",""recorded_at"":""2026-08-24T00:00:00Z"",""rights_id"":""urn:uuid:a0273f1c-6fad-54c7-a75a-32a5161da656"",""schema_name"":""lebl.backend.record"",""schema_version"":""0.3.0"",""semantic_aliases"":[],""semantic_key"":""lebl.ra.concept.ledger.analysis.regularity"",""source_bindings"":[],""status"":""active"",""supersedes_id"":null,""workflow_id"":""01a01f57-a34b-7740-9717-596b8116910c/backend-production-v0.4-live""}"
"urn:uuid:b61e4ce9-f367-5923-b224-4a5bb6061f12","lebl.ra.concept.ledger.logic.axiom","axiom","","[]","[]","urn:uuid:a0273f1c-6fad-54c7-a75a-32a5161da656","active","{""definition"":"""",""id"":""urn:uuid:b61e4ce9-f367-5923-b224-4a5bb6061f12"",""label"":""axiom"",""notation"":[],""record_type"":""concept"",""recorded_at"":""2026-08-21T00:00:00Z"",""rights_id"":""urn:uuid:a0273f1c-6fad-54c7-a75a-32a5161da656"",""schema_name"":""lebl.backend.record"",""schema_version"":""0.3.0"",""semantic_aliases"":[],""semantic_key"":""lebl.ra.concept.ledger.logic.axiom"",""source_bindings"":[],""status"":""active"",""supersedes_id"":null,""workflow_id"":""01a01f57-a34b-7740-9717-596b8116910c/backend-production-v0.3-r006-live""}"
"urn:uuid:b6728a43-43dd-5d03-b581-76bfd88f643b","lebl.ra.concept.ledger.vector.eigenvector","eigenvector","","[]","[]","urn:uuid:a0273f1c-6fad-54c7-a75a-32a5161da656","active","{""definition"":"""",""id"":""urn:uuid:b6728a43-43dd-5d03-b581-76bfd88f643b"",""label"":""eigenvector"",""notation"":[],""record_type"":""concept"",""recorded_at"":""2026-08-24T00:00:00Z"",""rights_id"":""urn:uuid:a0273f1c-6fad-54c7-a75a-32a5161da656"",""schema_name"":""lebl.backend.record"",""schema_version"":""0.3.0"",""semantic_aliases"":[],""semantic_key"":""lebl.ra.concept.ledger.vector.eigenvector"",""source_bindings"":[],""status"":""active"",""supersedes_id"":null,""workflow_id"":""01a01f57-a34b-7740-9717-596b8116910c/backend-production-v0.4-live""}"
"urn:uuid:b691c8d7-0dc6-54bb-b1c4-418d0431de12","lebl.ra.concept.ledger.function.inverse.local-branch","local inverse branch","","[]","[]","urn:uuid:a0273f1c-6fad-54c7-a75a-32a5161da656","active","{""definition"":"""",""id"":""urn:uuid:b691c8d7-0dc6-54bb-b1c4-418d0431de12"",""label"":""local inverse branch"",""notation"":[],""record_type"":""concept"",""recorded_at"":""2026-08-24T00:00:00Z"",""rights_id"":""urn:uuid:a0273f1c-6fad-54c7-a75a-32a5161da656"",""schema_name"":""lebl.backend.record"",""schema_version"":""0.3.0"",""semantic_aliases"":[],""semantic_key"":""lebl.ra.concept.ledger.function.inverse.local-branch"",""source_bindings"":[],""status"":""active"",""supersedes_id"":null,""workflow_id"":""01a01f57-a34b-7740-9717-596b8116910c/backend-production-v0.4-live""}"
"urn:uuid:b6fe0354-cb98-5aa2-b8cd-c5fcfb0a5a45","lebl.ra.concept.ledger.theorem.peano-existence","Peano existence theorem","","[]","[]","urn:uuid:a0273f1c-6fad-54c7-a75a-32a5161da656","active","{""definition"":"""",""id"":""urn:uuid:b6fe0354-cb98-5aa2-b8cd-c5fcfb0a5a45"",""label"":""Peano existence theorem"",""notation"":[],""record_type"":""concept"",""recorded_at"":""2026-08-21T00:00:00Z"",""rights_id"":""urn:uuid:a0273f1c-6fad-54c7-a75a-32a5161da656"",""schema_name"":""lebl.backend.record"",""schema_version"":""0.3.0"",""semantic_aliases"":[],""semantic_key"":""lebl.ra.concept.ledger.theorem.peano-existence"",""source_bindings"":[],""status"":""active"",""supersedes_id"":null,""workflow_id"":""01a01f57-a34b-7740-9717-596b8116910c/backend-production-v0.3-r006-live""}"
"urn:uuid:b719dc0c-b23b-553e-9f68-9478c2d44830","lebl.ra.concept.ledger.calculus.higher-order-derivative","higher-order derivative","","[]","[]","urn:uuid:a0273f1c-6fad-54c7-a75a-32a5161da656","active","{""definition"":"""",""id"":""urn:uuid:b719dc0c-b23b-553e-9f68-9478c2d44830"",""label"":""higher-order derivative"",""notation"":[],""record_type"":""concept"",""recorded_at"":""2026-08-21T00:00:00Z"",""rights_id"":""urn:uuid:a0273f1c-6fad-54c7-a75a-32a5161da656"",""schema_name"":""lebl.backend.record"",""schema_version"":""0.3.0"",""semantic_aliases"":[],""semantic_key"":""lebl.ra.concept.ledger.calculus.higher-order-derivative"",""source_bindings"":[],""status"":""active"",""supersedes_id"":null,""workflow_id"":""01a01f57-a34b-7740-9717-596b8116910c/backend-production-v0.3-r006-live""}"
"urn:uuid:b72453c5-de9a-558e-b963-2027502b61e8","lebl.ra.concept.ledger.norm","norm","","[]","[]","urn:uuid:a0273f1c-6fad-54c7-a75a-32a5161da656","active","{""definition"":"""",""id"":""urn:uuid:b72453c5-de9a-558e-b963-2027502b61e8"",""label"":""norm"",""notation"":[],""record_type"":""concept"",""recorded_at"":""2026-08-21T00:00:00Z"",""rights_id"":""urn:uuid:a0273f1c-6fad-54c7-a75a-32a5161da656"",""schema_name"":""lebl.backend.record"",""schema_version"":""0.3.0"",""semantic_aliases"":[],""semantic_key"":""lebl.ra.concept.ledger.norm"",""source_bindings"":[],""status"":""active"",""supersedes_id"":null,""workflow_id"":""01a01f57-a34b-7740-9717-596b8116910c/backend-production-v0.3-r006-live""}"
"urn:uuid:b7395dec-d71d-5c46-b6f5-f458a3df06ad","lebl.ra.concept.ledger.function.tangent","tangent function","","[]","[]","urn:uuid:a0273f1c-6fad-54c7-a75a-32a5161da656","active","{""definition"":"""",""id"":""urn:uuid:b7395dec-d71d-5c46-b6f5-f458a3df06ad"",""label"":""tangent function"",""notation"":[],""record_type"":""concept"",""recorded_at"":""2026-08-24T00:00:00Z"",""rights_id"":""urn:uuid:a0273f1c-6fad-54c7-a75a-32a5161da656"",""schema_name"":""lebl.backend.record"",""schema_version"":""0.3.0"",""semantic_aliases"":[],""semantic_key"":""lebl.ra.concept.ledger.function.tangent"",""source_bindings"":[],""status"":""active"",""supersedes_id"":null,""workflow_id"":""01a01f57-a34b-7740-9717-596b8116910c/backend-production-v0.4-live""}"
"urn:uuid:b894e149-28ea-5130-aca2-9cf1d9323663","lebl.ra.concept.ledger.order.trichotomy","trichotomy","","[]","[]","urn:uuid:a0273f1c-6fad-54c7-a75a-32a5161da656","active","{""definition"":"""",""id"":""urn:uuid:b894e149-28ea-5130-aca2-9cf1d9323663"",""label"":""trichotomy"",""notation"":[],""record_type"":""concept"",""recorded_at"":""2026-08-21T00:00:00Z"",""rights_id"":""urn:uuid:a0273f1c-6fad-54c7-a75a-32a5161da656"",""schema_name"":""lebl.backend.record"",""schema_version"":""0.3.0"",""semantic_aliases"":[],""semantic_key"":""lebl.ra.concept.ledger.order.trichotomy"",""source_bindings"":[],""status"":""active"",""supersedes_id"":null,""workflow_id"":""01a01f57-a34b-7740-9717-596b8116910c/backend-production-v0.3-r006-live""}"
"urn:uuid:b8a3985a-3ae1-58f8-b4e4-cd76525714fb","lebl.ra.concept.ledger.distance-function","distance function","","[]","[]","urn:uuid:a0273f1c-6fad-54c7-a75a-32a5161da656","active","{""definition"":"""",""id"":""urn:uuid:b8a3985a-3ae1-58f8-b4e4-cd76525714fb"",""label"":""distance function"",""notation"":[],""record_type"":""concept"",""recorded_at"":""2026-08-21T00:00:00Z"",""rights_id"":""urn:uuid:a0273f1c-6fad-54c7-a75a-32a5161da656"",""schema_name"":""lebl.backend.record"",""schema_version"":""0.3.0"",""semantic_aliases"":[],""semantic_key"":""lebl.ra.concept.ledger.distance-function"",""source_bindings"":[],""status"":""active"",""supersedes_id"":null,""workflow_id"":""01a01f57-a34b-7740-9717-596b8116910c/backend-production-v0.3-r006-live""}"
"urn:uuid:b968f02f-f8d0-5a21-8e3c-6ab95ed9af8f","lebl.ra.concept.ledger.geometry.path.simple-closed","simple closed path","","[]","[]","urn:uuid:a0273f1c-6fad-54c7-a75a-32a5161da656","active","{""definition"":"""",""id"":""urn:uuid:b968f02f-f8d0-5a21-8e3c-6ab95ed9af8f"",""label"":""simple closed path"",""notation"":[],""record_type"":""concept"",""recorded_at"":""2026-08-24T00:00:00Z"",""rights_id"":""urn:uuid:a0273f1c-6fad-54c7-a75a-32a5161da656"",""schema_name"":""lebl.backend.record"",""schema_version"":""0.3.0"",""semantic_aliases"":[],""semantic_key"":""lebl.ra.concept.ledger.geometry.path.simple-closed"",""source_bindings"":[],""status"":""active"",""supersedes_id"":null,""workflow_id"":""01a01f57-a34b-7740-9717-596b8116910c/backend-production-v0.4-live""}"
"urn:uuid:b9bbdad4-c8c1-5076-a8f2-db370e3f5f07","lebl.ra.concept.ledger.set-theory.countable","countable","","[]","[]","urn:uuid:a0273f1c-6fad-54c7-a75a-32a5161da656","active","{""definition"":"""",""id"":""urn:uuid:b9bbdad4-c8c1-5076-a8f2-db370e3f5f07"",""label"":""countable"",""notation"":[],""record_type"":""concept"",""recorded_at"":""2026-08-21T00:00:00Z"",""rights_id"":""urn:uuid:a0273f1c-6fad-54c7-a75a-32a5161da656"",""schema_name"":""lebl.backend.record"",""schema_version"":""0.3.0"",""semantic_aliases"":[],""semantic_key"":""lebl.ra.concept.ledger.set-theory.countable"",""source_bindings"":[],""status"":""active"",""supersedes_id"":null,""workflow_id"":""01a01f57-a34b-7740-9717-596b8116910c/backend-production-v0.3-r006-live""}"
"urn:uuid:ba0e4546-5168-52b1-adbd-f205575eac75","lebl.ra.concept.ledger.set.open","open set","","[]","[]","urn:uuid:a0273f1c-6fad-54c7-a75a-32a5161da656","active","{""definition"":"""",""id"":""urn:uuid:ba0e4546-5168-52b1-adbd-f205575eac75"",""label"":""open set"",""notation"":[],""record_type"":""concept"",""recorded_at"":""2026-08-21T00:00:00Z"",""rights_id"":""urn:uuid:a0273f1c-6fad-54c7-a75a-32a5161da656"",""schema_name"":""lebl.backend.record"",""schema_version"":""0.3.0"",""semantic_aliases"":[],""semantic_key"":""lebl.ra.concept.ledger.set.open"",""source_bindings"":[],""status"":""active"",""supersedes_id"":null,""workflow_id"":""01a01f57-a34b-7740-9717-596b8116910c/backend-production-v0.3-r006-live""}"
"urn:uuid:ba5f73b4-47a1-55e6-81da-346ca05d2930","lebl.ra.concept.ledger.mapping.zero","zero map","","[]","[]","urn:uuid:a0273f1c-6fad-54c7-a75a-32a5161da656","active","{""definition"":"""",""id"":""urn:uuid:ba5f73b4-47a1-55e6-81da-346ca05d2930"",""label"":""zero map"",""notation"":[],""record_type"":""concept"",""recorded_at"":""2026-08-24T00:00:00Z"",""rights_id"":""urn:uuid:a0273f1c-6fad-54c7-a75a-32a5161da656"",""schema_name"":""lebl.backend.record"",""schema_version"":""0.3.0"",""semantic_aliases"":[],""semantic_key"":""lebl.ra.concept.ledger.mapping.zero"",""source_bindings"":[],""status"":""active"",""supersedes_id"":null,""workflow_id"":""01a01f57-a34b-7740-9717-596b8116910c/backend-production-v0.4-live""}"
"urn:uuid:baab3811-c940-5d9c-a731-b4a156a9285d","lebl.ra.concept.ledger.divergence.to-infinity","diverges to infinity","","[]","[]","urn:uuid:a0273f1c-6fad-54c7-a75a-32a5161da656","active","{""definition"":"""",""id"":""urn:uuid:baab3811-c940-5d9c-a731-b4a156a9285d"",""label"":""diverges to infinity"",""notation"":[],""record_type"":""concept"",""recorded_at"":""2026-08-21T00:00:00Z"",""rights_id"":""urn:uuid:a0273f1c-6fad-54c7-a75a-32a5161da656"",""schema_name"":""lebl.backend.record"",""schema_version"":""0.3.0"",""semantic_aliases"":[],""semantic_key"":""lebl.ra.concept.ledger.divergence.to-infinity"",""source_bindings"":[],""status"":""active"",""supersedes_id"":null,""workflow_id"":""01a01f57-a34b-7740-9717-596b8116910c/backend-production-v0.3-r006-live""}"
"urn:uuid:bb8015dd-6c2e-5902-95c0-0cb118b6ffcd","lebl.ra.concept.ledger.series.double-sum","double sum","","[]","[]","urn:uuid:a0273f1c-6fad-54c7-a75a-32a5161da656","active","{""definition"":"""",""id"":""urn:uuid:bb8015dd-6c2e-5902-95c0-0cb118b6ffcd"",""label"":""double sum"",""notation"":[],""record_type"":""concept"",""recorded_at"":""2026-08-24T00:00:00Z"",""rights_id"":""urn:uuid:a0273f1c-6fad-54c7-a75a-32a5161da656"",""schema_name"":""lebl.backend.record"",""schema_version"":""0.3.0"",""semantic_aliases"":[],""semantic_key"":""lebl.ra.concept.ledger.series.double-sum"",""source_bindings"":[],""status"":""active"",""supersedes_id"":null,""workflow_id"":""01a01f57-a34b-7740-9717-596b8116910c/backend-production-v0.4-live""}"
"urn:uuid:bbb6c921-8800-5d0c-b618-18aaf7435328","lebl.ra.concept.ledger.formula.finite-geometric-sum","finite geometric sum formula","","[]","[]","urn:uuid:a0273f1c-6fad-54c7-a75a-32a5161da656","active","{""definition"":"""",""id"":""urn:uuid:bbb6c921-8800-5d0c-b618-18aaf7435328"",""label"":""finite geometric sum formula"",""notation"":[],""record_type"":""concept"",""recorded_at"":""2026-08-24T00:00:00Z"",""rights_id"":""urn:uuid:a0273f1c-6fad-54c7-a75a-32a5161da656"",""schema_name"":""lebl.backend.record"",""schema_version"":""0.3.0"",""semantic_aliases"":[],""semantic_key"":""lebl.ra.concept.ledger.formula.finite-geometric-sum"",""source_bindings"":[],""status"":""active"",""supersedes_id"":null,""workflow_id"":""01a01f57-a34b-7740-9717-596b8116910c/backend-production-v0.4-live""}"
"urn:uuid:bc53e539-ee36-550c-a178-fb9b3ea36656","lebl.ra.concept.ledger.function.dirichlet","Dirichlet function","","[]","[]","urn:uuid:a0273f1c-6fad-54c7-a75a-32a5161da656","active","{""definition"":"""",""id"":""urn:uuid:bc53e539-ee36-550c-a178-fb9b3ea36656"",""label"":""Dirichlet function"",""notation"":[],""record_type"":""concept"",""recorded_at"":""2026-08-21T00:00:00Z"",""rights_id"":""urn:uuid:a0273f1c-6fad-54c7-a75a-32a5161da656"",""schema_name"":""lebl.backend.record"",""schema_version"":""0.3.0"",""semantic_aliases"":[],""semantic_key"":""lebl.ra.concept.ledger.function.dirichlet"",""source_bindings"":[],""status"":""active"",""supersedes_id"":null,""workflow_id"":""01a01f57-a34b-7740-9717-596b8116910c/backend-production-v0.3-r006-live""}"
"urn:uuid:bc922bf1-170d-58b5-90ec-04e7e879c010","lebl.ra.concept.ledger.geometry.path.reparametrization.orientation-preserving","orientation preserving reparametrization","","[]","[]","urn:uuid:a0273f1c-6fad-54c7-a75a-32a5161da656","active","{""definition"":"""",""id"":""urn:uuid:bc922bf1-170d-58b5-90ec-04e7e879c010"",""label"":""orientation preserving reparametrization"",""notation"":[],""record_type"":""concept"",""recorded_at"":""2026-08-24T00:00:00Z"",""rights_id"":""urn:uuid:a0273f1c-6fad-54c7-a75a-32a5161da656"",""schema_name"":""lebl.backend.record"",""schema_version"":""0.3.0"",""semantic_aliases"":[],""semantic_key"":""lebl.ra.concept.ledger.geometry.path.reparametrization.orientation-preserving"",""source_bindings"":[],""status"":""active"",""supersedes_id"":null,""workflow_id"":""01a01f57-a34b-7740-9717-596b8116910c/backend-production-v0.4-live""}"
"urn:uuid:bd633c20-2064-5180-b4c2-d0113ceb7391","lebl.ra.concept.ledger.calculus.fundamental-theorem-first-form","first form of the fundamental theorem","","[]","[]","urn:uuid:a0273f1c-6fad-54c7-a75a-32a5161da656","active","{""definition"":"""",""id"":""urn:uuid:bd633c20-2064-5180-b4c2-d0113ceb7391"",""label"":""first form of the fundamental theorem"",""notation"":[],""record_type"":""concept"",""recorded_at"":""2026-08-21T00:00:00Z"",""rights_id"":""urn:uuid:a0273f1c-6fad-54c7-a75a-32a5161da656"",""schema_name"":""lebl.backend.record"",""schema_version"":""0.3.0"",""semantic_aliases"":[],""semantic_key"":""lebl.ra.concept.ledger.calculus.fundamental-theorem-first-form"",""source_bindings"":[],""status"":""active"",""supersedes_id"":null,""workflow_id"":""01a01f57-a34b-7740-9717-596b8116910c/backend-production-v0.3-r006-live""}"
"urn:uuid:bd6a16c9-598d-5dc8-8de3-262cbe1e7fa1","lebl.ra.concept.ledger.compactness.relative","relatively compact","","[]","[]","urn:uuid:a0273f1c-6fad-54c7-a75a-32a5161da656","active","{""definition"":"""",""id"":""urn:uuid:bd6a16c9-598d-5dc8-8de3-262cbe1e7fa1"",""label"":""relatively compact"",""notation"":[],""record_type"":""concept"",""recorded_at"":""2026-08-21T00:00:00Z"",""rights_id"":""urn:uuid:a0273f1c-6fad-54c7-a75a-32a5161da656"",""schema_name"":""lebl.backend.record"",""schema_version"":""0.3.0"",""semantic_aliases"":[],""semantic_key"":""lebl.ra.concept.ledger.compactness.relative"",""source_bindings"":[],""status"":""active"",""supersedes_id"":null,""workflow_id"":""01a01f57-a34b-7740-9717-596b8116910c/backend-production-v0.3-r006-live""}"
"urn:uuid:bef06460-3bba-5671-b48e-015538ea5bb1","lebl.ra.concept.ledger.measure.jordan-measurable","Jordan measurable","","[]","[]","urn:uuid:a0273f1c-6fad-54c7-a75a-32a5161da656","active","{""definition"":"""",""id"":""urn:uuid:bef06460-3bba-5671-b48e-015538ea5bb1"",""label"":""Jordan measurable"",""notation"":[],""record_type"":""concept"",""recorded_at"":""2026-08-24T00:00:00Z"",""rights_id"":""urn:uuid:a0273f1c-6fad-54c7-a75a-32a5161da656"",""schema_name"":""lebl.backend.record"",""schema_version"":""0.3.0"",""semantic_aliases"":[],""semantic_key"":""lebl.ra.concept.ledger.measure.jordan-measurable"",""source_bindings"":[],""status"":""active"",""supersedes_id"":null,""workflow_id"":""01a01f57-a34b-7740-9717-596b8116910c/backend-production-v0.4-live""}"
"urn:uuid:bf5e9df6-2bbb-5ff3-a00c-52ad6635d428","lebl.ra.concept.ledger.function.trigonometric.arctangent","arctan","","[]","[]","urn:uuid:a0273f1c-6fad-54c7-a75a-32a5161da656","active","{""definition"":"""",""id"":""urn:uuid:bf5e9df6-2bbb-5ff3-a00c-52ad6635d428"",""label"":""arctan"",""notation"":[],""record_type"":""concept"",""recorded_at"":""2026-08-24T00:00:00Z"",""rights_id"":""urn:uuid:a0273f1c-6fad-54c7-a75a-32a5161da656"",""schema_name"":""lebl.backend.record"",""schema_version"":""0.3.0"",""semantic_aliases"":[],""semantic_key"":""lebl.ra.concept.ledger.function.trigonometric.arctangent"",""source_bindings"":[],""status"":""active"",""supersedes_id"":null,""workflow_id"":""01a01f57-a34b-7740-9717-596b8116910c/backend-production-v0.4-live""}"
"urn:uuid:bf9ad1f2-852d-50b2-bf44-238315d77825","lebl.ra.concept.ledger.set-theory.cardinality","cardinality","","[]","[]","urn:uuid:a0273f1c-6fad-54c7-a75a-32a5161da656","active","{""definition"":"""",""id"":""urn:uuid:bf9ad1f2-852d-50b2-bf44-238315d77825"",""label"":""cardinality"",""notation"":[],""record_type"":""concept"",""recorded_at"":""2026-08-21T00:00:00Z"",""rights_id"":""urn:uuid:a0273f1c-6fad-54c7-a75a-32a5161da656"",""schema_name"":""lebl.backend.record"",""schema_version"":""0.3.0"",""semantic_aliases"":[],""semantic_key"":""lebl.ra.concept.ledger.set-theory.cardinality"",""source_bindings"":[],""status"":""active"",""supersedes_id"":null,""workflow_id"":""01a01f57-a34b-7740-9717-596b8116910c/backend-production-v0.3-r006-live""}"
"urn:uuid:bfa4bc51-2ac1-5e4a-80f9-f40cdd13c615","lebl.ra.concept.ledger.set.dense","dense set","","[]","[]","urn:uuid:a0273f1c-6fad-54c7-a75a-32a5161da656","active","{""definition"":"""",""id"":""urn:uuid:bfa4bc51-2ac1-5e4a-80f9-f40cdd13c615"",""label"":""dense set"",""notation"":[],""record_type"":""concept"",""recorded_at"":""2026-08-21T00:00:00Z"",""rights_id"":""urn:uuid:a0273f1c-6fad-54c7-a75a-32a5161da656"",""schema_name"":""lebl.backend.record"",""schema_version"":""0.3.0"",""semantic_aliases"":[],""semantic_key"":""lebl.ra.concept.ledger.set.dense"",""source_bindings"":[],""status"":""active"",""supersedes_id"":null,""workflow_id"":""01a01f57-a34b-7740-9717-596b8116910c/backend-production-v0.3-r006-live""}"
"urn:uuid:c065e812-d85d-52fb-83fe-977e269d274f","lebl.ra.concept.ledger.order.upper-bound","upper bound","","[]","[]","urn:uuid:a0273f1c-6fad-54c7-a75a-32a5161da656","active","{""definition"":"""",""id"":""urn:uuid:c065e812-d85d-52fb-83fe-977e269d274f"",""label"":""upper bound"",""notation"":[],""record_type"":""concept"",""recorded_at"":""2026-08-21T00:00:00Z"",""rights_id"":""urn:uuid:a0273f1c-6fad-54c7-a75a-32a5161da656"",""schema_name"":""lebl.backend.record"",""schema_version"":""0.3.0"",""semantic_aliases"":[],""semantic_key"":""lebl.ra.concept.ledger.order.upper-bound"",""source_bindings"":[],""status"":""active"",""supersedes_id"":null,""workflow_id"":""01a01f57-a34b-7740-9717-596b8116910c/backend-production-v0.3-r006-live""}"
"urn:uuid:c0acd322-4cef-5fb4-ae9a-3a22a1b230e1","lebl.ra.concept.ledger.geometry.path.arc-length-parametrization","arc-length parametrization","","[]","[]","urn:uuid:a0273f1c-6fad-54c7-a75a-32a5161da656","active","{""definition"":"""",""id"":""urn:uuid:c0acd322-4cef-5fb4-ae9a-3a22a1b230e1"",""label"":""arc-length parametrization"",""notation"":[],""record_type"":""concept"",""recorded_at"":""2026-08-24T00:00:00Z"",""rights_id"":""urn:uuid:a0273f1c-6fad-54c7-a75a-32a5161da656"",""schema_name"":""lebl.backend.record"",""schema_version"":""0.3.0"",""semantic_aliases"":[],""semantic_key"":""lebl.ra.concept.ledger.geometry.path.arc-length-parametrization"",""source_bindings"":[],""status"":""active"",""supersedes_id"":null,""workflow_id"":""01a01f57-a34b-7740-9717-596b8116910c/backend-production-v0.4-live""}"
"urn:uuid:c0e26cbe-7bf4-56d4-a003-36457a0d54e3","lebl.diffyqs.concept.ledger.dynamical-system.source.spiral","spiral source","","[]","[]","urn:uuid:55f5bc5b-fcc2-55bd-8bcb-65ab31cc4e0f","active","{""definition"":"""",""id"":""urn:uuid:c0e26cbe-7bf4-56d4-a003-36457a0d54e3"",""label"":""spiral source"",""notation"":[],""record_type"":""concept"",""recorded_at"":""2026-08-24T00:00:00Z"",""rights_id"":""urn:uuid:55f5bc5b-fcc2-55bd-8bcb-65ab31cc4e0f"",""schema_name"":""lebl.backend.record"",""schema_version"":""0.3.0"",""semantic_aliases"":[],""semantic_key"":""lebl.diffyqs.concept.ledger.dynamical-system.source.spiral"",""source_bindings"":[],""status"":""active"",""supersedes_id"":null,""workflow_id"":""01a01f57-a34b-7740-9717-596b8116910c/backend-production-v0.4-live""}"
"urn:uuid:c17d7e05-67c3-55a8-bdf0-c779113a92ca","lebl.ra.concept.ledger.integration.iterated","iterated integral","","[]","[]","urn:uuid:a0273f1c-6fad-54c7-a75a-32a5161da656","active","{""definition"":"""",""id"":""urn:uuid:c17d7e05-67c3-55a8-bdf0-c779113a92ca"",""label"":""iterated integral"",""notation"":[],""record_type"":""concept"",""recorded_at"":""2026-08-24T00:00:00Z"",""rights_id"":""urn:uuid:a0273f1c-6fad-54c7-a75a-32a5161da656"",""schema_name"":""lebl.backend.record"",""schema_version"":""0.3.0"",""semantic_aliases"":[],""semantic_key"":""lebl.ra.concept.ledger.integration.iterated"",""source_bindings"":[],""status"":""active"",""supersedes_id"":null,""workflow_id"":""01a01f57-a34b-7740-9717-596b8116910c/backend-production-v0.4-live""}"
"urn:uuid:c2085ed2-843b-5690-b07d-ae2d758c9be0","lebl.ra.concept.ledger.series.conditional-convergence","conditional convergence","","[]","[]","urn:uuid:a0273f1c-6fad-54c7-a75a-32a5161da656","active","{""definition"":"""",""id"":""urn:uuid:c2085ed2-843b-5690-b07d-ae2d758c9be0"",""label"":""conditional convergence"",""notation"":[],""record_type"":""concept"",""recorded_at"":""2026-08-21T00:00:00Z"",""rights_id"":""urn:uuid:a0273f1c-6fad-54c7-a75a-32a5161da656"",""schema_name"":""lebl.backend.record"",""schema_version"":""0.3.0"",""semantic_aliases"":[],""semantic_key"":""lebl.ra.concept.ledger.series.conditional-convergence"",""source_bindings"":[],""status"":""active"",""supersedes_id"":null,""workflow_id"":""01a01f57-a34b-7740-9717-596b8116910c/backend-production-v0.3-r006-live""}"
"urn:uuid:c2b08798-7e52-5f04-a358-fd6a9c29acc2","lebl.ra.concept.ledger.functional.linear-continuous","continuous linear functional","","[]","[]","urn:uuid:a0273f1c-6fad-54c7-a75a-32a5161da656","active","{""definition"":"""",""id"":""urn:uuid:c2b08798-7e52-5f04-a358-fd6a9c29acc2"",""label"":""continuous linear functional"",""notation"":[],""record_type"":""concept"",""recorded_at"":""2026-08-24T00:00:00Z"",""rights_id"":""urn:uuid:a0273f1c-6fad-54c7-a75a-32a5161da656"",""schema_name"":""lebl.backend.record"",""schema_version"":""0.3.0"",""semantic_aliases"":[],""semantic_key"":""lebl.ra.concept.ledger.functional.linear-continuous"",""source_bindings"":[],""status"":""active"",""supersedes_id"":null,""workflow_id"":""01a01f57-a34b-7740-9717-596b8116910c/backend-production-v0.4-live""}"
"urn:uuid:c3098b7f-10b4-565a-b9e1-c77172250831","lebl.ra.concept.ledger.geometry.orientation.clockwise","clockwise","","[]","[]","urn:uuid:a0273f1c-6fad-54c7-a75a-32a5161da656","active","{""definition"":"""",""id"":""urn:uuid:c3098b7f-10b4-565a-b9e1-c77172250831"",""label"":""clockwise"",""notation"":[],""record_type"":""concept"",""recorded_at"":""2026-08-24T00:00:00Z"",""rights_id"":""urn:uuid:a0273f1c-6fad-54c7-a75a-32a5161da656"",""schema_name"":""lebl.backend.record"",""schema_version"":""0.3.0"",""semantic_aliases"":[],""semantic_key"":""lebl.ra.concept.ledger.geometry.orientation.clockwise"",""source_bindings"":[],""status"":""active"",""supersedes_id"":null,""workflow_id"":""01a01f57-a34b-7740-9717-596b8116910c/backend-production-v0.4-live""}"
"urn:uuid:c33557c3-8d72-5308-8e2e-c8984c11a323","lebl.ra.concept.ledger.geometry.arc-length.measure","arc-length measure","","[]","[]","urn:uuid:a0273f1c-6fad-54c7-a75a-32a5161da656","active","{""definition"":"""",""id"":""urn:uuid:c33557c3-8d72-5308-8e2e-c8984c11a323"",""label"":""arc-length measure"",""notation"":[],""record_type"":""concept"",""recorded_at"":""2026-08-24T00:00:00Z"",""rights_id"":""urn:uuid:a0273f1c-6fad-54c7-a75a-32a5161da656"",""schema_name"":""lebl.backend.record"",""schema_version"":""0.3.0"",""semantic_aliases"":[],""semantic_key"":""lebl.ra.concept.ledger.geometry.arc-length.measure"",""source_bindings"":[],""status"":""active"",""supersedes_id"":null,""workflow_id"":""01a01f57-a34b-7740-9717-596b8116910c/backend-production-v0.4-live""}"
"urn:uuid:c3956adc-bc45-5e97-a4ba-b786d7ee8363","lebl.ra.concept.ledger.geometry.path.piecewise-continuously-differentiable","piecewise continuously differentiable path","","[]","[]","urn:uuid:a0273f1c-6fad-54c7-a75a-32a5161da656","active","{""definition"":"""",""id"":""urn:uuid:c3956adc-bc45-5e97-a4ba-b786d7ee8363"",""label"":""piecewise continuously differentiable path"",""notation"":[],""record_type"":""concept"",""recorded_at"":""2026-08-24T00:00:00Z"",""rights_id"":""urn:uuid:a0273f1c-6fad-54c7-a75a-32a5161da656"",""schema_name"":""lebl.backend.record"",""schema_version"":""0.3.0"",""semantic_aliases"":[],""semantic_key"":""lebl.ra.concept.ledger.geometry.path.piecewise-continuously-differentiable"",""source_bindings"":[],""status"":""active"",""supersedes_id"":null,""workflow_id"":""01a01f57-a34b-7740-9717-596b8116910c/backend-production-v0.4-live""}"
"urn:uuid:c44d8f81-2f57-57dd-b390-cc82cfb14088","lebl.ra.concept.ledger.geometry.circle.radius","radius","","[]","[]","urn:uuid:a0273f1c-6fad-54c7-a75a-32a5161da656","active","{""definition"":"""",""id"":""urn:uuid:c44d8f81-2f57-57dd-b390-cc82cfb14088"",""label"":""radius"",""notation"":[],""record_type"":""concept"",""recorded_at"":""2026-08-24T00:00:00Z"",""rights_id"":""urn:uuid:a0273f1c-6fad-54c7-a75a-32a5161da656"",""schema_name"":""lebl.backend.record"",""schema_version"":""0.3.0"",""semantic_aliases"":[],""semantic_key"":""lebl.ra.concept.ledger.geometry.circle.radius"",""source_bindings"":[],""status"":""active"",""supersedes_id"":null,""workflow_id"":""01a01f57-a34b-7740-9717-596b8116910c/backend-production-v0.4-live""}"
"urn:uuid:c55abf55-8b31-5786-893c-444188186e83","lebl.ra.concept.ledger.approximation.best","best approximation","","[]","[]","urn:uuid:a0273f1c-6fad-54c7-a75a-32a5161da656","active","{""definition"":"""",""id"":""urn:uuid:c55abf55-8b31-5786-893c-444188186e83"",""label"":""best approximation"",""notation"":[],""record_type"":""concept"",""recorded_at"":""2026-08-24T00:00:00Z"",""rights_id"":""urn:uuid:a0273f1c-6fad-54c7-a75a-32a5161da656"",""schema_name"":""lebl.backend.record"",""schema_version"":""0.3.0"",""semantic_aliases"":[],""semantic_key"":""lebl.ra.concept.ledger.approximation.best"",""source_bindings"":[],""status"":""active"",""supersedes_id"":null,""workflow_id"":""01a01f57-a34b-7740-9717-596b8116910c/backend-production-v0.4-live""}"
"urn:uuid:c5810637-5361-5b6a-a5d7-909e7793dd59","lebl.ra.concept.ledger.geometry.path.concatenate","concatenate paths","","[]","[]","urn:uuid:a0273f1c-6fad-54c7-a75a-32a5161da656","active","{""definition"":"""",""id"":""urn:uuid:c5810637-5361-5b6a-a5d7-909e7793dd59"",""label"":""concatenate paths"",""notation"":[],""record_type"":""concept"",""recorded_at"":""2026-08-24T00:00:00Z"",""rights_id"":""urn:uuid:a0273f1c-6fad-54c7-a75a-32a5161da656"",""schema_name"":""lebl.backend.record"",""schema_version"":""0.3.0"",""semantic_aliases"":[],""semantic_key"":""lebl.ra.concept.ledger.geometry.path.concatenate"",""source_bindings"":[],""status"":""active"",""supersedes_id"":null,""workflow_id"":""01a01f57-a34b-7740-9717-596b8116910c/backend-production-v0.4-live""}"
"urn:uuid:c5db6a4e-f9c4-5f40-b74f-8bf872f70cb5","lebl.ra.concept.ledger.series.radius-of-convergence","radius of convergence","","[]","[]","urn:uuid:a0273f1c-6fad-54c7-a75a-32a5161da656","active","{""definition"":"""",""id"":""urn:uuid:c5db6a4e-f9c4-5f40-b74f-8bf872f70cb5"",""label"":""radius of convergence"",""notation"":[],""record_type"":""concept"",""recorded_at"":""2026-08-21T00:00:00Z"",""rights_id"":""urn:uuid:a0273f1c-6fad-54c7-a75a-32a5161da656"",""schema_name"":""lebl.backend.record"",""schema_version"":""0.3.0"",""semantic_aliases"":[],""semantic_key"":""lebl.ra.concept.ledger.series.radius-of-convergence"",""source_bindings"":[],""status"":""active"",""supersedes_id"":null,""workflow_id"":""01a01f57-a34b-7740-9717-596b8116910c/backend-production-v0.3-r006-live""}"
"urn:uuid:c602db9b-60af-5f62-915c-583615dabfd9","lebl.ra.concept.ledger.function.bijection","bijection","","[]","[]","urn:uuid:a0273f1c-6fad-54c7-a75a-32a5161da656","active","{""definition"":"""",""id"":""urn:uuid:c602db9b-60af-5f62-915c-583615dabfd9"",""label"":""bijection"",""notation"":[],""record_type"":""concept"",""recorded_at"":""2026-08-21T00:00:00Z"",""rights_id"":""urn:uuid:a0273f1c-6fad-54c7-a75a-32a5161da656"",""schema_name"":""lebl.backend.record"",""schema_version"":""0.3.0"",""semantic_aliases"":[],""semantic_key"":""lebl.ra.concept.ledger.function.bijection"",""source_bindings"":[],""status"":""active"",""supersedes_id"":null,""workflow_id"":""01a01f57-a34b-7740-9717-596b8116910c/backend-production-v0.3-r006-live""}"
"urn:uuid:c64fa1d1-8354-5341-95d0-7d2301abc68d","lebl.ra.concept.ledger.set.compact","compact set","","[]","[]","urn:uuid:a0273f1c-6fad-54c7-a75a-32a5161da656","active","{""definition"":"""",""id"":""urn:uuid:c64fa1d1-8354-5341-95d0-7d2301abc68d"",""label"":""compact set"",""notation"":[],""record_type"":""concept"",""recorded_at"":""2026-08-21T00:00:00Z"",""rights_id"":""urn:uuid:a0273f1c-6fad-54c7-a75a-32a5161da656"",""schema_name"":""lebl.backend.record"",""schema_version"":""0.3.0"",""semantic_aliases"":[],""semantic_key"":""lebl.ra.concept.ledger.set.compact"",""source_bindings"":[],""status"":""active"",""supersedes_id"":null,""workflow_id"":""01a01f57-a34b-7740-9717-596b8116910c/backend-production-v0.3-r006-live""}"
"urn:uuid:c66990a5-a8b2-5444-9bf7-734877170bab","lebl.ra.concept.ledger.equation.ordinary-differential","ordinary differential equation","","[]","[]","urn:uuid:a0273f1c-6fad-54c7-a75a-32a5161da656","active","{""definition"":"""",""id"":""urn:uuid:c66990a5-a8b2-5444-9bf7-734877170bab"",""label"":""ordinary differential equation"",""notation"":[],""record_type"":""concept"",""recorded_at"":""2026-08-21T00:00:00Z"",""rights_id"":""urn:uuid:a0273f1c-6fad-54c7-a75a-32a5161da656"",""schema_name"":""lebl.backend.record"",""schema_version"":""0.3.0"",""semantic_aliases"":[],""semantic_key"":""lebl.ra.concept.ledger.equation.ordinary-differential"",""source_bindings"":[],""status"":""active"",""supersedes_id"":null,""workflow_id"":""01a01f57-a34b-7740-9717-596b8116910c/backend-production-v0.3-r006-live""}"
"urn:uuid:c6792636-4251-53a4-8218-9db1cbb768bc","lebl.ra.concept.ledger.initial-condition","initial condition","","[]","[]","urn:uuid:a0273f1c-6fad-54c7-a75a-32a5161da656","active","{""definition"":"""",""id"":""urn:uuid:c6792636-4251-53a4-8218-9db1cbb768bc"",""label"":""initial condition"",""notation"":[],""record_type"":""concept"",""recorded_at"":""2026-08-21T00:00:00Z"",""rights_id"":""urn:uuid:a0273f1c-6fad-54c7-a75a-32a5161da656"",""schema_name"":""lebl.backend.record"",""schema_version"":""0.3.0"",""semantic_aliases"":[],""semantic_key"":""lebl.ra.concept.ledger.initial-condition"",""source_bindings"":[],""status"":""active"",""supersedes_id"":null,""workflow_id"":""01a01f57-a34b-7740-9717-596b8116910c/backend-production-v0.3-r006-live""}"
"urn:uuid:c6ada7a5-23cb-555d-af83-b893cb5d7799","lebl.ra.concept.ledger.number.nonnegative","nonnegative","","[]","[]","urn:uuid:a0273f1c-6fad-54c7-a75a-32a5161da656","active","{""definition"":"""",""id"":""urn:uuid:c6ada7a5-23cb-555d-af83-b893cb5d7799"",""label"":""nonnegative"",""notation"":[],""record_type"":""concept"",""recorded_at"":""2026-08-21T00:00:00Z"",""rights_id"":""urn:uuid:a0273f1c-6fad-54c7-a75a-32a5161da656"",""schema_name"":""lebl.backend.record"",""schema_version"":""0.3.0"",""semantic_aliases"":[],""semantic_key"":""lebl.ra.concept.ledger.number.nonnegative"",""source_bindings"":[],""status"":""active"",""supersedes_id"":null,""workflow_id"":""01a01f57-a34b-7740-9717-596b8116910c/backend-production-v0.3-r006-live""}"
"urn:uuid:c6d94c0c-3f27-529a-8fdd-76bfa75d76f0","lebl.ra.concept.ledger.algebra.discriminant","discriminant","","[]","[]","urn:uuid:a0273f1c-6fad-54c7-a75a-32a5161da656","active","{""definition"":"""",""id"":""urn:uuid:c6d94c0c-3f27-529a-8fdd-76bfa75d76f0"",""label"":""discriminant"",""notation"":[],""record_type"":""concept"",""recorded_at"":""2026-08-24T00:00:00Z"",""rights_id"":""urn:uuid:a0273f1c-6fad-54c7-a75a-32a5161da656"",""schema_name"":""lebl.backend.record"",""schema_version"":""0.3.0"",""semantic_aliases"":[],""semantic_key"":""lebl.ra.concept.ledger.algebra.discriminant"",""source_bindings"":[],""status"":""active"",""supersedes_id"":null,""workflow_id"":""01a01f57-a34b-7740-9717-596b8116910c/backend-production-v0.4-live""}"
"urn:uuid:c6e90084-1fff-5360-b474-3807ca953c8a","lebl.ra.concept.ledger.space.vector-real","real vector space","","[]","[]","urn:uuid:a0273f1c-6fad-54c7-a75a-32a5161da656","active","{""definition"":"""",""id"":""urn:uuid:c6e90084-1fff-5360-b474-3807ca953c8a"",""label"":""real vector space"",""notation"":[],""record_type"":""concept"",""recorded_at"":""2026-08-21T00:00:00Z"",""rights_id"":""urn:uuid:a0273f1c-6fad-54c7-a75a-32a5161da656"",""schema_name"":""lebl.backend.record"",""schema_version"":""0.3.0"",""semantic_aliases"":[],""semantic_key"":""lebl.ra.concept.ledger.space.vector-real"",""source_bindings"":[],""status"":""active"",""supersedes_id"":null,""workflow_id"":""01a01f57-a34b-7740-9717-596b8116910c/backend-production-v0.3-r006-live""}"
"urn:uuid:c8233b5f-020a-571e-ab56-c6eea8de11e6","lebl.ra.concept.ledger.set.bounded","bounded set","","[]","[]","urn:uuid:a0273f1c-6fad-54c7-a75a-32a5161da656","active","{""definition"":"""",""id"":""urn:uuid:c8233b5f-020a-571e-ab56-c6eea8de11e6"",""label"":""bounded set"",""notation"":[],""record_type"":""concept"",""recorded_at"":""2026-08-21T00:00:00Z"",""rights_id"":""urn:uuid:a0273f1c-6fad-54c7-a75a-32a5161da656"",""schema_name"":""lebl.backend.record"",""schema_version"":""0.3.0"",""semantic_aliases"":[],""semantic_key"":""lebl.ra.concept.ledger.set.bounded"",""source_bindings"":[],""status"":""active"",""supersedes_id"":null,""workflow_id"":""01a01f57-a34b-7740-9717-596b8116910c/backend-production-v0.3-r006-live""}"
"urn:uuid:c87807ea-2fde-5bd4-8281-1bdd1634ce27","lebl.ra.concept.ledger.geometry.direction.real","real direction","","[]","[]","urn:uuid:a0273f1c-6fad-54c7-a75a-32a5161da656","active","{""definition"":"""",""id"":""urn:uuid:c87807ea-2fde-5bd4-8281-1bdd1634ce27"",""label"":""real direction"",""notation"":[],""record_type"":""concept"",""recorded_at"":""2026-08-24T00:00:00Z"",""rights_id"":""urn:uuid:a0273f1c-6fad-54c7-a75a-32a5161da656"",""schema_name"":""lebl.backend.record"",""schema_version"":""0.3.0"",""semantic_aliases"":[],""semantic_key"":""lebl.ra.concept.ledger.geometry.direction.real"",""source_bindings"":[],""status"":""active"",""supersedes_id"":null,""workflow_id"":""01a01f57-a34b-7740-9717-596b8116910c/backend-production-v0.4-live""}"
"urn:uuid:c9976f48-35de-5979-8f94-16977bbf6c24","lebl.ra.concept.ledger.definition.well-defined","well-defined","","[]","[]","urn:uuid:a0273f1c-6fad-54c7-a75a-32a5161da656","active","{""definition"":"""",""id"":""urn:uuid:c9976f48-35de-5979-8f94-16977bbf6c24"",""label"":""well-defined"",""notation"":[],""record_type"":""concept"",""recorded_at"":""2026-08-21T00:00:00Z"",""rights_id"":""urn:uuid:a0273f1c-6fad-54c7-a75a-32a5161da656"",""schema_name"":""lebl.backend.record"",""schema_version"":""0.3.0"",""semantic_aliases"":[],""semantic_key"":""lebl.ra.concept.ledger.definition.well-defined"",""source_bindings"":[],""status"":""active"",""supersedes_id"":null,""workflow_id"":""01a01f57-a34b-7740-9717-596b8116910c/backend-production-v0.3-r006-live""}"
"urn:uuid:c9a8caaf-b07e-5c3c-b368-a4f197235b15","lebl.ra.concept.ledger.set.disconnected","disconnected set","","[]","[]","urn:uuid:a0273f1c-6fad-54c7-a75a-32a5161da656","active","{""definition"":"""",""id"":""urn:uuid:c9a8caaf-b07e-5c3c-b368-a4f197235b15"",""label"":""disconnected set"",""notation"":[],""record_type"":""concept"",""recorded_at"":""2026-08-21T00:00:00Z"",""rights_id"":""urn:uuid:a0273f1c-6fad-54c7-a75a-32a5161da656"",""schema_name"":""lebl.backend.record"",""schema_version"":""0.3.0"",""semantic_aliases"":[],""semantic_key"":""lebl.ra.concept.ledger.set.disconnected"",""source_bindings"":[],""status"":""active"",""supersedes_id"":null,""workflow_id"":""01a01f57-a34b-7740-9717-596b8116910c/backend-production-v0.3-r006-live""}"
"urn:uuid:c9df96fc-e23e-53ee-856a-c274b16f7c42","lebl.ra.concept.ledger.integration.riemann-integrable","Riemann integrable","","[]","[]","urn:uuid:a0273f1c-6fad-54c7-a75a-32a5161da656","active","{""definition"":"""",""id"":""urn:uuid:c9df96fc-e23e-53ee-856a-c274b16f7c42"",""label"":""Riemann integrable"",""notation"":[],""record_type"":""concept"",""recorded_at"":""2026-08-21T00:00:00Z"",""rights_id"":""urn:uuid:a0273f1c-6fad-54c7-a75a-32a5161da656"",""schema_name"":""lebl.backend.record"",""schema_version"":""0.3.0"",""semantic_aliases"":[],""semantic_key"":""lebl.ra.concept.ledger.integration.riemann-integrable"",""source_bindings"":[],""status"":""active"",""supersedes_id"":null,""workflow_id"":""01a01f57-a34b-7740-9717-596b8116910c/backend-production-v0.3-r006-live""}"
"urn:uuid:c9ede861-3c67-551a-90f9-3ed6370961c2","lebl.ra.concept.ledger.projection.orthogonal","orthogonal projection","","[]","[]","urn:uuid:a0273f1c-6fad-54c7-a75a-32a5161da656","active","{""definition"":"""",""id"":""urn:uuid:c9ede861-3c67-551a-90f9-3ed6370961c2"",""label"":""orthogonal projection"",""notation"":[],""record_type"":""concept"",""recorded_at"":""2026-08-24T00:00:00Z"",""rights_id"":""urn:uuid:a0273f1c-6fad-54c7-a75a-32a5161da656"",""schema_name"":""lebl.backend.record"",""schema_version"":""0.3.0"",""semantic_aliases"":[],""semantic_key"":""lebl.ra.concept.ledger.projection.orthogonal"",""source_bindings"":[],""status"":""active"",""supersedes_id"":null,""workflow_id"":""01a01f57-a34b-7740-9717-596b8116910c/backend-production-v0.4-live""}"
"urn:uuid:ca080955-3679-51e5-a132-17add960f817","lebl.ra.concept.ledger.function.logarithm","logarithm","","[]","[]","urn:uuid:a0273f1c-6fad-54c7-a75a-32a5161da656","active","{""definition"":"""",""id"":""urn:uuid:ca080955-3679-51e5-a132-17add960f817"",""label"":""logarithm"",""notation"":[],""record_type"":""concept"",""recorded_at"":""2026-08-21T00:00:00Z"",""rights_id"":""urn:uuid:a0273f1c-6fad-54c7-a75a-32a5161da656"",""schema_name"":""lebl.backend.record"",""schema_version"":""0.3.0"",""semantic_aliases"":[],""semantic_key"":""lebl.ra.concept.ledger.function.logarithm"",""source_bindings"":[],""status"":""active"",""supersedes_id"":null,""workflow_id"":""01a01f57-a34b-7740-9717-596b8116910c/backend-production-v0.3-r006-live""}"
"urn:uuid:ca311653-7b60-591b-819d-d574b94732c0","lebl.ra.concept.ledger.function.zero.isolated","isolated zero","","[]","[]","urn:uuid:a0273f1c-6fad-54c7-a75a-32a5161da656","active","{""definition"":"""",""id"":""urn:uuid:ca311653-7b60-591b-819d-d574b94732c0"",""label"":""isolated zero"",""notation"":[],""record_type"":""concept"",""recorded_at"":""2026-08-24T00:00:00Z"",""rights_id"":""urn:uuid:a0273f1c-6fad-54c7-a75a-32a5161da656"",""schema_name"":""lebl.backend.record"",""schema_version"":""0.3.0"",""semantic_aliases"":[],""semantic_key"":""lebl.ra.concept.ledger.function.zero.isolated"",""source_bindings"":[],""status"":""active"",""supersedes_id"":null,""workflow_id"":""01a01f57-a34b-7740-9717-596b8116910c/backend-production-v0.4-live""}"
"urn:uuid:ca446141-e22f-5b82-8740-9c93b45c4182","lebl.ra.concept.ledger.proof.cantor-diagonalization","Cantor diagonalization","","[]","[]","urn:uuid:a0273f1c-6fad-54c7-a75a-32a5161da656","active","{""definition"":"""",""id"":""urn:uuid:ca446141-e22f-5b82-8740-9c93b45c4182"",""label"":""Cantor diagonalization"",""notation"":[],""record_type"":""concept"",""recorded_at"":""2026-08-21T00:00:00Z"",""rights_id"":""urn:uuid:a0273f1c-6fad-54c7-a75a-32a5161da656"",""schema_name"":""lebl.backend.record"",""schema_version"":""0.3.0"",""semantic_aliases"":[],""semantic_key"":""lebl.ra.concept.ledger.proof.cantor-diagonalization"",""source_bindings"":[],""status"":""active"",""supersedes_id"":null,""workflow_id"":""01a01f57-a34b-7740-9717-596b8116910c/backend-production-v0.3-r006-live""}"
"urn:uuid:ca99c9ed-fc67-5a98-a5c4-2848b4ad0ef2","lebl.diffyqs.concept.ledger.dynamical-system.attractor","attractor","","[]","[]","urn:uuid:55f5bc5b-fcc2-55bd-8bcb-65ab31cc4e0f","active","{""definition"":"""",""id"":""urn:uuid:ca99c9ed-fc67-5a98-a5c4-2848b4ad0ef2"",""label"":""attractor"",""notation"":[],""record_type"":""concept"",""recorded_at"":""2026-08-24T00:00:00Z"",""rights_id"":""urn:uuid:55f5bc5b-fcc2-55bd-8bcb-65ab31cc4e0f"",""schema_name"":""lebl.backend.record"",""schema_version"":""0.3.0"",""semantic_aliases"":[],""semantic_key"":""lebl.diffyqs.concept.ledger.dynamical-system.attractor"",""source_bindings"":[],""status"":""active"",""supersedes_id"":null,""workflow_id"":""01a01f57-a34b-7740-9717-596b8116910c/backend-production-v0.4-live""}"
"urn:uuid:caba44de-1310-514b-a400-4247c72af9be","lebl.ra.concept.ledger.integration.order","order of integration","","[]","[]","urn:uuid:a0273f1c-6fad-54c7-a75a-32a5161da656","active","{""definition"":"""",""id"":""urn:uuid:caba44de-1310-514b-a400-4247c72af9be"",""label"":""order of integration"",""notation"":[],""record_type"":""concept"",""recorded_at"":""2026-08-24T00:00:00Z"",""rights_id"":""urn:uuid:a0273f1c-6fad-54c7-a75a-32a5161da656"",""schema_name"":""lebl.backend.record"",""schema_version"":""0.3.0"",""semantic_aliases"":[],""semantic_key"":""lebl.ra.concept.ledger.integration.order"",""source_bindings"":[],""status"":""active"",""supersedes_id"":null,""workflow_id"":""01a01f57-a34b-7740-9717-596b8116910c/backend-production-v0.4-live""}"
"urn:uuid:cb6dde67-7fdb-5ae5-80fe-9c130d2dcb46","lebl.ra.concept.ledger.equation.unknown","unknown","","[]","[]","urn:uuid:a0273f1c-6fad-54c7-a75a-32a5161da656","active","{""definition"":"""",""id"":""urn:uuid:cb6dde67-7fdb-5ae5-80fe-9c130d2dcb46"",""label"":""unknown"",""notation"":[],""record_type"":""concept"",""recorded_at"":""2026-08-24T00:00:00Z"",""rights_id"":""urn:uuid:a0273f1c-6fad-54c7-a75a-32a5161da656"",""schema_name"":""lebl.backend.record"",""schema_version"":""0.3.0"",""semantic_aliases"":[],""semantic_key"":""lebl.ra.concept.ledger.equation.unknown"",""source_bindings"":[],""status"":""active"",""supersedes_id"":null,""workflow_id"":""01a01f57-a34b-7740-9717-596b8116910c/backend-production-v0.4-live""}"
"urn:uuid:cb9d09ee-89d4-599a-9cc3-b48c265fa3b3","lebl.ra.concept.ledger.distribution.approximate-delta-function","approximate delta function","","[]","[]","urn:uuid:a0273f1c-6fad-54c7-a75a-32a5161da656","active","{""definition"":"""",""id"":""urn:uuid:cb9d09ee-89d4-599a-9cc3-b48c265fa3b3"",""label"":""approximate delta function"",""notation"":[],""record_type"":""concept"",""recorded_at"":""2026-08-24T00:00:00Z"",""rights_id"":""urn:uuid:a0273f1c-6fad-54c7-a75a-32a5161da656"",""schema_name"":""lebl.backend.record"",""schema_version"":""0.3.0"",""semantic_aliases"":[],""semantic_key"":""lebl.ra.concept.ledger.distribution.approximate-delta-function"",""source_bindings"":[],""status"":""active"",""supersedes_id"":null,""workflow_id"":""01a01f57-a34b-7740-9717-596b8116910c/backend-production-v0.4-live""}"
"urn:uuid:cc3cacf0-a392-5a22-8b24-b2207968c977","lebl.ra.concept.ledger.theorem.taylor-real-analytic","Taylor's theorem for real-analytic functions","","[]","[]","urn:uuid:a0273f1c-6fad-54c7-a75a-32a5161da656","active","{""definition"":"""",""id"":""urn:uuid:cc3cacf0-a392-5a22-8b24-b2207968c977"",""label"":""Taylor's theorem for real-analytic functions"",""notation"":[],""record_type"":""concept"",""recorded_at"":""2026-08-24T00:00:00Z"",""rights_id"":""urn:uuid:a0273f1c-6fad-54c7-a75a-32a5161da656"",""schema_name"":""lebl.backend.record"",""schema_version"":""0.3.0"",""semantic_aliases"":[],""semantic_key"":""lebl.ra.concept.ledger.theorem.taylor-real-analytic"",""source_bindings"":[],""status"":""active"",""supersedes_id"":null,""workflow_id"":""01a01f57-a34b-7740-9717-596b8116910c/backend-production-v0.4-live""}"
"urn:uuid:cc677fda-43b8-54cd-ae58-04a018f53494","lebl.ra.concept.ledger.theorem.intermediate-value","intermediate value theorem","","[]","[]","urn:uuid:a0273f1c-6fad-54c7-a75a-32a5161da656","active","{""definition"":"""",""id"":""urn:uuid:cc677fda-43b8-54cd-ae58-04a018f53494"",""label"":""intermediate value theorem"",""notation"":[],""record_type"":""concept"",""recorded_at"":""2026-08-24T00:00:00Z"",""rights_id"":""urn:uuid:a0273f1c-6fad-54c7-a75a-32a5161da656"",""schema_name"":""lebl.backend.record"",""schema_version"":""0.3.0"",""semantic_aliases"":[],""semantic_key"":""lebl.ra.concept.ledger.theorem.intermediate-value"",""source_bindings"":[],""status"":""active"",""supersedes_id"":null,""workflow_id"":""01a01f57-a34b-7740-9717-596b8116910c/backend-production-v0.4-live""}"
"urn:uuid:cc91d702-c385-5c6e-b061-f666e7ebe304","lebl.ra.concept.ledger.graph.surface","surface graph","","[]","[]","urn:uuid:a0273f1c-6fad-54c7-a75a-32a5161da656","active","{""definition"":"""",""id"":""urn:uuid:cc91d702-c385-5c6e-b061-f666e7ebe304"",""label"":""surface graph"",""notation"":[],""record_type"":""concept"",""recorded_at"":""2026-08-24T00:00:00Z"",""rights_id"":""urn:uuid:a0273f1c-6fad-54c7-a75a-32a5161da656"",""schema_name"":""lebl.backend.record"",""schema_version"":""0.3.0"",""semantic_aliases"":[],""semantic_key"":""lebl.ra.concept.ledger.graph.surface"",""source_bindings"":[],""status"":""active"",""supersedes_id"":null,""workflow_id"":""01a01f57-a34b-7740-9717-596b8116910c/backend-production-v0.4-live""}"
"urn:uuid:ccaca74c-3dfa-5307-9aa0-9af1e58efa5a","lebl.ra.concept.ledger.function.analytic","analytic function","","[]","[]","urn:uuid:a0273f1c-6fad-54c7-a75a-32a5161da656","active","{""definition"":"""",""id"":""urn:uuid:ccaca74c-3dfa-5307-9aa0-9af1e58efa5a"",""label"":""analytic function"",""notation"":[],""record_type"":""concept"",""recorded_at"":""2026-08-21T00:00:00Z"",""rights_id"":""urn:uuid:a0273f1c-6fad-54c7-a75a-32a5161da656"",""schema_name"":""lebl.backend.record"",""schema_version"":""0.3.0"",""semantic_aliases"":[],""semantic_key"":""lebl.ra.concept.ledger.function.analytic"",""source_bindings"":[],""status"":""active"",""supersedes_id"":null,""workflow_id"":""01a01f57-a34b-7740-9717-596b8116910c/backend-production-v0.3-r006-live""}"
"urn:uuid:ccb229d6-cf4d-5f77-bc3b-843e8e98e368","lebl.ra.concept.ledger.test.weierstrass-m","Weierstrass M-test","","[]","[]","urn:uuid:a0273f1c-6fad-54c7-a75a-32a5161da656","active","{""definition"":"""",""id"":""urn:uuid:ccb229d6-cf4d-5f77-bc3b-843e8e98e368"",""label"":""Weierstrass M-test"",""notation"":[],""record_type"":""concept"",""recorded_at"":""2026-08-24T00:00:00Z"",""rights_id"":""urn:uuid:a0273f1c-6fad-54c7-a75a-32a5161da656"",""schema_name"":""lebl.backend.record"",""schema_version"":""0.3.0"",""semantic_aliases"":[],""semantic_key"":""lebl.ra.concept.ledger.test.weierstrass-m"",""source_bindings"":[],""status"":""active"",""supersedes_id"":null,""workflow_id"":""01a01f57-a34b-7740-9717-596b8116910c/backend-production-v0.4-live""}"
"urn:uuid:ccfd7771-c23d-5b32-a769-55173daf3501","lebl.ra.concept.ledger.series.p-series","p-series","","[]","[]","urn:uuid:a0273f1c-6fad-54c7-a75a-32a5161da656","active","{""definition"":"""",""id"":""urn:uuid:ccfd7771-c23d-5b32-a769-55173daf3501"",""label"":""p-series"",""notation"":[],""record_type"":""concept"",""recorded_at"":""2026-08-21T00:00:00Z"",""rights_id"":""urn:uuid:a0273f1c-6fad-54c7-a75a-32a5161da656"",""schema_name"":""lebl.backend.record"",""schema_version"":""0.3.0"",""semantic_aliases"":[],""semantic_key"":""lebl.ra.concept.ledger.series.p-series"",""source_bindings"":[],""status"":""active"",""supersedes_id"":null,""workflow_id"":""01a01f57-a34b-7740-9717-596b8116910c/backend-production-v0.3-r006-live""}"
"urn:uuid:cd1bcc84-bcbc-5da4-9f1c-6b784a67b8ea","lebl.ra.concept.ledger.condition.lipschitz","Lipschitz condition","","[]","[]","urn:uuid:a0273f1c-6fad-54c7-a75a-32a5161da656","active","{""definition"":"""",""id"":""urn:uuid:cd1bcc84-bcbc-5da4-9f1c-6b784a67b8ea"",""label"":""Lipschitz condition"",""notation"":[],""record_type"":""concept"",""recorded_at"":""2026-08-24T00:00:00Z"",""rights_id"":""urn:uuid:a0273f1c-6fad-54c7-a75a-32a5161da656"",""schema_name"":""lebl.backend.record"",""schema_version"":""0.3.0"",""semantic_aliases"":[],""semantic_key"":""lebl.ra.concept.ledger.condition.lipschitz"",""source_bindings"":[],""status"":""active"",""supersedes_id"":null,""workflow_id"":""01a01f57-a34b-7740-9717-596b8116910c/backend-production-v0.4-live""}"
"urn:uuid:cd35cab1-a986-54c9-a6f9-1b0289991391","lebl.ra.concept.ledger.geometry.straighten-local","locally straighten","","[]","[]","urn:uuid:a0273f1c-6fad-54c7-a75a-32a5161da656","active","{""definition"":"""",""id"":""urn:uuid:cd35cab1-a986-54c9-a6f9-1b0289991391"",""label"":""locally straighten"",""notation"":[],""record_type"":""concept"",""recorded_at"":""2026-08-24T00:00:00Z"",""rights_id"":""urn:uuid:a0273f1c-6fad-54c7-a75a-32a5161da656"",""schema_name"":""lebl.backend.record"",""schema_version"":""0.3.0"",""semantic_aliases"":[],""semantic_key"":""lebl.ra.concept.ledger.geometry.straighten-local"",""source_bindings"":[],""status"":""active"",""supersedes_id"":null,""workflow_id"":""01a01f57-a34b-7740-9717-596b8116910c/backend-production-v0.4-live""}"
"urn:uuid:cd6e405e-27b9-5cda-aa72-9e63eb8025e7","lebl.ra.concept.ledger.interval.open","open interval","","[]","[]","urn:uuid:a0273f1c-6fad-54c7-a75a-32a5161da656","active","{""definition"":"""",""id"":""urn:uuid:cd6e405e-27b9-5cda-aa72-9e63eb8025e7"",""label"":""open interval"",""notation"":[],""record_type"":""concept"",""recorded_at"":""2026-08-21T00:00:00Z"",""rights_id"":""urn:uuid:a0273f1c-6fad-54c7-a75a-32a5161da656"",""schema_name"":""lebl.backend.record"",""schema_version"":""0.3.0"",""semantic_aliases"":[],""semantic_key"":""lebl.ra.concept.ledger.interval.open"",""source_bindings"":[],""status"":""active"",""supersedes_id"":null,""workflow_id"":""01a01f57-a34b-7740-9717-596b8116910c/backend-production-v0.3-r006-live""}"
"urn:uuid:cd815d26-d139-52e5-94e6-51e0ac2ec9cc","lebl.ra.concept.ledger.fixed-point","fixed point","","[]","[]","urn:uuid:a0273f1c-6fad-54c7-a75a-32a5161da656","active","{""definition"":"""",""id"":""urn:uuid:cd815d26-d139-52e5-94e6-51e0ac2ec9cc"",""label"":""fixed point"",""notation"":[],""record_type"":""concept"",""recorded_at"":""2026-08-21T00:00:00Z"",""rights_id"":""urn:uuid:a0273f1c-6fad-54c7-a75a-32a5161da656"",""schema_name"":""lebl.backend.record"",""schema_version"":""0.3.0"",""semantic_aliases"":[],""semantic_key"":""lebl.ra.concept.ledger.fixed-point"",""source_bindings"":[],""status"":""active"",""supersedes_id"":null,""workflow_id"":""01a01f57-a34b-7740-9717-596b8116910c/backend-production-v0.3-r006-live""}"
"urn:uuid:ce673bce-4309-571b-82d4-79e790da073c","lebl.ra.concept.ledger.geometry.curve.length","length","","[]","[]","urn:uuid:a0273f1c-6fad-54c7-a75a-32a5161da656","active","{""definition"":"""",""id"":""urn:uuid:ce673bce-4309-571b-82d4-79e790da073c"",""label"":""length"",""notation"":[],""record_type"":""concept"",""recorded_at"":""2026-08-24T00:00:00Z"",""rights_id"":""urn:uuid:a0273f1c-6fad-54c7-a75a-32a5161da656"",""schema_name"":""lebl.backend.record"",""schema_version"":""0.3.0"",""semantic_aliases"":[],""semantic_key"":""lebl.ra.concept.ledger.geometry.curve.length"",""source_bindings"":[],""status"":""active"",""supersedes_id"":null,""workflow_id"":""01a01f57-a34b-7740-9717-596b8116910c/backend-production-v0.4-live""}"
"urn:uuid:ce740366-65b8-5681-a833-e0b7e162e7ea","lebl.ra.concept.ledger.identity.euler-formula","Euler's formula","","[]","[]","urn:uuid:a0273f1c-6fad-54c7-a75a-32a5161da656","active","{""definition"":"""",""id"":""urn:uuid:ce740366-65b8-5681-a833-e0b7e162e7ea"",""label"":""Euler's formula"",""notation"":[],""record_type"":""concept"",""recorded_at"":""2026-08-24T00:00:00Z"",""rights_id"":""urn:uuid:a0273f1c-6fad-54c7-a75a-32a5161da656"",""schema_name"":""lebl.backend.record"",""schema_version"":""0.3.0"",""semantic_aliases"":[],""semantic_key"":""lebl.ra.concept.ledger.identity.euler-formula"",""source_bindings"":[],""status"":""active"",""supersedes_id"":null,""workflow_id"":""01a01f57-a34b-7740-9717-596b8116910c/backend-production-v0.4-live""}"
"urn:uuid:ce89fd3a-92ca-5c55-86c5-a11aafb3cad4","lebl.ra.concept.ledger.domain.bounded-piecewise-smooth-boundary","bounded domain with piecewise smooth boundary","","[]","[]","urn:uuid:a0273f1c-6fad-54c7-a75a-32a5161da656","active","{""definition"":"""",""id"":""urn:uuid:ce89fd3a-92ca-5c55-86c5-a11aafb3cad4"",""label"":""bounded domain with piecewise smooth boundary"",""notation"":[],""record_type"":""concept"",""recorded_at"":""2026-08-24T00:00:00Z"",""rights_id"":""urn:uuid:a0273f1c-6fad-54c7-a75a-32a5161da656"",""schema_name"":""lebl.backend.record"",""schema_version"":""0.3.0"",""semantic_aliases"":[],""semantic_key"":""lebl.ra.concept.ledger.domain.bounded-piecewise-smooth-boundary"",""source_bindings"":[],""status"":""active"",""supersedes_id"":null,""workflow_id"":""01a01f57-a34b-7740-9717-596b8116910c/backend-production-v0.4-live""}"
"urn:uuid:ce9e5a41-8e4e-543c-9ccb-f3dcd9a62591","lebl.ra.concept.ledger.calculus.second-derivative-test","second derivative test","","[]","[]","urn:uuid:a0273f1c-6fad-54c7-a75a-32a5161da656","active","{""definition"":"""",""id"":""urn:uuid:ce9e5a41-8e4e-543c-9ccb-f3dcd9a62591"",""label"":""second derivative test"",""notation"":[],""record_type"":""concept"",""recorded_at"":""2026-08-21T00:00:00Z"",""rights_id"":""urn:uuid:a0273f1c-6fad-54c7-a75a-32a5161da656"",""schema_name"":""lebl.backend.record"",""schema_version"":""0.3.0"",""semantic_aliases"":[],""semantic_key"":""lebl.ra.concept.ledger.calculus.second-derivative-test"",""source_bindings"":[],""status"":""active"",""supersedes_id"":null,""workflow_id"":""01a01f57-a34b-7740-9717-596b8116910c/backend-production-v0.3-r006-live""}"
"urn:uuid:cea45cc7-7712-567a-a79b-76c28e6f2075","lebl.ra.concept.ledger.metric.nonnegativity","nonnegativity of a metric","","[]","[]","urn:uuid:a0273f1c-6fad-54c7-a75a-32a5161da656","active","{""definition"":"""",""id"":""urn:uuid:cea45cc7-7712-567a-a79b-76c28e6f2075"",""label"":""nonnegativity of a metric"",""notation"":[],""record_type"":""concept"",""recorded_at"":""2026-08-21T00:00:00Z"",""rights_id"":""urn:uuid:a0273f1c-6fad-54c7-a75a-32a5161da656"",""schema_name"":""lebl.backend.record"",""schema_version"":""0.3.0"",""semantic_aliases"":[],""semantic_key"":""lebl.ra.concept.ledger.metric.nonnegativity"",""source_bindings"":[],""status"":""active"",""supersedes_id"":null,""workflow_id"":""01a01f57-a34b-7740-9717-596b8116910c/backend-production-v0.3-r006-live""}"
"urn:uuid:cee443de-9af7-52c7-9fa7-38d0f8732296","lebl.ra.concept.ledger.set-theory.intersection","intersection","","[]","[]","urn:uuid:a0273f1c-6fad-54c7-a75a-32a5161da656","active","{""definition"":"""",""id"":""urn:uuid:cee443de-9af7-52c7-9fa7-38d0f8732296"",""label"":""intersection"",""notation"":[],""record_type"":""concept"",""recorded_at"":""2026-08-21T00:00:00Z"",""rights_id"":""urn:uuid:a0273f1c-6fad-54c7-a75a-32a5161da656"",""schema_name"":""lebl.backend.record"",""schema_version"":""0.3.0"",""semantic_aliases"":[],""semantic_key"":""lebl.ra.concept.ledger.set-theory.intersection"",""source_bindings"":[],""status"":""active"",""supersedes_id"":null,""workflow_id"":""01a01f57-a34b-7740-9717-596b8116910c/backend-production-v0.3-r006-live""}"
"urn:uuid:cf0adfcf-53b0-5932-9c48-0ddca4e66aab","lebl.ra.concept.ledger.dimension.infinite","infinite-dimensional","","[]","[]","urn:uuid:a0273f1c-6fad-54c7-a75a-32a5161da656","active","{""definition"":"""",""id"":""urn:uuid:cf0adfcf-53b0-5932-9c48-0ddca4e66aab"",""label"":""infinite-dimensional"",""notation"":[],""record_type"":""concept"",""recorded_at"":""2026-08-21T00:00:00Z"",""rights_id"":""urn:uuid:a0273f1c-6fad-54c7-a75a-32a5161da656"",""schema_name"":""lebl.backend.record"",""schema_version"":""0.3.0"",""semantic_aliases"":[],""semantic_key"":""lebl.ra.concept.ledger.dimension.infinite"",""source_bindings"":[],""status"":""active"",""supersedes_id"":null,""workflow_id"":""01a01f57-a34b-7740-9717-596b8116910c/backend-production-v0.3-r006-live""}"
"urn:uuid:cf4afd5c-7679-5005-ba82-186984e00996","lebl.ra.concept.ledger.function.real-analytic","real-analytic","","[]","[]","urn:uuid:a0273f1c-6fad-54c7-a75a-32a5161da656","active","{""definition"":"""",""id"":""urn:uuid:cf4afd5c-7679-5005-ba82-186984e00996"",""label"":""real-analytic"",""notation"":[],""record_type"":""concept"",""recorded_at"":""2026-08-24T00:00:00Z"",""rights_id"":""urn:uuid:a0273f1c-6fad-54c7-a75a-32a5161da656"",""schema_name"":""lebl.backend.record"",""schema_version"":""0.3.0"",""semantic_aliases"":[],""semantic_key"":""lebl.ra.concept.ledger.function.real-analytic"",""source_bindings"":[],""status"":""active"",""supersedes_id"":null,""workflow_id"":""01a01f57-a34b-7740-9717-596b8116910c/backend-production-v0.4-live""}"
"urn:uuid:cfe8509b-690f-5ec7-b6f5-de569d897043","lebl.ra.concept.ledger.geometry.smooth-curve","smooth curve","","[]","[]","urn:uuid:a0273f1c-6fad-54c7-a75a-32a5161da656","active","{""definition"":"""",""id"":""urn:uuid:cfe8509b-690f-5ec7-b6f5-de569d897043"",""label"":""smooth curve"",""notation"":[],""record_type"":""concept"",""recorded_at"":""2026-08-24T00:00:00Z"",""rights_id"":""urn:uuid:a0273f1c-6fad-54c7-a75a-32a5161da656"",""schema_name"":""lebl.backend.record"",""schema_version"":""0.3.0"",""semantic_aliases"":[],""semantic_key"":""lebl.ra.concept.ledger.geometry.smooth-curve"",""source_bindings"":[],""status"":""active"",""supersedes_id"":null,""workflow_id"":""01a01f57-a34b-7740-9717-596b8116910c/backend-production-v0.4-live""}"
"urn:uuid:d06cc163-9f21-5c57-a1a6-87ab775e8709","lebl.ra.concept.ledger.matrix.upper-triangular","upper triangular matrix","","[]","[]","urn:uuid:a0273f1c-6fad-54c7-a75a-32a5161da656","active","{""definition"":"""",""id"":""urn:uuid:d06cc163-9f21-5c57-a1a6-87ab775e8709"",""label"":""upper triangular matrix"",""notation"":[],""record_type"":""concept"",""recorded_at"":""2026-08-21T00:00:00Z"",""rights_id"":""urn:uuid:a0273f1c-6fad-54c7-a75a-32a5161da656"",""schema_name"":""lebl.backend.record"",""schema_version"":""0.3.0"",""semantic_aliases"":[],""semantic_key"":""lebl.ra.concept.ledger.matrix.upper-triangular"",""source_bindings"":[],""status"":""active"",""supersedes_id"":null,""workflow_id"":""01a01f57-a34b-7740-9717-596b8116910c/backend-production-v0.3-r006-live""}"
"urn:uuid:d08f63d9-5198-5f08-8bef-d994e4fc50e0","lebl.ra.concept.ledger.theorem.extreme-value","extreme value theorem","","[]","[]","urn:uuid:a0273f1c-6fad-54c7-a75a-32a5161da656","active","{""definition"":"""",""id"":""urn:uuid:d08f63d9-5198-5f08-8bef-d994e4fc50e0"",""label"":""extreme value theorem"",""notation"":[],""record_type"":""concept"",""recorded_at"":""2026-08-21T00:00:00Z"",""rights_id"":""urn:uuid:a0273f1c-6fad-54c7-a75a-32a5161da656"",""schema_name"":""lebl.backend.record"",""schema_version"":""0.3.0"",""semantic_aliases"":[],""semantic_key"":""lebl.ra.concept.ledger.theorem.extreme-value"",""source_bindings"":[],""status"":""active"",""supersedes_id"":null,""workflow_id"":""01a01f57-a34b-7740-9717-596b8116910c/backend-production-v0.3-r006-live""}"
"urn:uuid:d0ee77c2-3d8f-5c56-b6c2-c395583ee8c4","lebl.ra.concept.ledger.calculus.differentiable","differentiable","","[]","[]","urn:uuid:a0273f1c-6fad-54c7-a75a-32a5161da656","active","{""definition"":"""",""id"":""urn:uuid:d0ee77c2-3d8f-5c56-b6c2-c395583ee8c4"",""label"":""differentiable"",""notation"":[],""record_type"":""concept"",""recorded_at"":""2026-08-21T00:00:00Z"",""rights_id"":""urn:uuid:a0273f1c-6fad-54c7-a75a-32a5161da656"",""schema_name"":""lebl.backend.record"",""schema_version"":""0.3.0"",""semantic_aliases"":[],""semantic_key"":""lebl.ra.concept.ledger.calculus.differentiable"",""source_bindings"":[],""status"":""active"",""supersedes_id"":null,""workflow_id"":""01a01f57-a34b-7740-9717-596b8116910c/backend-production-v0.3-r006-live""}"
"urn:uuid:d156ad3a-1b05-5c3a-892f-ed1914b7538e","lebl.ra.concept.ledger.theorem.abel","Abel's theorem","","[]","[]","urn:uuid:a0273f1c-6fad-54c7-a75a-32a5161da656","active","{""definition"":"""",""id"":""urn:uuid:d156ad3a-1b05-5c3a-892f-ed1914b7538e"",""label"":""Abel's theorem"",""notation"":[],""record_type"":""concept"",""recorded_at"":""2026-08-21T00:00:00Z"",""rights_id"":""urn:uuid:a0273f1c-6fad-54c7-a75a-32a5161da656"",""schema_name"":""lebl.backend.record"",""schema_version"":""0.3.0"",""semantic_aliases"":[],""semantic_key"":""lebl.ra.concept.ledger.theorem.abel"",""source_bindings"":[],""status"":""active"",""supersedes_id"":null,""workflow_id"":""01a01f57-a34b-7740-9717-596b8116910c/backend-production-v0.3-r006-live""}"
"urn:uuid:d1c106d3-c8fc-560b-8fe5-9e0ab6e20228","lebl.ra.concept.ledger.operator.differentiation","differentiation operator","","[]","[]","urn:uuid:a0273f1c-6fad-54c7-a75a-32a5161da656","active","{""definition"":"""",""id"":""urn:uuid:d1c106d3-c8fc-560b-8fe5-9e0ab6e20228"",""label"":""differentiation operator"",""notation"":[],""record_type"":""concept"",""recorded_at"":""2026-08-21T00:00:00Z"",""rights_id"":""urn:uuid:a0273f1c-6fad-54c7-a75a-32a5161da656"",""schema_name"":""lebl.backend.record"",""schema_version"":""0.3.0"",""semantic_aliases"":[],""semantic_key"":""lebl.ra.concept.ledger.operator.differentiation"",""source_bindings"":[],""status"":""active"",""supersedes_id"":null,""workflow_id"":""01a01f57-a34b-7740-9717-596b8116910c/backend-production-v0.3-r006-live""}"
"urn:uuid:d28bffc6-d654-5056-b0e5-112952c2cd84","lebl.ra.concept.ledger.geometry.path.smooth","smooth path","","[]","[]","urn:uuid:a0273f1c-6fad-54c7-a75a-32a5161da656","active","{""definition"":"""",""id"":""urn:uuid:d28bffc6-d654-5056-b0e5-112952c2cd84"",""label"":""smooth path"",""notation"":[],""record_type"":""concept"",""recorded_at"":""2026-08-24T00:00:00Z"",""rights_id"":""urn:uuid:a0273f1c-6fad-54c7-a75a-32a5161da656"",""schema_name"":""lebl.backend.record"",""schema_version"":""0.3.0"",""semantic_aliases"":[],""semantic_key"":""lebl.ra.concept.ledger.geometry.path.smooth"",""source_bindings"":[],""status"":""active"",""supersedes_id"":null,""workflow_id"":""01a01f57-a34b-7740-9717-596b8116910c/backend-production-v0.4-live""}"
"urn:uuid:d297dfcd-4e7d-5ee6-8495-64531ea9a631","lebl.ra.concept.ledger.sequence.recursively-defined","recursively defined sequence","","[]","[]","urn:uuid:a0273f1c-6fad-54c7-a75a-32a5161da656","active","{""definition"":"""",""id"":""urn:uuid:d297dfcd-4e7d-5ee6-8495-64531ea9a631"",""label"":""recursively defined sequence"",""notation"":[],""record_type"":""concept"",""recorded_at"":""2026-08-21T00:00:00Z"",""rights_id"":""urn:uuid:a0273f1c-6fad-54c7-a75a-32a5161da656"",""schema_name"":""lebl.backend.record"",""schema_version"":""0.3.0"",""semantic_aliases"":[],""semantic_key"":""lebl.ra.concept.ledger.sequence.recursively-defined"",""source_bindings"":[],""status"":""active"",""supersedes_id"":null,""workflow_id"":""01a01f57-a34b-7740-9717-596b8116910c/backend-production-v0.3-r006-live""}"
"urn:uuid:d2b4a5ca-024c-5255-9c68-50a1d18175b3","lebl.ra.concept.ledger.function.even","even function","","[]","[]","urn:uuid:a0273f1c-6fad-54c7-a75a-32a5161da656","active","{""definition"":"""",""id"":""urn:uuid:d2b4a5ca-024c-5255-9c68-50a1d18175b3"",""label"":""even function"",""notation"":[],""record_type"":""concept"",""recorded_at"":""2026-08-21T00:00:00Z"",""rights_id"":""urn:uuid:a0273f1c-6fad-54c7-a75a-32a5161da656"",""schema_name"":""lebl.backend.record"",""schema_version"":""0.3.0"",""semantic_aliases"":[],""semantic_key"":""lebl.ra.concept.ledger.function.even"",""source_bindings"":[],""status"":""active"",""supersedes_id"":null,""workflow_id"":""01a01f57-a34b-7740-9717-596b8116910c/backend-production-v0.3-r006-live""}"
"urn:uuid:d3f7cb1e-08db-5095-93c3-e6b41bed93d4","lebl.ra.concept.ledger.algebra.linear","algebra","","[]","[]","urn:uuid:a0273f1c-6fad-54c7-a75a-32a5161da656","active","{""definition"":"""",""id"":""urn:uuid:d3f7cb1e-08db-5095-93c3-e6b41bed93d4"",""label"":""algebra"",""notation"":[],""record_type"":""concept"",""recorded_at"":""2026-08-21T00:00:00Z"",""rights_id"":""urn:uuid:a0273f1c-6fad-54c7-a75a-32a5161da656"",""schema_name"":""lebl.backend.record"",""schema_version"":""0.3.0"",""semantic_aliases"":[],""semantic_key"":""lebl.ra.concept.ledger.algebra.linear"",""source_bindings"":[],""status"":""active"",""supersedes_id"":null,""workflow_id"":""01a01f57-a34b-7740-9717-596b8116910c/backend-production-v0.3-r006-live""}"
"urn:uuid:d4976ffa-6793-5e33-bffb-a640fb6cd1ff","lebl.ra.concept.ledger.extremum.strict-local-minimum","strict local minimum","","[]","[]","urn:uuid:a0273f1c-6fad-54c7-a75a-32a5161da656","active","{""definition"":"""",""id"":""urn:uuid:d4976ffa-6793-5e33-bffb-a640fb6cd1ff"",""label"":""strict local minimum"",""notation"":[],""record_type"":""concept"",""recorded_at"":""2026-08-24T00:00:00Z"",""rights_id"":""urn:uuid:a0273f1c-6fad-54c7-a75a-32a5161da656"",""schema_name"":""lebl.backend.record"",""schema_version"":""0.3.0"",""semantic_aliases"":[],""semantic_key"":""lebl.ra.concept.ledger.extremum.strict-local-minimum"",""source_bindings"":[],""status"":""active"",""supersedes_id"":null,""workflow_id"":""01a01f57-a34b-7740-9717-596b8116910c/backend-production-v0.4-live""}"
"urn:uuid:d4c90937-b5d9-5117-a169-bdae238e2a06","lebl.ra.concept.ledger.sequence.term","term","","[]","[]","urn:uuid:a0273f1c-6fad-54c7-a75a-32a5161da656","active","{""definition"":"""",""id"":""urn:uuid:d4c90937-b5d9-5117-a169-bdae238e2a06"",""label"":""term"",""notation"":[],""record_type"":""concept"",""recorded_at"":""2026-08-21T00:00:00Z"",""rights_id"":""urn:uuid:a0273f1c-6fad-54c7-a75a-32a5161da656"",""schema_name"":""lebl.backend.record"",""schema_version"":""0.3.0"",""semantic_aliases"":[],""semantic_key"":""lebl.ra.concept.ledger.sequence.term"",""source_bindings"":[],""status"":""active"",""supersedes_id"":null,""workflow_id"":""01a01f57-a34b-7740-9717-596b8116910c/backend-production-v0.3-r006-live""}"
"urn:uuid:d4dc0118-0388-536e-b6bf-6b49ef4e4c5a","lebl.ra.concept.ledger.sequence.strictly-increasing-index","strictly increasing sequence of natural numbers","","[]","[]","urn:uuid:a0273f1c-6fad-54c7-a75a-32a5161da656","active","{""definition"":"""",""id"":""urn:uuid:d4dc0118-0388-536e-b6bf-6b49ef4e4c5a"",""label"":""strictly increasing sequence of natural numbers"",""notation"":[],""record_type"":""concept"",""recorded_at"":""2026-08-21T00:00:00Z"",""rights_id"":""urn:uuid:a0273f1c-6fad-54c7-a75a-32a5161da656"",""schema_name"":""lebl.backend.record"",""schema_version"":""0.3.0"",""semantic_aliases"":[],""semantic_key"":""lebl.ra.concept.ledger.sequence.strictly-increasing-index"",""source_bindings"":[],""status"":""active"",""supersedes_id"":null,""workflow_id"":""01a01f57-a34b-7740-9717-596b8116910c/backend-production-v0.3-r006-live""}"
"urn:uuid:d5277b5a-310b-5d2a-b4e6-a6575eb7ebf0","lebl.ra.concept.ledger.algebra.vanishes-at-no-point","vanishes at no point","","[]","[]","urn:uuid:a0273f1c-6fad-54c7-a75a-32a5161da656","active","{""definition"":"""",""id"":""urn:uuid:d5277b5a-310b-5d2a-b4e6-a6575eb7ebf0"",""label"":""vanishes at no point"",""notation"":[],""record_type"":""concept"",""recorded_at"":""2026-08-24T00:00:00Z"",""rights_id"":""urn:uuid:a0273f1c-6fad-54c7-a75a-32a5161da656"",""schema_name"":""lebl.backend.record"",""schema_version"":""0.3.0"",""semantic_aliases"":[],""semantic_key"":""lebl.ra.concept.ledger.algebra.vanishes-at-no-point"",""source_bindings"":[],""status"":""active"",""supersedes_id"":null,""workflow_id"":""01a01f57-a34b-7740-9717-596b8116910c/backend-production-v0.4-live""}"
"urn:uuid:d53a38d6-422b-5fa8-9b97-c379075a825d","lebl.ra.concept.ledger.order.well-ordering-property","well ordering property","","[]","[]","urn:uuid:a0273f1c-6fad-54c7-a75a-32a5161da656","active","{""definition"":"""",""id"":""urn:uuid:d53a38d6-422b-5fa8-9b97-c379075a825d"",""label"":""well ordering property"",""notation"":[],""record_type"":""concept"",""recorded_at"":""2026-08-21T00:00:00Z"",""rights_id"":""urn:uuid:a0273f1c-6fad-54c7-a75a-32a5161da656"",""schema_name"":""lebl.backend.record"",""schema_version"":""0.3.0"",""semantic_aliases"":[],""semantic_key"":""lebl.ra.concept.ledger.order.well-ordering-property"",""source_bindings"":[],""status"":""active"",""supersedes_id"":null,""workflow_id"":""01a01f57-a34b-7740-9717-596b8116910c/backend-production-v0.3-r006-live""}"
"urn:uuid:d6b6dc9b-a625-529e-8476-55727b87b6f3","lebl.ra.concept.ledger.geometry.line-segment","line segment","","[]","[]","urn:uuid:a0273f1c-6fad-54c7-a75a-32a5161da656","active","{""definition"":"""",""id"":""urn:uuid:d6b6dc9b-a625-529e-8476-55727b87b6f3"",""label"":""line segment"",""notation"":[],""record_type"":""concept"",""recorded_at"":""2026-08-24T00:00:00Z"",""rights_id"":""urn:uuid:a0273f1c-6fad-54c7-a75a-32a5161da656"",""schema_name"":""lebl.backend.record"",""schema_version"":""0.3.0"",""semantic_aliases"":[],""semantic_key"":""lebl.ra.concept.ledger.geometry.line-segment"",""source_bindings"":[],""status"":""active"",""supersedes_id"":null,""workflow_id"":""01a01f57-a34b-7740-9717-596b8116910c/backend-production-v0.4-live""}"
"urn:uuid:d723116e-ac37-5ebe-8a26-3e12b759f2fb","lebl.ra.concept.ledger.algebra.real","real algebra","","[]","[]","urn:uuid:a0273f1c-6fad-54c7-a75a-32a5161da656","active","{""definition"":"""",""id"":""urn:uuid:d723116e-ac37-5ebe-8a26-3e12b759f2fb"",""label"":""real algebra"",""notation"":[],""record_type"":""concept"",""recorded_at"":""2026-08-24T00:00:00Z"",""rights_id"":""urn:uuid:a0273f1c-6fad-54c7-a75a-32a5161da656"",""schema_name"":""lebl.backend.record"",""schema_version"":""0.3.0"",""semantic_aliases"":[],""semantic_key"":""lebl.ra.concept.ledger.algebra.real"",""source_bindings"":[],""status"":""active"",""supersedes_id"":null,""workflow_id"":""01a01f57-a34b-7740-9717-596b8116910c/backend-production-v0.4-live""}"
"urn:uuid:d75383a0-2ba0-5cde-9c4b-6e5bb7f673e1","lebl.ra.concept.ledger.calculus.leibniz-rule","Leibniz rule","","[]","[]","urn:uuid:a0273f1c-6fad-54c7-a75a-32a5161da656","active","{""definition"":"""",""id"":""urn:uuid:d75383a0-2ba0-5cde-9c4b-6e5bb7f673e1"",""label"":""Leibniz rule"",""notation"":[],""record_type"":""concept"",""recorded_at"":""2026-08-21T00:00:00Z"",""rights_id"":""urn:uuid:a0273f1c-6fad-54c7-a75a-32a5161da656"",""schema_name"":""lebl.backend.record"",""schema_version"":""0.3.0"",""semantic_aliases"":[],""semantic_key"":""lebl.ra.concept.ledger.calculus.leibniz-rule"",""source_bindings"":[],""status"":""active"",""supersedes_id"":null,""workflow_id"":""01a01f57-a34b-7740-9717-596b8116910c/backend-production-v0.3-r006-live""}"
"urn:uuid:d7c44148-c3c2-575d-b88a-a4dc84e559de","lebl.ra.concept.ledger.continuity.equicontinuity","equicontinuity","","[]","[]","urn:uuid:a0273f1c-6fad-54c7-a75a-32a5161da656","active","{""definition"":"""",""id"":""urn:uuid:d7c44148-c3c2-575d-b88a-a4dc84e559de"",""label"":""equicontinuity"",""notation"":[],""record_type"":""concept"",""recorded_at"":""2026-08-24T00:00:00Z"",""rights_id"":""urn:uuid:a0273f1c-6fad-54c7-a75a-32a5161da656"",""schema_name"":""lebl.backend.record"",""schema_version"":""0.3.0"",""semantic_aliases"":[],""semantic_key"":""lebl.ra.concept.ledger.continuity.equicontinuity"",""source_bindings"":[],""status"":""active"",""supersedes_id"":null,""workflow_id"":""01a01f57-a34b-7740-9717-596b8116910c/backend-production-v0.4-live""}"
"urn:uuid:d88e8162-d2b1-5c0c-9a5b-8c01027adb2c","lebl.ra.concept.ledger.space.vector.normed","normed vector space","","[]","[]","urn:uuid:a0273f1c-6fad-54c7-a75a-32a5161da656","active","{""definition"":"""",""id"":""urn:uuid:d88e8162-d2b1-5c0c-9a5b-8c01027adb2c"",""label"":""normed vector space"",""notation"":[],""record_type"":""concept"",""recorded_at"":""2026-08-21T00:00:00Z"",""rights_id"":""urn:uuid:a0273f1c-6fad-54c7-a75a-32a5161da656"",""schema_name"":""lebl.backend.record"",""schema_version"":""0.3.0"",""semantic_aliases"":[],""semantic_key"":""lebl.ra.concept.ledger.space.vector.normed"",""source_bindings"":[],""status"":""active"",""supersedes_id"":null,""workflow_id"":""01a01f57-a34b-7740-9717-596b8116910c/backend-production-v0.3-r006-live""}"
"urn:uuid:d8eaf05f-e3a7-5945-96aa-331504311d4b","lebl.ra.concept.ledger.operator.differential","differential operator","","[]","[]","urn:uuid:a0273f1c-6fad-54c7-a75a-32a5161da656","active","{""definition"":"""",""id"":""urn:uuid:d8eaf05f-e3a7-5945-96aa-331504311d4b"",""label"":""differential operator"",""notation"":[],""record_type"":""concept"",""recorded_at"":""2026-08-24T00:00:00Z"",""rights_id"":""urn:uuid:a0273f1c-6fad-54c7-a75a-32a5161da656"",""schema_name"":""lebl.backend.record"",""schema_version"":""0.3.0"",""semantic_aliases"":[],""semantic_key"":""lebl.ra.concept.ledger.operator.differential"",""source_bindings"":[],""status"":""active"",""supersedes_id"":null,""workflow_id"":""01a01f57-a34b-7740-9717-596b8116910c/backend-production-v0.4-live""}"
"urn:uuid:d960eae8-7fd4-5c00-acff-b7bb83e30b41","lebl.ra.concept.ledger.geometry.rectangle.closed","closed rectangle","","[]","[]","urn:uuid:a0273f1c-6fad-54c7-a75a-32a5161da656","active","{""definition"":"""",""id"":""urn:uuid:d960eae8-7fd4-5c00-acff-b7bb83e30b41"",""label"":""closed rectangle"",""notation"":[],""record_type"":""concept"",""recorded_at"":""2026-08-24T00:00:00Z"",""rights_id"":""urn:uuid:a0273f1c-6fad-54c7-a75a-32a5161da656"",""schema_name"":""lebl.backend.record"",""schema_version"":""0.3.0"",""semantic_aliases"":[],""semantic_key"":""lebl.ra.concept.ledger.geometry.rectangle.closed"",""source_bindings"":[],""status"":""active"",""supersedes_id"":null,""workflow_id"":""01a01f57-a34b-7740-9717-596b8116910c/backend-production-v0.4-live""}"
"urn:uuid:d9d97402-a4cf-526b-8c64-5cfe1ce27063","lebl.ra.concept.ledger.calculus.integrand","integrand","","[]","[]","urn:uuid:a0273f1c-6fad-54c7-a75a-32a5161da656","active","{""definition"":"""",""id"":""urn:uuid:d9d97402-a4cf-526b-8c64-5cfe1ce27063"",""label"":""integrand"",""notation"":[],""record_type"":""concept"",""recorded_at"":""2026-08-24T00:00:00Z"",""rights_id"":""urn:uuid:a0273f1c-6fad-54c7-a75a-32a5161da656"",""schema_name"":""lebl.backend.record"",""schema_version"":""0.3.0"",""semantic_aliases"":[],""semantic_key"":""lebl.ra.concept.ledger.calculus.integrand"",""source_bindings"":[],""status"":""active"",""supersedes_id"":null,""workflow_id"":""01a01f57-a34b-7740-9717-596b8116910c/backend-production-v0.4-live""}"
"urn:uuid:da2a560c-8b14-5fea-8d9b-0310a0f77dd9","lebl.ra.concept.ledger.theorem.monotone-convergence","monotone convergence theorem","","[]","[]","urn:uuid:a0273f1c-6fad-54c7-a75a-32a5161da656","active","{""definition"":"""",""id"":""urn:uuid:da2a560c-8b14-5fea-8d9b-0310a0f77dd9"",""label"":""monotone convergence theorem"",""notation"":[],""record_type"":""concept"",""recorded_at"":""2026-08-21T00:00:00Z"",""rights_id"":""urn:uuid:a0273f1c-6fad-54c7-a75a-32a5161da656"",""schema_name"":""lebl.backend.record"",""schema_version"":""0.3.0"",""semantic_aliases"":[],""semantic_key"":""lebl.ra.concept.ledger.theorem.monotone-convergence"",""source_bindings"":[],""status"":""active"",""supersedes_id"":null,""workflow_id"":""01a01f57-a34b-7740-9717-596b8116910c/backend-production-v0.3-r006-live""}"
"urn:uuid:da94e93d-0f90-59f1-bc62-35234d220fef","lebl.ra.concept.ledger.series.rearrangement","rearrangement of a series","","[]","[]","urn:uuid:a0273f1c-6fad-54c7-a75a-32a5161da656","active","{""definition"":"""",""id"":""urn:uuid:da94e93d-0f90-59f1-bc62-35234d220fef"",""label"":""rearrangement of a series"",""notation"":[],""record_type"":""concept"",""recorded_at"":""2026-08-21T00:00:00Z"",""rights_id"":""urn:uuid:a0273f1c-6fad-54c7-a75a-32a5161da656"",""schema_name"":""lebl.backend.record"",""schema_version"":""0.3.0"",""semantic_aliases"":[],""semantic_key"":""lebl.ra.concept.ledger.series.rearrangement"",""source_bindings"":[],""status"":""active"",""supersedes_id"":null,""workflow_id"":""01a01f57-a34b-7740-9717-596b8116910c/backend-production-v0.3-r006-live""}"
"urn:uuid:da9c6d92-80f8-5470-be8b-3e5eeb1a39d8","lebl.ra.concept.ledger.geometry.curve.piecewise-smooth","piecewise smooth curve","","[]","[]","urn:uuid:a0273f1c-6fad-54c7-a75a-32a5161da656","active","{""definition"":"""",""id"":""urn:uuid:da9c6d92-80f8-5470-be8b-3e5eeb1a39d8"",""label"":""piecewise smooth curve"",""notation"":[],""record_type"":""concept"",""recorded_at"":""2026-08-24T00:00:00Z"",""rights_id"":""urn:uuid:a0273f1c-6fad-54c7-a75a-32a5161da656"",""schema_name"":""lebl.backend.record"",""schema_version"":""0.3.0"",""semantic_aliases"":[],""semantic_key"":""lebl.ra.concept.ledger.geometry.curve.piecewise-smooth"",""source_bindings"":[],""status"":""active"",""supersedes_id"":null,""workflow_id"":""01a01f57-a34b-7740-9717-596b8116910c/backend-production-v0.4-live""}"
"urn:uuid:db049914-1f0c-5148-a28c-5182acbab31a","lebl.ra.concept.ledger.notation.subscript","subscript notation","","[]","[]","urn:uuid:a0273f1c-6fad-54c7-a75a-32a5161da656","active","{""definition"":"""",""id"":""urn:uuid:db049914-1f0c-5148-a28c-5182acbab31a"",""label"":""subscript notation"",""notation"":[],""record_type"":""concept"",""recorded_at"":""2026-08-24T00:00:00Z"",""rights_id"":""urn:uuid:a0273f1c-6fad-54c7-a75a-32a5161da656"",""schema_name"":""lebl.backend.record"",""schema_version"":""0.3.0"",""semantic_aliases"":[],""semantic_key"":""lebl.ra.concept.ledger.notation.subscript"",""source_bindings"":[],""status"":""active"",""supersedes_id"":null,""workflow_id"":""01a01f57-a34b-7740-9717-596b8116910c/backend-production-v0.4-live""}"
"urn:uuid:db117be0-9d03-5b6f-9f5c-8636d6ced17f","lebl.ra.concept.ledger.integration.upper-darboux-integral","upper Darboux integral","","[]","[]","urn:uuid:a0273f1c-6fad-54c7-a75a-32a5161da656","active","{""definition"":"""",""id"":""urn:uuid:db117be0-9d03-5b6f-9f5c-8636d6ced17f"",""label"":""upper Darboux integral"",""notation"":[],""record_type"":""concept"",""recorded_at"":""2026-08-21T00:00:00Z"",""rights_id"":""urn:uuid:a0273f1c-6fad-54c7-a75a-32a5161da656"",""schema_name"":""lebl.backend.record"",""schema_version"":""0.3.0"",""semantic_aliases"":[],""semantic_key"":""lebl.ra.concept.ledger.integration.upper-darboux-integral"",""source_bindings"":[],""status"":""active"",""supersedes_id"":null,""workflow_id"":""01a01f57-a34b-7740-9717-596b8116910c/backend-production-v0.3-r006-live""}"
"urn:uuid:db4a10b9-bc51-53c3-a43c-ae341faf2357","lebl.ra.concept.ledger.geometry.curve.regular-arc","regular arc","","[]","[]","urn:uuid:a0273f1c-6fad-54c7-a75a-32a5161da656","active","{""definition"":"""",""id"":""urn:uuid:db4a10b9-bc51-53c3-a43c-ae341faf2357"",""label"":""regular arc"",""notation"":[],""record_type"":""concept"",""recorded_at"":""2026-08-24T00:00:00Z"",""rights_id"":""urn:uuid:a0273f1c-6fad-54c7-a75a-32a5161da656"",""schema_name"":""lebl.backend.record"",""schema_version"":""0.3.0"",""semantic_aliases"":[],""semantic_key"":""lebl.ra.concept.ledger.geometry.curve.regular-arc"",""source_bindings"":[],""status"":""active"",""supersedes_id"":null,""workflow_id"":""01a01f57-a34b-7740-9717-596b8116910c/backend-production-v0.4-live""}"
"urn:uuid:db4b653a-68e0-5bfe-8fee-4d2d79924dfc","lebl.ra.concept.ledger.theorem.riemann-lebesgue","Riemann--Lebesgue theorem","","[]","[]","urn:uuid:a0273f1c-6fad-54c7-a75a-32a5161da656","active","{""definition"":"""",""id"":""urn:uuid:db4b653a-68e0-5bfe-8fee-4d2d79924dfc"",""label"":""Riemann--Lebesgue theorem"",""notation"":[],""record_type"":""concept"",""recorded_at"":""2026-08-24T00:00:00Z"",""rights_id"":""urn:uuid:a0273f1c-6fad-54c7-a75a-32a5161da656"",""schema_name"":""lebl.backend.record"",""schema_version"":""0.3.0"",""semantic_aliases"":[],""semantic_key"":""lebl.ra.concept.ledger.theorem.riemann-lebesgue"",""source_bindings"":[],""status"":""active"",""supersedes_id"":null,""workflow_id"":""01a01f57-a34b-7740-9717-596b8116910c/backend-production-v0.4-live""}"
"urn:uuid:db579285-1a8c-5603-b282-34c691c45866","lebl.ra.concept.ledger.distance.great-circle","great circle distance","","[]","[]","urn:uuid:a0273f1c-6fad-54c7-a75a-32a5161da656","active","{""definition"":"""",""id"":""urn:uuid:db579285-1a8c-5603-b282-34c691c45866"",""label"":""great circle distance"",""notation"":[],""record_type"":""concept"",""recorded_at"":""2026-08-21T00:00:00Z"",""rights_id"":""urn:uuid:a0273f1c-6fad-54c7-a75a-32a5161da656"",""schema_name"":""lebl.backend.record"",""schema_version"":""0.3.0"",""semantic_aliases"":[],""semantic_key"":""lebl.ra.concept.ledger.distance.great-circle"",""source_bindings"":[],""status"":""active"",""supersedes_id"":null,""workflow_id"":""01a01f57-a34b-7740-9717-596b8116910c/backend-production-v0.3-r006-live""}"
"urn:uuid:dbeec96e-e454-5158-a409-562be963ea36","lebl.ra.concept.ledger.function.popcorn","popcorn function","","[]","[]","urn:uuid:a0273f1c-6fad-54c7-a75a-32a5161da656","active","{""definition"":"""",""id"":""urn:uuid:dbeec96e-e454-5158-a409-562be963ea36"",""label"":""popcorn function"",""notation"":[],""record_type"":""concept"",""recorded_at"":""2026-08-21T00:00:00Z"",""rights_id"":""urn:uuid:a0273f1c-6fad-54c7-a75a-32a5161da656"",""schema_name"":""lebl.backend.record"",""schema_version"":""0.3.0"",""semantic_aliases"":[],""semantic_key"":""lebl.ra.concept.ledger.function.popcorn"",""source_bindings"":[],""status"":""active"",""supersedes_id"":null,""workflow_id"":""01a01f57-a34b-7740-9717-596b8116910c/backend-production-v0.3-r006-live""}"
"urn:uuid:de27747b-3804-5c39-a390-57c2f7730eb3","lebl.ra.concept.ledger.calculus.taylor-polynomial","Taylor polynomial","","[]","[]","urn:uuid:a0273f1c-6fad-54c7-a75a-32a5161da656","active","{""definition"":"""",""id"":""urn:uuid:de27747b-3804-5c39-a390-57c2f7730eb3"",""label"":""Taylor polynomial"",""notation"":[],""record_type"":""concept"",""recorded_at"":""2026-08-21T00:00:00Z"",""rights_id"":""urn:uuid:a0273f1c-6fad-54c7-a75a-32a5161da656"",""schema_name"":""lebl.backend.record"",""schema_version"":""0.3.0"",""semantic_aliases"":[],""semantic_key"":""lebl.ra.concept.ledger.calculus.taylor-polynomial"",""source_bindings"":[],""status"":""active"",""supersedes_id"":null,""workflow_id"":""01a01f57-a34b-7740-9717-596b8116910c/backend-production-v0.3-r006-live""}"
"urn:uuid:dea8ed58-7c41-593a-9500-e505dae18dd0","lebl.ra.concept.ledger.mapping.fiber","fiber","","[]","[]","urn:uuid:a0273f1c-6fad-54c7-a75a-32a5161da656","active","{""definition"":"""",""id"":""urn:uuid:dea8ed58-7c41-593a-9500-e505dae18dd0"",""label"":""fiber"",""notation"":[],""record_type"":""concept"",""recorded_at"":""2026-08-24T00:00:00Z"",""rights_id"":""urn:uuid:a0273f1c-6fad-54c7-a75a-32a5161da656"",""schema_name"":""lebl.backend.record"",""schema_version"":""0.3.0"",""semantic_aliases"":[],""semantic_key"":""lebl.ra.concept.ledger.mapping.fiber"",""source_bindings"":[],""status"":""active"",""supersedes_id"":null,""workflow_id"":""01a01f57-a34b-7740-9717-596b8116910c/backend-production-v0.4-live""}"
"urn:uuid:dec437c8-3ca2-5e19-9006-42b15f0ddc4b","lebl.shared.concept.ledger.inequality","inequality","","[]","[]","urn:uuid:2d8dd580-22d9-5cfe-b865-6ed6b59af68e","active","{""definition"":"""",""id"":""urn:uuid:dec437c8-3ca2-5e19-9006-42b15f0ddc4b"",""label"":""inequality"",""notation"":[],""record_type"":""concept"",""recorded_at"":""2026-08-24T00:00:00Z"",""rights_id"":""urn:uuid:2d8dd580-22d9-5cfe-b865-6ed6b59af68e"",""schema_name"":""lebl.backend.record"",""schema_version"":""0.3.0"",""semantic_aliases"":[],""semantic_key"":""lebl.shared.concept.ledger.inequality"",""source_bindings"":[],""status"":""active"",""supersedes_id"":null,""workflow_id"":""01a01f57-a34b-7740-9717-596b8116910c/backend-production-v0.4-live""}"
"urn:uuid:df7b11ec-6745-535e-9895-747d73a32d8e","lebl.ra.concept.ledger.geometry.disc.unit","unit disc","","[]","[]","urn:uuid:a0273f1c-6fad-54c7-a75a-32a5161da656","active","{""definition"":"""",""id"":""urn:uuid:df7b11ec-6745-535e-9895-747d73a32d8e"",""label"":""unit disc"",""notation"":[],""record_type"":""concept"",""recorded_at"":""2026-08-24T00:00:00Z"",""rights_id"":""urn:uuid:a0273f1c-6fad-54c7-a75a-32a5161da656"",""schema_name"":""lebl.backend.record"",""schema_version"":""0.3.0"",""semantic_aliases"":[],""semantic_key"":""lebl.ra.concept.ledger.geometry.disc.unit"",""source_bindings"":[],""status"":""active"",""supersedes_id"":null,""workflow_id"":""01a01f57-a34b-7740-9717-596b8116910c/backend-production-v0.4-live""}"
"urn:uuid:dfaba71a-6981-5268-8f9a-5c45e7e0cdf5","lebl.ra.concept.ledger.geometry.vector.tangent","tangent vector","","[]","[]","urn:uuid:a0273f1c-6fad-54c7-a75a-32a5161da656","active","{""definition"":"""",""id"":""urn:uuid:dfaba71a-6981-5268-8f9a-5c45e7e0cdf5"",""label"":""tangent vector"",""notation"":[],""record_type"":""concept"",""recorded_at"":""2026-08-21T00:00:00Z"",""rights_id"":""urn:uuid:a0273f1c-6fad-54c7-a75a-32a5161da656"",""schema_name"":""lebl.backend.record"",""schema_version"":""0.3.0"",""semantic_aliases"":[],""semantic_key"":""lebl.ra.concept.ledger.geometry.vector.tangent"",""source_bindings"":[],""status"":""active"",""supersedes_id"":null,""workflow_id"":""01a01f57-a34b-7740-9717-596b8116910c/backend-production-v0.3-r006-live""}"
"urn:uuid:e014a315-dce7-55ba-b3f5-9757c16905d0","lebl.shared.concept.ledger.neighborhood","neighborhood","","[]","[]","urn:uuid:2d8dd580-22d9-5cfe-b865-6ed6b59af68e","active","{""definition"":"""",""id"":""urn:uuid:e014a315-dce7-55ba-b3f5-9757c16905d0"",""label"":""neighborhood"",""notation"":[],""record_type"":""concept"",""recorded_at"":""2026-08-24T00:00:00Z"",""rights_id"":""urn:uuid:2d8dd580-22d9-5cfe-b865-6ed6b59af68e"",""schema_name"":""lebl.backend.record"",""schema_version"":""0.3.0"",""semantic_aliases"":[],""semantic_key"":""lebl.shared.concept.ledger.neighborhood"",""source_bindings"":[],""status"":""active"",""supersedes_id"":null,""workflow_id"":""01a01f57-a34b-7740-9717-596b8116910c/backend-production-v0.4-live""}"
"urn:uuid:e05a95eb-5c27-506d-a6e9-b9b799e17cc9","lebl.ra.concept.ledger.arithmetic.quotient","quotient","","[]","[]","urn:uuid:a0273f1c-6fad-54c7-a75a-32a5161da656","active","{""definition"":"""",""id"":""urn:uuid:e05a95eb-5c27-506d-a6e9-b9b799e17cc9"",""label"":""quotient"",""notation"":[],""record_type"":""concept"",""recorded_at"":""2026-08-21T00:00:00Z"",""rights_id"":""urn:uuid:a0273f1c-6fad-54c7-a75a-32a5161da656"",""schema_name"":""lebl.backend.record"",""schema_version"":""0.3.0"",""semantic_aliases"":[],""semantic_key"":""lebl.ra.concept.ledger.arithmetic.quotient"",""source_bindings"":[],""status"":""active"",""supersedes_id"":null,""workflow_id"":""01a01f57-a34b-7740-9717-596b8116910c/backend-production-v0.3-r006-live""}"
"urn:uuid:e0d7d44d-6b3c-579d-9a6d-de7443b1314e","lebl.ra.concept.ledger.inequality.bernoulli","Bernoulli's inequality","","[]","[]","urn:uuid:a0273f1c-6fad-54c7-a75a-32a5161da656","active","{""definition"":"""",""id"":""urn:uuid:e0d7d44d-6b3c-579d-9a6d-de7443b1314e"",""label"":""Bernoulli's inequality"",""notation"":[],""record_type"":""concept"",""recorded_at"":""2026-08-21T00:00:00Z"",""rights_id"":""urn:uuid:a0273f1c-6fad-54c7-a75a-32a5161da656"",""schema_name"":""lebl.backend.record"",""schema_version"":""0.3.0"",""semantic_aliases"":[],""semantic_key"":""lebl.ra.concept.ledger.inequality.bernoulli"",""source_bindings"":[],""status"":""active"",""supersedes_id"":null,""workflow_id"":""01a01f57-a34b-7740-9717-596b8116910c/backend-production-v0.3-r006-live""}"
"urn:uuid:e0efc1be-09e6-5a85-9ab5-77216c1fe780","lebl.ra.concept.ledger.continuity.algebraic-operations","continuity of algebraic operations","","[]","[]","urn:uuid:a0273f1c-6fad-54c7-a75a-32a5161da656","active","{""definition"":"""",""id"":""urn:uuid:e0efc1be-09e6-5a85-9ab5-77216c1fe780"",""label"":""continuity of algebraic operations"",""notation"":[],""record_type"":""concept"",""recorded_at"":""2026-08-21T00:00:00Z"",""rights_id"":""urn:uuid:a0273f1c-6fad-54c7-a75a-32a5161da656"",""schema_name"":""lebl.backend.record"",""schema_version"":""0.3.0"",""semantic_aliases"":[],""semantic_key"":""lebl.ra.concept.ledger.continuity.algebraic-operations"",""source_bindings"":[],""status"":""active"",""supersedes_id"":null,""workflow_id"":""01a01f57-a34b-7740-9717-596b8116910c/backend-production-v0.3-r006-live""}"
"urn:uuid:e163f844-e969-57c5-ab9a-a2128d5a7f62","lebl.ra.concept.ledger.transposition","transposition","","[]","[]","urn:uuid:a0273f1c-6fad-54c7-a75a-32a5161da656","active","{""definition"":"""",""id"":""urn:uuid:e163f844-e969-57c5-ab9a-a2128d5a7f62"",""label"":""transposition"",""notation"":[],""record_type"":""concept"",""recorded_at"":""2026-08-21T00:00:00Z"",""rights_id"":""urn:uuid:a0273f1c-6fad-54c7-a75a-32a5161da656"",""schema_name"":""lebl.backend.record"",""schema_version"":""0.3.0"",""semantic_aliases"":[],""semantic_key"":""lebl.ra.concept.ledger.transposition"",""source_bindings"":[],""status"":""active"",""supersedes_id"":null,""workflow_id"":""01a01f57-a34b-7740-9717-596b8116910c/backend-production-v0.3-r006-live""}"
"urn:uuid:e20c80ab-4a63-53e8-9104-bb4fd6aa4dc8","lebl.ra.concept.ledger.equation.first-order-ordinary-differential","first-order ordinary differential equation","","[]","[]","urn:uuid:a0273f1c-6fad-54c7-a75a-32a5161da656","active","{""definition"":"""",""id"":""urn:uuid:e20c80ab-4a63-53e8-9104-bb4fd6aa4dc8"",""label"":""first-order ordinary differential equation"",""notation"":[],""record_type"":""concept"",""recorded_at"":""2026-08-21T00:00:00Z"",""rights_id"":""urn:uuid:a0273f1c-6fad-54c7-a75a-32a5161da656"",""schema_name"":""lebl.backend.record"",""schema_version"":""0.3.0"",""semantic_aliases"":[],""semantic_key"":""lebl.ra.concept.ledger.equation.first-order-ordinary-differential"",""source_bindings"":[],""status"":""active"",""supersedes_id"":null,""workflow_id"":""01a01f57-a34b-7740-9717-596b8116910c/backend-production-v0.3-r006-live""}"
"urn:uuid:e23205bc-1d0b-5231-9d30-687d9558539e","lebl.ra.concept.ledger.function.periodic-extension","periodic extension","","[]","[]","urn:uuid:a0273f1c-6fad-54c7-a75a-32a5161da656","active","{""definition"":"""",""id"":""urn:uuid:e23205bc-1d0b-5231-9d30-687d9558539e"",""label"":""periodic extension"",""notation"":[],""record_type"":""concept"",""recorded_at"":""2026-08-24T00:00:00Z"",""rights_id"":""urn:uuid:a0273f1c-6fad-54c7-a75a-32a5161da656"",""schema_name"":""lebl.backend.record"",""schema_version"":""0.3.0"",""semantic_aliases"":[],""semantic_key"":""lebl.ra.concept.ledger.function.periodic-extension"",""source_bindings"":[],""status"":""active"",""supersedes_id"":null,""workflow_id"":""01a01f57-a34b-7740-9717-596b8116910c/backend-production-v0.4-live""}"
"urn:uuid:e2758816-9014-53b9-8d02-43fe45a4f50b","lebl.ra.concept.ledger.analysis.poincare-lemma","Poincare lemma","","[]","[]","urn:uuid:a0273f1c-6fad-54c7-a75a-32a5161da656","active","{""definition"":"""",""id"":""urn:uuid:e2758816-9014-53b9-8d02-43fe45a4f50b"",""label"":""Poincare lemma"",""notation"":[],""record_type"":""concept"",""recorded_at"":""2026-08-24T00:00:00Z"",""rights_id"":""urn:uuid:a0273f1c-6fad-54c7-a75a-32a5161da656"",""schema_name"":""lebl.backend.record"",""schema_version"":""0.3.0"",""semantic_aliases"":[],""semantic_key"":""lebl.ra.concept.ledger.analysis.poincare-lemma"",""source_bindings"":[],""status"":""active"",""supersedes_id"":null,""workflow_id"":""01a01f57-a34b-7740-9717-596b8116910c/backend-production-v0.4-live""}"
"urn:uuid:e2c4acbd-5c18-5511-a757-9380391659c6","lebl.ra.concept.ledger.transformation.affine","affine transformation","","[]","[]","urn:uuid:a0273f1c-6fad-54c7-a75a-32a5161da656","active","{""definition"":"""",""id"":""urn:uuid:e2c4acbd-5c18-5511-a757-9380391659c6"",""label"":""affine transformation"",""notation"":[],""record_type"":""concept"",""recorded_at"":""2026-08-24T00:00:00Z"",""rights_id"":""urn:uuid:a0273f1c-6fad-54c7-a75a-32a5161da656"",""schema_name"":""lebl.backend.record"",""schema_version"":""0.3.0"",""semantic_aliases"":[],""semantic_key"":""lebl.ra.concept.ledger.transformation.affine"",""source_bindings"":[],""status"":""active"",""supersedes_id"":null,""workflow_id"":""01a01f57-a34b-7740-9717-596b8116910c/backend-production-v0.4-live""}"
"urn:uuid:e2daa26d-d83f-5345-9bc1-822fc6c1b699","lebl.diffyqs.concept.ledger.dynamical-system.chaotic","chaotic system","","[]","[]","urn:uuid:55f5bc5b-fcc2-55bd-8bcb-65ab31cc4e0f","active","{""definition"":"""",""id"":""urn:uuid:e2daa26d-d83f-5345-9bc1-822fc6c1b699"",""label"":""chaotic system"",""notation"":[],""record_type"":""concept"",""recorded_at"":""2026-08-24T00:00:00Z"",""rights_id"":""urn:uuid:55f5bc5b-fcc2-55bd-8bcb-65ab31cc4e0f"",""schema_name"":""lebl.backend.record"",""schema_version"":""0.3.0"",""semantic_aliases"":[],""semantic_key"":""lebl.diffyqs.concept.ledger.dynamical-system.chaotic"",""source_bindings"":[],""status"":""active"",""supersedes_id"":null,""workflow_id"":""01a01f57-a34b-7740-9717-596b8116910c/backend-production-v0.4-live""}"
"urn:uuid:e3553449-0fd7-5461-939b-d5959bc60c5e","lebl.ra.concept.ledger.inequality.cauchy-schwarz","Cauchy--Schwarz inequality","","[]","[]","urn:uuid:a0273f1c-6fad-54c7-a75a-32a5161da656","active","{""definition"":"""",""id"":""urn:uuid:e3553449-0fd7-5461-939b-d5959bc60c5e"",""label"":""Cauchy--Schwarz inequality"",""notation"":[],""record_type"":""concept"",""recorded_at"":""2026-08-21T00:00:00Z"",""rights_id"":""urn:uuid:a0273f1c-6fad-54c7-a75a-32a5161da656"",""schema_name"":""lebl.backend.record"",""schema_version"":""0.3.0"",""semantic_aliases"":[],""semantic_key"":""lebl.ra.concept.ledger.inequality.cauchy-schwarz"",""source_bindings"":[],""status"":""active"",""supersedes_id"":null,""workflow_id"":""01a01f57-a34b-7740-9717-596b8116910c/backend-production-v0.3-r006-live""}"
"urn:uuid:e390731e-5c48-5aca-bfe9-3776480bbe86","lebl.ra.concept.ledger.geometry.direction.imaginary","imaginary direction","","[]","[]","urn:uuid:a0273f1c-6fad-54c7-a75a-32a5161da656","active","{""definition"":"""",""id"":""urn:uuid:e390731e-5c48-5aca-bfe9-3776480bbe86"",""label"":""imaginary direction"",""notation"":[],""record_type"":""concept"",""recorded_at"":""2026-08-24T00:00:00Z"",""rights_id"":""urn:uuid:a0273f1c-6fad-54c7-a75a-32a5161da656"",""schema_name"":""lebl.backend.record"",""schema_version"":""0.3.0"",""semantic_aliases"":[],""semantic_key"":""lebl.ra.concept.ledger.geometry.direction.imaginary"",""source_bindings"":[],""status"":""active"",""supersedes_id"":null,""workflow_id"":""01a01f57-a34b-7740-9717-596b8116910c/backend-production-v0.4-live""}"
"urn:uuid:e3acd52a-45d9-5f6f-ae23-83eaff29141a","lebl.ra.concept.ledger.function.exponential","exponential function","","[]","[]","urn:uuid:a0273f1c-6fad-54c7-a75a-32a5161da656","active","{""definition"":"""",""id"":""urn:uuid:e3acd52a-45d9-5f6f-ae23-83eaff29141a"",""label"":""exponential function"",""notation"":[],""record_type"":""concept"",""recorded_at"":""2026-08-21T00:00:00Z"",""rights_id"":""urn:uuid:a0273f1c-6fad-54c7-a75a-32a5161da656"",""schema_name"":""lebl.backend.record"",""schema_version"":""0.3.0"",""semantic_aliases"":[],""semantic_key"":""lebl.ra.concept.ledger.function.exponential"",""source_bindings"":[],""status"":""active"",""supersedes_id"":null,""workflow_id"":""01a01f57-a34b-7740-9717-596b8116910c/backend-production-v0.3-r006-live""}"
"urn:uuid:e3c85c62-7bac-54a7-896c-71d4d9d17ed7","lebl.ra.concept.ledger.calculus.critical-point","critical point","","[]","[]","urn:uuid:a0273f1c-6fad-54c7-a75a-32a5161da656","active","{""definition"":"""",""id"":""urn:uuid:e3c85c62-7bac-54a7-896c-71d4d9d17ed7"",""label"":""critical point"",""notation"":[],""record_type"":""concept"",""recorded_at"":""2026-08-21T00:00:00Z"",""rights_id"":""urn:uuid:a0273f1c-6fad-54c7-a75a-32a5161da656"",""schema_name"":""lebl.backend.record"",""schema_version"":""0.3.0"",""semantic_aliases"":[],""semantic_key"":""lebl.ra.concept.ledger.calculus.critical-point"",""source_bindings"":[],""status"":""active"",""supersedes_id"":null,""workflow_id"":""01a01f57-a34b-7740-9717-596b8116910c/backend-production-v0.3-r006-live""}"
"urn:uuid:e4688473-7a47-5765-ba37-823fc5c2b697","lebl.ra.concept.ledger.algebra.generated-by-functions","generate an algebra","","[]","[]","urn:uuid:a0273f1c-6fad-54c7-a75a-32a5161da656","active","{""definition"":"""",""id"":""urn:uuid:e4688473-7a47-5765-ba37-823fc5c2b697"",""label"":""generate an algebra"",""notation"":[],""record_type"":""concept"",""recorded_at"":""2026-08-24T00:00:00Z"",""rights_id"":""urn:uuid:a0273f1c-6fad-54c7-a75a-32a5161da656"",""schema_name"":""lebl.backend.record"",""schema_version"":""0.3.0"",""semantic_aliases"":[],""semantic_key"":""lebl.ra.concept.ledger.algebra.generated-by-functions"",""source_bindings"":[],""status"":""active"",""supersedes_id"":null,""workflow_id"":""01a01f57-a34b-7740-9717-596b8116910c/backend-production-v0.4-live""}"
"urn:uuid:e47850c6-bf7e-5a3a-8064-85a2225abb27","lebl.ra.concept.ledger.sequence.peak","peak","","[]","[]","urn:uuid:a0273f1c-6fad-54c7-a75a-32a5161da656","active","{""definition"":"""",""id"":""urn:uuid:e47850c6-bf7e-5a3a-8064-85a2225abb27"",""label"":""peak"",""notation"":[],""record_type"":""concept"",""recorded_at"":""2026-08-21T00:00:00Z"",""rights_id"":""urn:uuid:a0273f1c-6fad-54c7-a75a-32a5161da656"",""schema_name"":""lebl.backend.record"",""schema_version"":""0.3.0"",""semantic_aliases"":[],""semantic_key"":""lebl.ra.concept.ledger.sequence.peak"",""source_bindings"":[],""status"":""active"",""supersedes_id"":null,""workflow_id"":""01a01f57-a34b-7740-9717-596b8116910c/backend-production-v0.3-r006-live""}"
"urn:uuid:e4c4a084-3baf-532d-809f-8b5c49a23382","lebl.ra.concept.ledger.calculus.fundamental-theorem","fundamental theorem of calculus","","[]","[]","urn:uuid:a0273f1c-6fad-54c7-a75a-32a5161da656","active","{""definition"":"""",""id"":""urn:uuid:e4c4a084-3baf-532d-809f-8b5c49a23382"",""label"":""fundamental theorem of calculus"",""notation"":[],""record_type"":""concept"",""recorded_at"":""2026-08-21T00:00:00Z"",""rights_id"":""urn:uuid:a0273f1c-6fad-54c7-a75a-32a5161da656"",""schema_name"":""lebl.backend.record"",""schema_version"":""0.3.0"",""semantic_aliases"":[],""semantic_key"":""lebl.ra.concept.ledger.calculus.fundamental-theorem"",""source_bindings"":[],""status"":""active"",""supersedes_id"":null,""workflow_id"":""01a01f57-a34b-7740-9717-596b8116910c/backend-production-v0.3-r006-live""}"
"urn:uuid:e503da32-eb96-5f3e-afb3-5c47611d52ad","lebl.ra.concept.ledger.dependence.linear","linearly dependent","","[]","[]","urn:uuid:a0273f1c-6fad-54c7-a75a-32a5161da656","active","{""definition"":"""",""id"":""urn:uuid:e503da32-eb96-5f3e-afb3-5c47611d52ad"",""label"":""linearly dependent"",""notation"":[],""record_type"":""concept"",""recorded_at"":""2026-08-21T00:00:00Z"",""rights_id"":""urn:uuid:a0273f1c-6fad-54c7-a75a-32a5161da656"",""schema_name"":""lebl.backend.record"",""schema_version"":""0.3.0"",""semantic_aliases"":[],""semantic_key"":""lebl.ra.concept.ledger.dependence.linear"",""source_bindings"":[],""status"":""active"",""supersedes_id"":null,""workflow_id"":""01a01f57-a34b-7740-9717-596b8116910c/backend-production-v0.3-r006-live""}"
"urn:uuid:e50fe2fd-9364-5835-97a7-9328212964f5","lebl.ra.concept.ledger.number.absolute-value","absolute value","","[]","[]","urn:uuid:a0273f1c-6fad-54c7-a75a-32a5161da656","active","{""definition"":"""",""id"":""urn:uuid:e50fe2fd-9364-5835-97a7-9328212964f5"",""label"":""absolute value"",""notation"":[],""record_type"":""concept"",""recorded_at"":""2026-08-21T00:00:00Z"",""rights_id"":""urn:uuid:a0273f1c-6fad-54c7-a75a-32a5161da656"",""schema_name"":""lebl.backend.record"",""schema_version"":""0.3.0"",""semantic_aliases"":[],""semantic_key"":""lebl.ra.concept.ledger.number.absolute-value"",""source_bindings"":[],""status"":""active"",""supersedes_id"":null,""workflow_id"":""01a01f57-a34b-7740-9717-596b8116910c/backend-production-v0.3-r006-live""}"
"urn:uuid:e51fad7d-be14-5ea9-a643-a412fa30bbb8","lebl.ra.concept.ledger.analysis.localization","localization","","[]","[]","urn:uuid:a0273f1c-6fad-54c7-a75a-32a5161da656","active","{""definition"":"""",""id"":""urn:uuid:e51fad7d-be14-5ea9-a643-a412fa30bbb8"",""label"":""localization"",""notation"":[],""record_type"":""concept"",""recorded_at"":""2026-08-24T00:00:00Z"",""rights_id"":""urn:uuid:a0273f1c-6fad-54c7-a75a-32a5161da656"",""schema_name"":""lebl.backend.record"",""schema_version"":""0.3.0"",""semantic_aliases"":[],""semantic_key"":""lebl.ra.concept.ledger.analysis.localization"",""source_bindings"":[],""status"":""active"",""supersedes_id"":null,""workflow_id"":""01a01f57-a34b-7740-9717-596b8116910c/backend-production-v0.4-live""}"
"urn:uuid:e5341d5f-edf9-5a9d-9869-7e9f41ffc5c5","lebl.ra.concept.ledger.algebra.separates-points","separates points","","[]","[]","urn:uuid:a0273f1c-6fad-54c7-a75a-32a5161da656","active","{""definition"":"""",""id"":""urn:uuid:e5341d5f-edf9-5a9d-9869-7e9f41ffc5c5"",""label"":""separates points"",""notation"":[],""record_type"":""concept"",""recorded_at"":""2026-08-24T00:00:00Z"",""rights_id"":""urn:uuid:a0273f1c-6fad-54c7-a75a-32a5161da656"",""schema_name"":""lebl.backend.record"",""schema_version"":""0.3.0"",""semantic_aliases"":[],""semantic_key"":""lebl.ra.concept.ledger.algebra.separates-points"",""source_bindings"":[],""status"":""active"",""supersedes_id"":null,""workflow_id"":""01a01f57-a34b-7740-9717-596b8116910c/backend-production-v0.4-live""}"
"urn:uuid:e54f7e5b-9b9a-5364-b7cd-dcaf667c568a","lebl.ra.concept.ledger.physics.vector-field.conservative","conservative vector field","","[]","[]","urn:uuid:a0273f1c-6fad-54c7-a75a-32a5161da656","active","{""definition"":"""",""id"":""urn:uuid:e54f7e5b-9b9a-5364-b7cd-dcaf667c568a"",""label"":""conservative vector field"",""notation"":[],""record_type"":""concept"",""recorded_at"":""2026-08-24T00:00:00Z"",""rights_id"":""urn:uuid:a0273f1c-6fad-54c7-a75a-32a5161da656"",""schema_name"":""lebl.backend.record"",""schema_version"":""0.3.0"",""semantic_aliases"":[],""semantic_key"":""lebl.ra.concept.ledger.physics.vector-field.conservative"",""source_bindings"":[],""status"":""active"",""supersedes_id"":null,""workflow_id"":""01a01f57-a34b-7740-9717-596b8116910c/backend-production-v0.4-live""}"
"urn:uuid:e5aa33f9-0803-5c56-8355-425176788ef9","lebl.ra.concept.ledger.polynomial.complex","complex polynomial","","[]","[]","urn:uuid:a0273f1c-6fad-54c7-a75a-32a5161da656","active","{""definition"":"""",""id"":""urn:uuid:e5aa33f9-0803-5c56-8355-425176788ef9"",""label"":""complex polynomial"",""notation"":[],""record_type"":""concept"",""recorded_at"":""2026-08-24T00:00:00Z"",""rights_id"":""urn:uuid:a0273f1c-6fad-54c7-a75a-32a5161da656"",""schema_name"":""lebl.backend.record"",""schema_version"":""0.3.0"",""semantic_aliases"":[],""semantic_key"":""lebl.ra.concept.ledger.polynomial.complex"",""source_bindings"":[],""status"":""active"",""supersedes_id"":null,""workflow_id"":""01a01f57-a34b-7740-9717-596b8116910c/backend-production-v0.4-live""}"
"urn:uuid:e5c73567-f01f-58c0-98df-bab107216370","lebl.ra.concept.ledger.result.lemma","lemma","","[]","[]","urn:uuid:a0273f1c-6fad-54c7-a75a-32a5161da656","active","{""definition"":"""",""id"":""urn:uuid:e5c73567-f01f-58c0-98df-bab107216370"",""label"":""lemma"",""notation"":[],""record_type"":""concept"",""recorded_at"":""2026-08-21T00:00:00Z"",""rights_id"":""urn:uuid:a0273f1c-6fad-54c7-a75a-32a5161da656"",""schema_name"":""lebl.backend.record"",""schema_version"":""0.3.0"",""semantic_aliases"":[],""semantic_key"":""lebl.ra.concept.ledger.result.lemma"",""source_bindings"":[],""status"":""active"",""supersedes_id"":null,""workflow_id"":""01a01f57-a34b-7740-9717-596b8116910c/backend-production-v0.3-r006-live""}"
"urn:uuid:e5f10400-b7c8-55b5-b9fb-c555db93b732","lebl.ra.concept.ledger.set.cantor.open-middle-third","open middle third","","[]","[]","urn:uuid:a0273f1c-6fad-54c7-a75a-32a5161da656","active","{""definition"":"""",""id"":""urn:uuid:e5f10400-b7c8-55b5-b9fb-c555db93b732"",""label"":""open middle third"",""notation"":[],""record_type"":""concept"",""recorded_at"":""2026-08-24T00:00:00Z"",""rights_id"":""urn:uuid:a0273f1c-6fad-54c7-a75a-32a5161da656"",""schema_name"":""lebl.backend.record"",""schema_version"":""0.3.0"",""semantic_aliases"":[],""semantic_key"":""lebl.ra.concept.ledger.set.cantor.open-middle-third"",""source_bindings"":[],""status"":""active"",""supersedes_id"":null,""workflow_id"":""01a01f57-a34b-7740-9717-596b8116910c/backend-production-v0.4-live""}"
"urn:uuid:e6640d2b-eea2-5779-8f6f-493f4ff9b842","lebl.ra.concept.ledger.mapping","mapping","","[]","[]","urn:uuid:a0273f1c-6fad-54c7-a75a-32a5161da656","active","{""definition"":"""",""id"":""urn:uuid:e6640d2b-eea2-5779-8f6f-493f4ff9b842"",""label"":""mapping"",""notation"":[],""record_type"":""concept"",""recorded_at"":""2026-08-21T00:00:00Z"",""rights_id"":""urn:uuid:a0273f1c-6fad-54c7-a75a-32a5161da656"",""schema_name"":""lebl.backend.record"",""schema_version"":""0.3.0"",""semantic_aliases"":[],""semantic_key"":""lebl.ra.concept.ledger.mapping"",""source_bindings"":[],""status"":""active"",""supersedes_id"":null,""workflow_id"":""01a01f57-a34b-7740-9717-596b8116910c/backend-production-v0.3-r006-live""}"
"urn:uuid:e6bdc710-1a50-52e0-8d7d-0ab838fd4617","lebl.ra.concept.ledger.inequality.nonstrict","non-strict inequality","","[]","[]","urn:uuid:a0273f1c-6fad-54c7-a75a-32a5161da656","active","{""definition"":"""",""id"":""urn:uuid:e6bdc710-1a50-52e0-8d7d-0ab838fd4617"",""label"":""non-strict inequality"",""notation"":[],""record_type"":""concept"",""recorded_at"":""2026-08-21T00:00:00Z"",""rights_id"":""urn:uuid:a0273f1c-6fad-54c7-a75a-32a5161da656"",""schema_name"":""lebl.backend.record"",""schema_version"":""0.3.0"",""semantic_aliases"":[],""semantic_key"":""lebl.ra.concept.ledger.inequality.nonstrict"",""source_bindings"":[],""status"":""active"",""supersedes_id"":null,""workflow_id"":""01a01f57-a34b-7740-9717-596b8116910c/backend-production-v0.3-r006-live""}"
"urn:uuid:e6cbd283-6912-5e18-acfb-610dd3dcfc4f","lebl.ra.concept.ledger.order.minimum","minimum","","[]","[]","urn:uuid:a0273f1c-6fad-54c7-a75a-32a5161da656","active","{""definition"":"""",""id"":""urn:uuid:e6cbd283-6912-5e18-acfb-610dd3dcfc4f"",""label"":""minimum"",""notation"":[],""record_type"":""concept"",""recorded_at"":""2026-08-21T00:00:00Z"",""rights_id"":""urn:uuid:a0273f1c-6fad-54c7-a75a-32a5161da656"",""schema_name"":""lebl.backend.record"",""schema_version"":""0.3.0"",""semantic_aliases"":[],""semantic_key"":""lebl.ra.concept.ledger.order.minimum"",""source_bindings"":[],""status"":""active"",""supersedes_id"":null,""workflow_id"":""01a01f57-a34b-7740-9717-596b8116910c/backend-production-v0.3-r006-live""}"
"urn:uuid:e7b22a88-82f9-55e8-8077-d96ab3fbeafa","lebl.ra.concept.ledger.product.dot","dot product","","[]","[]","urn:uuid:a0273f1c-6fad-54c7-a75a-32a5161da656","active","{""definition"":"""",""id"":""urn:uuid:e7b22a88-82f9-55e8-8077-d96ab3fbeafa"",""label"":""dot product"",""notation"":[],""record_type"":""concept"",""recorded_at"":""2026-08-21T00:00:00Z"",""rights_id"":""urn:uuid:a0273f1c-6fad-54c7-a75a-32a5161da656"",""schema_name"":""lebl.backend.record"",""schema_version"":""0.3.0"",""semantic_aliases"":[],""semantic_key"":""lebl.ra.concept.ledger.product.dot"",""source_bindings"":[],""status"":""active"",""supersedes_id"":null,""workflow_id"":""01a01f57-a34b-7740-9717-596b8116910c/backend-production-v0.3-r006-live""}"
"urn:uuid:e7b8ee88-5fcc-59cf-9b12-c604c4c19415","lebl.ra.concept.ledger.calculus.difference-quotient","difference quotient","","[]","[]","urn:uuid:a0273f1c-6fad-54c7-a75a-32a5161da656","active","{""definition"":"""",""id"":""urn:uuid:e7b8ee88-5fcc-59cf-9b12-c604c4c19415"",""label"":""difference quotient"",""notation"":[],""record_type"":""concept"",""recorded_at"":""2026-08-21T00:00:00Z"",""rights_id"":""urn:uuid:a0273f1c-6fad-54c7-a75a-32a5161da656"",""schema_name"":""lebl.backend.record"",""schema_version"":""0.3.0"",""semantic_aliases"":[],""semantic_key"":""lebl.ra.concept.ledger.calculus.difference-quotient"",""source_bindings"":[],""status"":""active"",""supersedes_id"":null,""workflow_id"":""01a01f57-a34b-7740-9717-596b8116910c/backend-production-v0.3-r006-live""}"
"urn:uuid:e8235e7d-8564-58a3-974f-e1df6eb2b50d","lebl.ra.concept.ledger.function.inverse-function","inverse function","","[]","[]","urn:uuid:a0273f1c-6fad-54c7-a75a-32a5161da656","active","{""definition"":"""",""id"":""urn:uuid:e8235e7d-8564-58a3-974f-e1df6eb2b50d"",""label"":""inverse function"",""notation"":[],""record_type"":""concept"",""recorded_at"":""2026-08-21T00:00:00Z"",""rights_id"":""urn:uuid:a0273f1c-6fad-54c7-a75a-32a5161da656"",""schema_name"":""lebl.backend.record"",""schema_version"":""0.3.0"",""semantic_aliases"":[],""semantic_key"":""lebl.ra.concept.ledger.function.inverse-function"",""source_bindings"":[],""status"":""active"",""supersedes_id"":null,""workflow_id"":""01a01f57-a34b-7740-9717-596b8116910c/backend-production-v0.3-r006-live""}"
"urn:uuid:e8556999-c7b2-5643-acef-6e826b4feb05","lebl.ra.concept.ledger.function.nondecreasing","nondecreasing","","[]","[]","urn:uuid:a0273f1c-6fad-54c7-a75a-32a5161da656","active","{""definition"":"""",""id"":""urn:uuid:e8556999-c7b2-5643-acef-6e826b4feb05"",""label"":""nondecreasing"",""notation"":[],""record_type"":""concept"",""recorded_at"":""2026-08-21T00:00:00Z"",""rights_id"":""urn:uuid:a0273f1c-6fad-54c7-a75a-32a5161da656"",""schema_name"":""lebl.backend.record"",""schema_version"":""0.3.0"",""semantic_aliases"":[],""semantic_key"":""lebl.ra.concept.ledger.function.nondecreasing"",""source_bindings"":[],""status"":""active"",""supersedes_id"":null,""workflow_id"":""01a01f57-a34b-7740-9717-596b8116910c/backend-production-v0.3-r006-live""}"
"urn:uuid:e8981aa2-1bd2-5141-a560-fb6824e29bb1","lebl.ra.concept.ledger.theorem.mean-value","mean value theorem","","[]","[]","urn:uuid:a0273f1c-6fad-54c7-a75a-32a5161da656","active","{""definition"":"""",""id"":""urn:uuid:e8981aa2-1bd2-5141-a560-fb6824e29bb1"",""label"":""mean value theorem"",""notation"":[],""record_type"":""concept"",""recorded_at"":""2026-08-21T00:00:00Z"",""rights_id"":""urn:uuid:a0273f1c-6fad-54c7-a75a-32a5161da656"",""schema_name"":""lebl.backend.record"",""schema_version"":""0.3.0"",""semantic_aliases"":[],""semantic_key"":""lebl.ra.concept.ledger.theorem.mean-value"",""source_bindings"":[],""status"":""active"",""supersedes_id"":null,""workflow_id"":""01a01f57-a34b-7740-9717-596b8116910c/backend-production-v0.3-r006-live""}"
"urn:uuid:e8d21481-b9f1-5f1f-aee1-e769a044a0ad","lebl.ra.concept.ledger.function.surjection","surjection","","[]","[]","urn:uuid:a0273f1c-6fad-54c7-a75a-32a5161da656","active","{""definition"":"""",""id"":""urn:uuid:e8d21481-b9f1-5f1f-aee1-e769a044a0ad"",""label"":""surjection"",""notation"":[],""record_type"":""concept"",""recorded_at"":""2026-08-21T00:00:00Z"",""rights_id"":""urn:uuid:a0273f1c-6fad-54c7-a75a-32a5161da656"",""schema_name"":""lebl.backend.record"",""schema_version"":""0.3.0"",""semantic_aliases"":[],""semantic_key"":""lebl.ra.concept.ledger.function.surjection"",""source_bindings"":[],""status"":""active"",""supersedes_id"":null,""workflow_id"":""01a01f57-a34b-7740-9717-596b8116910c/backend-production-v0.3-r006-live""}"
"urn:uuid:e8e9ae30-448d-5ac2-aed7-7249349bc412","lebl.ra.concept.ledger.singularity.removable","removable singularity","","[]","[]","urn:uuid:a0273f1c-6fad-54c7-a75a-32a5161da656","active","{""definition"":"""",""id"":""urn:uuid:e8e9ae30-448d-5ac2-aed7-7249349bc412"",""label"":""removable singularity"",""notation"":[],""record_type"":""concept"",""recorded_at"":""2026-08-21T00:00:00Z"",""rights_id"":""urn:uuid:a0273f1c-6fad-54c7-a75a-32a5161da656"",""schema_name"":""lebl.backend.record"",""schema_version"":""0.3.0"",""semantic_aliases"":[],""semantic_key"":""lebl.ra.concept.ledger.singularity.removable"",""source_bindings"":[],""status"":""active"",""supersedes_id"":null,""workflow_id"":""01a01f57-a34b-7740-9717-596b8116910c/backend-production-v0.3-r006-live""}"
"urn:uuid:e9014f52-bcd3-58a7-b4ea-58fab88ae33e","lebl.ra.concept.ledger.integration.darboux-integral","Darboux integral","","[]","[]","urn:uuid:a0273f1c-6fad-54c7-a75a-32a5161da656","active","{""definition"":"""",""id"":""urn:uuid:e9014f52-bcd3-58a7-b4ea-58fab88ae33e"",""label"":""Darboux integral"",""notation"":[],""record_type"":""concept"",""recorded_at"":""2026-08-21T00:00:00Z"",""rights_id"":""urn:uuid:a0273f1c-6fad-54c7-a75a-32a5161da656"",""schema_name"":""lebl.backend.record"",""schema_version"":""0.3.0"",""semantic_aliases"":[],""semantic_key"":""lebl.ra.concept.ledger.integration.darboux-integral"",""source_bindings"":[],""status"":""active"",""supersedes_id"":null,""workflow_id"":""01a01f57-a34b-7740-9717-596b8116910c/backend-production-v0.3-r006-live""}"
"urn:uuid:e9268ff4-9555-56ab-9c74-b34aa6039e85","lebl.ra.concept.ledger.set-theory.countably-infinite","countably infinite","","[]","[]","urn:uuid:a0273f1c-6fad-54c7-a75a-32a5161da656","active","{""definition"":"""",""id"":""urn:uuid:e9268ff4-9555-56ab-9c74-b34aa6039e85"",""label"":""countably infinite"",""notation"":[],""record_type"":""concept"",""recorded_at"":""2026-08-21T00:00:00Z"",""rights_id"":""urn:uuid:a0273f1c-6fad-54c7-a75a-32a5161da656"",""schema_name"":""lebl.backend.record"",""schema_version"":""0.3.0"",""semantic_aliases"":[],""semantic_key"":""lebl.ra.concept.ledger.set-theory.countably-infinite"",""source_bindings"":[],""status"":""active"",""supersedes_id"":null,""workflow_id"":""01a01f57-a34b-7740-9717-596b8116910c/backend-production-v0.3-r006-live""}"
"urn:uuid:e927792f-e26b-5383-af67-76d7e3a98cb1","lebl.ra.concept.ledger.operator.compact","compact operator","","[]","[]","urn:uuid:a0273f1c-6fad-54c7-a75a-32a5161da656","active","{""definition"":"""",""id"":""urn:uuid:e927792f-e26b-5383-af67-76d7e3a98cb1"",""label"":""compact operator"",""notation"":[],""record_type"":""concept"",""recorded_at"":""2026-08-24T00:00:00Z"",""rights_id"":""urn:uuid:a0273f1c-6fad-54c7-a75a-32a5161da656"",""schema_name"":""lebl.backend.record"",""schema_version"":""0.3.0"",""semantic_aliases"":[],""semantic_key"":""lebl.ra.concept.ledger.operator.compact"",""source_bindings"":[],""status"":""active"",""supersedes_id"":null,""workflow_id"":""01a01f57-a34b-7740-9717-596b8116910c/backend-production-v0.4-live""}"
"urn:uuid:e930780e-0355-5def-8196-8d633aa74695","lebl.ra.concept.ledger.function.natural-logarithm","natural logarithm","","[]","[]","urn:uuid:a0273f1c-6fad-54c7-a75a-32a5161da656","active","{""definition"":"""",""id"":""urn:uuid:e930780e-0355-5def-8196-8d633aa74695"",""label"":""natural logarithm"",""notation"":[],""record_type"":""concept"",""recorded_at"":""2026-08-21T00:00:00Z"",""rights_id"":""urn:uuid:a0273f1c-6fad-54c7-a75a-32a5161da656"",""schema_name"":""lebl.backend.record"",""schema_version"":""0.3.0"",""semantic_aliases"":[],""semantic_key"":""lebl.ra.concept.ledger.function.natural-logarithm"",""source_bindings"":[],""status"":""active"",""supersedes_id"":null,""workflow_id"":""01a01f57-a34b-7740-9717-596b8116910c/backend-production-v0.3-r006-live""}"
"urn:uuid:e953297c-1228-5739-84c6-89a6bfce75c1","lebl.ra.concept.ledger.system.orthogonal","orthogonal system","","[]","[]","urn:uuid:a0273f1c-6fad-54c7-a75a-32a5161da656","active","{""definition"":"""",""id"":""urn:uuid:e953297c-1228-5739-84c6-89a6bfce75c1"",""label"":""orthogonal system"",""notation"":[],""record_type"":""concept"",""recorded_at"":""2026-08-24T00:00:00Z"",""rights_id"":""urn:uuid:a0273f1c-6fad-54c7-a75a-32a5161da656"",""schema_name"":""lebl.backend.record"",""schema_version"":""0.3.0"",""semantic_aliases"":[],""semantic_key"":""lebl.ra.concept.ledger.system.orthogonal"",""source_bindings"":[],""status"":""active"",""supersedes_id"":null,""workflow_id"":""01a01f57-a34b-7740-9717-596b8116910c/backend-production-v0.4-live""}"
"urn:uuid:ea3eedab-418e-51a5-b9da-184f83019a60","lebl.ra.concept.ledger.series.zero","zero series","","[]","[]","urn:uuid:a0273f1c-6fad-54c7-a75a-32a5161da656","active","{""definition"":"""",""id"":""urn:uuid:ea3eedab-418e-51a5-b9da-184f83019a60"",""label"":""zero series"",""notation"":[],""record_type"":""concept"",""recorded_at"":""2026-08-24T00:00:00Z"",""rights_id"":""urn:uuid:a0273f1c-6fad-54c7-a75a-32a5161da656"",""schema_name"":""lebl.backend.record"",""schema_version"":""0.3.0"",""semantic_aliases"":[],""semantic_key"":""lebl.ra.concept.ledger.series.zero"",""source_bindings"":[],""status"":""active"",""supersedes_id"":null,""workflow_id"":""01a01f57-a34b-7740-9717-596b8116910c/backend-production-v0.4-live""}"
"urn:uuid:ea7e0ac4-335e-55e8-bbaa-decf3b5026d5","lebl.ra.concept.ledger.function.vector-valued","vector-valued function","","[]","[]","urn:uuid:a0273f1c-6fad-54c7-a75a-32a5161da656","active","{""definition"":"""",""id"":""urn:uuid:ea7e0ac4-335e-55e8-bbaa-decf3b5026d5"",""label"":""vector-valued function"",""notation"":[],""record_type"":""concept"",""recorded_at"":""2026-08-24T00:00:00Z"",""rights_id"":""urn:uuid:a0273f1c-6fad-54c7-a75a-32a5161da656"",""schema_name"":""lebl.backend.record"",""schema_version"":""0.3.0"",""semantic_aliases"":[],""semantic_key"":""lebl.ra.concept.ledger.function.vector-valued"",""source_bindings"":[],""status"":""active"",""supersedes_id"":null,""workflow_id"":""01a01f57-a34b-7740-9717-596b8116910c/backend-production-v0.4-live""}"
"urn:uuid:ea868a3d-64ba-5ca0-b218-97ad592d054b","lebl.ra.concept.ledger.series.binomial.generalized-coefficient","generalized binomial coefficient","","[]","[]","urn:uuid:a0273f1c-6fad-54c7-a75a-32a5161da656","active","{""definition"":"""",""id"":""urn:uuid:ea868a3d-64ba-5ca0-b218-97ad592d054b"",""label"":""generalized binomial coefficient"",""notation"":[],""record_type"":""concept"",""recorded_at"":""2026-08-24T00:00:00Z"",""rights_id"":""urn:uuid:a0273f1c-6fad-54c7-a75a-32a5161da656"",""schema_name"":""lebl.backend.record"",""schema_version"":""0.3.0"",""semantic_aliases"":[],""semantic_key"":""lebl.ra.concept.ledger.series.binomial.generalized-coefficient"",""source_bindings"":[],""status"":""active"",""supersedes_id"":null,""workflow_id"":""01a01f57-a34b-7740-9717-596b8116910c/backend-production-v0.4-live""}"
"urn:uuid:eaea3b9e-381c-5cea-abb6-6f61d0cc1335","lebl.ra.concept.ledger.test.limit-comparison","limit comparison test","","[]","[]","urn:uuid:a0273f1c-6fad-54c7-a75a-32a5161da656","active","{""definition"":"""",""id"":""urn:uuid:eaea3b9e-381c-5cea-abb6-6f61d0cc1335"",""label"":""limit comparison test"",""notation"":[],""record_type"":""concept"",""recorded_at"":""2026-08-21T00:00:00Z"",""rights_id"":""urn:uuid:a0273f1c-6fad-54c7-a75a-32a5161da656"",""schema_name"":""lebl.backend.record"",""schema_version"":""0.3.0"",""semantic_aliases"":[],""semantic_key"":""lebl.ra.concept.ledger.test.limit-comparison"",""source_bindings"":[],""status"":""active"",""supersedes_id"":null,""workflow_id"":""01a01f57-a34b-7740-9717-596b8116910c/backend-production-v0.3-r006-live""}"
"urn:uuid:eb455df3-0a26-5d10-a90d-72b365816053","lebl.ra.concept.ledger.kernel.dirichlet","Dirichlet kernel","","[]","[]","urn:uuid:a0273f1c-6fad-54c7-a75a-32a5161da656","active","{""definition"":"""",""id"":""urn:uuid:eb455df3-0a26-5d10-a90d-72b365816053"",""label"":""Dirichlet kernel"",""notation"":[],""record_type"":""concept"",""recorded_at"":""2026-08-24T00:00:00Z"",""rights_id"":""urn:uuid:a0273f1c-6fad-54c7-a75a-32a5161da656"",""schema_name"":""lebl.backend.record"",""schema_version"":""0.3.0"",""semantic_aliases"":[],""semantic_key"":""lebl.ra.concept.ledger.kernel.dirichlet"",""source_bindings"":[],""status"":""active"",""supersedes_id"":null,""workflow_id"":""01a01f57-a34b-7740-9717-596b8116910c/backend-production-v0.4-live""}"
"urn:uuid:ebb1aa6d-bafb-5730-b337-3c53732a5289","lebl.ra.concept.ledger.algebra.exponents.law","law of exponents","","[]","[]","urn:uuid:a0273f1c-6fad-54c7-a75a-32a5161da656","active","{""definition"":"""",""id"":""urn:uuid:ebb1aa6d-bafb-5730-b337-3c53732a5289"",""label"":""law of exponents"",""notation"":[],""record_type"":""concept"",""recorded_at"":""2026-08-24T00:00:00Z"",""rights_id"":""urn:uuid:a0273f1c-6fad-54c7-a75a-32a5161da656"",""schema_name"":""lebl.backend.record"",""schema_version"":""0.3.0"",""semantic_aliases"":[],""semantic_key"":""lebl.ra.concept.ledger.algebra.exponents.law"",""source_bindings"":[],""status"":""active"",""supersedes_id"":null,""workflow_id"":""01a01f57-a34b-7740-9717-596b8116910c/backend-production-v0.4-live""}"
"urn:uuid:ebeabc2b-6dfb-5bf8-a7a7-a41e6de1fd20","lebl.ra.concept.ledger.function.discontinuous","discontinuous","","[]","[]","urn:uuid:a0273f1c-6fad-54c7-a75a-32a5161da656","active","{""definition"":"""",""id"":""urn:uuid:ebeabc2b-6dfb-5bf8-a7a7-a41e6de1fd20"",""label"":""discontinuous"",""notation"":[],""record_type"":""concept"",""recorded_at"":""2026-08-21T00:00:00Z"",""rights_id"":""urn:uuid:a0273f1c-6fad-54c7-a75a-32a5161da656"",""schema_name"":""lebl.backend.record"",""schema_version"":""0.3.0"",""semantic_aliases"":[],""semantic_key"":""lebl.ra.concept.ledger.function.discontinuous"",""source_bindings"":[],""status"":""active"",""supersedes_id"":null,""workflow_id"":""01a01f57-a34b-7740-9717-596b8116910c/backend-production-v0.3-r006-live""}"
"urn:uuid:ebf6e191-6083-502d-b084-631a8089e900","lebl.ra.concept.ledger.function.trigonometric","trigonometric functions","","[]","[]","urn:uuid:a0273f1c-6fad-54c7-a75a-32a5161da656","active","{""definition"":"""",""id"":""urn:uuid:ebf6e191-6083-502d-b084-631a8089e900"",""label"":""trigonometric functions"",""notation"":[],""record_type"":""concept"",""recorded_at"":""2026-08-24T00:00:00Z"",""rights_id"":""urn:uuid:a0273f1c-6fad-54c7-a75a-32a5161da656"",""schema_name"":""lebl.backend.record"",""schema_version"":""0.3.0"",""semantic_aliases"":[],""semantic_key"":""lebl.ra.concept.ledger.function.trigonometric"",""source_bindings"":[],""status"":""active"",""supersedes_id"":null,""workflow_id"":""01a01f57-a34b-7740-9717-596b8116910c/backend-production-v0.4-live""}"
"urn:uuid:ec049854-6ec9-5d13-9ab3-556e7eb13cbb","lebl.ra.concept.ledger.permutation.odd","odd permutation","","[]","[]","urn:uuid:a0273f1c-6fad-54c7-a75a-32a5161da656","active","{""definition"":"""",""id"":""urn:uuid:ec049854-6ec9-5d13-9ab3-556e7eb13cbb"",""label"":""odd permutation"",""notation"":[],""record_type"":""concept"",""recorded_at"":""2026-08-21T00:00:00Z"",""rights_id"":""urn:uuid:a0273f1c-6fad-54c7-a75a-32a5161da656"",""schema_name"":""lebl.backend.record"",""schema_version"":""0.3.0"",""semantic_aliases"":[],""semantic_key"":""lebl.ra.concept.ledger.permutation.odd"",""source_bindings"":[],""status"":""active"",""supersedes_id"":null,""workflow_id"":""01a01f57-a34b-7740-9717-596b8116910c/backend-production-v0.3-r006-live""}"
"urn:uuid:ecf2639a-38dd-59eb-b958-9fc16a107049","lebl.ra.concept.ledger.number.real","real number","","[]","[]","urn:uuid:a0273f1c-6fad-54c7-a75a-32a5161da656","active","{""definition"":"""",""id"":""urn:uuid:ecf2639a-38dd-59eb-b958-9fc16a107049"",""label"":""real number"",""notation"":[],""record_type"":""concept"",""recorded_at"":""2026-08-21T00:00:00Z"",""rights_id"":""urn:uuid:a0273f1c-6fad-54c7-a75a-32a5161da656"",""schema_name"":""lebl.backend.record"",""schema_version"":""0.3.0"",""semantic_aliases"":[],""semantic_key"":""lebl.ra.concept.ledger.number.real"",""source_bindings"":[],""status"":""active"",""supersedes_id"":null,""workflow_id"":""01a01f57-a34b-7740-9717-596b8116910c/backend-production-v0.3-r006-live""}"
"urn:uuid:ed15d09b-0139-5c52-b592-453fbf2cea53","lebl.ra.concept.ledger.compactness.sequential","sequentially compact","","[]","[]","urn:uuid:a0273f1c-6fad-54c7-a75a-32a5161da656","active","{""definition"":"""",""id"":""urn:uuid:ed15d09b-0139-5c52-b592-453fbf2cea53"",""label"":""sequentially compact"",""notation"":[],""record_type"":""concept"",""recorded_at"":""2026-08-21T00:00:00Z"",""rights_id"":""urn:uuid:a0273f1c-6fad-54c7-a75a-32a5161da656"",""schema_name"":""lebl.backend.record"",""schema_version"":""0.3.0"",""semantic_aliases"":[],""semantic_key"":""lebl.ra.concept.ledger.compactness.sequential"",""source_bindings"":[],""status"":""active"",""supersedes_id"":null,""workflow_id"":""01a01f57-a34b-7740-9717-596b8116910c/backend-production-v0.3-r006-live""}"
"urn:uuid:edd7a276-d84f-5e91-98ea-f7833a1a39bb","lebl.ra.concept.ledger.proof.strong-induction","strong induction","","[]","[]","urn:uuid:a0273f1c-6fad-54c7-a75a-32a5161da656","active","{""definition"":"""",""id"":""urn:uuid:edd7a276-d84f-5e91-98ea-f7833a1a39bb"",""label"":""strong induction"",""notation"":[],""record_type"":""concept"",""recorded_at"":""2026-08-21T00:00:00Z"",""rights_id"":""urn:uuid:a0273f1c-6fad-54c7-a75a-32a5161da656"",""schema_name"":""lebl.backend.record"",""schema_version"":""0.3.0"",""semantic_aliases"":[],""semantic_key"":""lebl.ra.concept.ledger.proof.strong-induction"",""source_bindings"":[],""status"":""active"",""supersedes_id"":null,""workflow_id"":""01a01f57-a34b-7740-9717-596b8116910c/backend-production-v0.3-r006-live""}"
"urn:uuid:edee0af9-ae33-58d2-89d4-1d69fd8949ca","lebl.ra.concept.ledger.series.power","power series","","[]","[]","urn:uuid:a0273f1c-6fad-54c7-a75a-32a5161da656","active","{""definition"":"""",""id"":""urn:uuid:edee0af9-ae33-58d2-89d4-1d69fd8949ca"",""label"":""power series"",""notation"":[],""record_type"":""concept"",""recorded_at"":""2026-08-21T00:00:00Z"",""rights_id"":""urn:uuid:a0273f1c-6fad-54c7-a75a-32a5161da656"",""schema_name"":""lebl.backend.record"",""schema_version"":""0.3.0"",""semantic_aliases"":[],""semantic_key"":""lebl.ra.concept.ledger.series.power"",""source_bindings"":[],""status"":""active"",""supersedes_id"":null,""workflow_id"":""01a01f57-a34b-7740-9717-596b8116910c/backend-production-v0.3-r006-live""}"
"urn:uuid:eef82afc-1237-51d5-992b-e111a380f8ca","lebl.ra.concept.ledger.series.partial-sum","partial sum","","[]","[]","urn:uuid:a0273f1c-6fad-54c7-a75a-32a5161da656","active","{""definition"":"""",""id"":""urn:uuid:eef82afc-1237-51d5-992b-e111a380f8ca"",""label"":""partial sum"",""notation"":[],""record_type"":""concept"",""recorded_at"":""2026-08-21T00:00:00Z"",""rights_id"":""urn:uuid:a0273f1c-6fad-54c7-a75a-32a5161da656"",""schema_name"":""lebl.backend.record"",""schema_version"":""0.3.0"",""semantic_aliases"":[],""semantic_key"":""lebl.ra.concept.ledger.series.partial-sum"",""source_bindings"":[],""status"":""active"",""supersedes_id"":null,""workflow_id"":""01a01f57-a34b-7740-9717-596b8116910c/backend-production-v0.3-r006-live""}"
"urn:uuid:ef2eb6dd-2782-5d74-8626-fc5804c384dc","lebl.ra.concept.ledger.geometry.unit-circle","unit circle","","[]","[]","urn:uuid:a0273f1c-6fad-54c7-a75a-32a5161da656","active","{""definition"":"""",""id"":""urn:uuid:ef2eb6dd-2782-5d74-8626-fc5804c384dc"",""label"":""unit circle"",""notation"":[],""record_type"":""concept"",""recorded_at"":""2026-08-24T00:00:00Z"",""rights_id"":""urn:uuid:a0273f1c-6fad-54c7-a75a-32a5161da656"",""schema_name"":""lebl.backend.record"",""schema_version"":""0.3.0"",""semantic_aliases"":[],""semantic_key"":""lebl.ra.concept.ledger.geometry.unit-circle"",""source_bindings"":[],""status"":""active"",""supersedes_id"":null,""workflow_id"":""01a01f57-a34b-7740-9717-596b8116910c/backend-production-v0.4-live""}"
"urn:uuid:ef4a2c26-9098-5b29-b363-fa99c8557383","lebl.ra.concept.ledger.series.linearity","linearity of series","","[]","[]","urn:uuid:a0273f1c-6fad-54c7-a75a-32a5161da656","active","{""definition"":"""",""id"":""urn:uuid:ef4a2c26-9098-5b29-b363-fa99c8557383"",""label"":""linearity of series"",""notation"":[],""record_type"":""concept"",""recorded_at"":""2026-08-21T00:00:00Z"",""rights_id"":""urn:uuid:a0273f1c-6fad-54c7-a75a-32a5161da656"",""schema_name"":""lebl.backend.record"",""schema_version"":""0.3.0"",""semantic_aliases"":[],""semantic_key"":""lebl.ra.concept.ledger.series.linearity"",""source_bindings"":[],""status"":""active"",""supersedes_id"":null,""workflow_id"":""01a01f57-a34b-7740-9717-596b8116910c/backend-production-v0.3-r006-live""}"
"urn:uuid:ef89d061-42e4-5d7c-a511-0508f63ecb3d","lebl.ra.concept.ledger.measure.outer","outer measure","","[]","[]","urn:uuid:a0273f1c-6fad-54c7-a75a-32a5161da656","active","{""definition"":"""",""id"":""urn:uuid:ef89d061-42e4-5d7c-a511-0508f63ecb3d"",""label"":""outer measure"",""notation"":[],""record_type"":""concept"",""recorded_at"":""2026-08-24T00:00:00Z"",""rights_id"":""urn:uuid:a0273f1c-6fad-54c7-a75a-32a5161da656"",""schema_name"":""lebl.backend.record"",""schema_version"":""0.3.0"",""semantic_aliases"":[],""semantic_key"":""lebl.ra.concept.ledger.measure.outer"",""source_bindings"":[],""status"":""active"",""supersedes_id"":null,""workflow_id"":""01a01f57-a34b-7740-9717-596b8116910c/backend-production-v0.4-live""}"
"urn:uuid:efc46036-ce9b-5b51-8c96-ffc2494c1018","lebl.ra.concept.ledger.method.newton","Newton's method","","[]","[]","urn:uuid:a0273f1c-6fad-54c7-a75a-32a5161da656","active","{""definition"":"""",""id"":""urn:uuid:efc46036-ce9b-5b51-8c96-ffc2494c1018"",""label"":""Newton's method"",""notation"":[],""record_type"":""concept"",""recorded_at"":""2026-08-21T00:00:00Z"",""rights_id"":""urn:uuid:a0273f1c-6fad-54c7-a75a-32a5161da656"",""schema_name"":""lebl.backend.record"",""schema_version"":""0.3.0"",""semantic_aliases"":[],""semantic_key"":""lebl.ra.concept.ledger.method.newton"",""source_bindings"":[],""status"":""active"",""supersedes_id"":null,""workflow_id"":""01a01f57-a34b-7740-9717-596b8116910c/backend-production-v0.3-r006-live""}"
"urn:uuid:f00596f1-4661-569a-8e3a-47b55e0b557b","lebl.ra.concept.ledger.function.cosine","cosine","","[]","[]","urn:uuid:a0273f1c-6fad-54c7-a75a-32a5161da656","active","{""definition"":"""",""id"":""urn:uuid:f00596f1-4661-569a-8e3a-47b55e0b557b"",""label"":""cosine"",""notation"":[],""record_type"":""concept"",""recorded_at"":""2026-08-24T00:00:00Z"",""rights_id"":""urn:uuid:a0273f1c-6fad-54c7-a75a-32a5161da656"",""schema_name"":""lebl.backend.record"",""schema_version"":""0.3.0"",""semantic_aliases"":[],""semantic_key"":""lebl.ra.concept.ledger.function.cosine"",""source_bindings"":[],""status"":""active"",""supersedes_id"":null,""workflow_id"":""01a01f57-a34b-7740-9717-596b8116910c/backend-production-v0.4-live""}"
"urn:uuid:f03374a7-3250-597c-b2e0-7a81b1c41a3e","lebl.ra.concept.ledger.geometry.orientation.preserve","preserve orientation","","[]","[]","urn:uuid:a0273f1c-6fad-54c7-a75a-32a5161da656","active","{""definition"":"""",""id"":""urn:uuid:f03374a7-3250-597c-b2e0-7a81b1c41a3e"",""label"":""preserve orientation"",""notation"":[],""record_type"":""concept"",""recorded_at"":""2026-08-24T00:00:00Z"",""rights_id"":""urn:uuid:a0273f1c-6fad-54c7-a75a-32a5161da656"",""schema_name"":""lebl.backend.record"",""schema_version"":""0.3.0"",""semantic_aliases"":[],""semantic_key"":""lebl.ra.concept.ledger.geometry.orientation.preserve"",""source_bindings"":[],""status"":""active"",""supersedes_id"":null,""workflow_id"":""01a01f57-a34b-7740-9717-596b8116910c/backend-production-v0.4-live""}"
"urn:uuid:f1f515ba-865e-5fac-a6bd-7245bb88a321","lebl.ra.concept.ledger.matrix.entry","matrix entry","","[]","[]","urn:uuid:a0273f1c-6fad-54c7-a75a-32a5161da656","active","{""definition"":"""",""id"":""urn:uuid:f1f515ba-865e-5fac-a6bd-7245bb88a321"",""label"":""matrix entry"",""notation"":[],""record_type"":""concept"",""recorded_at"":""2026-08-21T00:00:00Z"",""rights_id"":""urn:uuid:a0273f1c-6fad-54c7-a75a-32a5161da656"",""schema_name"":""lebl.backend.record"",""schema_version"":""0.3.0"",""semantic_aliases"":[],""semantic_key"":""lebl.ra.concept.ledger.matrix.entry"",""source_bindings"":[],""status"":""active"",""supersedes_id"":null,""workflow_id"":""01a01f57-a34b-7740-9717-596b8116910c/backend-production-v0.3-r006-live""}"
"urn:uuid:f20385b7-f4b3-509a-93e9-cef05a7d2c1a","lebl.ra.concept.ledger.calculus.jacobian.determinant","Jacobian determinant","","[]","[]","urn:uuid:a0273f1c-6fad-54c7-a75a-32a5161da656","active","{""definition"":"""",""id"":""urn:uuid:f20385b7-f4b3-509a-93e9-cef05a7d2c1a"",""label"":""Jacobian determinant"",""notation"":[],""record_type"":""concept"",""recorded_at"":""2026-08-21T00:00:00Z"",""rights_id"":""urn:uuid:a0273f1c-6fad-54c7-a75a-32a5161da656"",""schema_name"":""lebl.backend.record"",""schema_version"":""0.3.0"",""semantic_aliases"":[],""semantic_key"":""lebl.ra.concept.ledger.calculus.jacobian.determinant"",""source_bindings"":[],""status"":""active"",""supersedes_id"":null,""workflow_id"":""01a01f57-a34b-7740-9717-596b8116910c/backend-production-v0.3-r006-live""}"
"urn:uuid:f218ffed-4e85-58b6-82b1-c71dd7104b97","lebl.ra.concept.ledger.domain.type-ii","type II domain","","[]","[]","urn:uuid:a0273f1c-6fad-54c7-a75a-32a5161da656","active","{""definition"":"""",""id"":""urn:uuid:f218ffed-4e85-58b6-82b1-c71dd7104b97"",""label"":""type II domain"",""notation"":[],""record_type"":""concept"",""recorded_at"":""2026-08-24T00:00:00Z"",""rights_id"":""urn:uuid:a0273f1c-6fad-54c7-a75a-32a5161da656"",""schema_name"":""lebl.backend.record"",""schema_version"":""0.3.0"",""semantic_aliases"":[],""semantic_key"":""lebl.ra.concept.ledger.domain.type-ii"",""source_bindings"":[],""status"":""active"",""supersedes_id"":null,""workflow_id"":""01a01f57-a34b-7740-9717-596b8116910c/backend-production-v0.4-live""}"
"urn:uuid:f21f002e-a964-52ef-9720-268df0435666","lebl.ra.concept.ledger.interval.unbounded","unbounded interval","","[]","[]","urn:uuid:a0273f1c-6fad-54c7-a75a-32a5161da656","active","{""definition"":"""",""id"":""urn:uuid:f21f002e-a964-52ef-9720-268df0435666"",""label"":""unbounded interval"",""notation"":[],""record_type"":""concept"",""recorded_at"":""2026-08-21T00:00:00Z"",""rights_id"":""urn:uuid:a0273f1c-6fad-54c7-a75a-32a5161da656"",""schema_name"":""lebl.backend.record"",""schema_version"":""0.3.0"",""semantic_aliases"":[],""semantic_key"":""lebl.ra.concept.ledger.interval.unbounded"",""source_bindings"":[],""status"":""active"",""supersedes_id"":null,""workflow_id"":""01a01f57-a34b-7740-9717-596b8116910c/backend-production-v0.3-r006-live""}"
"urn:uuid:f22a006e-4c86-5836-bea4-8f1f14d672ae","lebl.ra.concept.ledger.function.bijective","bijective","","[]","[]","urn:uuid:a0273f1c-6fad-54c7-a75a-32a5161da656","active","{""definition"":"""",""id"":""urn:uuid:f22a006e-4c86-5836-bea4-8f1f14d672ae"",""label"":""bijective"",""notation"":[],""record_type"":""concept"",""recorded_at"":""2026-08-21T00:00:00Z"",""rights_id"":""urn:uuid:a0273f1c-6fad-54c7-a75a-32a5161da656"",""schema_name"":""lebl.backend.record"",""schema_version"":""0.3.0"",""semantic_aliases"":[],""semantic_key"":""lebl.ra.concept.ledger.function.bijective"",""source_bindings"":[],""status"":""active"",""supersedes_id"":null,""workflow_id"":""01a01f57-a34b-7740-9717-596b8116910c/backend-production-v0.3-r006-live""}"
"urn:uuid:f23ae9e9-8e28-59e2-ab9a-b6dc08ed8893","lebl.ra.concept.ledger.function.discontinuity","discontinuity","","[]","[]","urn:uuid:a0273f1c-6fad-54c7-a75a-32a5161da656","active","{""definition"":"""",""id"":""urn:uuid:f23ae9e9-8e28-59e2-ab9a-b6dc08ed8893"",""label"":""discontinuity"",""notation"":[],""record_type"":""concept"",""recorded_at"":""2026-08-21T00:00:00Z"",""rights_id"":""urn:uuid:a0273f1c-6fad-54c7-a75a-32a5161da656"",""schema_name"":""lebl.backend.record"",""schema_version"":""0.3.0"",""semantic_aliases"":[],""semantic_key"":""lebl.ra.concept.ledger.function.discontinuity"",""source_bindings"":[],""status"":""active"",""supersedes_id"":null,""workflow_id"":""01a01f57-a34b-7740-9717-596b8116910c/backend-production-v0.3-r006-live""}"
"urn:uuid:f29e0b5e-1a01-5e18-9897-78ebb0ba401e","lebl.ra.concept.ledger.proof.induction-hypothesis","induction hypothesis","","[]","[]","urn:uuid:a0273f1c-6fad-54c7-a75a-32a5161da656","active","{""definition"":"""",""id"":""urn:uuid:f29e0b5e-1a01-5e18-9897-78ebb0ba401e"",""label"":""induction hypothesis"",""notation"":[],""record_type"":""concept"",""recorded_at"":""2026-08-21T00:00:00Z"",""rights_id"":""urn:uuid:a0273f1c-6fad-54c7-a75a-32a5161da656"",""schema_name"":""lebl.backend.record"",""schema_version"":""0.3.0"",""semantic_aliases"":[],""semantic_key"":""lebl.ra.concept.ledger.proof.induction-hypothesis"",""source_bindings"":[],""status"":""active"",""supersedes_id"":null,""workflow_id"":""01a01f57-a34b-7740-9717-596b8116910c/backend-production-v0.3-r006-live""}"
"urn:uuid:f2ac68e4-0456-5d96-a118-f6d000933b35","lebl.ra.concept.ledger.relation.equivalence-class","equivalence class","","[]","[]","urn:uuid:a0273f1c-6fad-54c7-a75a-32a5161da656","active","{""definition"":"""",""id"":""urn:uuid:f2ac68e4-0456-5d96-a118-f6d000933b35"",""label"":""equivalence class"",""notation"":[],""record_type"":""concept"",""recorded_at"":""2026-08-21T00:00:00Z"",""rights_id"":""urn:uuid:a0273f1c-6fad-54c7-a75a-32a5161da656"",""schema_name"":""lebl.backend.record"",""schema_version"":""0.3.0"",""semantic_aliases"":[],""semantic_key"":""lebl.ra.concept.ledger.relation.equivalence-class"",""source_bindings"":[],""status"":""active"",""supersedes_id"":null,""workflow_id"":""01a01f57-a34b-7740-9717-596b8116910c/backend-production-v0.3-r006-live""}"
"urn:uuid:f32a4c74-5b31-55a3-9565-82c64c56541b","lebl.ra.concept.ledger.relation.binary-relation","binary relation","","[]","[]","urn:uuid:a0273f1c-6fad-54c7-a75a-32a5161da656","active","{""definition"":"""",""id"":""urn:uuid:f32a4c74-5b31-55a3-9565-82c64c56541b"",""label"":""binary relation"",""notation"":[],""record_type"":""concept"",""recorded_at"":""2026-08-21T00:00:00Z"",""rights_id"":""urn:uuid:a0273f1c-6fad-54c7-a75a-32a5161da656"",""schema_name"":""lebl.backend.record"",""schema_version"":""0.3.0"",""semantic_aliases"":[],""semantic_key"":""lebl.ra.concept.ledger.relation.binary-relation"",""source_bindings"":[],""status"":""active"",""supersedes_id"":null,""workflow_id"":""01a01f57-a34b-7740-9717-596b8116910c/backend-production-v0.3-r006-live""}"
"urn:uuid:f340fd30-2cda-5f55-9e00-4e2ad37e7629","lebl.ra.concept.ledger.proof.base-case","base case","","[]","[]","urn:uuid:a0273f1c-6fad-54c7-a75a-32a5161da656","active","{""definition"":"""",""id"":""urn:uuid:f340fd30-2cda-5f55-9e00-4e2ad37e7629"",""label"":""base case"",""notation"":[],""record_type"":""concept"",""recorded_at"":""2026-08-24T00:00:00Z"",""rights_id"":""urn:uuid:a0273f1c-6fad-54c7-a75a-32a5161da656"",""schema_name"":""lebl.backend.record"",""schema_version"":""0.3.0"",""semantic_aliases"":[],""semantic_key"":""lebl.ra.concept.ledger.proof.base-case"",""source_bindings"":[],""status"":""active"",""supersedes_id"":null,""workflow_id"":""01a01f57-a34b-7740-9717-596b8116910c/backend-production-v0.4-live""}"
"urn:uuid:f379d27b-103e-5555-8ba8-c9a7de6f339e","lebl.ra.concept.ledger.function.convex","convex function","","[]","[]","urn:uuid:a0273f1c-6fad-54c7-a75a-32a5161da656","active","{""definition"":"""",""id"":""urn:uuid:f379d27b-103e-5555-8ba8-c9a7de6f339e"",""label"":""convex function"",""notation"":[],""record_type"":""concept"",""recorded_at"":""2026-08-21T00:00:00Z"",""rights_id"":""urn:uuid:a0273f1c-6fad-54c7-a75a-32a5161da656"",""schema_name"":""lebl.backend.record"",""schema_version"":""0.3.0"",""semantic_aliases"":[],""semantic_key"":""lebl.ra.concept.ledger.function.convex"",""source_bindings"":[],""status"":""active"",""supersedes_id"":null,""workflow_id"":""01a01f57-a34b-7740-9717-596b8116910c/backend-production-v0.3-r006-live""}"
"urn:uuid:f3e44e6d-7048-54e6-b5ac-6b2a226a7c39","lebl.ra.concept.ledger.inner-product","inner product","","[]","[]","urn:uuid:a0273f1c-6fad-54c7-a75a-32a5161da656","active","{""definition"":"""",""id"":""urn:uuid:f3e44e6d-7048-54e6-b5ac-6b2a226a7c39"",""label"":""inner product"",""notation"":[],""record_type"":""concept"",""recorded_at"":""2026-08-24T00:00:00Z"",""rights_id"":""urn:uuid:a0273f1c-6fad-54c7-a75a-32a5161da656"",""schema_name"":""lebl.backend.record"",""schema_version"":""0.3.0"",""semantic_aliases"":[],""semantic_key"":""lebl.ra.concept.ledger.inner-product"",""source_bindings"":[],""status"":""active"",""supersedes_id"":null,""workflow_id"":""01a01f57-a34b-7740-9717-596b8116910c/backend-production-v0.4-live""}"
"urn:uuid:f41fc3cb-b5eb-5393-8feb-975e69c1a229","lebl.ra.concept.ledger.series.cesaro-summability","Cesaro summability","","[]","[]","urn:uuid:a0273f1c-6fad-54c7-a75a-32a5161da656","active","{""definition"":"""",""id"":""urn:uuid:f41fc3cb-b5eb-5393-8feb-975e69c1a229"",""label"":""Cesaro summability"",""notation"":[],""record_type"":""concept"",""recorded_at"":""2026-08-21T00:00:00Z"",""rights_id"":""urn:uuid:a0273f1c-6fad-54c7-a75a-32a5161da656"",""schema_name"":""lebl.backend.record"",""schema_version"":""0.3.0"",""semantic_aliases"":[],""semantic_key"":""lebl.ra.concept.ledger.series.cesaro-summability"",""source_bindings"":[],""status"":""active"",""supersedes_id"":null,""workflow_id"":""01a01f57-a34b-7740-9717-596b8116910c/backend-production-v0.3-r006-live""}"
"urn:uuid:f4f88c12-1cae-5c95-a211-a9355218b97a","lebl.ra.concept.ledger.extremum.absolute-maximum","absolute maximum","","[]","[]","urn:uuid:a0273f1c-6fad-54c7-a75a-32a5161da656","active","{""definition"":"""",""id"":""urn:uuid:f4f88c12-1cae-5c95-a211-a9355218b97a"",""label"":""absolute maximum"",""notation"":[],""record_type"":""concept"",""recorded_at"":""2026-08-21T00:00:00Z"",""rights_id"":""urn:uuid:a0273f1c-6fad-54c7-a75a-32a5161da656"",""schema_name"":""lebl.backend.record"",""schema_version"":""0.3.0"",""semantic_aliases"":[],""semantic_key"":""lebl.ra.concept.ledger.extremum.absolute-maximum"",""source_bindings"":[],""status"":""active"",""supersedes_id"":null,""workflow_id"":""01a01f57-a34b-7740-9717-596b8116910c/backend-production-v0.3-r006-live""}"
"urn:uuid:f585c0a4-fe3f-56e2-b80f-21e0bbda57e0","lebl.ra.concept.ledger.order.completeness-property","completeness property","","[]","[]","urn:uuid:a0273f1c-6fad-54c7-a75a-32a5161da656","active","{""definition"":"""",""id"":""urn:uuid:f585c0a4-fe3f-56e2-b80f-21e0bbda57e0"",""label"":""completeness property"",""notation"":[],""record_type"":""concept"",""recorded_at"":""2026-08-21T00:00:00Z"",""rights_id"":""urn:uuid:a0273f1c-6fad-54c7-a75a-32a5161da656"",""schema_name"":""lebl.backend.record"",""schema_version"":""0.3.0"",""semantic_aliases"":[],""semantic_key"":""lebl.ra.concept.ledger.order.completeness-property"",""source_bindings"":[],""status"":""active"",""supersedes_id"":null,""workflow_id"":""01a01f57-a34b-7740-9717-596b8116910c/backend-production-v0.3-r006-live""}"
"urn:uuid:f5e93c4c-ddc1-59d2-8e7b-af5e01c1dbc5","lebl.ra.concept.ledger.sequence.constant","constant sequence","","[]","[]","urn:uuid:a0273f1c-6fad-54c7-a75a-32a5161da656","active","{""definition"":"""",""id"":""urn:uuid:f5e93c4c-ddc1-59d2-8e7b-af5e01c1dbc5"",""label"":""constant sequence"",""notation"":[],""record_type"":""concept"",""recorded_at"":""2026-08-21T00:00:00Z"",""rights_id"":""urn:uuid:a0273f1c-6fad-54c7-a75a-32a5161da656"",""schema_name"":""lebl.backend.record"",""schema_version"":""0.3.0"",""semantic_aliases"":[],""semantic_key"":""lebl.ra.concept.ledger.sequence.constant"",""source_bindings"":[],""status"":""active"",""supersedes_id"":null,""workflow_id"":""01a01f57-a34b-7740-9717-596b8116910c/backend-production-v0.3-r006-live""}"
"urn:uuid:f6554fda-b2a0-5edd-a341-16eb8afed073","lebl.ra.concept.ledger.number-system.natural-numbers","natural numbers","","[]","[]","urn:uuid:a0273f1c-6fad-54c7-a75a-32a5161da656","active","{""definition"":"""",""id"":""urn:uuid:f6554fda-b2a0-5edd-a341-16eb8afed073"",""label"":""natural numbers"",""notation"":[],""record_type"":""concept"",""recorded_at"":""2026-08-21T00:00:00Z"",""rights_id"":""urn:uuid:a0273f1c-6fad-54c7-a75a-32a5161da656"",""schema_name"":""lebl.backend.record"",""schema_version"":""0.3.0"",""semantic_aliases"":[],""semantic_key"":""lebl.ra.concept.ledger.number-system.natural-numbers"",""source_bindings"":[],""status"":""active"",""supersedes_id"":null,""workflow_id"":""01a01f57-a34b-7740-9717-596b8116910c/backend-production-v0.3-r006-live""}"
"urn:uuid:f697c574-937d-5e15-80bb-c15dea2b1d8b","lebl.ra.concept.ledger.interval.symmetric","symmetric interval","","[]","[]","urn:uuid:a0273f1c-6fad-54c7-a75a-32a5161da656","active","{""definition"":"""",""id"":""urn:uuid:f697c574-937d-5e15-80bb-c15dea2b1d8b"",""label"":""symmetric interval"",""notation"":[],""record_type"":""concept"",""recorded_at"":""2026-08-24T00:00:00Z"",""rights_id"":""urn:uuid:a0273f1c-6fad-54c7-a75a-32a5161da656"",""schema_name"":""lebl.backend.record"",""schema_version"":""0.3.0"",""semantic_aliases"":[],""semantic_key"":""lebl.ra.concept.ledger.interval.symmetric"",""source_bindings"":[],""status"":""active"",""supersedes_id"":null,""workflow_id"":""01a01f57-a34b-7740-9717-596b8116910c/backend-production-v0.4-live""}"
"urn:uuid:f6c04d6a-7046-5710-8134-2ac41dc520dc","lebl.ra.concept.ledger.algebra.power.operation","powers","","[]","[]","urn:uuid:a0273f1c-6fad-54c7-a75a-32a5161da656","active","{""definition"":"""",""id"":""urn:uuid:f6c04d6a-7046-5710-8134-2ac41dc520dc"",""label"":""powers"",""notation"":[],""record_type"":""concept"",""recorded_at"":""2026-08-24T00:00:00Z"",""rights_id"":""urn:uuid:a0273f1c-6fad-54c7-a75a-32a5161da656"",""schema_name"":""lebl.backend.record"",""schema_version"":""0.3.0"",""semantic_aliases"":[],""semantic_key"":""lebl.ra.concept.ledger.algebra.power.operation"",""source_bindings"":[],""status"":""active"",""supersedes_id"":null,""workflow_id"":""01a01f57-a34b-7740-9717-596b8116910c/backend-production-v0.4-live""}"
"urn:uuid:f737cf5f-992a-5bc5-8f54-b928a6bb52b2","lebl.ra.concept.ledger.interval.endpoint","endpoint","","[]","[]","urn:uuid:a0273f1c-6fad-54c7-a75a-32a5161da656","active","{""definition"":"""",""id"":""urn:uuid:f737cf5f-992a-5bc5-8f54-b928a6bb52b2"",""label"":""endpoint"",""notation"":[],""record_type"":""concept"",""recorded_at"":""2026-08-24T00:00:00Z"",""rights_id"":""urn:uuid:a0273f1c-6fad-54c7-a75a-32a5161da656"",""schema_name"":""lebl.backend.record"",""schema_version"":""0.3.0"",""semantic_aliases"":[],""semantic_key"":""lebl.ra.concept.ledger.interval.endpoint"",""source_bindings"":[],""status"":""active"",""supersedes_id"":null,""workflow_id"":""01a01f57-a34b-7740-9717-596b8116910c/backend-production-v0.4-live""}"
"urn:uuid:f8058dc3-3f35-55de-94e6-8275e91e6d2b","lebl.ra.concept.ledger.function.exponential.complex","complex exponential","","[]","[]","urn:uuid:a0273f1c-6fad-54c7-a75a-32a5161da656","active","{""definition"":"""",""id"":""urn:uuid:f8058dc3-3f35-55de-94e6-8275e91e6d2b"",""label"":""complex exponential"",""notation"":[],""record_type"":""concept"",""recorded_at"":""2026-08-24T00:00:00Z"",""rights_id"":""urn:uuid:a0273f1c-6fad-54c7-a75a-32a5161da656"",""schema_name"":""lebl.backend.record"",""schema_version"":""0.3.0"",""semantic_aliases"":[],""semantic_key"":""lebl.ra.concept.ledger.function.exponential.complex"",""source_bindings"":[],""status"":""active"",""supersedes_id"":null,""workflow_id"":""01a01f57-a34b-7740-9717-596b8116910c/backend-production-v0.4-live""}"
"urn:uuid:f83f870e-6c6a-532a-847d-724fc0d36640","lebl.ra.concept.ledger.geometry.rectangle.open","open rectangle","","[]","[]","urn:uuid:a0273f1c-6fad-54c7-a75a-32a5161da656","active","{""definition"":"""",""id"":""urn:uuid:f83f870e-6c6a-532a-847d-724fc0d36640"",""label"":""open rectangle"",""notation"":[],""record_type"":""concept"",""recorded_at"":""2026-08-24T00:00:00Z"",""rights_id"":""urn:uuid:a0273f1c-6fad-54c7-a75a-32a5161da656"",""schema_name"":""lebl.backend.record"",""schema_version"":""0.3.0"",""semantic_aliases"":[],""semantic_key"":""lebl.ra.concept.ledger.geometry.rectangle.open"",""source_bindings"":[],""status"":""active"",""supersedes_id"":null,""workflow_id"":""01a01f57-a34b-7740-9717-596b8116910c/backend-production-v0.4-live""}"
"urn:uuid:f850274a-ddc5-5a44-b3e7-8104e845c6d0","lebl.ra.concept.ledger.function.characteristic","characteristic function","","[]","[]","urn:uuid:a0273f1c-6fad-54c7-a75a-32a5161da656","active","{""definition"":"""",""id"":""urn:uuid:f850274a-ddc5-5a44-b3e7-8104e845c6d0"",""label"":""characteristic function"",""notation"":[],""record_type"":""concept"",""recorded_at"":""2026-08-24T00:00:00Z"",""rights_id"":""urn:uuid:a0273f1c-6fad-54c7-a75a-32a5161da656"",""schema_name"":""lebl.backend.record"",""schema_version"":""0.3.0"",""semantic_aliases"":[],""semantic_key"":""lebl.ra.concept.ledger.function.characteristic"",""source_bindings"":[],""status"":""active"",""supersedes_id"":null,""workflow_id"":""01a01f57-a34b-7740-9717-596b8116910c/backend-production-v0.4-live""}"
"urn:uuid:f889b618-1d53-58d6-81c1-ae80235a1973","lebl.ra.concept.ledger.matrix","matrix","","[]","[]","urn:uuid:a0273f1c-6fad-54c7-a75a-32a5161da656","active","{""definition"":"""",""id"":""urn:uuid:f889b618-1d53-58d6-81c1-ae80235a1973"",""label"":""matrix"",""notation"":[],""record_type"":""concept"",""recorded_at"":""2026-08-21T00:00:00Z"",""rights_id"":""urn:uuid:a0273f1c-6fad-54c7-a75a-32a5161da656"",""schema_name"":""lebl.backend.record"",""schema_version"":""0.3.0"",""semantic_aliases"":[],""semantic_key"":""lebl.ra.concept.ledger.matrix"",""source_bindings"":[],""status"":""active"",""supersedes_id"":null,""workflow_id"":""01a01f57-a34b-7740-9717-596b8116910c/backend-production-v0.3-r006-live""}"
"urn:uuid:f8ebf28c-a31c-53cb-90f7-e3501b24acb0","lebl.ra.concept.ledger.function.thomae","Thomae function","","[]","[]","urn:uuid:a0273f1c-6fad-54c7-a75a-32a5161da656","active","{""definition"":"""",""id"":""urn:uuid:f8ebf28c-a31c-53cb-90f7-e3501b24acb0"",""label"":""Thomae function"",""notation"":[],""record_type"":""concept"",""recorded_at"":""2026-08-21T00:00:00Z"",""rights_id"":""urn:uuid:a0273f1c-6fad-54c7-a75a-32a5161da656"",""schema_name"":""lebl.backend.record"",""schema_version"":""0.3.0"",""semantic_aliases"":[],""semantic_key"":""lebl.ra.concept.ledger.function.thomae"",""source_bindings"":[],""status"":""active"",""supersedes_id"":null,""workflow_id"":""01a01f57-a34b-7740-9717-596b8116910c/backend-production-v0.3-r006-live""}"
"urn:uuid:f9ecd50e-7874-5e6e-8659-9f5abf819443","lebl.ra.concept.ledger.norm.infinity","infinity norm","","[]","[]","urn:uuid:a0273f1c-6fad-54c7-a75a-32a5161da656","active","{""definition"":"""",""id"":""urn:uuid:f9ecd50e-7874-5e6e-8659-9f5abf819443"",""label"":""infinity norm"",""notation"":[],""record_type"":""concept"",""recorded_at"":""2026-08-21T00:00:00Z"",""rights_id"":""urn:uuid:a0273f1c-6fad-54c7-a75a-32a5161da656"",""schema_name"":""lebl.backend.record"",""schema_version"":""0.3.0"",""semantic_aliases"":[],""semantic_key"":""lebl.ra.concept.ledger.norm.infinity"",""source_bindings"":[],""status"":""active"",""supersedes_id"":null,""workflow_id"":""01a01f57-a34b-7740-9717-596b8116910c/backend-production-v0.3-r006-live""}"
"urn:uuid:fa0a363a-3f40-5b60-ac9c-1b541f3bb102","lebl.ra.concept.ledger.theorem.parseval","Parseval's theorem","","[]","[]","urn:uuid:a0273f1c-6fad-54c7-a75a-32a5161da656","active","{""definition"":"""",""id"":""urn:uuid:fa0a363a-3f40-5b60-ac9c-1b541f3bb102"",""label"":""Parseval's theorem"",""notation"":[],""record_type"":""concept"",""recorded_at"":""2026-08-24T00:00:00Z"",""rights_id"":""urn:uuid:a0273f1c-6fad-54c7-a75a-32a5161da656"",""schema_name"":""lebl.backend.record"",""schema_version"":""0.3.0"",""semantic_aliases"":[],""semantic_key"":""lebl.ra.concept.ledger.theorem.parseval"",""source_bindings"":[],""status"":""active"",""supersedes_id"":null,""workflow_id"":""01a01f57-a34b-7740-9717-596b8116910c/backend-production-v0.4-live""}"
"urn:uuid:fafccaaa-7b10-5c6a-a9bb-b81ae64f71d8","lebl.ra.concept.ledger.theorem.kronecker-density","Kronecker density theorem","","[]","[]","urn:uuid:a0273f1c-6fad-54c7-a75a-32a5161da656","active","{""definition"":"""",""id"":""urn:uuid:fafccaaa-7b10-5c6a-a9bb-b81ae64f71d8"",""label"":""Kronecker density theorem"",""notation"":[],""record_type"":""concept"",""recorded_at"":""2026-08-24T00:00:00Z"",""rights_id"":""urn:uuid:a0273f1c-6fad-54c7-a75a-32a5161da656"",""schema_name"":""lebl.backend.record"",""schema_version"":""0.3.0"",""semantic_aliases"":[],""semantic_key"":""lebl.ra.concept.ledger.theorem.kronecker-density"",""source_bindings"":[],""status"":""active"",""supersedes_id"":null,""workflow_id"":""01a01f57-a34b-7740-9717-596b8116910c/backend-production-v0.4-live""}"
"urn:uuid:fb02da8d-dc1a-5c48-aee3-7dee52cb9d66","lebl.ra.concept.ledger.geometry.path.common-partition","common partition","","[]","[]","urn:uuid:a0273f1c-6fad-54c7-a75a-32a5161da656","active","{""definition"":"""",""id"":""urn:uuid:fb02da8d-dc1a-5c48-aee3-7dee52cb9d66"",""label"":""common partition"",""notation"":[],""record_type"":""concept"",""recorded_at"":""2026-08-24T00:00:00Z"",""rights_id"":""urn:uuid:a0273f1c-6fad-54c7-a75a-32a5161da656"",""schema_name"":""lebl.backend.record"",""schema_version"":""0.3.0"",""semantic_aliases"":[],""semantic_key"":""lebl.ra.concept.ledger.geometry.path.common-partition"",""source_bindings"":[],""status"":""active"",""supersedes_id"":null,""workflow_id"":""01a01f57-a34b-7740-9717-596b8116910c/backend-production-v0.4-live""}"
"urn:uuid:fb24df3c-3354-5733-a300-93c0279718a4","lebl.ra.concept.ledger.topology.punctured-plane","punctured plane","","[]","[]","urn:uuid:a0273f1c-6fad-54c7-a75a-32a5161da656","active","{""definition"":"""",""id"":""urn:uuid:fb24df3c-3354-5733-a300-93c0279718a4"",""label"":""punctured plane"",""notation"":[],""record_type"":""concept"",""recorded_at"":""2026-08-24T00:00:00Z"",""rights_id"":""urn:uuid:a0273f1c-6fad-54c7-a75a-32a5161da656"",""schema_name"":""lebl.backend.record"",""schema_version"":""0.3.0"",""semantic_aliases"":[],""semantic_key"":""lebl.ra.concept.ledger.topology.punctured-plane"",""source_bindings"":[],""status"":""active"",""supersedes_id"":null,""workflow_id"":""01a01f57-a34b-7740-9717-596b8116910c/backend-production-v0.4-live""}"
"urn:uuid:fb25f1bb-bb23-5da2-9a58-50980a07769a","lebl.ra.concept.ledger.integration.monotonicity","monotonicity of the integral","","[]","[]","urn:uuid:a0273f1c-6fad-54c7-a75a-32a5161da656","active","{""definition"":"""",""id"":""urn:uuid:fb25f1bb-bb23-5da2-9a58-50980a07769a"",""label"":""monotonicity of the integral"",""notation"":[],""record_type"":""concept"",""recorded_at"":""2026-08-21T00:00:00Z"",""rights_id"":""urn:uuid:a0273f1c-6fad-54c7-a75a-32a5161da656"",""schema_name"":""lebl.backend.record"",""schema_version"":""0.3.0"",""semantic_aliases"":[],""semantic_key"":""lebl.ra.concept.ledger.integration.monotonicity"",""source_bindings"":[],""status"":""active"",""supersedes_id"":null,""workflow_id"":""01a01f57-a34b-7740-9717-596b8116910c/backend-production-v0.3-r006-live""}"
"urn:uuid:fb3bbdea-f496-51b5-91f3-2a50d921c4fc","lebl.ra.concept.ledger.cover.subcover","subcover","","[]","[]","urn:uuid:a0273f1c-6fad-54c7-a75a-32a5161da656","active","{""definition"":"""",""id"":""urn:uuid:fb3bbdea-f496-51b5-91f3-2a50d921c4fc"",""label"":""subcover"",""notation"":[],""record_type"":""concept"",""recorded_at"":""2026-08-21T00:00:00Z"",""rights_id"":""urn:uuid:a0273f1c-6fad-54c7-a75a-32a5161da656"",""schema_name"":""lebl.backend.record"",""schema_version"":""0.3.0"",""semantic_aliases"":[],""semantic_key"":""lebl.ra.concept.ledger.cover.subcover"",""source_bindings"":[],""status"":""active"",""supersedes_id"":null,""workflow_id"":""01a01f57-a34b-7740-9717-596b8116910c/backend-production-v0.3-r006-live""}"
"urn:uuid:fccb6d1a-cb88-5a9f-bb10-cb68df684800","lebl.ra.concept.ledger.function.sine","sine","","[]","[]","urn:uuid:a0273f1c-6fad-54c7-a75a-32a5161da656","active","{""definition"":"""",""id"":""urn:uuid:fccb6d1a-cb88-5a9f-bb10-cb68df684800"",""label"":""sine"",""notation"":[],""record_type"":""concept"",""recorded_at"":""2026-08-24T00:00:00Z"",""rights_id"":""urn:uuid:a0273f1c-6fad-54c7-a75a-32a5161da656"",""schema_name"":""lebl.backend.record"",""schema_version"":""0.3.0"",""semantic_aliases"":[],""semantic_key"":""lebl.ra.concept.ledger.function.sine"",""source_bindings"":[],""status"":""active"",""supersedes_id"":null,""workflow_id"":""01a01f57-a34b-7740-9717-596b8116910c/backend-production-v0.4-live""}"
"urn:uuid:fdc9e376-64de-5026-adc0-a6c49ea8d8cb","lebl.ra.concept.ledger.sequence-series","sequences and series","","[]","[]","urn:uuid:a0273f1c-6fad-54c7-a75a-32a5161da656","active","{""definition"":"""",""id"":""urn:uuid:fdc9e376-64de-5026-adc0-a6c49ea8d8cb"",""label"":""sequences and series"",""notation"":[],""record_type"":""concept"",""recorded_at"":""2026-08-21T00:00:00Z"",""rights_id"":""urn:uuid:a0273f1c-6fad-54c7-a75a-32a5161da656"",""schema_name"":""lebl.backend.record"",""schema_version"":""0.3.0"",""semantic_aliases"":[],""semantic_key"":""lebl.ra.concept.ledger.sequence-series"",""source_bindings"":[],""status"":""active"",""supersedes_id"":null,""workflow_id"":""01a01f57-a34b-7740-9717-596b8116910c/backend-production-v0.3-r006-live""}"
"urn:uuid:fe0c484c-7ddc-5bb3-8cc0-5ee319ad4f38","lebl.ra.concept.ledger.sequence.cauchy","Cauchy sequence","","[]","[]","urn:uuid:a0273f1c-6fad-54c7-a75a-32a5161da656","active","{""definition"":"""",""id"":""urn:uuid:fe0c484c-7ddc-5bb3-8cc0-5ee319ad4f38"",""label"":""Cauchy sequence"",""notation"":[],""record_type"":""concept"",""recorded_at"":""2026-08-21T00:00:00Z"",""rights_id"":""urn:uuid:a0273f1c-6fad-54c7-a75a-32a5161da656"",""schema_name"":""lebl.backend.record"",""schema_version"":""0.3.0"",""semantic_aliases"":[],""semantic_key"":""lebl.ra.concept.ledger.sequence.cauchy"",""source_bindings"":[],""status"":""active"",""supersedes_id"":null,""workflow_id"":""01a01f57-a34b-7740-9717-596b8116910c/backend-production-v0.3-r006-live""}"
"urn:uuid:fe2327f8-dc7a-5de7-b806-5fab528f2f64","lebl.ra.concept.ledger.sequence.monotone-increasing","monotone increasing sequence","","[]","[]","urn:uuid:a0273f1c-6fad-54c7-a75a-32a5161da656","active","{""definition"":"""",""id"":""urn:uuid:fe2327f8-dc7a-5de7-b806-5fab528f2f64"",""label"":""monotone increasing sequence"",""notation"":[],""record_type"":""concept"",""recorded_at"":""2026-08-21T00:00:00Z"",""rights_id"":""urn:uuid:a0273f1c-6fad-54c7-a75a-32a5161da656"",""schema_name"":""lebl.backend.record"",""schema_version"":""0.3.0"",""semantic_aliases"":[],""semantic_key"":""lebl.ra.concept.ledger.sequence.monotone-increasing"",""source_bindings"":[],""status"":""active"",""supersedes_id"":null,""workflow_id"":""01a01f57-a34b-7740-9717-596b8116910c/backend-production-v0.3-r006-live""}"
"urn:uuid:fe30cd72-beb7-544c-9ca2-e7740bb02c57","lebl.ra.concept.ledger.behavior.oscillate","oscillate","","[]","[]","urn:uuid:a0273f1c-6fad-54c7-a75a-32a5161da656","active","{""definition"":"""",""id"":""urn:uuid:fe30cd72-beb7-544c-9ca2-e7740bb02c57"",""label"":""oscillate"",""notation"":[],""record_type"":""concept"",""recorded_at"":""2026-08-24T00:00:00Z"",""rights_id"":""urn:uuid:a0273f1c-6fad-54c7-a75a-32a5161da656"",""schema_name"":""lebl.backend.record"",""schema_version"":""0.3.0"",""semantic_aliases"":[],""semantic_key"":""lebl.ra.concept.ledger.behavior.oscillate"",""source_bindings"":[],""status"":""active"",""supersedes_id"":null,""workflow_id"":""01a01f57-a34b-7740-9717-596b8116910c/backend-production-v0.4-live""}"
"urn:uuid:fe5168c7-d330-5466-ab50-f67cedce2f05","lebl.diffyqs.concept.ledger.dynamical-system.sink","sink","","[]","[]","urn:uuid:55f5bc5b-fcc2-55bd-8bcb-65ab31cc4e0f","active","{""definition"":"""",""id"":""urn:uuid:fe5168c7-d330-5466-ab50-f67cedce2f05"",""label"":""sink"",""notation"":[],""record_type"":""concept"",""recorded_at"":""2026-08-24T00:00:00Z"",""rights_id"":""urn:uuid:55f5bc5b-fcc2-55bd-8bcb-65ab31cc4e0f"",""schema_name"":""lebl.backend.record"",""schema_version"":""0.3.0"",""semantic_aliases"":[],""semantic_key"":""lebl.diffyqs.concept.ledger.dynamical-system.sink"",""source_bindings"":[],""status"":""active"",""supersedes_id"":null,""workflow_id"":""01a01f57-a34b-7740-9717-596b8116910c/backend-production-v0.4-live""}"
"urn:uuid:fe540a20-51ab-5ad2-aa4f-20ab4d1dfb6b","lebl.ra.concept.ledger.function.identically-zero","identically zero","","[]","[]","urn:uuid:a0273f1c-6fad-54c7-a75a-32a5161da656","active","{""definition"":"""",""id"":""urn:uuid:fe540a20-51ab-5ad2-aa4f-20ab4d1dfb6b"",""label"":""identically zero"",""notation"":[],""record_type"":""concept"",""recorded_at"":""2026-08-24T00:00:00Z"",""rights_id"":""urn:uuid:a0273f1c-6fad-54c7-a75a-32a5161da656"",""schema_name"":""lebl.backend.record"",""schema_version"":""0.3.0"",""semantic_aliases"":[],""semantic_key"":""lebl.ra.concept.ledger.function.identically-zero"",""source_bindings"":[],""status"":""active"",""supersedes_id"":null,""workflow_id"":""01a01f57-a34b-7740-9717-596b8116910c/backend-production-v0.4-live""}"
"urn:uuid:feff7869-01d6-5d0a-acdc-e57690823a40","lebl.ra.concept.ledger.theorem.stone-weierstrass.complex-version","complex Stone--Weierstrass theorem","","[]","[]","urn:uuid:a0273f1c-6fad-54c7-a75a-32a5161da656","active","{""definition"":"""",""id"":""urn:uuid:feff7869-01d6-5d0a-acdc-e57690823a40"",""label"":""complex Stone--Weierstrass theorem"",""notation"":[],""record_type"":""concept"",""recorded_at"":""2026-08-24T00:00:00Z"",""rights_id"":""urn:uuid:a0273f1c-6fad-54c7-a75a-32a5161da656"",""schema_name"":""lebl.backend.record"",""schema_version"":""0.3.0"",""semantic_aliases"":[],""semantic_key"":""lebl.ra.concept.ledger.theorem.stone-weierstrass.complex-version"",""source_bindings"":[],""status"":""active"",""supersedes_id"":null,""workflow_id"":""01a01f57-a34b-7740-9717-596b8116910c/backend-production-v0.4-live""}"
"urn:uuid:ff6b41e8-724b-5fae-bacd-46e4926a9530","lebl.ra.concept.ledger.function.real-valued","real-valued","","[]","[]","urn:uuid:a0273f1c-6fad-54c7-a75a-32a5161da656","active","{""definition"":"""",""id"":""urn:uuid:ff6b41e8-724b-5fae-bacd-46e4926a9530"",""label"":""real-valued"",""notation"":[],""record_type"":""concept"",""recorded_at"":""2026-08-24T00:00:00Z"",""rights_id"":""urn:uuid:a0273f1c-6fad-54c7-a75a-32a5161da656"",""schema_name"":""lebl.backend.record"",""schema_version"":""0.3.0"",""semantic_aliases"":[],""semantic_key"":""lebl.ra.concept.ledger.function.real-valued"",""source_bindings"":[],""status"":""active"",""supersedes_id"":null,""workflow_id"":""01a01f57-a34b-7740-9717-596b8116910c/backend-production-v0.4-live""}"
"urn:uuid:ff842eaf-7ce5-5b26-bbb1-35031a1092e9","lebl.ra.concept.ledger.number-theory.lowest-terms","in lowest terms","","[]","[]","urn:uuid:a0273f1c-6fad-54c7-a75a-32a5161da656","active","{""definition"":"""",""id"":""urn:uuid:ff842eaf-7ce5-5b26-bbb1-35031a1092e9"",""label"":""in lowest terms"",""notation"":[],""record_type"":""concept"",""recorded_at"":""2026-08-24T00:00:00Z"",""rights_id"":""urn:uuid:a0273f1c-6fad-54c7-a75a-32a5161da656"",""schema_name"":""lebl.backend.record"",""schema_version"":""0.3.0"",""semantic_aliases"":[],""semantic_key"":""lebl.ra.concept.ledger.number-theory.lowest-terms"",""source_bindings"":[],""status"":""active"",""supersedes_id"":null,""workflow_id"":""01a01f57-a34b-7740-9717-596b8116910c/backend-production-v0.4-live""}"
"urn:uuid:ffd6b70e-ed63-5467-9e22-18bc5f68d1f4","lebl.ra.concept.ledger.result.corollary","corollary","","[]","[]","urn:uuid:a0273f1c-6fad-54c7-a75a-32a5161da656","active","{""definition"":"""",""id"":""urn:uuid:ffd6b70e-ed63-5467-9e22-18bc5f68d1f4"",""label"":""corollary"",""notation"":[],""record_type"":""concept"",""recorded_at"":""2026-08-21T00:00:00Z"",""rights_id"":""urn:uuid:a0273f1c-6fad-54c7-a75a-32a5161da656"",""schema_name"":""lebl.backend.record"",""schema_version"":""0.3.0"",""semantic_aliases"":[],""semantic_key"":""lebl.ra.concept.ledger.result.corollary"",""source_bindings"":[],""status"":""active"",""supersedes_id"":null,""workflow_id"":""01a01f57-a34b-7740-9717-596b8116910c/backend-production-v0.3-r006-live""}"
"urn:uuid:ffe37f89-a76c-5256-a367-096db905de14","lebl.ra.concept.ledger.function.oscillate","oscillate","","[]","[]","urn:uuid:a0273f1c-6fad-54c7-a75a-32a5161da656","active","{""definition"":"""",""id"":""urn:uuid:ffe37f89-a76c-5256-a367-096db905de14"",""label"":""oscillate"",""notation"":[],""record_type"":""concept"",""recorded_at"":""2026-08-24T00:00:00Z"",""rights_id"":""urn:uuid:a0273f1c-6fad-54c7-a75a-32a5161da656"",""schema_name"":""lebl.backend.record"",""schema_version"":""0.3.0"",""semantic_aliases"":[],""semantic_key"":""lebl.ra.concept.ledger.function.oscillate"",""source_bindings"":[],""status"":""active"",""supersedes_id"":null,""workflow_id"":""01a01f57-a34b-7740-9717-596b8116910c/backend-production-v0.4-live""}"
